row_index,T_env_measured,T_env_predicted,T_env_error,T_zone_measured,T_zone_predicted,T_zone_error,T_env_start,T_zone_start,T_out_start,T_out_end,T_cor_start,T_cor_end,Qsg_start,Qsg_end,Qint_start,Qint_end,Q_HVAC_total_est_W,dt_seconds,envelope_abs_error,zone_abs_error,combined_abs_error
0,20.28917694091797,20.238659178829128,-0.05051776208884107,21.753997802734375,22.621565130201216,0.8675673274668405,20.0,24.0,17.0,18.0,24.0,24.0,0.0,0.0,50.0,50.0,-58.720006973915446,1800.0,0.05051776208884107,0.8675673274668405,0.9180850895556816
1,20.464126586914062,20.45096096917824,-0.013165617735822366,21.725433349609375,21.76714931183947,0.04171596223009644,20.28917694091797,21.753997802734375,18.0,19.0,24.0,24.0,0.0,0.0,50.0,50.0,-17.636039635166952,1800.0,0.013165617735822366,0.04171596223009644,0.0548815799659188
2,20.637451171875,20.62606521462026,-0.011385957254738344,21.80615234375,21.808080734941765,0.001928391191764689,20.464126586914062,21.725433349609375,19.0,20.0,24.0,24.0,0.0,0.0,50.0,50.0,-26.021351365163184,1800.0,0.011385957254738344,0.001928391191764689,0.013314348446503033
3,20.82010269165039,20.80587564070958,-0.01422705094081067,21.896026611328125,21.89448913330175,-0.0015374780263748278,20.637451171875,21.80615234375,20.0,21.300003051757812,24.0,24.0,0.0,0.0,50.0,50.0,-37.22605905931326,1800.0,0.01422705094081067,0.0015374780263748278,0.015764528967185498
4,20.982738494873047,20.984170372631574,0.0014318777585273779,22.004432678222656,22.00369005210062,-0.0007426261220366825,20.82010269165039,21.896026611328125,21.300003051757812,21.0,24.0,24.0,0.0,0.0,50.0,50.0,-37.26786095755949,1800.0,0.0014318777585273779,0.0007426261220366825,0.0021745038805640604
5,21.12600326538086,21.127296616590304,0.0012933512094441824,22.080944061279297,22.087405128774662,0.006461067495365569,20.982738494873047,22.004432678222656,21.0,20.700000762939453,24.0,24.0,0.0,0.0,50.0,50.0,-47.66511012517694,1800.0,0.0012933512094441824,0.006461067495365569,0.007754418704809751
6,21.252601623535156,21.253116106478224,0.0005144829430676623,22.14740753173828,22.15304562672874,0.005638094990459308,21.12600326538086,22.080944061279297,20.700000762939453,20.5,24.0,24.0,0.0,0.0,50.0,50.0,-56.39160513080273,1800.0,0.0005144829430676623,0.005638094990459308,0.00615257793352697
7,21.36591339111328,21.365629804845717,-0.0002835862675638623,22.206571578979492,22.211145341660583,0.004573762681090443,21.252601623535156,22.14740753173828,20.5,20.400001525878903,24.0,24.0,0.0,0.0,50.0,50.0,-64.12129620806218,1800.0,0.0002835862675638623,0.004573762681090443,0.004857348948654305
8,21.475666046142575,21.47547989306666,-0.00018615307591574037,22.32610321044922,22.307363451734197,-0.018739758715021537,21.36591339111328,22.206571578979492,20.400001525878903,20.400001525878903,24.0,24.0,0.0,0.0,50.0,50.0,-41.838683217386546,1800.0,0.00018615307591574037,0.018739758715021537,0.018925911790937278
9,21.580326080322266,21.578301254997143,-0.0020248253251224924,22.383094787597656,22.385040752015353,0.0019459644176968993,21.475666046142575,22.32610321044922,20.400001525878903,20.5,24.0,24.0,0.0,0.0,50.0,50.0,-50.1919754271247,1800.0,0.0020248253251224924,0.0019459644176968993,0.003970789742819392
10,21.68790626525879,21.68100564767592,-0.006900617582868307,22.43912124633789,22.436399704579415,-0.0027215417584756096,21.580326080322266,22.383094787597656,20.5,21.10000228881836,24.0,24.0,0.0,1.8149999380111697,50.0,50.0,-57.31008097636763,1800.0,0.006900617582868307,0.0027215417584756096,0.009622159341343917
11,21.812875747680664,21.80361831816855,-0.009257429512114612,22.565202713012695,22.483944130502106,-0.08125858251058915,21.68790626525879,22.43912124633789,21.10000228881836,21.700000762939453,24.0,24.0,1.8149999380111697,55.7261962890625,50.0,50.0,-72.01492358570547,1800.0,0.009257429512114612,0.08125858251058915,0.09051601202270376
12,21.913047790527344,21.914286259720903,0.0012384691935594105,22.38417053222656,22.453478688251213,0.06930815602465401,21.812875747680664,22.565202713012695,21.700000762939453,22.39999771118164,24.0,24.0,55.7261962890625,22.770000457763672,50.0,50.0,-168.00281413352482,1800.0,0.0012384691935594105,0.06930815602465401,0.07054662521821342
13,22.03247833251953,22.025034313137485,-0.007444019382045752,22.544321060180664,22.387578935452886,-0.15674212472777782,21.913047790527344,22.38417053222656,22.39999771118164,23.0,24.0,24.0,22.770000457763672,117.79429626464844,50.0,50.0,-182.3532487201026,1800.0,0.007444019382045752,0.15674212472777782,0.16418614410982357
14,22.141117095947266,22.153772680384353,0.012655584437087697,22.454912185668945,22.457720395862854,0.0028082101939084225,22.03247833251953,22.544321060180664,23.0,24.0,24.0,24.0,117.79429626464844,65.67802429199219,50.0,50.0,-225.35156948741107,1800.0,0.012655584437087697,0.0028082101939084225,0.01546379463099612
15,22.306442260742188,22.27192182488862,-0.0345204358535689,22.837600708007812,22.563912313219937,-0.2736883947878752,22.141117095947266,22.454912185668945,24.0,25.0,24.0,24.0,65.67802429199219,177.43162536621094,50.0,180.0,-306.8535463975305,1800.0,0.0345204358535689,0.2736883947878752,0.3082088306414441
16,22.482162475585938,22.5106660173049,0.028503541718961856,22.983234405517575,22.86796310175928,-0.11527130375829486,22.306442260742188,22.837600708007812,25.0,26.0,24.0,24.0,177.43162536621094,129.28982543945312,180.0,180.0,-252.56592256419864,1800.0,0.028503541718961856,0.11527130375829486,0.14377484547725672
17,22.722965240478516,22.718838620294495,-0.004126620184020879,23.31551742553711,22.89210368699596,-0.42341373854115005,22.482162475585938,22.983234405517575,26.0,27.0,24.0,24.0,129.28982543945312,333.2375183105469,180.0,180.0,-326.4373620557335,1800.0,0.004126620184020879,0.42341373854115005,0.42754035872517093
18,22.95000267028809,22.993208316493423,0.04320564620533318,23.30635452270508,23.041807581944063,-0.2645469407610186,22.722965240478516,23.31551742553711,27.0,27.600006103515625,24.0,24.0,333.2375183105469,329.3619689941406,180.0,180.0,-412.88572880902154,1800.0,0.04320564620533318,0.2645469407610186,0.30775258696635177
19,23.197978973388672,23.22653676923887,0.028557795850197465,23.461658477783203,22.946616798854173,-0.5150416789290304,22.95000267028809,23.30635452270508,27.600006103515625,28.300003051757812,24.0,24.0,329.3619689941406,502.1707153320313,180.0,180.0,-533.226455788114,1800.0,0.028557795850197465,0.5150416789290304,0.5435994747792279
20,23.42199325561523,23.493319204703308,0.07132594908807732,23.45014190673828,23.006811062847234,-0.44333084389104727,23.197978973388672,23.461658477783203,28.300003051757812,28.699996948242188,24.0,24.0,502.1707153320313,518.8843994140625,180.0,180.0,-622.1796897861202,1800.0,0.07132594908807732,0.44333084389104727,0.5146567929791246
21,23.64117431640625,23.70849253075551,0.06731821434926033,23.485031127929688,22.904286783528164,-0.5807443444015234,23.42199325561523,23.45014190673828,28.699996948242188,29.199996948242188,24.0,24.0,518.8843994140625,632.819091796875,180.0,180.0,-745.3685753016331,1800.0,0.06731821434926033,0.5807443444015234,0.6480625587507838
22,23.82451629638672,23.922480563733803,0.09796426734708419,23.40323257446289,22.865780962985983,-0.5374516114769072,23.64117431640625,23.485031127929688,29.199996948242188,29.400001525878903,24.0,24.0,632.819091796875,649.8086547851562,180.0,180.0,-848.3349940391093,1800.0,0.09796426734708419,0.5374516114769072,0.6354158788239914
23,23.985490798950195,24.096251339415776,0.1107605404655807,23.420394897460938,22.826627078019136,-0.5937678194418012,23.82451629638672,23.40323257446289,29.400001525878903,29.599998474121097,24.0,24.0,649.8086547851562,701.6350708007812,180.0,180.0,-895.1474807823971,1800.0,0.1107605404655807,0.5937678194418012,0.7045283599073819
24,24.127159118652344,24.256814212018487,0.1296550933661429,23.47542953491211,22.883521984757934,-0.5919075501541755,23.985490798950195,23.420394897460938,29.599998474121097,29.699996948242188,24.0,24.0,701.6350708007812,703.0527954101562,180.0,180.0,-905.5184880535172,1800.0,0.1296550933661429,0.5919075501541755,0.7215626435203184
25,24.201656341552734,24.346177771024678,0.14452142947194346,23.325611114501953,23.020299034755773,-0.30531207974618013,24.127159118652344,23.47542953491211,29.699996948242188,29.800003051757812,24.0,24.0,703.0527954101562,493.4677429199219,180.0,180.0,-854.4874760982282,1800.0,0.14452142947194346,0.30531207974618013,0.4498335092181236
26,24.157306671142575,24.284981049986197,0.1276743788436221,22.988018035888672,23.13777686191939,0.14975882603071966,24.201656341552734,23.325611114501953,29.800003051757812,29.699996948242188,24.0,24.0,493.4677429199219,89.9465103149414,180.0,180.0,-703.4229429852037,1800.0,0.1276743788436221,0.14975882603071966,0.27743320487434175
27,24.147619247436523,24.173790031217752,0.026170783781228835,23.248403549194336,23.014162270267708,-0.23424127892662838,24.157306671142575,22.988018035888672,29.699996948242188,29.599998474121097,24.0,24.0,89.9465103149414,180.25238037109375,180.0,180.0,-622.1143919580365,1800.0,0.026170783781228835,0.23424127892662838,0.2604120627078572
28,24.27307510375977,24.25585537951243,-0.017219724247340196,23.830034255981445,23.05746103526727,-0.7725732207141753,24.147619247436523,23.248403549194336,29.599998474121097,29.400001525878903,24.0,24.0,180.25238037109375,474.87408447265625,180.0,180.0,-692.6002154108696,1800.0,0.017219724247340196,0.7725732207141753,0.7897929449615155
29,24.327129364013672,24.38008621145325,0.05295684743957807,23.286434173583984,23.027205028631375,-0.2592291449526094,24.27307510375977,23.830034255981445,29.400001525878903,29.099998474121097,24.0,24.0,474.87408447265625,426.4738464355469,180.0,180.0,-953.6436837173007,1800.0,0.05295684743957807,0.2592291449526094,0.3121859923921875
30,24.30864715576172,24.384464857321582,0.07581770155986334,23.05235290527344,22.75212686841159,-0.3002260368618508,24.327129364013672,23.286434173583984,29.099998474121097,28.699996948242188,24.0,24.0,426.4738464355469,424.6044616699219,180.0,180.0,-975.7657248200344,1800.0,0.07581770155986334,0.3002260368618508,0.3760437384217141
31,24.22733688354492,24.315620697276312,0.08828381373139393,22.80760955810547,22.66507386963004,-0.14253568847543008,24.30864715576172,23.05235290527344,28.699996948242188,28.300003051757812,24.0,24.0,424.6044616699219,269.35406494140625,180.0,180.0,-950.2885410796374,1800.0,0.08828381373139393,0.14253568847543008,0.230819502206824
32,24.138349533081055,24.20425289365444,0.06590336057338675,22.89807510375977,22.681760883258992,-0.2163142205007773,24.22733688354492,22.80760955810547,28.300003051757812,27.699996948242188,24.0,24.0,269.35406494140625,221.8666534423828,180.0,180.0,-821.397720162585,1800.0,0.06590336057338675,0.2163142205007773,0.28221758107416406
33,24.03046417236328,24.08895249074901,0.05848831838572721,22.80433654785156,22.741165588595617,-0.06317095925594174,24.138349533081055,22.89807510375977,27.699996948242188,27.099998474121097,24.0,24.0,221.8666534423828,126.70574188232422,180.0,180.0,-775.9190124193445,1800.0,0.05848831838572721,0.06317095925594174,0.12165927764166895
34,23.913143157958984,23.954934168608744,0.041791010649760096,22.793882369995117,22.71891131743443,-0.07497105256068792,24.03046417236328,22.80433654785156,27.099998474121097,26.199996948242188,24.0,24.0,126.70574188232422,96.50279998779295,180.0,180.0,-720.5915094039399,1800.0,0.041791010649760096,0.07497105256068792,0.11676206321044802
35,23.768844604492188,23.832466148049,0.06362154355681326,22.583433151245117,22.58969188154306,0.006258730297943771,23.913143157958984,22.793882369995117,26.199996948242188,25.400001525878903,24.0,24.0,96.50279998779295,53.95499801635742,180.0,50.0,-614.4944114148013,1800.0,0.06362154355681326,0.006258730297943771,0.06988027385475704
36,23.65003967285156,23.674186969446918,0.02414729659535908,22.704498291015625,22.633932886004075,-0.07056540501154984,23.768844604492188,22.583433151245117,25.400001525878903,25.400001525878903,24.0,24.0,53.95499801635742,38.44499969482422,50.0,50.0,-501.76218303410855,1800.0,0.02414729659535908,0.07056540501154984,0.09471270160690892
37,23.51177024841309,23.5526879153217,0.040917666908612205,22.743793487548828,22.72197283920502,-0.021820648343808813,23.65003967285156,22.704498291015625,25.400001525878903,23.0,24.0,24.0,38.44499969482422,24.09000015258789,50.0,50.0,-447.761864042898,1800.0,0.040917666908612205,0.021820648343808813,0.06273831525242102
38,23.372623443603516,23.39946077319333,0.026837329589813663,22.764144897460938,22.74901763637902,-0.01512726108191842,23.51177024841309,22.743793487548828,23.0,21.700000762939453,24.0,24.0,24.09000015258789,11.385000228881836,50.0,50.0,-395.2709715174881,1800.0,0.026837329589813663,0.01512726108191842,0.04196459067173208
39,23.235427856445312,23.25822797384358,0.022800117398269037,22.793907165527344,22.767411095399567,-0.026496070127777216,23.372623443603516,22.764144897460938,21.700000762939453,20.400001525878903,24.0,24.0,11.385000228881836,14.70273208618164,50.0,50.0,-348.94061269546575,1800.0,0.022800117398269037,0.026496070127777216,0.04929618752604625
40,23.138561248779297,23.160517589124183,0.021956340344885916,23.17395782470703,23.026498488230203,-0.14745933647682818,23.235427856445312,22.793907165527344,20.400001525878903,19.299999237060547,24.0,24.0,14.70273208618164,0.0,50.0,50.0,-146.4226886494214,1800.0,0.021956340344885916,0.14745933647682818,0.1694156768217141
41,23.04837226867676,23.06004189425445,0.011669625577688691,23.15180206298828,23.147960679372883,-0.0038413836153985415,23.138561248779297,23.17395782470703,19.299999237060547,18.200000762939453,24.0,24.0,0.0,0.0,50.0,50.0,-150.4954923209874,1800.0,0.011669625577688691,0.0038413836153985415,0.015511009193087233
42,22.949871063232425,22.959432821510454,0.00956175827802852,23.10496711730957,23.106690849295717,0.001723731986146504,23.04837226867676,23.15180206298828,18.200000762939453,17.299999237060547,24.0,24.0,0.0,0.0,50.0,50.0,-145.0217120599765,1800.0,0.00956175827802852,0.001723731986146504,0.011285490264175024
43,22.84288787841797,22.852524848765025,0.009636970347056462,23.05274200439453,23.05452563474907,0.0017836303545379906,22.949871063232425,23.10496711730957,17.299999237060547,16.39999771118164,24.0,24.0,0.0,0.0,50.0,50.0,-138.53167371475118,1800.0,0.009636970347056462,0.0017836303545379906,0.011420600701594452
44,22.713394165039062,22.717350535387766,0.003956370348703331,22.7928466796875,22.862344234217154,0.06949755452965434,22.84288787841797,23.05274200439453,16.39999771118164,15.799999237060549,24.0,24.0,0.0,0.0,50.0,50.0,-222.76695404429393,1800.0,0.003956370348703331,0.06949755452965434,0.07345392487835767
45,22.575183868408203,22.58218045405234,0.00699658564413852,22.7138614654541,22.7161251082719,0.002263642817798228,22.713394165039062,22.7928466796875,15.799999237060549,15.200000762939451,24.0,24.0,0.0,0.0,50.0,50.0,-209.66885952697064,1800.0,0.00699658564413852,0.002263642817798228,0.009260228461936748
46,22.441272735595703,22.4464836471907,0.005210911594996759,22.64540100097656,22.6433327761378,-0.002068224838758681,22.575183868408203,22.7138614654541,15.200000762939451,14.799999237060549,24.0,24.0,0.0,0.0,50.0,50.0,-200.7596298871189,1800.0,0.005210911594996759,0.002068224838758681,0.00727913643375544
47,22.31164932250977,22.316820249330323,0.0051709268205542,22.579570770263672,22.577504499970463,-0.0020662702932092714,22.441272735595703,22.64540100097656,14.799999237060549,14.400001525878906,24.0,24.0,0.0,0.0,50.0,50.0,-192.32042478286056,1800.0,0.0051709268205542,0.0020662702932092714,0.007237197113763472
48,22.201351165771484,22.206175004552726,0.004823838781241818,22.632173538208008,22.59018482855691,-0.04198870965109691,22.31164932250977,22.579570770263672,14.400001525878906,14.200000762939451,24.0,24.0,0.0,0.0,50.0,50.0,-133.29743190104114,1800.0,0.004823838781241818,0.04198870965109691,0.04681254843233873
49,22.10007095336914,22.104078477232623,0.004007523863482021,22.58598518371582,22.582384870803317,-0.0036003129125035116,22.201351165771484,22.632173538208008,14.200000762939451,13.89999771118164,24.0,24.0,0.0,0.0,50.0,50.0,-129.07213986560774,1800.0,0.004007523863482021,0.0036003129125035116,0.0076078367759855325
50,22.00622940063477,22.00819223790902,0.0019628372742523936,22.53795051574707,22.535178415473112,-0.0027721002739582445,22.10007095336914,22.58598518371582,13.89999771118164,13.800003051757812,24.0,24.0,0.0,0.0,50.0,50.0,-122.95187180930608,1800.0,0.0019628372742523936,0.0027721002739582445,0.004734937548210638
51,21.918899536132812,21.920788744992745,0.0018892088599322676,22.493019104003903,22.49057429981681,-0.0024448041870925863,22.00622940063477,22.53795051574707,13.800003051757812,13.699996948242188,24.0,24.0,0.0,0.0,50.0,50.0,-117.14649418205946,1800.0,0.0018892088599322676,0.0024448041870925863,0.004334013047024854
52,21.839941024780273,21.842108937178892,0.0021679123986189097,22.475664138793945,22.465129445843232,-0.01053469295071352,21.918899536132812,22.493019104003903,13.699996948242188,13.60000228881836,24.0,24.0,0.0,0.0,50.0,50.0,-100.86826692192857,1800.0,0.0021679123986189097,0.01053469295071352,0.01270260534933243
53,21.767192840576172,21.76894007451858,0.001747233942406723,22.43941116333008,22.437073746964156,-0.0023374163659255487,21.839941024780273,22.475664138793945,13.60000228881836,13.5,24.0,24.0,0.0,0.0,50.0,50.0,-96.54687530871398,1800.0,0.001747233942406723,0.0023374163659255487,0.004084650308332272
54,21.69910049438477,21.700780030334247,0.001679535949477895,22.40449905395508,22.402712510937764,-0.001786543017317399,21.767192840576172,22.43941116333008,13.5,13.400001525878906,24.0,24.0,0.0,0.0,50.0,50.0,-92.05713886532745,1800.0,0.001679535949477895,0.001786543017317399,0.003466078966795294
55,21.635196685791016,21.636830505812547,0.0016338200215315624,22.37170791625977,22.370087213343304,-0.001620702916465433,21.69910049438477,22.40449905395508,13.400001525878906,13.299999237060549,24.0,24.0,0.0,0.0,50.0,50.0,-87.82650293029049,1800.0,0.0016338200215315624,0.001620702916465433,0.0032545229379969953
56,21.583654403686523,21.58521350433,0.0015591006434760857,22.407564163208008,22.383178736228185,-0.02438542697982271,21.635196685791016,22.37170791625977,13.299999237060549,13.299999237060549,24.0,24.0,0.0,0.0,50.0,50.0,-54.66512008563953,1800.0,0.0015591006434760857,0.02438542697982271,0.025944527623298796
57,21.53956413269043,21.540089936033546,0.000525803343116138,22.38772964477539,22.38509036820896,-0.002639276566430482,21.583654403686523,22.407564163208008,13.299999237060549,13.299999237060549,24.0,24.0,0.0,0.0,50.0,50.0,-53.05636970352444,1800.0,0.000525803343116138,0.002639276566430482,0.0031650799095466198
58,21.51167678833008,21.506259944750393,-0.005416843579688191,22.37310791015625,22.366131239460266,-0.006976670695983955,21.53956413269043,22.38772964477539,13.299999237060549,13.89999771118164,24.0,24.0,0.0,1.4850000143051147,50.0,50.0,-51.00467183942666,1800.0,0.005416843579688191,0.006976670695983955,0.012393514275672146
59,21.51618194580078,21.50707246865488,-0.009109477145901934,22.440044403076172,22.349531841931913,-0.09051256114425854,21.51167678833008,22.37310791015625,13.89999771118164,14.599998474121094,24.0,24.0,1.4850000143051147,58.55607986450195,50.0,50.0,-57.89878204778529,1800.0,0.009109477145901934,0.09051256114425854,0.09962203829016048
60,21.51612091064453,21.514347270207104,-0.0017736404374275594,22.20350646972656,22.266184027580877,0.06267755785431817,21.51618194580078,22.440044403076172,14.599998474121094,15.799999237060549,24.0,24.0,58.55607986450195,23.924999237060547,50.0,50.0,-146.64041524836486,1800.0,0.0017736404374275594,0.06267755785431817,0.06445119829174573
61,21.555883407592773,21.543857737380236,-0.01202567021253742,22.32025146484375,22.155870842342967,-0.1643806225007829,21.51612091064453,22.20350646972656,15.799999237060549,17.0,24.0,24.0,23.924999237060547,119.0683822631836,50.0,50.0,-155.13441064927798,1800.0,0.01202567021253742,0.1643806225007829,0.1764062927133203
62,21.61440658569336,21.62154417078605,0.007137585092689136,22.26384735107422,22.184565450706387,-0.07928190036783178,21.555883407592773,22.32025146484375,17.0,18.400001525878903,24.0,24.0,119.0683822631836,118.3605499267578,50.0,50.0,-200.82995649390267,1800.0,0.007137585092689136,0.07928190036783178,0.08641948546052092
63,21.72783851623535,21.70997249074128,-0.017866025494072346,22.589584350585938,22.366398626156506,-0.22318572442943108,21.61440658569336,22.26384735107422,18.400001525878903,19.799999237060547,24.0,24.0,118.3605499267578,165.0533447265625,50.0,180.0,-237.84486892257715,1800.0,0.017866025494072346,0.22318572442943108,0.24105174992350342
64,21.890655517578125,21.90824543687996,0.017589919301833845,22.846101760864254,22.590803448728504,-0.25529831213574994,21.72783851623535,22.589584350585938,19.799999237060547,21.0,24.0,24.0,165.0533447265625,209.38099670410156,180.0,180.0,-205.22387636784197,1800.0,0.017589919301833845,0.25529831213574994,0.2728882314375838
65,22.09465217590332,22.115253703616734,0.020601527713413503,23.052183151245117,22.737380937478658,-0.314802213766459,21.890655517578125,22.846101760864254,21.0,22.199996948242188,24.0,24.0,209.38099670410156,297.1201477050781,180.0,180.0,-237.4099362823036,1800.0,0.020601527713413503,0.314802213766459,0.3354037414798725
66,22.3096923828125,22.348381276089164,0.038688893276663805,23.16558074951172,22.86866667603399,-0.2969140734777298,22.09465217590332,23.052183151245117,22.199996948242188,23.200000762939453,24.0,24.0,297.1201477050781,323.3945007324219,180.0,180.0,-276.7752380230385,1800.0,0.038688893276663805,0.2969140734777298,0.3356029667543936
67,22.536033630371097,22.573748097767375,0.037714467396277485,23.278865814208984,22.904103843993237,-0.3747619702157472,22.3096923828125,23.16558074951172,23.200000762939453,24.099998474121097,24.0,24.0,323.3945007324219,393.4954223632813,180.0,180.0,-346.7683660650067,1800.0,0.037714467396277485,0.3747619702157472,0.4124764376120247
68,22.757980346679688,22.80919896064292,0.051218613963232684,23.33132553100586,22.960108022092648,-0.3712175089132117,22.536033630371097,23.278865814208984,24.099998474121097,25.0,24.0,24.0,393.4954223632813,418.107421875,180.0,180.0,-409.1380791520248,1800.0,0.051218613963232684,0.3712175089132117,0.4224361228764444
69,22.98236083984375,23.032886245057636,0.05052540521388593,23.385778427124023,22.930301506140587,-0.4554769209834362,22.757980346679688,23.33132553100586,25.0,25.900001525878903,24.0,24.0,418.107421875,496.9062194824219,180.0,180.0,-505.4172630091508,1800.0,0.05052540521388593,0.4554769209834362,0.5060023261973221
70,23.184062957763672,23.25483100874625,0.07076805098257921,23.34315490722656,22.922959731459997,-0.42019517576656185,22.98236083984375,23.385778427124023,25.900001525878903,26.599998474121097,24.0,24.0,496.9062194824219,508.5705261230469,180.0,180.0,-592.3256909302147,1800.0,0.07076805098257921,0.42019517576656185,0.49096322674914106
71,23.380779266357425,23.450449834363987,0.06967056800656124,23.373355865478516,22.846132865826807,-0.527222999651709,23.184062957763672,23.34315490722656,26.599998474121097,27.300003051757812,24.0,24.0,508.5705261230469,585.9484252929688,180.0,180.0,-683.7074485967137,1800.0,0.06967056800656124,0.527222999651709,0.5968935676582703
72,23.5697021484375,23.67186138394425,0.10215923550675043,23.493343353271484,22.9457323194475,-0.5476110338239835,23.380779266357425,23.373355865478516,27.300003051757812,27.800003051757812,24.0,24.0,585.9484252929688,626.0118408203125,180.0,180.0,-685.1686015620265,1800.0,0.10215923550675043,0.5476110338239835,0.6497702693307339
73,23.752544403076172,23.86146357453492,0.10891917145874785,23.577789306640625,23.04149740081559,-0.5362919058250348,23.5697021484375,23.493343353271484,27.800003051757812,28.300003051757812,24.0,24.0,626.0118408203125,624.2817993164062,180.0,180.0,-707.1929346229483,1800.0,0.10891917145874785,0.5362919058250348,0.6452110772837827
74,23.91674041748047,24.026460457464594,0.1097200399841256,23.613609313964844,23.09541623928511,-0.5181930746797327,23.752544403076172,23.577789306640625,28.300003051757812,28.5,24.0,24.0,624.2817993164062,616.106201171875,180.0,180.0,-738.8149761014151,1800.0,0.1097200399841256,0.5181930746797327,0.6279131146638584
75,24.050357818603516,24.16078307768607,0.11042525908255385,23.58539581298828,23.12975575571725,-0.4556400572710295,23.91674041748047,23.613609313964844,28.5,28.699996948242188,24.0,24.0,616.106201171875,571.0053100585938,180.0,180.0,-760.9584336868567,1800.0,0.11042525908255385,0.4556400572710295,0.5660653163535834
76,24.216209411621097,24.277567827956887,0.0613584163357892,23.883281707763672,23.155938676511376,-0.7273430312522962,24.050357818603516,23.58539581298828,28.699996948242188,28.699996948242188,24.0,24.0,571.0053100585938,591.8202514648438,180.0,180.0,-759.6301548910274,1800.0,0.0613584163357892,0.7273430312522962,0.7887014475880854
77,24.27916145324707,24.35332570519288,0.07416425194580967,23.250144958496097,22.988977725097946,-0.26116723339815096,24.216209411621097,23.883281707763672,28.699996948242188,28.800003051757812,24.0,24.0,591.8202514648438,478.3471984863281,180.0,180.0,-996.8905010699676,1800.0,0.07416425194580967,0.26116723339815096,0.3353314853439606
78,24.26653289794922,24.35253823009908,0.08600533214985973,23.024761199951172,22.733720099683694,-0.29104110026747776,24.27916145324707,23.250144958496097,28.800003051757812,28.900001525878903,24.0,24.0,478.3471984863281,423.6056213378906,180.0,180.0,-972.3667643359984,1800.0,0.08600533214985973,0.29104110026747776,0.3770464324173375
79,24.18541717529297,24.27122535463426,0.08580817934129215,22.72056579589844,22.647531582986563,-0.07303421291187817,24.26653289794922,23.024761199951172,28.900001525878903,28.900001525878903,24.0,24.0,423.6056213378906,216.36866760253903,180.0,180.0,-944.1890449906748,1800.0,0.08580817934129215,0.07303421291187817,0.15884239225317032
80,24.11977195739746,24.169069889263668,0.04929793186620657,22.886335372924805,22.632751875614655,-0.2535834973101494,24.18541717529297,22.72056579589844,28.900001525878903,28.800003051757812,24.0,24.0,216.36866760253903,227.3332977294922,180.0,180.0,-816.1880387689868,1800.0,0.04929793186620657,0.2535834973101494,0.30288142917635597
81,24.04174041748047,24.097913445864172,0.05617302838370364,22.802837371826172,22.745494192017205,-0.05734317980896719,24.11977195739746,22.886335372924805,28.800003051757812,28.599998474121097,24.0,24.0,227.3332977294922,122.87749481201172,180.0,180.0,-773.5624472855625,1800.0,0.05617302838370364,0.05734317980896719,0.11351620819267083
82,23.973194122314453,24.005217339957543,0.03202321764308991,22.84828186035156,22.721103316315293,-0.1271785440362656,24.04174041748047,22.802837371826172,28.599998474121097,28.300003051757812,24.0,24.0,122.87749481201172,129.81948852539062,180.0,180.0,-732.2402871665225,1800.0,0.03202321764308991,0.1271785440362656,0.1592017616793555
83,23.870527267456055,23.936450786883047,0.06592351942699182,22.597366333007812,22.637764340080547,0.040398007072735,23.973194122314453,22.84828186035156,28.300003051757812,28.0,24.0,24.0,129.81948852539062,44.38500213623047,180.0,50.0,-630.1350606362614,1800.0,0.06592351942699182,0.040398007072735,0.10632152649972682
84,23.79289436340332,23.812581909539773,0.019687546136452738,22.754955291748047,22.660863442256804,-0.09409184949124239,23.870527267456055,22.597366333007812,28.0,28.0,24.0,24.0,44.38500213623047,52.599639892578125,50.0,50.0,-525.9184682135767,1800.0,0.019687546136452738,0.09409184949124239,0.11377939562769512
85,23.711483001708984,23.741744258487497,0.030261256778512546,22.783889770507812,22.77133762346412,-0.01255214704369223,23.79289436340332,22.754955291748047,28.0,26.900001525878903,24.0,24.0,52.599639892578125,21.1200008392334,50.0,50.0,-481.3251456603375,1800.0,0.030261256778512546,0.01255214704369223,0.042813403822204776
86,23.62699508666992,23.648356680904524,0.021361594234605263,22.815532684326172,22.80336683080799,-0.012165853518180114,23.711483001708984,22.783889770507812,26.900001525878903,25.900001525878903,24.0,24.0,21.1200008392334,10.065000534057615,50.0,50.0,-439.3858211421854,1800.0,0.021361594234605263,0.012165853518180114,0.03352744775278538
87,23.542253494262695,23.559828185170105,0.017574690907409263,22.849498748779297,22.829254064738265,-0.020244684041031746,23.62699508666992,22.815532684326172,25.900001525878903,24.899993896484375,24.0,24.0,10.065000534057615,11.966496467590332,50.0,50.0,-405.4589976111821,1800.0,0.017574690907409263,0.020244684041031746,0.03781937494844101
88,23.504669189453125,23.524737664499675,0.02006847504654985,23.34283447265625,23.165633511091666,-0.17720096156458354,23.542253494262695,22.849498748779297,24.899993896484375,24.0,24.0,24.0,11.966496467590332,0.0,50.0,50.0,-165.55348882256112,1800.0,0.02006847504654985,0.17720096156458354,0.1972694366111334
89,23.477996826171875,23.486218641861136,0.008221815689260836,23.35661506652832,23.351682514472525,-0.004932552055795014,23.504669189453125,23.34283447265625,24.0,23.200000762939453,24.0,24.0,0.0,0.0,50.0,50.0,-175.49895618612427,1800.0,0.008221815689260836,0.004932552055795014,0.01315436774505585
90,23.44717788696289,23.451299645866186,0.004121758903295358,23.34333038330078,23.344258404614624,0.0009280213138431748,23.477996826171875,23.35661506652832,23.200000762939453,22.800003051757812,24.0,24.0,0.0,0.0,50.0,50.0,-174.30358025606054,1800.0,0.004121758903295358,0.0009280213138431748,0.005049780217138533
91,23.411460876464844,23.415616374088405,0.004155497623560933,23.326295852661133,23.32748879313772,0.0011929404765886886,23.44717788696289,23.34333038330078,22.800003051757812,22.39999771118164,24.0,24.0,0.0,0.0,50.0,50.0,-172.23468773550968,1800.0,0.004155497623560933,0.0011929404765886886,0.005348438100149622
92,23.348487854003903,23.343635780861163,-0.004852073142739499,23.038970947265625,23.11804241605795,0.07907146879232485,23.411460876464844,23.326295852661133,22.39999771118164,22.099998474121097,24.0,24.0,0.0,0.0,50.0,50.0,-297.1723871587041,1800.0,0.004852073142739499,0.07907146879232485,0.08392354193506435
93,23.269729614257812,23.272985551726013,0.0032559374682001874,22.969234466552734,22.979604986813428,0.010370520260693183,23.348487854003903,23.038970947265625,22.099998474121097,21.799999237060547,24.0,24.0,0.0,0.0,50.0,50.0,-286.9268915231081,1800.0,0.0032559374682001874,0.010370520260693183,0.01362645772889337
94,23.19366455078125,23.197908832046732,0.004244281265481931,22.94297981262207,22.941539883403816,-0.0014399292182538659,23.269729614257812,22.969234466552734,21.799999237060547,21.599998474121097,24.0,24.0,0.0,0.0,50.0,50.0,-272.29233849003083,1800.0,0.004244281265481931,0.0014399292182538659,0.0056842104837357965
95,23.12352752685547,23.1284199959641,0.004892469108632724,22.933029174804688,22.92859619760003,-0.004432977204658073,23.19366455078125,22.94297981262207,21.599998474121097,21.39999771118164,24.0,24.0,0.0,0.0,50.0,50.0,-255.1344797055866,1800.0,0.004892469108632724,0.004432977204658073,0.009325446313290797
96,23.075485229492188,23.079342077881297,0.0038568483891090466,23.058162689208984,23.003091216066593,-0.055071473142390914,23.12352752685547,22.933029174804688,21.39999771118164,21.300003051757812,24.0,24.0,0.0,0.0,50.0,50.0,-185.78703057350668,1800.0,0.0038568483891090466,0.055071473142390914,0.05892832153149996
97,23.036575317382812,23.038055194963192,0.001479877580379707,23.04559898376465,23.04223322327889,-0.0033657604857602053,23.075485229492188,23.058162689208984,21.300003051757812,21.199996948242188,24.0,24.0,0.0,0.0,50.0,50.0,-186.50496388618112,1800.0,0.001479877580379707,0.0033657604857602053,0.004845638066139912
98,23.00345230102539,23.002874925253632,-0.000577375771758426,23.028444290161133,23.026529185193866,-0.0019151049672672116,23.036575317382812,23.04559898376465,21.199996948242188,21.300003051757812,24.0,24.0,0.0,0.0,50.0,50.0,-184.3669186613022,1800.0,0.000577375771758426,0.0019151049672672116,0.0024924807390256376
99,22.97330665588379,22.97363281922828,0.0003261633444893164,23.012805938720703,23.01175130120467,-0.0010546375160345178,23.00345230102539,23.028444290161133,21.300003051757812,21.300003051757812,24.0,24.0,0.0,0.0,50.0,50.0,-182.33438110143732,1800.0,0.0003261633444893164,0.0010546375160345178,0.0013808008605238342
100,22.944427490234375,22.94699643105659,0.002568940822214927,23.02175521850586,23.01360257629682,-0.00815264220904055,22.97330665588379,23.012805938720703,21.300003051757812,21.10000228881836,24.0,24.0,0.0,0.0,50.0,50.0,-169.49605390213387,1800.0,0.002568940822214927,0.00815264220904055,0.010721583031255477
101,22.915328979492188,22.91754520934525,0.002216229853061691,23.00850296020508,23.008309962151156,-0.00019299805392591907,22.944427490234375,23.02175521850586,21.10000228881836,20.900001525878903,24.0,24.0,0.0,0.0,50.0,50.0,-168.19576424809344,1800.0,0.002216229853061691,0.00019299805392591907,0.00240922790698761
102,22.87919044494629,22.884292706963357,0.005102262017068426,22.99155044555664,22.99336505479863,0.0018146092419897286,22.915328979492188,23.00850296020508,20.900001525878903,20.400001525878903,24.0,24.0,0.0,0.0,50.0,50.0,-166.1500593848197,1800.0,0.005102262017068426,0.0018146092419897286,0.006916871259058155
103,22.83664321899414,22.841815275455286,0.005172056461145047,22.971269607543945,22.97286158086993,0.0015919733259863733,22.87919044494629,22.99155044555664,20.400001525878903,19.89999771118164,24.0,24.0,0.0,0.0,50.0,50.0,-163.6710011983688,1800.0,0.005172056461145047,0.0015919733259863733,0.00676402978713142
104,22.79292106628418,22.800047817392308,0.007126751108128104,23.01329803466797,22.992895045038097,-0.02040298962987208,22.83664321899414,22.971269607543945,19.89999771118164,19.299999237060547,24.0,24.0,0.0,0.0,50.0,50.0,-131.48977345046572,1800.0,0.007126751108128104,0.02040298962987208,0.027529740738000186
105,22.742412567138672,22.749603454186527,0.007190887047855199,22.99262237548828,22.994079028818387,0.001456653330105695,22.79292106628418,23.01329803466797,19.299999237060547,18.60000228881836,24.0,24.0,0.0,0.0,50.0,50.0,-129.9861630243035,1800.0,0.007190887047855199,0.001456653330105695,0.008647540377960894
106,22.69535446166992,22.696708522046787,0.0013540603768689152,22.971336364746097,22.967019663285228,-0.0043167014608691545,22.742412567138672,22.99262237548828,18.60000228881836,18.5,24.0,24.0,0.0,2.1449999809265137,50.0,50.0,-127.26949550986764,1800.0,0.0013540603768689152,0.0043167014608691545,0.00567076183773807
107,22.665210723876953,22.66504995488608,-0.00016076899087380525,23.024255752563477,22.936578635061004,-0.08767711750247287,22.69535446166992,22.971336364746097,18.5,18.299999237060547,24.0,24.0,2.1449999809265137,59.83794403076172,50.0,50.0,-132.6079326983895,1800.0,0.00016076899087380525,0.08767711750247287,0.08783788649334667
108,22.62183380126953,22.626474030385527,0.004640229115995709,22.766353607177734,22.83150981588559,0.06515620870785455,22.665210723876953,23.024255752563477,18.299999237060547,18.89999771118164,24.0,24.0,59.83794403076172,24.25500106811523,50.0,50.0,-218.81587730118383,1800.0,0.004640229115995709,0.06515620870785455,0.06979643782385025
109,22.607460021972656,22.602867964136745,-0.004592057835910879,22.852783203125,22.6965006818172,-0.1562825213078014,22.62183380126953,22.766353607177734,18.89999771118164,19.400001525878903,24.0,24.0,24.25500106811523,115.40872955322266,50.0,50.0,-223.68128395547856,1800.0,0.004592057835910879,0.1562825213078014,0.16087457914371228
110,22.58678436279297,22.594102518028215,0.007318155235246593,22.61956024169922,22.63191068321997,0.012350441520752042,22.607460021972656,22.852783203125,19.400001525878903,20.300003051757812,24.0,24.0,115.40872955322266,60.47298431396485,50.0,50.0,-304.10687694928237,1800.0,0.007318155235246593,0.012350441520752042,0.019668596755998635
111,22.61927795410156,22.583377642273277,-0.03590031182828213,22.87150764465332,22.613782587945483,-0.2577250567078373,22.58678436279297,22.61956024169922,20.300003051757812,21.10000228881836,24.0,24.0,60.47298431396485,172.31527709960938,50.0,180.0,-395.84228821739543,1800.0,0.03590031182828213,0.2577250567078373,0.2936253685361194
112,22.660829544067383,22.693660384763607,0.03283084069622433,22.93788146972656,22.831693295095395,-0.10618817463116415,22.61927795410156,22.87150764465332,21.10000228881836,21.700000762939453,24.0,24.0,172.31527709960938,122.26685333251952,180.0,180.0,-328.962497552451,1800.0,0.03283084069622433,0.10618817463116415,0.13901901532738847
113,22.775413513183594,22.77620168473439,0.0007881715507949139,23.22676467895508,22.801815347829912,-0.42494933112516975,22.660829544067383,22.93788146972656,21.700000762939453,22.39999771118164,24.0,24.0,122.26685333251952,330.8368225097656,180.0,180.0,-383.19675836252566,1800.0,0.0007881715507949139,0.42494933112516975,0.42573750267596466
114,22.889881134033203,22.9384512906624,0.048570156629196504,23.199050903320312,22.929690379614005,-0.2693605237063075,22.775413513183594,23.22676467895508,22.39999771118164,22.900001525878903,24.0,24.0,330.8368225097656,326.0023193359375,180.0,180.0,-442.5278008505202,1800.0,0.048570156629196504,0.2693605237063075,0.317930680335504
115,23.0391902923584,23.07431456922697,0.035124276868572224,23.364133834838867,22.827516741223054,-0.5366170936158134,22.889881134033203,23.199050903320312,22.900001525878903,23.299999237060547,24.0,24.0,326.0023193359375,509.540283203125,180.0,180.0,-536.7390174574041,1800.0,0.035124276868572224,0.5366170936158134,0.5717413704843857
116,23.184818267822266,23.260808055472776,0.07598978765051001,23.372055053710938,22.89064884810941,-0.4814062056015267,23.0391902923584,23.364133834838867,23.299999237060547,23.699996948242188,24.0,24.0,509.540283203125,540.7645263671875,180.0,180.0,-605.6952532874328,1800.0,0.07598978765051001,0.4814062056015267,0.5573959932520367
117,23.33583641052246,23.412055982419417,0.0762195718969565,23.404685974121097,22.80368384143096,-0.6010021326901374,23.184818267822266,23.372055053710938,23.699996948242188,24.099998474121097,24.0,24.0,540.7645263671875,650.1593627929688,180.0,180.0,-708.9469638498416,1800.0,0.0762195718969565,0.6010021326901374,0.6772217045870939
118,23.467548370361328,23.570250657017286,0.10270228665595837,23.342140197753903,22.764311295162432,-0.5778289025914702,23.33583641052246,23.404685974121097,24.099998474121097,24.400001525878903,24.0,24.0,650.1593627929688,679.3646240234375,180.0,180.0,-796.4380891685279,1800.0,0.10270228665595837,0.5778289025914702,0.6805311892474286
119,23.58818244934082,23.696000331082384,0.10781788174156404,23.314332962036133,22.677709560689784,-0.6366234013463483,23.467548370361328,23.342140197753903,24.400001525878903,24.800003051757812,24.0,24.0,679.3646240234375,729.58349609375,180.0,180.0,-872.0081014597213,1800.0,0.10781788174156404,0.6366234013463483,0.7444412830879124
120,23.69363784790039,23.830871127933015,0.1372332800326248,23.37378692626953,22.748269702277852,-0.6255172239916789,23.58818244934082,23.314332962036133,24.800003051757812,25.0,24.0,24.0,729.58349609375,739.3866577148438,180.0,180.0,-851.9967464847286,1800.0,0.1372332800326248,0.6255172239916789,0.7627505040243037
121,23.79888153076172,23.93634631197169,0.13746478120997097,23.45941925048828,22.82849635796974,-0.6309228925185408,23.69363784790039,23.37378692626953,25.0,25.300003051757812,24.0,24.0,739.3866577148438,730.318603515625,180.0,180.0,-841.7023812505829,1800.0,0.13746478120997097,0.6309228925185408,0.7683876737285118
122,23.89866065979004,24.033161309657885,0.13450064986784582,23.509349822998047,22.894808479121128,-0.6145413438769189,23.79888153076172,23.45941925048828,25.300003051757812,25.5,24.0,24.0,730.318603515625,718.6380615234375,180.0,180.0,-846.3547481652082,1800.0,0.13450064986784582,0.6145413438769189,0.7490419937447648
123,23.97422981262207,24.109679490907055,0.135449678284985,23.47589111328125,22.956172156625282,-0.5197189566559679,23.89866065979004,23.509349822998047,25.5,25.70000457763672,24.0,24.0,718.6380615234375,649.7882690429688,180.0,180.0,-839.2892373772739,1800.0,0.135449678284985,0.5197189566559679,0.6551686349409529
124,24.096725463867188,24.1791137887518,0.08238832488461156,23.87960624694824,23.095251646369817,-0.7843546005784212,23.97422981262207,23.47589111328125,25.70000457763672,25.800003051757812,24.0,24.0,649.7882690429688,619.45703125,180.0,180.0,-743.1058780096919,1800.0,0.08238832488461156,0.7843546005784212,0.8667429254630328
125,24.123611450195312,24.204602037043664,0.08099058684835114,23.22667694091797,22.954650722455643,-0.2720262184623259,24.096725463867188,23.87960624694824,25.800003051757812,25.900001525878903,24.0,24.0,619.45703125,494.53466796875,180.0,180.0,-978.5931775111436,1800.0,0.08099058684835114,0.2720262184623259,0.35301680531067703
126,24.070388793945312,24.160606028003293,0.09021723405798099,22.94729232788086,22.656352012155377,-0.2909403157254822,24.123611450195312,23.22667694091797,25.900001525878903,25.800003051757812,24.0,24.0,494.53466796875,434.2262573242187,180.0,180.0,-966.9961388488614,1800.0,0.09021723405798099,0.2909403157254822,0.38115754978346317
127,23.96246337890625,24.04986067515907,0.08739729625282067,22.684913635253903,22.533380374409802,-0.15153326084410068,24.070388793945312,22.94729232788086,25.800003051757812,25.70000457763672,24.0,24.0,434.2262573242187,276.82611083984375,180.0,180.0,-938.1701285811678,1800.0,0.08739729625282067,0.15153326084410068,0.23893055709692135
128,23.848587036132812,23.91990919756529,0.0713221614324766,22.780336380004883,22.577511870712204,-0.2028245092926788,23.96246337890625,22.684913635253903,25.70000457763672,25.199996948242188,24.0,24.0,276.82611083984375,212.85394287109375,180.0,180.0,-780.4637793864222,1800.0,0.0713221614324766,0.2028245092926788,0.2741466707251554
129,23.728740692138672,23.78726493244958,0.05852424031090919,22.732933044433594,22.65416941160937,-0.0787636328242236,23.848587036132812,22.780336380004883,25.199996948242188,24.699996948242188,24.0,24.0,212.85394287109375,128.9326629638672,180.0,180.0,-718.3404197593496,1800.0,0.05852424031090919,0.0787636328242236,0.1372878731351328
130,23.601802825927734,23.647607371425682,0.04580454549794766,22.738035202026367,22.66811595223174,-0.06991924979462638,23.728740692138672,22.732933044433594,24.699996948242188,23.699996948242188,24.0,24.0,128.9326629638672,90.9875259399414,180.0,180.0,-651.8346960079849,1800.0,0.04580454549794766,0.06991924979462638,0.11572379529257404
131,23.452117919921875,23.516734834883838,0.06461691496196309,22.551191329956055,22.549266146879468,-0.001925183076586734,23.601802825927734,22.738035202026367,23.699996948242188,22.800003051757812,24.0,24.0,90.9875259399414,56.59499740600586,180.0,50.0,-540.0456855448492,1800.0,0.06461691496196309,0.001925183076586734,0.06654209803854982
132,23.33000373840332,23.355584611221428,0.02558087281810728,22.67693328857422,22.604388718390737,-0.07254457018348148,23.452117919921875,22.551191329956055,22.800003051757812,22.800003051757812,24.0,24.0,56.59499740600586,40.59000015258789,50.0,50.0,-426.6115731029498,1800.0,0.02558087281810728,0.07254457018348148,0.09812544300158876
133,23.18998336791992,23.232134684502537,0.04215131658261839,22.725095748901367,22.70074599830438,-0.024349750596986297,23.33000373840332,22.67693328857422,22.800003051757812,20.400001525878903,24.0,24.0,40.59000015258789,25.24499893188477,50.0,50.0,-367.6363985238453,1800.0,0.04215131658261839,0.024349750596986297,0.06650106717960469
134,23.05229949951172,23.078943692941007,0.02664419342928781,22.752700805664062,22.735498693029175,-0.017202112634887357,23.18998336791992,22.725095748901367,20.400001525878903,19.200000762939453,24.0,24.0,25.24499893188477,11.880000114440918,50.0,50.0,-312.27580126478426,1800.0,0.02664419342928781,0.017202112634887357,0.04384630606417517
135,22.92127799987793,22.942483420875163,0.02120542099723366,22.790233612060547,22.760595243137864,-0.0296383689226829,23.05229949951172,22.752700805664062,19.200000762939453,18.099998474121097,24.0,24.0,11.880000114440918,15.524798393249512,50.0,50.0,-264.6773894716392,1800.0,0.02120542099723366,0.0296383689226829,0.05084378991991656
136,22.82671356201172,22.840903417765812,0.014189855754093372,23.02570343017578,22.92660867493389,-0.09909475524188949,22.92127799987793,22.790233612060547,18.099998474121097,17.60000228881836,24.0,24.0,15.524798393249512,0.0,50.0,50.0,-130.0583813598904,1800.0,0.014189855754093372,0.09909475524188949,0.11328461099598286
137,22.743732452392575,22.749559948721345,0.00582749632877011,22.9981689453125,22.993395983165502,-0.004772962146997628,22.82671356201172,23.02570343017578,17.60000228881836,17.099998474121094,24.0,24.0,0.0,0.0,50.0,50.0,-131.01720534576629,1800.0,0.00582749632877011,0.004772962146997628,0.010600458475767738
138,22.661117553710938,22.66578998913499,0.004672435424051713,22.957427978515625,22.95675428582834,-0.0006736926872861204,22.743732452392575,22.9981689453125,17.099998474121094,16.700000762939453,24.0,24.0,0.0,0.0,50.0,50.0,-126.06465821800384,1800.0,0.004672435424051713,0.0006736926872861204,0.005346128111337833
139,22.578229904174805,22.582896727445878,0.0046668232710729285,22.915895462036133,22.915447057836495,-0.0004484041996377641,22.661117553710938,22.957427978515625,16.700000762939453,16.300003051757812,24.0,24.0,0.0,0.0,50.0,50.0,-120.80174901001313,1800.0,0.0046668232710729285,0.0004484041996377641,0.005115227470710693
140,22.474498748779297,22.476272580933635,0.0017738321543383506,22.668617248535156,22.73776344547319,0.06914619693803203,22.578229904174805,22.915895462036133,16.300003051757812,15.900001525878906,24.0,24.0,0.0,0.0,50.0,50.0,-206.598461664424,1800.0,0.0017738321543383506,0.06914619693803203,0.07092002909237038
141,22.36357879638672,22.36839612160639,0.004817325219672597,22.603050231933594,22.605044217852484,0.0019939859188902176,22.474498748779297,22.668617248535156,15.900001525878906,15.5,24.0,24.0,0.0,0.0,50.0,50.0,-195.18021920371189,1800.0,0.004817325219672597,0.0019939859188902176,0.0068113111385628144
142,22.254474639892575,22.259415408524422,0.0049407686318474475,22.547422409057617,22.54623461504603,-0.0011877940115887498,22.36357879638672,22.603050231933594,15.5,15.10000228881836,24.0,24.0,0.0,0.0,50.0,50.0,-187.92782755542,1800.0,0.0049407686318474475,0.0011877940115887498,0.006128562643436197
143,22.14742660522461,22.15235329052686,0.004926685302251599,22.49329948425293,22.492026196676047,-0.001273287576882609,22.254474639892575,22.547422409057617,15.10000228881836,14.699996948242188,24.0,24.0,0.0,0.0,50.0,50.0,-181.01043484192783,1800.0,0.004926685302251599,0.001273287576882609,0.006199972879134208
144,22.055728912353516,22.061292731226597,0.005563818873081772,22.55589485168457,22.515178192609007,-0.040716659075563655,22.14742660522461,22.49329948425293,14.699996948242188,14.400001525878906,24.0,24.0,0.0,0.0,50.0,50.0,-123.3120905944244,1800.0,0.005563818873081772,0.040716659075563655,0.046280477948645427
145,21.97139358520508,21.975217407253187,0.00382382204810483,22.51851272583008,22.515499797522853,-0.003012928307228435,22.055728912353516,22.55589485168457,14.400001525878906,14.099998474121094,24.0,24.0,0.0,0.0,50.0,50.0,-120.23709057203676,1800.0,0.00382382204810483,0.003012928307228435,0.006836750355333265
146,21.891027450561523,21.893786288177456,0.002758837615932208,22.477811813354492,22.476132534738632,-0.001679278615860369,21.97139358520508,22.51851272583008,14.099998474121094,13.89999771118164,24.0,24.0,0.0,0.0,50.0,50.0,-115.09631657477718,1800.0,0.002758837615932208,0.001679278615860369,0.004438116231792577
147,21.81403350830078,21.816750083709827,0.002716575409046129,22.4385986328125,22.43713125182882,-0.0014673809836800444,21.891027450561523,22.477811813354492,13.89999771118164,13.699996948242188,24.0,24.0,0.0,0.0,50.0,50.0,-110.06558338411575,1800.0,0.002716575409046129,0.0014673809836800444,0.004183956392726174
148,21.7425479888916,21.745577494588485,0.0030295056968832057,22.425479888916016,22.41582230496997,-0.009657583946044213,21.81403350830078,22.4385986328125,13.699996948242188,13.5,24.0,24.0,0.0,0.0,50.0,50.0,-94.36960335430336,1800.0,0.0030295056968832057,0.009657583946044213,0.012687089642927418
149,21.674671173095703,21.677307412002097,0.002636238906394084,22.39211082458496,22.390561036734866,-0.0015497878500951856,21.7425479888916,22.425479888916016,13.5,13.299999237060549,24.0,24.0,0.0,0.0,50.0,50.0,-90.45478883787963,1800.0,0.002636238906394084,0.0015497878500951856,0.0041860267564892695
150,21.607131958007812,21.61069138788643,0.0035594298786172374,22.35818672180176,22.357658060942885,-0.000528660858876151,21.674671173095703,22.39211082458496,13.299999237060549,13.0,24.0,24.0,0.0,0.0,50.0,50.0,-86.15082826936904,1800.0,0.0035594298786172374,0.000528660858876151,0.004088090737493388
151,21.539871215820312,21.54342516377664,0.0035539479563269083,22.324369430541992,22.323863604188602,-0.0005058263533896934,21.607131958007812,22.35818672180176,13.0,12.700000762939451,24.0,24.0,0.0,0.0,50.0,50.0,-81.84944920581987,1800.0,0.0035539479563269083,0.0005058263533896934,0.004059774309716602
152,21.47946548461914,21.483945013228748,0.0044795286096075415,22.3566837310791,22.33384322609388,-0.022840504985222054,21.539871215820312,22.324369430541992,12.700000762939451,12.39999771118164,24.0,24.0,0.0,0.0,50.0,50.0,-48.31658005431285,1800.0,0.0044795286096075415,0.022840504985222054,0.027320033594829596
153,21.419565200805664,21.424030507016052,0.00446530621038832,22.330062866210938,22.329341914190614,-0.0007209520203232955,21.47946548461914,22.3566837310791,12.39999771118164,12.0,24.0,24.0,0.0,0.0,50.0,50.0,-45.945739229318576,1800.0,0.00446530621038832,0.0007209520203232955,0.005186258230711616
154,21.387229919433594,21.377128705283567,-0.010101214150026294,22.31208038330078,22.301071057548164,-0.011009325752617372,21.419565200805664,22.330062866210938,12.0,13.099998474121094,24.0,24.0,0.0,1.9800000190734863,50.0,50.0,-43.335025044911134,1800.0,0.010101214150026294,0.011009325752617372,0.021110539902643666
155,21.394859313964844,21.382749990481347,-0.012109323483496581,22.3852481842041,22.285352168359704,-0.09989601584439711,21.387229919433594,22.31208038330078,13.099998474121094,14.099998474121094,24.0,24.0,1.9800000190734863,63.894325256347656,50.0,50.0,-50.80747835097921,1800.0,0.012109323483496581,0.09989601584439711,0.1120053393278937
156,21.394994735717773,21.395312775176947,0.00031803945917374676,22.145627975463867,22.208995683916267,0.06336770845240025,21.394859313964844,22.3852481842041,14.099998474121094,15.200000762939451,24.0,24.0,63.894325256347656,26.07000160217285,50.0,50.0,-139.33656475168,1800.0,0.00031803945917374676,0.06336770845240025,0.063685747911574
157,21.43006134033203,21.41989464353922,-0.010166696792811791,22.24865341186523,22.097489120163885,-0.15116429170134538,21.394994735717773,22.145627975463867,15.200000762939451,16.300003051757812,24.0,24.0,26.07000160217285,111.44281768798828,50.0,50.0,-146.3016218340582,1800.0,0.010166696792811791,0.15116429170134538,0.16133098849415717
158,21.459014892578125,21.47228901775125,0.013274125173126095,22.11606216430664,22.124346569575984,0.008284405269343154,21.43006134033203,22.24865341186523,16.300003051757812,17.199996948242188,24.0,24.0,111.44281768798828,57.915000915527344,50.0,50.0,-183.55038653810027,1800.0,0.013274125173126095,0.008284405269343154,0.021558530442469248
159,21.551467895507812,21.524669199699247,-0.026798695808565753,22.50744247436523,22.245255266769036,-0.2621872075961953,21.459014892578125,22.11606216430664,17.199996948242188,18.099998474121097,24.0,24.0,57.915000915527344,169.08883666992188,50.0,180.0,-223.8542779069883,1800.0,0.026798695808565753,0.2621872075961953,0.28898590340476105
160,21.66212272644043,21.690279191101233,0.028156464660803238,22.63007354736328,22.511807412499483,-0.11826613486379856,21.551467895507812,22.50744247436523,18.099998474121097,18.800003051757812,24.0,24.0,169.08883666992188,119.57057189941406,180.0,180.0,-180.41025977777508,1800.0,0.028156464660803238,0.11826613486379856,0.1464225995246018
161,21.837512969970703,21.842195149412902,0.004682179442198731,22.969594955444336,22.553448311691344,-0.4161466437529917,21.66212272644043,22.63007354736328,18.800003051757812,19.400001525878903,24.0,24.0,119.57057189941406,330.3370361328125,180.0,180.0,-219.40751631373115,1800.0,0.004682179442198731,0.4161466437529917,0.42082882319519044
162,22.01837730407715,22.072312891724895,0.05393558764774653,23.06452178955078,22.784273599313668,-0.28024819023711345,21.837512969970703,22.969594955444336,19.400001525878903,20.0,24.0,24.0,330.3370361328125,324.7283020019531,180.0,180.0,-238.32080311609192,1800.0,0.05393558764774653,0.28024819023711345,0.33418377788486
163,22.244327545166016,22.279615517063387,0.03528797189737176,23.336156845092773,22.780706908652732,-0.5554499364400414,22.01837730407715,23.06452178955078,20.0,20.599998474121097,24.0,24.0,324.7283020019531,510.1311950683594,180.0,180.0,-318.9661653425823,1800.0,0.03528797189737176,0.5554499364400414,0.5907379083374131
164,22.466453552246097,22.540241340854443,0.073787788608346,23.377681732177734,22.902770450425198,-0.4749112817525365,22.244327545166016,23.336156845092773,20.599998474121097,21.199996948242188,24.0,24.0,510.1311950683594,538.3897094726562,180.0,180.0,-398.9519587123105,1800.0,0.073787788608346,0.4749112817525365,0.5486990703608825
165,22.690963745117188,22.763140889873355,0.07217714475616788,23.444278717041016,22.844276337113634,-0.6000023799273819,22.466453552246097,23.377681732177734,21.199996948242188,21.799999237060547,24.0,24.0,538.3897094726562,648.0742797851562,180.0,180.0,-510.8981901609171,1800.0,0.07217714475616788,0.6000023799273819,0.6721795246835498
166,22.89055633544922,22.98874255836889,0.09818622291967216,23.392169952392575,22.825746028549293,-0.5664239238432813,22.690963745117188,23.444278717041016,21.799999237060547,22.299999237060547,24.0,24.0,648.0742797851562,673.4987182617188,180.0,180.0,-611.9376961976619,1800.0,0.09818622291967216,0.5664239238432813,0.6646101467629535
167,23.071453094482425,23.17455624282823,0.1031031483458058,23.370763778686523,22.74402630126014,-0.626737477426385,22.89055633544922,23.392169952392575,22.299999237060547,22.800003051757812,24.0,24.0,673.4987182617188,723.9465942382812,180.0,180.0,-702.833471134556,1800.0,0.1031031483458058,0.626737477426385,0.7298406257721908
168,23.232097625732425,23.364597215522704,0.1324995897902781,23.44890594482422,22.825456782192177,-0.623449162632042,23.071453094482425,23.370763778686523,22.800003051757812,23.099998474121097,24.0,24.0,723.9465942382812,735.2223510742188,180.0,180.0,-691.3386764380975,1800.0,0.1324995897902781,0.623449162632042,0.7559487524223201
169,23.3859920501709,23.518642287301315,0.13265023713041657,23.529693603515625,22.906929992210753,-0.6227636113048725,23.232097625732425,23.44890594482422,23.099998474121097,23.5,24.0,24.0,735.2223510742188,726.2296752929688,180.0,180.0,-698.7540919265513,1800.0,0.13265023713041657,0.6227636113048725,0.755413848435289
170,23.525875091552734,23.656726098086384,0.1308510065336499,23.57146453857422,22.964919177598073,-0.6065453609761455,23.3859920501709,23.529693603515625,23.5,23.699996948242188,24.0,24.0,726.2296752929688,715.3576049804688,180.0,180.0,-718.6483456346812,1800.0,0.1308510065336499,0.6065453609761455,0.7373963675097954
171,23.633316040039062,23.765880608384784,0.13256456834572106,23.525146484375,23.016723512264033,-0.5084229721109672,23.525875091552734,23.57146453857422,23.699996948242188,23.89999771118164,24.0,24.0,715.3576049804688,644.908935546875,180.0,180.0,-724.2928525646802,1800.0,0.13256456834572106,0.5084229721109672,0.6409875404566883
172,23.761301040649418,23.842726481589896,0.08142544094047821,23.745887756347656,23.039847523127378,-0.7060402332202784,23.633316040039062,23.525146484375,23.89999771118164,24.0,24.0,24.0,644.908935546875,614.8040161132812,180.0,180.0,-708.6155565259995,1800.0,0.08142544094047821,0.7060402332202784,0.7874656741607566
173,23.791187286376953,23.87565741972698,0.08447013335002751,23.14178466796875,22.870342405600734,-0.2714422623680157,23.761301040649418,23.745887756347656,24.0,24.099998474121097,24.0,24.0,614.8040161132812,489.566650390625,180.0,180.0,-909.0522058681568,1800.0,0.08447013335002751,0.2714422623680157,0.35591239571804323
174,23.744356155395508,23.82327966125374,0.07892350585823138,22.804019927978516,22.509844415816335,-0.2941755121621803,23.791187286376953,23.14178466796875,24.099998474121097,24.099998474121097,24.0,24.0,489.566650390625,432.9949035644531,180.0,180.0,-954.856008401521,1800.0,0.07892350585823138,0.2941755121621803,0.3730990180204117
175,23.63500213623047,23.72086914239823,0.08586700616776,22.52052116394043,22.37766140861024,-0.14285975533018913,23.744356155395508,22.804019927978516,24.099998474121097,24.099998474121097,24.0,24.0,432.9949035644531,273.3121032714844,180.0,180.0,-916.9016086391936,1800.0,0.08586700616776,0.14285975533018913,0.22872676149794913
176,23.526968002319336,23.59897871067468,0.07201070835534296,22.651966094970703,22.448482829601833,-0.2034832653688703,23.63500213623047,22.52052116394043,24.099998474121097,23.89999771118164,24.0,24.0,273.3121032714844,211.53318786621097,180.0,180.0,-735.2698973848461,1800.0,0.07201070835534296,0.2034832653688703,0.27549397372421325
177,23.42510032653809,23.483668751265164,0.05856842472707413,22.657726287841797,22.571395689954194,-0.08633059788760278,23.526968002319336,22.651966094970703,23.89999771118164,23.699996948242188,24.0,24.0,211.53318786621097,128.0335693359375,180.0,180.0,-656.6087674998494,1800.0,0.05856842472707413,0.08633059788760278,0.1448990226146769
178,23.32948303222656,23.37189094341032,0.04240791118376208,22.704601287841797,22.628130683190193,-0.07647060465160394,23.42510032653809,22.657726287841797,23.699996948242188,23.200000762939453,24.0,24.0,128.0335693359375,90.46356964111328,180.0,180.0,-583.777963713567,1800.0,0.04240791118376208,0.07647060465160394,0.11887851583536602
179,23.21896743774414,23.2799184119009,0.06095097415676065,22.547374725341797,22.542041818642215,-0.005332906699582196,23.32948303222656,22.704601287841797,23.200000762939453,22.700000762939453,24.0,24.0,90.46356964111328,57.42000198364258,180.0,50.0,-472.7160806767862,1800.0,0.06095097415676065,0.005332906699582196,0.06628388085634285
180,23.132469177246097,23.15774517444453,0.0252759971984311,22.687305450439453,22.61670323047002,-0.07060221996943383,23.21896743774414,22.547374725341797,22.700000762939453,22.700000762939453,24.0,24.0,57.42000198364258,41.25,50.0,50.0,-365.90476039167777,1800.0,0.0252759971984311,0.07060221996943383,0.09587821716786493
181,23.026262283325195,23.066829697734466,0.0405674144092707,22.748313903808594,22.72506095746229,-0.023252946346303816,23.132469177246097,22.687305450439453,22.700000762939453,20.400001525878903,24.0,24.0,41.25,25.079999923706055,50.0,50.0,-311.04849515970494,1800.0,0.0405674144092707,0.023252946346303816,0.06382036075557451
182,22.921937942504883,22.94560786334821,0.02366992084332864,22.782724380493164,22.768424440312156,-0.014299940181007997,23.026262283325195,22.748313903808594,20.400001525878903,19.400001525878903,24.0,24.0,25.079999923706055,10.394999504089355,50.0,50.0,-261.80635919541646,1800.0,0.02366992084332864,0.014299940181007997,0.03796986102433664
183,22.821550369262695,22.840266460230556,0.01871609096786031,22.82402801513672,22.79829317775747,-0.025734837379250308,22.921937942504883,22.782724380493164,19.400001525878903,18.400001525878903,24.0,24.0,10.394999504089355,13.512385368347168,50.0,50.0,-221.2866673788422,1800.0,0.01871609096786031,0.025734837379250308,0.04445092834711062
184,22.745641708374023,22.757802087097378,0.012160378723354626,22.98677635192871,22.917653475582004,-0.06912287634670733,22.821550369262695,22.82402801513672,18.400001525878903,17.900001525878906,24.0,24.0,13.512385368347168,0.0,50.0,50.0,-126.24482876192909,1800.0,0.012160378723354626,0.06912287634670733,0.08128325507006195
185,22.677873611450195,22.682531083604893,0.004657472154697473,22.962791442871097,22.959372195934904,-0.003419246936193332,22.745641708374023,22.98677635192871,17.900001525878906,17.5,24.0,24.0,0.0,0.0,50.0,50.0,-126.36268414526695,1800.0,0.004657472154697473,0.003419246936193332,0.008076719090890805
186,22.608909606933594,22.61343099123538,0.004521384301785503,22.92892074584961,22.92880157089304,-0.00011917495656987853,22.677873611450195,22.962791442871097,17.5,17.099998474121094,24.0,24.0,0.0,0.0,50.0,50.0,-122.23608474006645,1800.0,0.004521384301785503,0.00011917495656987853,0.004640559258355381
187,22.53843688964844,22.542969227314863,0.004532337666422137,22.893817901611328,22.893808775769593,-9.125841735624363e-06,22.608909606933594,22.92892074584961,17.099998474121094,16.700000762939453,24.0,24.0,0.0,0.0,50.0,50.0,-117.80586637089304,1800.0,0.004532337666422137,9.125841735624363e-06,0.0045414635081577615
188,22.44989776611328,22.44962492693847,-0.00027283917481213393,22.65373992919922,22.722173159448783,0.06843323024956405,22.53843688964844,22.893817901611328,16.700000762939453,16.5,24.0,24.0,0.0,0.0,50.0,50.0,-204.48652548226113,1800.0,0.00027283917481213393,0.06843323024956405,0.06870606942437618
189,22.35861587524414,22.36039593811474,0.0017800628705977317,22.59730529785156,22.59813109494381,0.0008257970922507241,22.44989776611328,22.65373992919922,16.5,16.39999771118164,24.0,24.0,0.0,0.0,50.0,50.0,-194.1671114740613,1800.0,0.0017800628705977317,0.0008257970922507241,0.0026058599628484558
190,22.273178100585938,22.275039011962033,0.0018609113760952312,22.552881240844727,22.550673493188228,-0.002207747656498782,22.35861587524414,22.59730529785156,16.39999771118164,16.300003051757812,24.0,24.0,0.0,0.0,50.0,50.0,-188.27715206292868,1800.0,0.0018609113760952312,0.002207747656498782,0.004068659032594013
191,22.19346618652344,22.195270458764973,0.0018042722415323453,22.511863708496097,22.50969877880259,-0.0021649296935066786,22.273178100585938,22.552881240844727,16.300003051757812,16.199996948242188,24.0,24.0,0.0,0.0,50.0,50.0,-182.9690228922196,1800.0,0.0018042722415323453,0.0021649296935066786,0.003969201935039024
192,22.130495071411133,22.133862723329216,0.00336765191808297,22.588626861572266,22.547689941255296,-0.040936920316969605,22.19346618652344,22.511863708496097,16.199996948242188,16.10000228881836,24.0,24.0,0.0,0.0,50.0,50.0,-127.04407917125444,1800.0,0.00336765191808297,0.040936920316969605,0.044304572235052575
193,22.0761661529541,22.077780763822158,0.0016146108680565874,22.56609535217285,22.562899439101713,-0.003195913071138534,22.130495071411133,22.588626861572266,16.10000228881836,16.0,24.0,24.0,0.0,0.0,50.0,50.0,-125.83632963694389,1800.0,0.0016146108680565874,0.003195913071138534,0.0048105239391951216
194,22.02307891845703,22.025541112934157,0.002462194477125479,22.53951072692871,22.538798580266267,-0.0007121466624440131,22.0761661529541,22.56609535217285,16.0,15.799999237060549,24.0,24.0,0.0,0.0,50.0,50.0,-122.51969263418344,1800.0,0.002462194477125479,0.0007121466624440131,0.003174341139569492
195,21.970909118652344,21.97335849718971,0.002449378537367153,22.51317596435547,22.512576983369236,-0.0005989809862327888,22.02307891845703,22.53951072692871,15.799999237060549,15.599998474121094,24.0,24.0,0.0,0.0,50.0,50.0,-119.16259352751398,1800.0,0.002449378537367153,0.0005989809862327888,0.0030483595235999417
196,21.92201805114746,21.924803949443973,0.0027858982965121015,22.511775970458984,22.50291128477273,-0.008864685686255314,21.970909118652344,22.51317596435547,15.599998474121094,15.400001525878906,24.0,24.0,0.0,0.0,50.0,50.0,-104.99040496975957,1800.0,0.0027858982965121015,0.008864685686255314,0.011650583982767415
197,21.874706268310547,21.87712026918349,0.0024140008729425233,22.489076614379883,22.488246175708166,-0.0008304386717163936,21.92201805114746,22.511775970458984,15.400001525878906,15.200000762939451,24.0,24.0,0.0,0.0,50.0,50.0,-102.46249356081464,1800.0,0.0024140008729425233,0.0008304386717163936,0.003244439544658917
198,21.82783317565918,21.830225952768096,0.0023927771089162775,22.465532302856445,22.46510393710282,-0.0004283657536241492,21.874706268310547,22.489076614379883,15.200000762939451,15.0,24.0,24.0,0.0,0.0,50.0,50.0,-99.48200069494644,1800.0,0.0023927771089162775,0.0004283657536241492,0.0028211428625404267
199,21.78131103515625,21.78369984525842,0.002388810102168293,22.44211769104004,22.44172048675262,-0.0003972042874202941,21.82783317565918,22.465532302856445,15.0,14.799999237060549,24.0,24.0,0.0,0.0,50.0,50.0,-96.50178592115653,1800.0,0.002388810102168293,0.0003972042874202941,0.002786014389588587
200,21.747554779052734,21.74797825950025,0.00042348044751605585,22.486875534057617,22.46248347244821,-0.02439206160940799,21.78131103515625,22.44211769104004,14.799999237060549,14.89999771118164,24.0,24.0,0.0,0.0,50.0,50.0,-64.477350585912,1800.0,0.00042348044751605585,0.02439206160940799,0.024815542056924045
201,21.719636917114254,21.71998688251719,0.00034996540293619205,22.475414276123047,22.473347120776968,-0.0020671553460793746,21.747554779052734,22.486875534057617,14.89999771118164,14.89999771118164,24.0,24.0,0.0,0.0,50.0,50.0,-63.952285385489915,1800.0,0.00034996540293619205,0.0020671553460793746,0.0024171207490155666
202,21.70646858215332,21.700891611341756,-0.005576970811564053,22.468427658081055,22.461966311641156,-0.0064613464398988185,21.719636917114254,22.475414276123047,14.89999771118164,15.5,24.0,24.0,0.0,1.4850000143051147,50.0,50.0,-62.89291378908581,1800.0,0.005576970811564053,0.0064613464398988185,0.012038317251462871
203,21.71558380126953,21.70913476855408,-0.006449032715451608,22.518295288085938,22.45475637362837,-0.06353891445756688,21.70646858215332,22.468427658081055,15.5,16.0,24.0,24.0,1.4850000143051147,41.394981384277344,50.0,50.0,-68.10800943775749,1800.0,0.006449032715451608,0.06353891445756688,0.06998794717301848
204,21.72293472290039,21.719624000964362,-0.003310721936028216,22.3349552154541,22.353449578613905,0.01849436315980313,21.71558380126953,22.518295288085938,16.0,16.799999237060547,24.0,24.0,41.394981384277344,48.45135116577149,50.0,50.0,-162.38168204797844,1800.0,0.003310721936028216,0.01849436315980313,0.021805085095831345
205,21.759136199951172,21.756945430100775,-0.002190769850397345,22.442445755004883,22.27358849193773,-0.16885726306715299,21.72293472290039,22.3349552154541,16.799999237060547,17.5,24.0,24.0,48.45135116577149,133.79244995117188,50.0,50.0,-170.8460974104201,1800.0,0.002190769850397345,0.16885726306715299,0.17104803291755033
206,21.794755935668945,21.811212135384274,0.016456199715328523,22.335987091064453,22.29657363017093,-0.03941346089352393,21.759136199951172,22.442445755004883,17.5,18.400001525878903,24.0,24.0,133.79244995117188,99.419921875,50.0,50.0,-211.00716130974803,1800.0,0.016456199715328523,0.03941346089352393,0.055869660608852456
207,21.89608383178711,21.87287350531101,-0.023210326476100107,22.723926544189453,22.408057981906666,-0.3158685622827875,21.794755935668945,22.335987091064453,18.400001525878903,19.299999237060547,24.0,24.0,99.419921875,218.82664489746097,50.0,180.0,-269.91913190039736,1800.0,0.023210326476100107,0.3158685622827875,0.3390788887588876
208,22.02813720703125,22.061791911007806,0.03365470397655557,22.905065536499023,22.698067956720337,-0.2069975797786867,21.89608383178711,22.723926544189453,19.299999237060547,20.300003051757812,24.0,24.0,218.82664489746097,195.57272338867188,180.0,180.0,-214.15602416676285,1800.0,0.03365470397655557,0.2069975797786867,0.24065228375524228
209,22.20431900024414,22.221855034392302,0.017536034148161406,23.108173370361328,22.778511459545914,-0.32966191081541396,22.02813720703125,22.905065536499023,20.300003051757812,21.39999771118164,24.0,24.0,195.57272338867188,301.8317565917969,180.0,180.0,-251.44446862584743,1800.0,0.017536034148161406,0.32966191081541396,0.34719794496357537
210,22.39643287658691,22.43336781115905,0.03693493457214103,23.195880889892575,22.88784011657966,-0.30804077331291424,22.20431900024414,23.108173370361328,21.39999771118164,22.5,24.0,24.0,301.8317565917969,334.0320129394531,180.0,180.0,-300.918806123071,1800.0,0.03693493457214103,0.30804077331291424,0.34497570788505527
211,22.61083984375,22.646433397463653,0.03559355371365314,23.32230758666992,22.889952053989774,-0.4323555326801447,22.39643287658691,23.195880889892575,22.5,23.5,24.0,24.0,334.0320129394531,437.9452819824219,180.0,180.0,-383.1330922902257,1800.0,0.03559355371365314,0.4323555326801447,0.46794908639379784
212,22.83203125,22.887847123727518,0.05581587372751784,23.406768798828125,22.930018077304688,-0.47675072152343745,22.61083984375,23.32230758666992,23.5,24.29999542236328,24.0,24.0,437.9452819824219,509.31341552734375,180.0,180.0,-464.2545673841223,1800.0,0.05581587372751784,0.47675072152343745,0.5325665952509553
213,23.061992645263672,23.125514116480893,0.0635214712172214,23.471031188964844,22.887973052089517,-0.5830581368753265,22.83203125,23.406768798828125,24.29999542236328,25.100006103515625,24.0,24.0,509.31341552734375,625.0572509765625,180.0,180.0,-585.3610858259095,1800.0,0.0635214712172214,0.5830581368753265,0.6465796080925479
214,23.265472412109375,23.35757311259742,0.09210070048804653,23.397846221923828,22.87034470481937,-0.5275015171044579,23.061992645263672,23.471031188964844,25.100006103515625,25.800003051757812,24.0,24.0,625.0572509765625,637.7927856445312,180.0,180.0,-687.8943545628581,1800.0,0.09210070048804653,0.5275015171044579,0.6196022175925044
215,23.428054809570312,23.52916235932409,0.10110754975377745,23.2803955078125,22.813221523958426,-0.4671739838540745,23.265472412109375,23.397846221923828,25.800003051757812,26.5,24.0,24.0,637.7927856445312,598.4283447265625,180.0,180.0,-752.9564238052516,1800.0,0.10110754975377745,0.4671739838540745,0.5682815336078519
216,23.569820404052734,23.68230636910876,0.11248596505602393,23.36978530883789,22.86102559546654,-0.5087597133713508,23.428054809570312,23.2803955078125,26.5,26.79999542236328,24.0,24.0,598.4283447265625,603.7678833007812,180.0,180.0,-719.432792029951,1800.0,0.11248596505602393,0.5087597133713508,0.6212456784273748
217,23.710025787353516,23.82098582180028,0.11096003444676583,23.471744537353516,22.962579644086706,-0.50916489326681,23.569820404052734,23.36978530883789,26.79999542236328,27.199996948242188,24.0,24.0,603.7678833007812,591.0821533203125,180.0,180.0,-711.7618413597235,1800.0,0.11096003444676583,0.50916489326681,0.6201249277135759
218,23.85443878173828,23.958622919134157,0.10418413739587606,23.5906925201416,23.017818579457312,-0.5728739406842891,23.710025787353516,23.471744537353516,27.199996948242188,27.300003051757812,24.0,24.0,591.0821533203125,635.2402954101562,180.0,180.0,-738.3710923706099,1800.0,0.10418413739587606,0.5728739406842891,0.6770580780801652
219,23.96712875366211,24.084855786297464,0.11772703263535433,23.544300079345703,23.103355690898283,-0.44094438844742,23.85443878173828,23.5906925201416,27.300003051757812,27.399993896484375,24.0,24.0,635.2402954101562,566.4009399414062,180.0,180.0,-752.7311510558893,1800.0,0.11772703263535433,0.44094438844742,0.5586714210827743
220,24.088764190673828,24.1598272651971,0.07106307452327343,23.76074981689453,23.15618571293034,-0.60456410396419,23.96712875366211,23.544300079345703,27.399993896484375,27.199996948242188,24.0,24.0,566.4009399414062,505.1647644042969,180.0,180.0,-716.4157907062239,1800.0,0.07106307452327343,0.60456410396419,0.6756271784874635
221,24.116397857666016,24.17955191900615,0.06315406134013557,23.177812576293945,22.958667383129878,-0.2191451931640671,24.088764190673828,23.76074981689453,27.199996948242188,27.099998474121097,24.0,24.0,505.1647644042969,410.62841796875,180.0,180.0,-928.0942013112912,1800.0,0.06315406134013557,0.2191451931640671,0.2822992545042027
222,24.070892333984375,24.142389552409707,0.07149721842533197,22.908702850341797,22.630565588774378,-0.27813726156741936,24.116397857666016,23.177812576293945,27.099998474121097,26.599998474121097,24.0,24.0,410.62841796875,400.6730651855469,180.0,180.0,-962.3429160746606,1800.0,0.07149721842533197,0.27813726156741936,0.3496344799927513
223,23.962657928466797,24.04693094161494,0.08427301314814173,22.655540466308594,22.520225282835806,-0.13531518347278748,24.070892333984375,22.908702850341797,26.599998474121097,26.099998474121097,24.0,24.0,400.6730651855469,254.94076538085935,180.0,180.0,-934.5539886084229,1800.0,0.08427301314814173,0.13531518347278748,0.2195881966209292
224,23.84779357910156,23.918404600953902,0.07061102185234347,22.78644371032715,22.561571053801565,-0.22487265652558364,23.962657928466797,22.655540466308594,26.099998474121097,25.100006103515625,24.0,24.0,254.94076538085935,221.85252380371097,180.0,180.0,-781.4918895643009,1800.0,0.07061102185234347,0.22487265652558364,0.2954836783779271
225,23.70920181274414,23.77667563160209,0.06747381885794823,22.698139190673828,22.664296888776743,-0.033842301897085036,23.84779357910156,22.78644371032715,25.100006103515625,24.099998474121097,24.0,24.0,221.85252380371097,102.9867172241211,180.0,180.0,-712.1599711675038,1800.0,0.06747381885794823,0.033842301897085036,0.10131612075503327
226,23.585559844970703,23.62397905717041,0.03841921219970601,22.815296173095703,22.619187304487205,-0.19610886860849774,23.70920181274414,22.698139190673828,24.099998474121097,22.700000762939453,24.0,24.0,102.9867172241211,168.16952514648438,180.0,180.0,-664.7759521040883,1800.0,0.03841921219970601,0.19610886860849774,0.23452808080820375
227,23.411212921142575,23.498353758218542,0.08714083707596743,22.525970458984375,22.568283312847427,0.04231285386305217,23.585559844970703,22.815296173095703,22.700000762939453,21.300003051757812,24.0,24.0,168.16952514648438,60.94622039794922,180.0,50.0,-550.7896470947466,1800.0,0.08714083707596743,0.04231285386305217,0.1294536909390196
228,23.278831481933594,23.302252918696265,0.023421436762671277,22.7075252532959,22.548653282702613,-0.15887197059328528,23.411212921142575,22.525970458984375,21.300003051757812,21.300003051757812,24.0,24.0,60.94622039794922,100.74828338623048,50.0,50.0,-440.64355251184503,1800.0,0.023421436762671277,0.15887197059328528,0.18229340735595656
229,23.10150909423828,23.164791530146605,0.06328243590832372,22.665977478027344,22.689402172980984,0.023424694953639857,23.278831481933594,22.7075252532959,21.300003051757812,18.299999237060547,24.0,24.0,100.74828338623048,20.43476295471191,50.0,50.0,-370.9520333531797,1800.0,0.06328243590832372,0.023424694953639857,0.08670713086196358
230,22.931453704833984,22.958118901863433,0.02666519702944825,22.697219848632812,22.675734514241377,-0.02148533439143563,23.10150909423828,22.665977478027344,18.299999237060547,17.199996948242188,24.0,24.0,20.43476295471191,10.65311336517334,50.0,50.0,-301.11911642525604,1800.0,0.02666519702944825,0.02148533439143563,0.04815053142088388
231,22.769285202026367,22.793896301756945,0.024611099730577735,22.729637145996097,22.71252172845267,-0.017115417543426048,22.931453704833984,22.697219848632812,17.199996948242188,16.0,24.0,24.0,10.65311336517334,4.100337982177734,50.0,50.0,-240.20721198263607,1800.0,0.024611099730577735,0.017115417543426048,0.04172651727400378
232,22.6463623046875,22.65874067666464,0.012378371977138869,22.940528869628903,22.842439435455418,-0.09808943417348459,22.769285202026367,22.729637145996097,16.0,15.400001525878906,24.0,24.0,4.100337982177734,0.0,50.0,50.0,-119.83854249360296,1800.0,0.012378371977138869,0.09808943417348459,0.11046780615062346
233,22.53517723083496,22.542244402781936,0.007067171946975037,22.898223876953125,22.89325951380013,-0.004964363152996754,22.6463623046875,22.940528869628903,15.400001525878906,14.799999237060549,24.0,24.0,0.0,0.0,50.0,50.0,-118.75038460611114,1800.0,0.007067171946975037,0.004964363152996754,0.01203153509997179
234,22.4288330078125,22.4328207760753,0.0039877682627995625,22.844825744628903,22.842700878574835,-0.002124866054067809,22.53517723083496,22.898223876953125,14.799999237060549,14.5,24.0,24.0,0.0,0.0,50.0,50.0,-112.12416805139038,1800.0,0.0039877682627995625,0.002124866054067809,0.006112634316867371
235,22.32433319091797,22.329233144302858,0.004899953384889244,22.792062759399418,22.79086500196697,-0.0011977574324468776,22.4288330078125,22.844825744628903,14.5,14.099998474121094,24.0,24.0,0.0,0.0,50.0,50.0,-105.3960079568766,1800.0,0.004899953384889244,0.0011977574324468776,0.006097710817336122
236,22.204822540283203,22.204885466019054,6.29257358504276e-05,22.535917282104492,22.603266663292334,0.06734938118784228,22.32433319091797,22.792062759399418,14.099998474121094,13.89999771118164,24.0,24.0,0.0,0.0,50.0,50.0,-189.98773236685537,1800.0,6.29257358504276e-05,0.06734938118784228,0.06741230692369271
237,22.081459045410156,22.085468906208146,0.004009860797989262,22.463520050048828,22.46446850918633,0.0009484591375006346,22.204822540283203,22.535917282104492,13.89999771118164,13.60000228881836,24.0,24.0,0.0,0.0,50.0,50.0,-177.64501156834115,1800.0,0.004009860797989262,0.0009484591375006346,0.004958319935489897
238,21.961009979248047,21.96607589186324,0.005065912615194179,22.401988983154297,22.400411994452927,-0.001576988701369686,22.081459045410156,22.463520050048828,13.60000228881836,13.200000762939451,24.0,24.0,0.0,0.0,50.0,50.0,-169.6194556705143,1800.0,0.005065912615194179,0.001576988701369686,0.006642901316563865
239,21.84558486938477,21.84966084967089,0.004075980286120995,22.34317970275879,22.340989908278893,-0.002189794479896534,21.961009979248047,22.401988983154297,13.200000762939451,12.900001525878906,24.0,24.0,0.0,0.0,50.0,50.0,-162.0663137687032,1800.0,0.004075980286120995,0.002189794479896534,0.006265774766017529
240,21.744300842285156,21.750909783811792,0.006608941526636158,22.401124954223633,22.360701712033027,-0.04042324219060589,21.84558486938477,22.34317970275879,12.900001525878906,12.5,24.0,24.0,0.0,0.0,50.0,50.0,-103.7842108260434,1800.0,0.006608941526636158,0.04042324219060589,0.04703218371724205
241,21.651254653930664,21.655173120644,0.003918466713336954,22.35923957824707,22.35591614953602,-0.003323428711048848,21.744300842285156,22.401124954223633,12.5,12.199996948242188,24.0,24.0,0.0,0.0,50.0,50.0,-100.12878240732093,1800.0,0.003918466713336954,0.003323428711048848,0.0072418954243858025
242,21.56101417541504,21.56482152009926,0.0038073446842226133,22.313756942749023,22.312355044097295,-0.0014018986517285725,21.651254653930664,22.35923957824707,12.199996948242188,11.900001525878906,24.0,24.0,0.0,0.0,50.0,50.0,-94.39261671547324,1800.0,0.0038073446842226133,0.0014018986517285725,0.005209243335951186
243,21.473098754882812,21.476877895433987,0.0037791405511740095,22.269237518310547,22.268004163059416,-0.0012333552511307744,21.56101417541504,22.313756942749023,11.900001525878906,11.599998474121094,24.0,24.0,0.0,0.0,50.0,50.0,-88.70316901194984,1800.0,0.0037791405511740095,0.0012333552511307744,0.005012495802304784
244,21.38974380493164,21.393844336299377,0.004100531367736693,22.250316619873047,22.240862292297273,-0.009454327575774357,21.473098754882812,22.269237518310547,11.599998474121094,11.300003051757812,24.0,24.0,0.0,0.0,50.0,50.0,-72.28462302714544,1800.0,0.004100531367736693,0.009454327575774357,0.01355485894351105
245,21.309131622314453,21.312849439758843,0.003717817444389482,22.21070098876953,22.209321715392505,-0.0013792733770259247,21.38974380493164,22.250316619873047,11.300003051757812,11.0,24.0,24.0,0.0,0.0,50.0,50.0,-67.58899730723098,1800.0,0.003717817444389482,0.0013792733770259247,0.0050970908214154065
246,21.23002052307129,21.233704018046033,0.0036834949747444057,22.17079162597656,22.169850086905768,-0.0009415390707907534,21.309131622314453,22.21070098876953,11.0,10.700000762939451,24.0,24.0,0.0,0.0,50.0,50.0,-62.512260104176136,1800.0,0.0036834949747444057,0.0009415390707907534,0.004625034045535159
247,21.1541748046875,21.15687908955723,0.002704284869729179,22.132179260253903,22.13075049355654,-0.0014287666973622493,21.23002052307129,22.17079162597656,10.700000762939451,10.5,24.0,24.0,0.0,0.0,50.0,50.0,-57.56203111440664,1800.0,0.002704284869729179,0.0014287666973622493,0.004133051567091428
248,21.089832305908203,21.09247182333026,0.00263951742205748,22.161754608154297,22.13753647137155,-0.024218136782746313,21.1541748046875,22.132179260253903,10.5,10.400001525878906,24.0,24.0,0.0,0.0,50.0,50.0,-23.61582872106004,1800.0,0.00263951742205748,0.024218136782746313,0.026857654204803794
249,21.03021240234375,21.03279124533545,0.002578842991699304,22.13456344604492,22.132619160841905,-0.0019442852030131519,21.089832305908203,22.161754608154297,10.400001525878906,10.200000762939451,24.0,24.0,0.0,0.0,50.0,50.0,-21.108149380425942,1800.0,0.002578842991699304,0.0019442852030131519,0.004523128194712456
250,20.99620056152344,20.98705088471611,-0.009149676807332696,22.116209030151367,22.105531666997294,-0.010677363154073305,21.03021240234375,22.13456344604492,10.200000762939451,11.199996948242188,24.0,24.0,0.0,2.1449999809265137,50.0,50.0,-18.45943514806072,1800.0,0.009149676807332696,0.010677363154073305,0.019827039961406
251,21.00234603881836,20.99028091513276,-0.012065123685598422,22.18871307373047,22.088510633113096,-0.10020244061737316,20.99620056152344,22.116209030151367,11.199996948242188,12.199996948242188,24.0,24.0,2.1449999809265137,64.12887573242188,50.0,50.0,-25.85131493594156,1800.0,0.012065123685598422,0.10020244061737316,0.11226756430297158
252,21.00287628173828,21.002326147621755,-0.0005501341165263796,21.94810485839844,22.011746685094497,0.06364182669605611,21.00234603881836,22.18871307373047,12.199996948242188,13.400001525878906,24.0,24.0,64.12887573242188,25.575000762939453,50.0,50.0,-114.24841285062789,1800.0,0.0005501341165263796,0.06364182669605611,0.0641919608125825
253,21.04145622253418,21.03000449232284,-0.011451730211341271,22.057758331298828,21.899939919759564,-0.1578184115392638,21.00287628173828,21.94810485839844,13.400001525878906,14.599998474121094,24.0,24.0,25.575000762939453,115.3798828125,50.0,50.0,-121.90456806541825,1800.0,0.011451730211341271,0.1578184115392638,0.16927014175060506
254,21.0787296295166,21.08998583424796,0.01125620473135669,21.92483901977539,21.932952105467212,0.008113085691821453,21.04145622253418,22.057758331298828,14.599998474121094,15.799999237060549,24.0,24.0,115.3798828125,58.56734848022461,50.0,50.0,-159.20065283497576,1800.0,0.01125620473135669,0.008113085691821453,0.019369290423178143
255,21.187185287475582,21.156421793216857,-0.030763494258724933,22.326435089111328,22.05738811646563,-0.26904697264569677,21.0787296295166,21.92483901977539,15.799999237060549,17.099998474121094,24.0,24.0,58.56734848022461,172.72718811035156,50.0,180.0,-200.57219666975712,1800.0,0.030763494258724933,0.26904697264569677,0.2998104669044217
256,21.315933227539062,21.342767119269705,0.02683389173064299,22.45599365234375,22.336309916762954,-0.11968373558079648,21.187185287475582,22.326435089111328,17.099998474121094,18.0,24.0,24.0,172.72718811035156,121.61666870117188,180.0,180.0,-158.05188606019692,1800.0,0.02683389173064299,0.11968373558079648,0.14651762731143947
257,21.513755798339844,21.515094354552417,0.001338556212573394,22.798599243164062,22.387994359345356,-0.4106048838187064,21.315933227539062,22.45599365234375,18.0,19.0,24.0,24.0,121.61666870117188,326.36053466796875,180.0,180.0,-197.47948185536063,1800.0,0.001338556212573394,0.4106048838187064,0.4119434400312798
258,21.71792221069336,21.769653915936498,0.05173170524313875,22.904071807861328,22.631745574262403,-0.2723262335989247,21.513755798339844,22.798599243164062,19.0,19.799999237060547,24.0,24.0,326.36053466796875,318.3818054199219,180.0,180.0,-214.92947315062025,1800.0,0.05173170524313875,0.2723262335989247,0.32405793884206346
259,21.97319221496582,22.00879065491995,0.03559843995412848,23.23049545288086,22.678483870287064,-0.5520115825937957,21.71792221069336,22.904071807861328,19.799999237060547,20.700000762939453,24.0,24.0,318.3818054199219,502.8356018066406,180.0,180.0,-271.21497987830963,1800.0,0.03559843995412848,0.5520115825937957,0.5876100225479242
260,22.22970199584961,22.30395623109108,0.07425423524147234,23.327312469482425,22.857095686320385,-0.47021678316204074,21.97319221496582,23.23049545288086,20.700000762939453,21.39999771118164,24.0,24.0,502.8356018066406,527.0519409179688,180.0,180.0,-337.720509802579,1800.0,0.07425423524147234,0.47021678316204074,0.5444710184035131
261,22.49449157714844,22.563247013069798,0.06875543592135713,23.43825912475586,22.83976193436958,-0.5984971903862792,22.22970199584961,23.327312469482425,21.39999771118164,22.199996948242188,24.0,24.0,527.0519409179688,638.59130859375,180.0,180.0,-446.6925017506256,1800.0,0.06875543592135713,0.5984971903862792,0.6672526263076364
262,22.73489761352539,22.82919372469427,0.09429611116888026,23.403535842895508,22.851862311313056,-0.5516735315824519,22.49449157714844,23.43825912475586,22.199996948242188,22.900001525878903,24.0,24.0,638.59130859375,658.912353515625,180.0,180.0,-550.8061653764395,1800.0,0.09429611116888026,0.5516735315824519,0.6459696427513322
263,22.95288848876953,23.051203074681307,0.09831458591177622,23.382549285888672,22.786824971169374,-0.5957243147192983,22.73489761352539,23.403535842895508,22.900001525878903,23.60000228881836,24.0,24.0,658.912353515625,697.2724609375,180.0,180.0,-644.8371476577674,1800.0,0.09831458591177622,0.5957243147192983,0.6940389006310745
264,23.14298439025879,23.269711740328326,0.12672735006953673,23.447925567626953,22.88589124128991,-0.5620343263370415,22.95288848876953,23.382549285888672,23.60000228881836,24.099998474121097,24.0,24.0,697.2724609375,681.4563598632812,180.0,180.0,-628.3657414426661,1800.0,0.12672735006953673,0.5620343263370415,0.6887616764065783
265,23.316308975219727,23.439863543582312,0.12355456836258583,23.50920867919922,22.976901310098263,-0.5323073691009554,23.14298439025879,23.447925567626953,24.099998474121097,24.599998474121097,24.0,24.0,681.4563598632812,642.439208984375,180.0,180.0,-628.2802155999095,1800.0,0.12355456836258583,0.5323073691009554,0.6558619374635413
266,23.4771785736084,23.5912293176618,0.11405074405340088,23.57366180419922,23.029530919583028,-0.544130884616191,23.316308975219727,23.50920867919922,24.599998474121097,24.899993896484375,24.0,24.0,642.439208984375,637.7337036132812,180.0,180.0,-646.8766775504835,1800.0,0.11405074405340088,0.544130884616191,0.6581816286695918
267,23.61320686340332,23.72745007282803,0.11424320942471056,23.556812286376953,23.088201221263382,-0.46861106511357065,23.4771785736084,23.57366180419922,24.899993896484375,25.300003051757812,24.0,24.0,637.7337036132812,585.9585571289062,180.0,180.0,-661.6964781857504,1800.0,0.11424320942471056,0.46861106511357065,0.5828542745382812
268,23.75994110107422,23.82826576909175,0.06832466801753156,23.692365646362305,23.065142464503865,-0.6272231818584402,23.61320686340332,23.556812286376953,25.300003051757812,25.5,24.0,24.0,585.9585571289062,564.1478271484375,180.0,180.0,-696.1161650447957,1800.0,0.06832466801753156,0.6272231818584402,0.6955478498759717
269,23.803932189941406,23.880336326871202,0.07640413692979564,23.101905822753903,22.88962759325744,-0.21227822949646225,23.75994110107422,23.692365646362305,25.5,25.70000457763672,24.0,24.0,564.1478271484375,427.37066650390625,180.0,180.0,-880.0921118544211,1800.0,0.07640413692979564,0.21227822949646225,0.2886823664262579
270,23.78106689453125,23.845419186916793,0.06435229238554285,22.816162109375,22.522929849054762,-0.29323226032023797,23.803932189941406,23.101905822753903,25.70000457763672,25.70000457763672,24.0,24.0,427.37066650390625,404.52490234375,180.0,180.0,-937.4691166052504,1800.0,0.06435229238554285,0.29323226032023797,0.3575845527057808
271,23.695159912109375,23.773680892115692,0.07852098000631713,22.518505096435547,22.401065679894497,-0.11743941654104972,23.78106689453125,22.816162109375,25.70000457763672,25.800003051757812,24.0,24.0,404.52490234375,253.8081512451172,180.0,180.0,-918.6716958956056,1800.0,0.07852098000631713,0.11743941654104972,0.19596039654736686
272,23.620922088623047,23.685362502092158,0.06444041346911078,22.71281623840332,22.456377417878105,-0.25643882052521505,23.695159912109375,22.518505096435547,25.800003051757812,25.599998474121097,24.0,24.0,253.8081512451172,241.4189910888672,180.0,180.0,-751.7904054574298,1800.0,0.06444041346911078,0.25643882052521505,0.32087923399432583
273,23.539527893066406,23.604179009938285,0.06465111687187886,22.67435073852539,22.61802081972113,-0.056329918804259194,23.620922088623047,22.71281623840332,25.599998474121097,25.400001525878903,24.0,24.0,241.4189910888672,121.59039306640624,180.0,180.0,-678.9797685478248,1800.0,0.06465111687187886,0.056329918804259194,0.12098103567613805
274,23.470609664916992,23.507132604619645,0.03652293970265319,22.75078392028809,22.642091962440364,-0.10869195784772501,23.539527893066406,22.67435073852539,25.400001525878903,25.100006103515625,24.0,24.0,121.59039306640624,111.02980041503906,180.0,180.0,-615.4187539634272,1800.0,0.03652293970265319,0.10869195784772501,0.1452148975503782
275,23.377460479736328,23.441727936069835,0.06426745633350706,22.559066772460938,22.579313392911,0.02024662045006309,23.470609664916992,22.75078392028809,25.100006103515625,24.699996948242188,24.0,24.0,111.02980041503906,49.500003814697266,180.0,50.0,-507.2688212238558,1800.0,0.06426745633350706,0.02024662045006309,0.08451407678357015
276,23.31866455078125,23.33821387053369,0.01954931975243923,22.759910583496097,22.622462282245138,-0.1374483012509593,23.377460479736328,22.559066772460938,24.699996948242188,24.699996948242188,24.0,24.0,49.500003814697266,84.07868957519531,50.0,50.0,-413.4092678701593,1800.0,0.01954931975243923,0.1374483012509593,0.15699762100339854
277,23.224777221679688,23.27381420806979,0.04903698639010301,22.7510986328125,22.770566762794463,0.01946812998196279,23.31866455078125,22.759910583496097,24.699996948242188,22.5,24.0,24.0,84.07868957519531,16.5,50.0,50.0,-361.5597121423966,1800.0,0.04903698639010301,0.01946812998196279,0.0685051163720658
278,23.130664825439453,23.152197692866928,0.0215328674274744,22.80324935913086,22.77296978398899,-0.03027957514186852,23.224777221679688,22.7510986328125,22.5,21.39999771118164,24.0,24.0,16.5,19.435773849487305,50.0,50.0,-315.2834531106469,1800.0,0.0215328674274744,0.03027957514186852,0.05181244256934292
279,23.03467559814453,23.056068038694185,0.021392440549654168,22.829870223999023,22.81301522789466,-0.016854996104363806,23.130664825439453,22.80324935913086,21.39999771118164,20.300003051757812,24.0,24.0,19.435773849487305,12.69591999053955,50.0,50.0,-276.94129726421016,1800.0,0.021392440549654168,0.016854996104363806,0.038247436654017974
280,22.97384262084961,22.986181135106314,0.012338514256704514,23.093259811401367,22.990268900782944,-0.10299091061842347,23.03467559814453,22.829870223999023,20.300003051757812,19.89999771118164,24.0,24.0,12.69591999053955,0.0,50.0,50.0,-137.9468867026262,1800.0,0.012338514256704514,0.10299091061842347,0.11532942487512798
281,22.925926208496097,22.929499353732233,0.003573145236135389,23.083740234375,23.078765860674675,-0.004974373700324719,22.97384262084961,23.093259811401367,19.89999771118164,19.599998474121097,24.0,24.0,0.0,0.0,50.0,50.0,-141.3573223132015,1800.0,0.003573145236135389,0.004974373700324719,0.008547518936460108
282,22.879112243652344,22.881514077516535,0.0024018338641909054,23.06087875366211,23.06021787380444,-0.000660879857669272,22.925926208496097,23.083740234375,19.599998474121097,19.400001525878903,24.0,24.0,0.0,0.0,50.0,50.0,-138.67492354812933,1800.0,0.0024018338641909054,0.000660879857669272,0.0030627137218601774
283,22.83462142944336,22.836045285974166,0.0014238565308062334,23.0382080078125,23.037248796626816,-0.0009592111856839836,22.879112243652344,23.06087875366211,19.400001525878903,19.299999237060547,24.0,24.0,0.0,0.0,50.0,50.0,-135.7756002414432,1800.0,0.0014238565308062334,0.0009592111856839836,0.002383067716490217
284,22.769670486450195,22.769153146077866,-0.0005173403723297554,22.810300827026367,22.879605079777523,0.06930425275115581,22.83462142944336,23.0382080078125,19.299999237060547,19.099998474121097,24.0,24.0,0.0,0.0,50.0,50.0,-224.0215204985276,1800.0,0.0005173403723297554,0.06930425275115581,0.06982159312348557
285,22.699867248535156,22.70141323035333,0.0015459818181753349,22.76501846313477,22.76659348064059,0.0015750175058215632,22.769670486450195,22.810300827026367,19.099998474121097,19.0,24.0,24.0,0.0,0.0,50.0,50.0,-215.15200128615817,1800.0,0.0015459818181753349,0.0015750175058215632,0.003120999323996898
286,22.63008499145508,22.633657838983908,0.0035728475288259176,22.729400634765625,22.728984190057638,-0.0004164447079872957,22.699867248535156,22.76501846313477,19.0,18.699996948242188,24.0,24.0,0.0,0.0,50.0,50.0,-210.4586482353037,1800.0,0.0035728475288259176,0.0004164447079872957,0.003989292236813213
287,22.56075668334961,22.564332345776762,0.0035756624271527926,22.694486618041992,22.693916752805187,-0.0005698652368053558,22.63008499145508,22.729400634765625,18.699996948242188,18.400001525878903,24.0,24.0,0.0,0.0,50.0,50.0,-206.00641795237203,1800.0,0.0035756624271527926,0.0005698652368053558,0.004145527663958148
288,22.505321502685547,22.509549506971258,0.004228004285710796,22.77553367614746,22.73547095117264,-0.04006272497482044,22.56075668334961,22.694486618041992,18.400001525878903,18.200000762939453,24.0,24.0,0.0,0.0,50.0,50.0,-150.6755958041312,1800.0,0.004228004285710796,0.04006272497482044,0.044290729260531236
289,22.4539737701416,22.457439821914228,0.0034660517726265994,22.7552490234375,22.753395782619013,-0.0018532408184874782,22.505321502685547,22.77553367614746,18.200000762939453,17.900001525878906,24.0,24.0,0.0,0.0,50.0,50.0,-149.81761717472932,1800.0,0.0034660517726265994,0.0018532408184874782,0.005319292591114078
290,22.40363121032715,22.406064274495396,0.002433064168247512,22.730121612548828,22.729493969868848,-0.0006276426799800561,22.4539737701416,22.7552490234375,17.900001525878906,17.700000762939453,24.0,24.0,0.0,0.0,50.0,50.0,-146.70136674433462,1800.0,0.002433064168247512,0.0006276426799800561,0.003060706848227568
291,22.35396194458008,22.356383391907887,0.0024214473278050264,22.70508575439453,22.704573572911233,-0.0005121814832982352,22.40363121032715,22.730121612548828,17.700000762939453,17.5,24.0,24.0,0.0,0.0,50.0,50.0,-143.51358415491978,1800.0,0.0024214473278050264,0.0005121814832982352,0.0029336288111032616
292,22.30929374694824,22.311091422579015,0.001797675630776041,22.705535888671875,22.696196201919687,-0.009339686752188214,22.35396194458008,22.70508575439453,17.5,17.39999771118164,24.0,24.0,0.0,0.0,50.0,50.0,-129.55599497891254,1800.0,0.001797675630776041,0.009339686752188214,0.011137362382964255
293,22.267757415771484,22.269165941253227,0.0014085254817430837,22.685474395751953,22.684230124326877,-0.0012442714250759934,22.30929374694824,22.705535888671875,17.39999771118164,17.299999237060547,24.0,24.0,0.0,0.0,50.0,50.0,-127.33989196311646,1800.0,0.0014085254817430837,0.0012442714250759934,0.002652796906819077
294,22.228071212768555,22.22944393906484,0.0013727262962852649,22.665300369262695,22.664507771071534,-0.0007925981911611757,22.267757415771484,22.685474395751953,17.299999237060547,17.199996948242188,24.0,24.0,0.0,0.0,50.0,50.0,-124.76608040585842,1800.0,0.0013727262962852649,0.0007925981911611757,0.0021653244874464406
295,22.190021514892575,22.191376153979824,0.0013546390872498648,22.645923614501953,22.645206243852595,-0.0007173706493581733,22.228071212768555,22.665300369262695,17.199996948242188,17.099998474121094,24.0,24.0,0.0,0.0,50.0,50.0,-122.2792075978582,1800.0,0.0013546390872498648,0.0007173706493581733,0.002072009736608038
296,22.162012100219727,22.16331570655508,0.001303606335351759,22.693986892700195,22.67042476936711,-0.02356212333308605,22.190021514892575,22.645923614501953,17.099998474121094,17.099998474121094,24.0,24.0,0.0,0.0,50.0,50.0,-90.70490612827834,1800.0,0.001303606335351759,0.02356212333308605,0.024865729668437808
297,22.141286849975582,22.140617865493425,-0.0006689844821572422,22.685932159423828,22.683488178593514,-0.002443980830314274,22.162012100219727,22.693986892700195,17.099998474121094,17.199996948242188,24.0,24.0,0.0,0.0,50.0,50.0,-90.6017293141297,1800.0,0.0006689844821572422,0.002443980830314274,0.003112965312471516
298,22.136550903320312,22.12994853739875,-0.006602365921562381,22.682769775390625,22.676231967392663,-0.006537807997961664,22.141286849975582,22.685932159423828,17.199996948242188,17.900001525878906,24.0,24.0,0.0,1.3200000524520874,50.0,50.0,-90.01321259599266,1800.0,0.006602365921562381,0.006537807997961664,0.013140173919524045
299,22.155479431152344,22.147300707534466,-0.008178723617877637,22.729881286621097,22.674651615833962,-0.05522967078713492,22.136550903320312,22.682769775390625,17.900001525878906,18.60000228881836,24.0,24.0,1.3200000524520874,35.151554107666016,50.0,50.0,-94.98286930449086,1800.0,0.008178723617877637,0.05522967078713492,0.06340839440501256
300,22.174230575561523,22.16914961203094,-0.005080963530584626,22.563711166381836,22.57337311593471,0.009661949552874916,22.155479431152344,22.729881286621097,18.60000228881836,19.400001525878903,24.0,24.0,35.151554107666016,52.118900299072266,50.0,50.0,-191.08494384018783,1800.0,0.005080963530584626,0.009661949552874916,0.014742913083459541
301,22.21349334716797,22.212669252830977,-0.0008240943369912657,22.63274383544922,22.511091375501042,-0.12165245994817653,22.174230575561523,22.563711166381836,19.400001525878903,20.200000762939453,24.0,24.0,52.118900299072266,103.17059326171876,50.0,50.0,-195.6737479012531,1800.0,0.0008240943369912657,0.12165245994817653,0.1224765542851678
302,22.26642608642578,22.269803583218806,0.0033774967930249034,22.56321907043457,22.478918297830823,-0.08430077260374702,22.21349334716797,22.63274383544922,20.200000762939453,21.300003051757812,24.0,24.0,103.17059326171876,118.21190643310548,50.0,50.0,-259.7458424614696,1800.0,0.0033774967930249034,0.08430077260374702,0.08767826939677192
303,22.377517700195312,22.350783099181847,-0.02673460101346592,22.87148666381836,22.576244457525245,-0.29524220629311415,22.26642608642578,22.56321907043457,21.300003051757812,22.39999771118164,24.0,24.0,118.21190643310548,215.51185607910156,50.0,180.0,-350.27306793254536,1800.0,0.02673460101346592,0.29524220629311415,0.32197680730658007
304,22.5224609375,22.54918622204198,0.02672528454197831,23.025386810302734,22.81684829078042,-0.20853851952231395,22.377517700195312,22.87148666381836,22.39999771118164,24.0,24.0,24.0,215.51185607910156,206.5466766357422,180.0,180.0,-304.88421176533075,1800.0,0.02672528454197831,0.20853851952231395,0.23526380406429226
305,22.718311309814453,22.729875653510117,0.011564343695663837,23.216537475585938,22.874568894556717,-0.3419685810292208,22.5224609375,23.025386810302734,24.0,25.599998474121097,24.0,24.0,206.5466766357422,311.3110656738281,180.0,180.0,-357.48448758948774,1800.0,0.011564343695663837,0.3419685810292208,0.3535329247248846
306,22.917470932006836,22.954140015558078,0.03666908355124221,23.24352645874023,22.96323223846331,-0.28029422027692164,22.718311309814453,23.216537475585938,25.599998474121097,26.699996948242188,24.0,24.0,311.3110656738281,325.63916015625,180.0,180.0,-423.08011055380933,1800.0,0.03666908355124221,0.28029422027692164,0.31696330382816384
307,23.136056900024418,23.167284987752137,0.0312280877277189,23.351564407348633,22.92404764276465,-0.42751676458398435,22.917470932006836,23.24352645874023,26.699996948242188,27.800003051757812,24.0,24.0,325.63916015625,435.5291137695313,180.0,180.0,-513.9793005162671,1800.0,0.0312280877277189,0.42751676458398435,0.45874485231170326
308,23.341312408447266,23.401762757435694,0.060450348988428715,23.374061584472656,22.976803562909684,-0.39725802156297263,23.136056900024418,23.351564407348633,27.800003051757812,28.400001525878903,24.0,24.0,435.5291137695313,454.5937805175781,180.0,180.0,-580.9973811391833,1800.0,0.060450348988428715,0.39725802156297263,0.45770837055140134
309,23.55425262451172,23.610119322672343,0.055866698160624395,23.449153900146484,22.899889507954114,-0.5492643921923701,23.341312408447266,23.374061584472656,28.400001525878903,29.0,24.0,24.0,454.5937805175781,580.420654296875,180.0,180.0,-695.1828371149576,1800.0,0.055866698160624395,0.5492643921923701,0.6051310903529945
310,23.745582580566406,23.831191652505094,0.08560907193868772,23.406417846679688,22.878401046552458,-0.5280168001272294,23.55425262451172,23.449153900146484,29.0,29.400001525878903,24.0,24.0,580.420654296875,619.7803955078125,180.0,180.0,-800.8310696694485,1800.0,0.08560907193868772,0.5280168001272294,0.6136258720659171
311,23.91539764404297,24.00975459560393,0.09435695156096102,23.370471954345703,22.80023286688613,-0.5702390874595729,23.745582580566406,23.406417846679688,29.400001525878903,29.800003051757812,24.0,24.0,619.7803955078125,663.7260131835938,180.0,180.0,-891.4007581419511,1800.0,0.09435695156096102,0.5702390874595729,0.6645960390205339
312,24.061857223510746,24.184299511602468,0.12244228809172242,23.42654800415039,22.861705100731093,-0.5648429034192972,23.91539764404297,23.370471954345703,29.800003051757812,30.0,24.0,24.0,663.7260131835938,674.8781127929688,180.0,180.0,-884.920240182951,1800.0,0.12244228809172242,0.5648429034192972,0.6872851915110196
313,24.20052719116211,24.3242791607533,0.12375196959118995,23.51146125793457,22.93349189689872,-0.5779693610358514,24.061857223510746,23.42654800415039,30.0,30.199996948242188,24.0,24.0,674.8781127929688,671.7086791992188,180.0,180.0,-888.4509774986886,1800.0,0.12375196959118995,0.5779693610358514,0.7017213306270413
314,24.325090408325195,24.44810383623365,0.12301342790845382,23.557079315185547,22.990957426907062,-0.5661218882784844,24.20052719116211,23.51146125793457,30.199996948242188,30.199996948242188,24.0,24.0,671.7086791992188,665.63671875,180.0,180.0,-906.325138638237,1800.0,0.12301342790845382,0.5661218882784844,0.6891353161869382
315,24.415433883666992,24.54097853613082,0.12554465246382662,23.50226593017578,23.047507475720526,-0.45475845445525565,24.325090408325195,23.557079315185547,30.199996948242188,30.300003051757812,24.0,24.0,665.63671875,586.1941528320312,180.0,180.0,-905.7985700439716,1800.0,0.12554465246382662,0.45475845445525565,0.5803031069190823
316,24.56133270263672,24.62924524764441,0.06791254500769028,24.000823974609375,23.21648960764003,-0.7843343669693468,24.415433883666992,23.50226593017578,30.300003051757812,30.300003051757812,24.0,24.0,586.1941528320312,572.1824951171875,180.0,180.0,-784.8496809028934,1800.0,0.06791254500769028,0.7843343669693468,0.8522469119770371
317,24.607254028320312,24.681481086641487,0.07422705832117416,23.33385467529297,23.116743955465175,-0.21711071982779373,24.56133270263672,24.000823974609375,30.300003051757812,30.300003051757812,24.0,24.0,572.1824951171875,454.8861083984375,180.0,180.0,-1028.754881435694,1800.0,0.07422705832117416,0.21711071982779373,0.2913377781489679
318,24.58429718017578,24.668955795833337,0.08465861565755617,23.174869537353516,22.868450450478313,-0.30641908687520214,24.607254028320312,23.33385467529297,30.300003051757812,30.199996948242188,24.0,24.0,454.8861083984375,414.3494873046875,180.0,180.0,-984.8076985237748,1800.0,0.08465861565755617,0.30641908687520214,0.3910777025327583
319,24.49319648742676,24.578468150330774,0.08527166290401311,22.85989761352539,22.805349267632128,-0.05454834589326296,24.58429718017578,23.174869537353516,30.199996948242188,30.100006103515625,24.0,24.0,414.3494873046875,199.2327423095703,180.0,180.0,-959.5895063979502,1800.0,0.08527166290401311,0.05454834589326296,0.13982000879727607
320,24.42962646484375,24.46823475400724,0.03860828916349135,23.037044525146484,22.727201691162897,-0.3098428339835877,24.49319648742676,22.85989761352539,30.100006103515625,30.0,24.0,24.0,199.2327423095703,261.6700744628906,180.0,180.0,-868.9453727441236,1800.0,0.03860828916349135,0.3098428339835877,0.34845112314707904
321,24.337909698486328,24.398614708305733,0.06070500981940441,22.855113983154297,22.83545192859296,-0.019662054561337072,24.42962646484375,23.037044525146484,30.0,29.899993896484375,24.0,24.0,261.6700744628906,114.34580993652344,180.0,180.0,-838.7359182215968,1800.0,0.06070500981940441,0.019662054561337072,0.08036706438074148
322,24.247039794921875,24.27780527630839,0.03076548138651347,22.863012313842773,22.75579406685612,-0.10721824698665472,24.337909698486328,22.855113983154297,29.899993896484375,29.5,24.0,24.0,114.34580993652344,115.26994323730467,180.0,180.0,-795.8709710662731,1800.0,0.03076548138651347,0.10721824698665472,0.1379837283731682
323,24.1260986328125,24.18866137797546,0.06256274516296045,22.620037078857425,22.642034005145746,0.021996926288320395,24.247039794921875,22.863012313842773,29.5,29.099998474121097,24.0,24.0,115.26994323730467,50.47379302978515,180.0,50.0,-697.1864363024669,1800.0,0.06256274516296045,0.021996926288320395,0.08455967145128085
324,24.019023895263672,24.04305689383344,0.02403299856976915,22.713685989379883,22.683850739987506,-0.02983524939237725,24.1260986328125,22.620037078857425,29.099998474121097,29.099998474121097,24.0,24.0,50.47379302978515,9.82262134552002,50.0,50.0,-579.3289961347062,1800.0,0.02403299856976915,0.02983524939237725,0.0538682479621464
325,23.896623611450195,23.92896315125946,0.032339539809264295,22.76648330688477,22.752198859446413,-0.014284447438356551,24.019023895263672,22.713685989379883,29.099998474121097,26.900001525878903,24.0,24.0,9.82262134552002,7.753900527954102,50.0,50.0,-530.0766448695924,1800.0,0.032339539809264295,0.014284447438356551,0.046623987247620846
326,23.781753540039062,23.800095628420763,0.018342088381700705,22.79912757873535,22.783195106436676,-0.015932472298676004,23.896623611450195,22.76648330688477,26.900001525878903,26.0,24.0,24.0,7.753900527954102,4.8839802742004395,50.0,50.0,-486.0802944373923,1800.0,0.018342088381700705,0.015932472298676004,0.03427456068037671
327,23.673646926879883,23.689454661475974,0.015807734596091194,22.823884963989254,22.810206918294927,-0.013678045694327068,23.781753540039062,22.79912757873535,26.0,25.199996948242188,24.0,24.0,4.8839802742004395,3.3517796993255615,50.0,50.0,-446.8390712424064,1800.0,0.015807734596091194,0.013678045694327068,0.029485780290418262
328,23.62976837158203,23.64724719368305,0.01747882210101892,23.401477813720703,23.18925097426033,-0.21222683946037435,23.673646926879883,22.823884963989254,25.199996948242188,24.5,24.0,24.0,3.3517796993255615,0.0,50.0,50.0,-171.59449226541074,1800.0,0.01747882210101892,0.21222683946037435,0.22970566156139327
329,23.60131072998047,23.60961976348602,0.0083090335055509,23.4185791015625,23.412051972446843,-0.006527129115657004,23.62976837158203,23.401477813720703,24.5,23.699996948242188,24.0,24.0,0.0,0.0,50.0,50.0,-183.3280139127163,1800.0,0.0083090335055509,0.006527129115657004,0.014836162621207905
330,23.563217163085938,23.570246023171375,0.007028860085437572,23.402748107910156,23.40521588425097,0.0024677763408149644,23.60131072998047,23.4185791015625,23.699996948242188,23.0,24.0,24.0,0.0,0.0,50.0,50.0,-181.94535968810885,1800.0,0.007028860085437572,0.0024677763408149644,0.009496636426252536
331,23.515092849731445,23.522208796587744,0.007115946856298905,23.380359649658203,23.38296479898333,0.0026051493251273428,23.563217163085938,23.402748107910156,23.0,22.299999237060547,24.0,24.0,0.0,0.0,50.0,50.0,-179.27723499966328,1800.0,0.007115946856298905,0.0026051493251273428,0.009721096181426248
332,23.434120178222656,23.43069000373975,-0.003430174482907944,23.069854736328125,23.151060875798528,0.08120613947040312,23.515092849731445,23.380359649658203,22.299999237060547,21.700000762939453,24.0,24.0,0.0,0.0,50.0,50.0,-313.01630919918455,1800.0,0.003430174482907944,0.08120613947040312,0.08463631395331106
333,23.332778930664062,23.33741439038053,0.004635459716467949,22.97612762451172,22.989912254554774,0.013784630043055301,23.434120178222656,23.069854736328125,21.700000762939453,21.199996948242188,24.0,24.0,0.0,0.0,50.0,50.0,-305.24211275186275,1800.0,0.004635459716467949,0.013784630043055301,0.01842008975952325
334,23.231182098388672,23.237577906323004,0.006395807934332254,22.934375762939453,22.934523516964642,0.000147754025189073,23.332778930664062,22.97612762451172,21.199996948242188,20.799999237060547,24.0,24.0,0.0,0.0,50.0,50.0,-288.7241061733709,1800.0,0.006395807934332254,0.000147754025189073,0.006543561959521327
335,23.136011123657227,23.14256588538972,0.0065547617324916985,22.915699005126953,22.9109009259037,-0.004798079223252927,23.231182098388672,22.934375762939453,20.799999237060547,20.5,24.0,24.0,0.0,0.0,50.0,50.0,-267.30923320129233,1800.0,0.0065547617324916985,0.004798079223252927,0.011352840955744625
