row_index,T_env_measured,T_env_predicted,T_env_error,T_zone_measured,T_zone_predicted,T_zone_error,T_env_start,T_zone_start,T_out_start,T_out_end,T_cor_start,T_cor_end,Qsg_start,Qsg_end,Qint_start,Qint_end,Q_HVAC_total_est_W,dt_seconds,envelope_abs_error,zone_abs_error,combined_abs_error
0,20.28917694091797,20.299885646337746,0.010708705419776976,21.753997802734375,21.801826290616525,0.04782848788214977,20.0,24.0,17.0,18.0,24.0,24.0,0.0,0.0,50.0,50.0,-58.720006973915446,1800.0,0.010708705419776976,0.04782848788214977,0.05853719330192675
1,20.464126586914062,20.45456685461055,-0.009559732303511481,21.725433349609375,21.718871088338958,-0.00656226127041748,20.28917694091797,21.753997802734375,18.0,19.0,24.0,24.0,0.0,0.0,50.0,50.0,-17.636039635166952,1800.0,0.009559732303511481,0.00656226127041748,0.01612199357392896
2,20.637451171875,20.626901777133497,-0.010549394741502738,21.80615234375,21.796879960430466,-0.009272383319533617,20.464126586914062,21.725433349609375,19.0,20.0,24.0,24.0,0.0,0.0,50.0,50.0,-26.021351365163184,1800.0,0.010549394741502738,0.009272383319533617,0.019821778061036355
3,20.82010269165039,20.806584614236733,-0.013518077413657181,21.896026611328125,21.884996378060173,-0.011030233267952383,20.637451171875,21.80615234375,20.0,21.300003051757812,24.0,24.0,0.0,0.0,50.0,50.0,-37.22605905931326,1800.0,0.013518077413657181,0.011030233267952383,0.024548310681609564
4,20.982738494873047,20.984397037789392,0.0016585429163455956,22.004432678222656,22.000656020738166,-0.003776657484490187,20.82010269165039,21.896026611328125,21.300003051757812,21.0,24.0,24.0,0.0,0.0,50.0,50.0,-37.26786095755949,1800.0,0.0016585429163455956,0.003776657484490187,0.005435200400835782
5,21.12600326538086,21.12797986483732,0.0019765994564622247,22.080944061279297,22.078258018755427,-0.002686042523869503,20.982738494873047,22.004432678222656,21.0,20.700000762939453,24.0,24.0,0.0,0.0,50.0,50.0,-47.66511012517694,1800.0,0.0019765994564622247,0.002686042523869503,0.004662641980331728
6,21.252601623535156,21.25373490160466,0.0011332780695028077,22.14740753173828,22.144761326151116,-0.00264620558716544,21.12600326538086,22.080944061279297,20.700000762939453,20.5,24.0,24.0,0.0,0.0,50.0,50.0,-56.39160513080273,1800.0,0.0011332780695028077,0.00264620558716544,0.0037794836566682477
7,21.36591339111328,21.366175178891375,0.00026178777809349185,22.206571578979492,22.203843928756154,-0.002727650223338429,21.252601623535156,22.14740753173828,20.5,20.400001525878903,24.0,24.0,0.0,0.0,50.0,50.0,-64.12129620806218,1800.0,0.00026178777809349185,0.002727650223338429,0.002989438001431921
8,21.475666046142575,21.474427203177466,-0.0012388429651082333,22.32610321044922,22.32145784036459,-0.004645370084627842,21.36591339111328,22.206571578979492,20.400001525878903,20.400001525878903,24.0,24.0,0.0,0.0,50.0,50.0,-41.838683217386546,1800.0,0.0012388429651082333,0.004645370084627842,0.005884213049736076
9,21.580326080322266,21.57870561463429,-0.0016204656879743595,22.383094787597656,22.379627139097323,-0.003467648500333098,21.475666046142575,22.32610321044922,20.400001525878903,20.5,24.0,24.0,0.0,0.0,50.0,50.0,-50.1919754271247,1800.0,0.0016204656879743595,0.003467648500333098,0.005088114188307458
10,21.68790626525879,21.681442074826958,-0.00646419043183144,22.43912124633789,22.43055630444928,-0.008564941888611344,21.580326080322266,22.383094787597656,20.5,21.10000228881836,24.0,24.0,0.0,1.8149999380111697,50.0,50.0,-57.31008097636763,1800.0,0.00646419043183144,0.008564941888611344,0.015029132320442784
11,21.812875747680664,21.804441904130066,-0.008433843550598397,22.565202713012695,22.472916111795314,-0.0922866012173813,21.68790626525879,22.43912124633789,21.10000228881836,21.700000762939453,24.0,24.0,1.8149999380111697,55.7261962890625,50.0,50.0,-72.01492358570547,1800.0,0.008433843550598397,0.0922866012173813,0.1007204447679797
12,21.913047790527344,21.921542688021265,0.008494897493921627,22.38417053222656,22.356325473297602,-0.027845058928956945,21.812875747680664,22.565202713012695,21.700000762939453,22.39999771118164,24.0,24.0,55.7261962890625,22.770000457763672,50.0,50.0,-168.00281413352482,1800.0,0.008494897493921627,0.027845058928956945,0.03633995642287857
13,22.03247833251953,22.02712656483279,-0.005351767686740061,22.544321060180664,22.359564311354344,-0.1847567488263202,21.913047790527344,22.38417053222656,22.39999771118164,23.0,24.0,24.0,22.770000457763672,117.79429626464844,50.0,50.0,-182.3532487201026,1800.0,0.005351767686740061,0.1847567488263202,0.19010851651306027
14,22.141117095947266,22.160621047886632,0.019503951939366715,22.454912185668945,22.366030789269278,-0.08888139639966752,22.03247833251953,22.544321060180664,23.0,24.0,24.0,24.0,117.79429626464844,65.67802429199219,50.0,50.0,-225.35156948741107,1800.0,0.019503951939366715,0.08888139639966752,0.10838534833903424
15,22.306442260742188,22.282078011315676,-0.02436424942651172,22.837600708007812,22.42793013488594,-0.40967057312187194,22.141117095947266,22.454912185668945,24.0,25.0,24.0,24.0,65.67802429199219,177.43162536621094,50.0,180.0,-306.8535463975305,1800.0,0.02436424942651172,0.40967057312187194,0.43403482254838366
16,22.482162475585938,22.51506694214522,0.03290446655928392,22.983234405517575,22.80904155511693,-0.1741928504006438,22.306442260742188,22.837600708007812,25.0,26.0,24.0,24.0,177.43162536621094,129.28982543945312,180.0,180.0,-252.56592256419864,1800.0,0.03290446655928392,0.1741928504006438,0.20709731695992772
17,22.722965240478516,22.727231592365875,0.004266351887359576,23.31551742553711,22.779728689870893,-0.5357887356662161,22.482162475585938,22.983234405517575,26.0,27.0,24.0,24.0,129.28982543945312,333.2375183105469,180.0,180.0,-326.4373620557335,1800.0,0.004266351887359576,0.5357887356662161,0.5400550875535757
18,22.95000267028809,23.011330823933086,0.061328153644996775,23.30635452270508,22.799172344981905,-0.5071821777231769,22.722965240478516,23.31551742553711,27.0,27.600006103515625,24.0,24.0,333.2375183105469,329.3619689941406,180.0,180.0,-412.88572880902154,1800.0,0.061328153644996775,0.5071821777231769,0.5685103313681736
19,23.197978973388672,23.247020741369106,0.049041767980433804,23.461658477783203,22.672360869550886,-0.7892976082323173,22.95000267028809,23.30635452270508,27.600006103515625,28.300003051757812,24.0,24.0,329.3619689941406,502.1707153320313,180.0,180.0,-533.226455788114,1800.0,0.049041767980433804,0.7892976082323173,0.8383393762127511
20,23.42199325561523,23.519260082069113,0.09726682645388252,23.45014190673828,22.6594983230454,-0.79064358369288,23.197978973388672,23.461658477783203,28.300003051757812,28.699996948242188,24.0,24.0,502.1707153320313,518.8843994140625,180.0,180.0,-622.1796897861202,1800.0,0.09726682645388252,0.79064358369288,0.8879104101467625
21,23.64117431640625,23.737130753509717,0.09595643710346735,23.485031127929688,22.520858054584334,-0.9641730733453535,23.42199325561523,23.45014190673828,28.699996948242188,29.199996948242188,24.0,24.0,518.8843994140625,632.819091796875,180.0,180.0,-745.3685753016331,1800.0,0.09595643710346735,0.9641730733453535,1.0601295104488209
22,23.82451629638672,23.95465118633329,0.13013488994657152,23.40323257446289,22.435060564914664,-0.9681720095482262,23.64117431640625,23.485031127929688,29.199996948242188,29.400001525878903,24.0,24.0,632.819091796875,649.8086547851562,180.0,180.0,-848.3349940391093,1800.0,0.13013488994657152,0.9681720095482262,1.0983068994947978
23,23.985490798950195,24.12622069054933,0.14072989159913618,23.420394897460938,22.42537791074076,-0.9950169867201772,23.82451629638672,23.40323257446289,29.400001525878903,29.599998474121097,24.0,24.0,649.8086547851562,701.6350708007812,180.0,180.0,-895.1474807823971,1800.0,0.14072989159913618,0.9950169867201772,1.1357468783193134
24,24.127159118652344,24.285559346572786,0.15840022792044195,23.47542953491211,22.49866458045205,-0.9767649544600587,23.985490798950195,23.420394897460938,29.599998474121097,29.699996948242188,24.0,24.0,701.6350708007812,703.0527954101562,180.0,180.0,-905.5184880535172,1800.0,0.15840022792044195,0.9767649544600587,1.1351651823805007
25,24.201656341552734,24.371696184443504,0.17003984289076968,23.325611114501953,22.678647460246445,-0.646963654255508,24.127159118652344,23.47542953491211,29.699996948242188,29.800003051757812,24.0,24.0,703.0527954101562,493.4677429199219,180.0,180.0,-854.4874760982282,1800.0,0.17003984289076968,0.646963654255508,0.8170034971462776
26,24.157306671142575,24.29754053740933,0.1402338662667546,22.988018035888672,22.96963159102398,-0.01838644486469221,24.201656341552734,23.325611114501953,29.800003051757812,29.699996948242188,24.0,24.0,493.4677429199219,89.9465103149414,180.0,180.0,-703.4229429852037,1800.0,0.1402338662667546,0.01838644486469221,0.1586203111314468
27,24.147619247436523,24.172596889998463,0.02497764256193946,23.248403549194336,23.030134961906832,-0.2182685872875041,24.157306671142575,22.988018035888672,29.699996948242188,29.599998474121097,24.0,24.0,89.9465103149414,180.25238037109375,180.0,180.0,-622.1143919580365,1800.0,0.02497764256193946,0.2182685872875041,0.24324622984944355
28,24.27307510375977,24.2644311622548,-0.0086439415049675,23.830034255981445,22.94263708118783,-0.887397174793616,24.147619247436523,23.248403549194336,29.599998474121097,29.400001525878903,24.0,24.0,180.25238037109375,474.87408447265625,180.0,180.0,-692.6002154108696,1800.0,0.0086439415049675,0.887397174793616,0.8960411162985835
29,24.327129364013672,24.4154365874021,0.08830722338842989,23.286434173583984,22.55391341170572,-0.7325207618782628,24.27307510375977,23.830034255981445,29.400001525878903,29.099998474121097,24.0,24.0,474.87408447265625,426.4738464355469,180.0,180.0,-953.6436837173007,1800.0,0.08830722338842989,0.7325207618782628,0.8208279852666927
30,24.30864715576172,24.407457281490267,0.09881012572854786,23.05235290527344,22.44429026115911,-0.6080626441143302,24.327129364013672,23.286434173583984,29.099998474121097,28.699996948242188,24.0,24.0,426.4738464355469,424.6044616699219,180.0,180.0,-975.7657248200344,1800.0,0.09881012572854786,0.6080626441143302,0.7068727698428781
31,24.22733688354492,24.332436698147504,0.10509981460258544,22.80760955810547,22.439934323640447,-0.3676752344650218,24.30864715576172,23.05235290527344,28.699996948242188,28.300003051757812,24.0,24.0,424.6044616699219,269.35406494140625,180.0,180.0,-950.2885410796374,1800.0,0.10509981460258544,0.3676752344650218,0.47277504906760726
32,24.138349533081055,24.209129424851866,0.07077989177081179,22.89807510375977,22.616472246791105,-0.2816028569686644,24.22733688354492,22.80760955810547,28.300003051757812,27.699996948242188,24.0,24.0,269.35406494140625,221.8666534423828,180.0,180.0,-821.397720162585,1800.0,0.07077989177081179,0.2816028569686644,0.35238274873947617
33,24.03046417236328,24.094683757537886,0.06421958517460524,22.80433654785156,22.664434174017323,-0.13990237383423576,24.138349533081055,22.89807510375977,27.699996948242188,27.099998474121097,24.0,24.0,221.8666534423828,126.70574188232422,180.0,180.0,-775.9190124193445,1800.0,0.06421958517460524,0.13990237383423576,0.204121959008841
34,23.913143157958984,23.956733164339727,0.04359000638074306,22.793882369995117,22.694826390904318,-0.09905597909079944,24.03046417236328,22.80433654785156,27.099998474121097,26.199996948242188,24.0,24.0,126.70574188232422,96.50279998779295,180.0,180.0,-720.5915094039399,1800.0,0.04359000638074306,0.09905597909079944,0.1426459854715425
35,23.768844604492188,23.82694009794701,0.05809549345482168,22.583433151245117,22.66368133811302,0.0802481868679017,23.913143157958984,22.793882369995117,26.199996948242188,25.400001525878903,24.0,24.0,96.50279998779295,53.95499801635742,180.0,50.0,-614.4944114148013,1800.0,0.05809549345482168,0.0802481868679017,0.13834368032272337
36,23.65003967285156,23.669712688605273,0.01967301575371394,22.704498291015625,22.693837460481156,-0.010660830534469312,23.768844604492188,22.583433151245117,25.400001525878903,25.400001525878903,24.0,24.0,53.95499801635742,38.44499969482422,50.0,50.0,-501.76218303410855,1800.0,0.01967301575371394,0.010660830534469312,0.030333846288183253
37,23.51177024841309,23.55006129281346,0.038291044400370566,22.743793487548828,22.757141690955486,0.013348203406657433,23.65003967285156,22.704498291015625,25.400001525878903,23.0,24.0,24.0,38.44499969482422,24.09000015258789,50.0,50.0,-447.761864042898,1800.0,0.038291044400370566,0.013348203406657433,0.051639247807028
38,23.372623443603516,23.39662638224464,0.024002938641125127,22.764144897460938,22.786967260937406,0.022822363476468155,23.51177024841309,22.743793487548828,23.0,21.700000762939453,24.0,24.0,24.09000015258789,11.385000228881836,50.0,50.0,-395.2709715174881,1800.0,0.024002938641125127,0.022822363476468155,0.04682530211759328
39,23.235427856445312,23.255304825947448,0.019876969502135466,22.793907165527344,22.806548699543157,0.01264153401581325,23.372623443603516,22.764144897460938,21.700000762939453,20.400001525878903,24.0,24.0,11.385000228881836,14.70273208618164,50.0,50.0,-348.94061269546575,1800.0,0.019876969502135466,0.01264153401581325,0.032518503517948716
40,23.138561248779297,23.149585778674957,0.011024529895660606,23.17395782470703,23.172861480161593,-0.001096344545437944,23.235427856445312,22.793907165527344,20.400001525878903,19.299999237060547,24.0,24.0,14.70273208618164,0.0,50.0,50.0,-146.4226886494214,1800.0,0.011024529895660606,0.001096344545437944,0.01212087444109855
41,23.04837226867676,23.05923100996099,0.010858741284227591,23.15180206298828,23.15881797397531,0.007015910987028917,23.138561248779297,23.17395782470703,19.299999237060547,18.200000762939453,24.0,24.0,0.0,0.0,50.0,50.0,-150.4954923209874,1800.0,0.010858741284227591,0.007015910987028917,0.017874652271256508
42,22.949871063232425,22.959051437657802,0.00918037442537667,23.10496711730957,23.111797529801443,0.006830412491872551,23.04837226867676,23.15180206298828,18.200000762939453,17.299999237060547,24.0,24.0,0.0,0.0,50.0,50.0,-145.0217120599765,1800.0,0.00918037442537667,0.006830412491872551,0.01601078691724922
43,22.84288787841797,22.85212832410898,0.009240445691009569,23.05274200439453,23.05983500613752,0.007093001742987326,22.949871063232425,23.10496711730957,17.299999237060547,16.39999771118164,24.0,24.0,0.0,0.0,50.0,50.0,-138.53167371475118,1800.0,0.009240445691009569,0.007093001742987326,0.016333447433996895
44,22.713394165039062,22.721699076293884,0.00830491125482169,22.7928466796875,22.804123342726477,0.01127666303897712,22.84288787841797,23.05274200439453,16.39999771118164,15.799999237060549,24.0,24.0,0.0,0.0,50.0,50.0,-222.76695404429393,1800.0,0.00830491125482169,0.01127666303897712,0.01958157429379881
45,22.575183868408203,22.581838428751464,0.00665456034326084,22.7138614654541,22.72070447079179,0.006843005337689334,22.713394165039062,22.7928466796875,15.799999237060549,15.200000762939451,24.0,24.0,0.0,0.0,50.0,50.0,-209.66885952697064,1800.0,0.00665456034326084,0.006843005337689334,0.013497565680950174
46,22.441272735595703,22.445911713051764,0.0046389774560609,22.64540100097656,22.650990150054465,0.005589149077906086,22.575183868408203,22.7138614654541,15.200000762939451,14.799999237060549,24.0,24.0,0.0,0.0,50.0,50.0,-200.7596298871189,1800.0,0.0046389774560609,0.005589149077906086,0.010228126533966986
47,22.31164932250977,22.31625840161921,0.004609079109439307,22.579570770263672,22.585026842417477,0.00545607215380528,22.441272735595703,22.64540100097656,14.799999237060549,14.400001525878906,24.0,24.0,0.0,0.0,50.0,50.0,-192.32042478286056,1800.0,0.004609079109439307,0.00545607215380528,0.010065151263244587
48,22.201351165771484,22.202943396874314,0.0015922311028297997,22.632173538208008,22.633451500606796,0.0012779623987881905,22.31164932250977,22.579570770263672,14.400001525878906,14.200000762939451,24.0,24.0,0.0,0.0,50.0,50.0,-133.29743190104114,1800.0,0.0015922311028297997,0.0012779623987881905,0.0028701935016179903
49,22.10007095336914,22.103505234122732,0.0034342807535914233,22.58598518371582,22.590059778548472,0.004074594832651712,22.201351165771484,22.632173538208008,14.200000762939451,13.89999771118164,24.0,24.0,0.0,0.0,50.0,50.0,-129.07213986560774,1800.0,0.0034342807535914233,0.004074594832651712,0.0075088755862431356
50,22.00622940063477,22.007754942352925,0.0015255417181556652,22.53795051574707,22.541033025748668,0.003082510001597427,22.10007095336914,22.58598518371582,13.89999771118164,13.800003051757812,24.0,24.0,0.0,0.0,50.0,50.0,-122.95187180930608,1800.0,0.0015255417181556652,0.003082510001597427,0.004608051719753092
51,21.918899536132812,21.92038904689433,0.0014895107615160441,22.493019104003903,22.495925549744932,0.0029064457410292732,22.00622940063477,22.53795051574707,13.800003051757812,13.699996948242188,24.0,24.0,0.0,0.0,50.0,50.0,-117.14649418205946,1800.0,0.0014895107615160441,0.0029064457410292732,0.004395956502545317
52,21.839941024780273,21.84116600753754,0.0012249827572681227,22.475664138793945,22.477753848056395,0.002089709262449446,21.918899536132812,22.493019104003903,13.699996948242188,13.60000228881836,24.0,24.0,0.0,0.0,50.0,50.0,-100.86826692192857,1800.0,0.0012249827572681227,0.002089709262449446,0.003314692019717569
53,21.767192840576172,21.76858113207093,0.001388291494759386,22.43941116333008,22.44187937527715,0.002468211947068255,21.839941024780273,22.475664138793945,13.60000228881836,13.5,24.0,24.0,0.0,0.0,50.0,50.0,-96.54687530871398,1800.0,0.001388291494759386,0.002468211947068255,0.003856503441827641
54,21.69910049438477,21.700469951644926,0.0013694572601572474,22.40449905395508,22.406863933292474,0.002364879337392267,21.767192840576172,22.43941116333008,13.5,13.400001525878906,24.0,24.0,0.0,0.0,50.0,50.0,-92.05713886532745,1800.0,0.0013694572601572474,0.002364879337392267,0.0037343365975495146
55,21.635196685791016,21.636541455445954,0.0013447696549384602,22.37170791625977,22.373957106921253,0.0022491906614838797,21.69910049438477,22.40449905395508,13.400001525878906,13.299999237060549,24.0,24.0,0.0,0.0,50.0,50.0,-87.82650293029049,1800.0,0.0013447696549384602,0.0022491906614838797,0.00359396031642234
56,21.583654403686523,21.583400913332323,-0.00025349035420063615,22.407564163208008,22.40744671071057,-0.0001174524974381086,21.635196685791016,22.37170791625977,13.299999237060549,13.299999237060549,24.0,24.0,0.0,0.0,50.0,50.0,-54.66512008563953,1800.0,0.00025349035420063615,0.0001174524974381086,0.00037094285163874474
57,21.53956413269043,21.539806022066333,0.00024188937590352566,22.38772964477539,22.388891464928527,0.0011618201531362615,21.583654403686523,22.407564163208008,13.299999237060549,13.299999237060549,24.0,24.0,0.0,0.0,50.0,50.0,-53.05636970352444,1800.0,0.00024188937590352566,0.0011618201531362615,0.0014037095290397872
58,21.51167678833008,21.506056315230342,-0.005620473099739343,22.37310791015625,22.368856951478527,-0.004250958677722849,21.53956413269043,22.38772964477539,13.299999237060549,13.89999771118164,24.0,24.0,0.0,1.4850000143051147,50.0,50.0,-51.00467183942666,1800.0,0.005620473099739343,0.004250958677722849,0.009871431777462192
59,21.51618194580078,21.50731739025537,-0.008864555545411434,22.440044403076172,22.34625085855821,-0.09379354451796118,21.51167678833008,22.37310791015625,13.89999771118164,14.599998474121094,24.0,24.0,1.4850000143051147,58.55607986450195,50.0,50.0,-57.89878204778529,1800.0,0.008864555545411434,0.09379354451796118,0.10265810006337261
60,21.51612091064453,21.521169343235055,0.005048432590523788,22.20350646972656,22.174845578429757,-0.02866089129680205,21.51618194580078,22.440044403076172,14.599998474121094,15.799999237060549,24.0,24.0,58.55607986450195,23.924999237060547,50.0,50.0,-146.64041524836486,1800.0,0.005048432590523788,0.02866089129680205,0.03370932388732584
61,21.555883407592773,21.54555002805155,-0.010333379541222598,22.32025146484375,22.13321042636399,-0.18704103847975873,21.51612091064453,22.20350646972656,15.799999237060549,17.0,24.0,24.0,23.924999237060547,119.0683822631836,50.0,50.0,-155.13441064927798,1800.0,0.010333379541222598,0.18704103847975873,0.19737441802098132
62,21.61440658569336,21.62838768501308,0.01398109931972158,22.26384735107422,22.092939225013243,-0.17090812606097572,21.555883407592773,22.32025146484375,17.0,18.400001525878903,24.0,24.0,119.0683822631836,118.3605499267578,50.0,50.0,-200.82995649390267,1800.0,0.01398109931972158,0.17090812606097572,0.1848892253806973
63,21.72783851623535,21.719777221968737,-0.008061294266614283,22.589584350585938,22.23512294726784,-0.3544614033180977,21.61440658569336,22.26384735107422,18.400001525878903,19.799999237060547,24.0,24.0,118.3605499267578,165.0533447265625,50.0,180.0,-237.84486892257715,1800.0,0.008061294266614283,0.3544614033180977,0.362522697584712
64,21.890655517578125,21.912476118975313,0.021820601397188,22.846101760864254,22.534158979056784,-0.3119427818074705,21.72783851623535,22.589584350585938,19.799999237060547,21.0,24.0,24.0,165.0533447265625,209.38099670410156,180.0,180.0,-205.22387636784197,1800.0,0.021820601397188,0.3119427818074705,0.3337633832046585
65,22.09465217590332,22.12477079944187,0.03011862353854866,23.052183151245117,22.60995779405088,-0.4422253571942356,21.890655517578125,22.846101760864254,21.0,22.199996948242188,24.0,24.0,209.38099670410156,297.1201477050781,180.0,180.0,-237.4099362823036,1800.0,0.03011862353854866,0.4422253571942356,0.4723439807327843
66,22.3096923828125,22.362147211856403,0.05245482904390286,23.16558074951172,22.684358954358476,-0.4812217951532425,22.09465217590332,23.052183151245117,22.199996948242188,23.200000762939453,24.0,24.0,297.1201477050781,323.3945007324219,180.0,180.0,-276.7752380230385,1800.0,0.05245482904390286,0.4812217951532425,0.5336766241971453
67,22.536033630371097,22.59062885509154,0.05459522472044398,23.278865814208984,22.67809207502767,-0.6007737391813137,22.3096923828125,23.16558074951172,23.200000762939453,24.099998474121097,24.0,24.0,323.3945007324219,393.4954223632813,180.0,180.0,-346.7683660650067,1800.0,0.05459522472044398,0.6007737391813137,0.6553689639017577
68,22.757980346679688,22.828925961845325,0.07094561516563758,23.33132553100586,22.695989953864117,-0.6353355771417419,22.536033630371097,23.278865814208984,24.099998474121097,25.0,24.0,24.0,393.4954223632813,418.107421875,180.0,180.0,-409.1380791520248,1800.0,0.07094561516563758,0.6353355771417419,0.7062811923073795
69,22.98236083984375,23.0555703819982,0.07320954215445141,23.385778427124023,22.62659025802579,-0.7591881690982341,22.757980346679688,23.33132553100586,25.0,25.900001525878903,24.0,24.0,418.107421875,496.9062194824219,180.0,180.0,-505.4172630091508,1800.0,0.07320954215445141,0.7591881690982341,0.8323977112526855
70,23.184062957763672,23.280428563014418,0.096365605250746,23.34315490722656,22.580243422658885,-0.7629114845676739,22.98236083984375,23.385778427124023,25.900001525878903,26.599998474121097,24.0,24.0,496.9062194824219,508.5705261230469,180.0,180.0,-592.3256909302147,1800.0,0.096365605250746,0.7629114845676739,0.8592770898184199
71,23.380779266357425,23.476794921913143,0.09601565555571767,23.373355865478516,22.493406660770724,-0.8799492047077919,23.184062957763672,23.34315490722656,26.599998474121097,27.300003051757812,24.0,24.0,508.5705261230469,585.9484252929688,180.0,180.0,-683.7074485967137,1800.0,0.09601565555571767,0.8799492047077919,0.9759648602635096
72,23.5697021484375,23.696414101525217,0.12671195308771743,23.493343353271484,22.61700454108054,-0.8763388121909443,23.380779266357425,23.373355865478516,27.300003051757812,27.800003051757812,24.0,24.0,585.9484252929688,626.0118408203125,180.0,180.0,-685.1686015620265,1800.0,0.12671195308771743,0.8763388121909443,1.0030507652786618
73,23.752544403076172,23.887289247876122,0.13474484479995041,23.577789306640625,22.695727396317157,-0.8820619103234684,23.5697021484375,23.493343353271484,27.800003051757812,28.300003051757812,24.0,24.0,626.0118408203125,624.2817993164062,180.0,180.0,-707.1929346229483,1800.0,0.13474484479995041,0.8820619103234684,1.0168067551234188
74,23.91674041748047,24.05314146049176,0.13640104301128986,23.613609313964844,22.73819487043124,-0.8754144435336038,23.752544403076172,23.577789306640625,28.300003051757812,28.5,24.0,24.0,624.2817993164062,616.106201171875,180.0,180.0,-738.8149761014151,1800.0,0.13640104301128986,0.8754144435336038,1.0118154865448936
75,24.050357818603516,24.18696776376158,0.1366099451580638,23.58539581298828,22.779180111587532,-0.8062157014007489,23.91674041748047,23.613609313964844,28.5,28.699996948242188,24.0,24.0,616.106201171875,571.0053100585938,180.0,180.0,-760.9584336868567,1800.0,0.1366099451580638,0.8062157014007489,0.9428256465588127
76,24.216209411621097,24.300722247539653,0.08451283591855585,23.883281707763672,22.845932837290395,-1.0373488704732772,24.050357818603516,23.58539581298828,28.699996948242188,28.699996948242188,24.0,24.0,571.0053100585938,591.8202514648438,180.0,180.0,-759.6301548910274,1800.0,0.08451283591855585,1.0373488704732772,1.121861706391833
77,24.27916145324707,24.39348916667663,0.11432771342956016,23.250144958496097,22.45124665157635,-0.798898306919746,24.216209411621097,23.883281707763672,28.699996948242188,28.800003051757812,24.0,24.0,591.8202514648438,478.3471984863281,180.0,180.0,-996.8905010699676,1800.0,0.11432771342956016,0.798898306919746,0.9132260203493061
78,24.26653289794922,24.375488723344144,0.10895582539492565,23.024761199951172,22.426445684277297,-0.5983155156738746,24.27916145324707,23.250144958496097,28.800003051757812,28.900001525878903,24.0,24.0,478.3471984863281,423.6056213378906,180.0,180.0,-972.3667643359984,1800.0,0.10895582539492565,0.5983155156738746,0.7072713410688003
79,24.18541717529297,24.28783474749093,0.102417572197961,22.72056579589844,22.425159039299572,-0.2954067565988687,24.26653289794922,23.024761199951172,28.900001525878903,28.900001525878903,24.0,24.0,423.6056213378906,216.36866760253903,180.0,180.0,-944.1890449906748,1800.0,0.102417572197961,0.2954067565988687,0.3978243287968297
80,24.11977195739746,24.172081286860195,0.0523093294627337,22.886335372924805,22.592433173542307,-0.2939021993824973,24.18541717529297,22.72056579589844,28.900001525878903,28.800003051757812,24.0,24.0,216.36866760253903,227.3332977294922,180.0,180.0,-816.1880387689868,1800.0,0.0523093294627337,0.2939021993824973,0.346211528845231
81,24.04174041748047,24.103712124190203,0.061971706709734065,22.802837371826172,22.667860187696814,-0.1349771841293581,24.11977195739746,22.886335372924805,28.800003051757812,28.599998474121097,24.0,24.0,227.3332977294922,122.87749481201172,180.0,180.0,-773.5624472855625,1800.0,0.061971706709734065,0.1349771841293581,0.19694889083909217
82,23.973194122314453,24.00751781925252,0.03432369693806692,22.84828186035156,22.69030302983706,-0.15797883051449801,24.04174041748047,22.802837371826172,28.599998474121097,28.300003051757812,24.0,24.0,122.87749481201172,129.81948852539062,180.0,180.0,-732.2402871665225,1800.0,0.03432369693806692,0.15797883051449801,0.19230252745256493
83,23.870527267456055,23.93253623752155,0.062008970065495106,22.597366333007812,22.690178660133988,0.09281232712617538,23.973194122314453,22.84828186035156,28.300003051757812,28.0,24.0,24.0,129.81948852539062,44.38500213623047,180.0,50.0,-630.1350606362614,1800.0,0.062008970065495106,0.09281232712617538,0.15482129719167048
84,23.79289436340332,23.80842060568557,0.015526242282248859,22.754955291748047,22.71657727017154,-0.038378021576505716,23.870527267456055,22.597366333007812,28.0,28.0,24.0,24.0,44.38500213623047,52.599639892578125,50.0,50.0,-525.9184682135767,1800.0,0.015526242282248859,0.038378021576505716,0.053904263858754575
85,23.711483001708984,23.740200712061355,0.02871771035237103,22.783889770507812,22.792005025103542,0.008115254595729482,23.79289436340332,22.754955291748047,28.0,26.900001525878903,24.0,24.0,52.599639892578125,21.1200008392334,50.0,50.0,-481.3251456603375,1800.0,0.02871771035237103,0.008115254595729482,0.03683296494810051
86,23.62699508666992,23.646198893438005,0.019203806768086196,22.815532684326172,22.832257521585824,0.016724837259651792,23.711483001708984,22.783889770507812,26.900001525878903,25.900001525878903,24.0,24.0,21.1200008392334,10.065000534057615,50.0,50.0,-439.3858211421854,1800.0,0.019203806768086196,0.016724837259651792,0.03592864402773799
87,23.542253494262695,23.55770134557405,0.015447851311353844,22.849498748779297,22.857730112423038,0.008231363643741219,23.62699508666992,22.815532684326172,25.900001525878903,24.899993896484375,24.0,24.0,10.065000534057615,11.966496467590332,50.0,50.0,-405.4589976111821,1800.0,0.015447851311353844,0.008231363643741219,0.023679214955095063
88,23.504669189453125,23.511957666851096,0.007288477397970894,23.34283447265625,23.336741145357166,-0.0060933272990837395,23.542253494262695,22.849498748779297,24.899993896484375,24.0,24.0,24.0,11.966496467590332,0.0,50.0,50.0,-165.55348882256112,1800.0,0.007288477397970894,0.0060933272990837395,0.013381804697054633
89,23.477996826171875,23.485568964726067,0.00757213855419181,23.35661506652832,23.360381394285923,0.003766327757602994,23.504669189453125,23.34283447265625,24.0,23.200000762939453,24.0,24.0,0.0,0.0,50.0,50.0,-175.49895618612427,1800.0,0.00757213855419181,0.003766327757602994,0.011338466311794804
90,23.44717788696289,23.451170929021877,0.003993042058986873,23.34333038330078,23.34598199330041,0.0026516099996278797,23.477996826171875,23.35661506652832,23.200000762939453,22.800003051757812,24.0,24.0,0.0,0.0,50.0,50.0,-174.30358025606054,1800.0,0.003993042058986873,0.0026516099996278797,0.006644652058614753
91,23.411460876464844,23.41549489084396,0.004034014379115547,23.326295852661133,23.32911552005593,0.0028196673947959994,23.44717788696289,23.34333038330078,22.800003051757812,22.39999771118164,24.0,24.0,0.0,0.0,50.0,50.0,-172.23468773550968,1800.0,0.004034014379115547,0.0028196673947959994,0.006853681773911546
92,23.348487854003903,23.350184894238886,0.0016970402349834046,23.038970947265625,23.030358789138077,-0.008612158127547787,23.411460876464844,23.326295852661133,22.39999771118164,22.099998474121097,24.0,24.0,0.0,0.0,50.0,50.0,-297.1723871587041,1800.0,0.0016970402349834046,0.008612158127547787,0.010309198362531191
93,23.269729614257812,23.273384617759216,0.0036550035014037974,22.969234466552734,22.97426206573917,0.0050275991864339176,23.348487854003903,23.038970947265625,22.099998474121097,21.799999237060547,24.0,24.0,0.0,0.0,50.0,50.0,-286.9268915231081,1800.0,0.0036550035014037974,0.0050275991864339176,0.008682602687837715
94,23.19366455078125,23.197118269423907,0.0034537186426568667,22.94297981262207,22.952124393968305,0.009144581346234304,23.269729614257812,22.969234466552734,21.799999237060547,21.599998474121097,24.0,24.0,0.0,0.0,50.0,50.0,-272.29233849003083,1800.0,0.0034537186426568667,0.009144581346234304,0.01259829998889117
95,23.12352752685547,23.127276455079063,0.0037489282235938504,22.933029174804688,22.9439066232176,0.010877448412912827,23.19366455078125,22.94297981262207,21.599998474121097,21.39999771118164,24.0,24.0,0.0,0.0,50.0,50.0,-255.1344797055866,1800.0,0.0037489282235938504,0.010877448412912827,0.014626376636506677
96,23.075485229492188,23.075373757922186,-0.00011147157000124253,23.058162689208984,23.056221551512213,-0.001941137696771733,23.12352752685547,22.933029174804688,21.39999771118164,21.300003051757812,24.0,24.0,0.0,0.0,50.0,50.0,-185.78703057350668,1800.0,0.00011147157000124253,0.001941137696771733,0.0020526092667729756
97,23.036575317382812,23.03770182251373,0.0011265051309159446,23.04559898376465,23.046964371890258,0.0013653881256097122,23.075485229492188,23.058162689208984,21.300003051757812,21.199996948242188,24.0,24.0,0.0,0.0,50.0,50.0,-186.50496388618112,1800.0,0.0011265051309159446,0.0013653881256097122,0.002491893256525657
98,23.00345230102539,23.002697083677738,-0.0007552173476526036,23.028444290161133,23.02891006507885,0.0004657749177177095,23.036575317382812,23.04559898376465,21.199996948242188,21.300003051757812,24.0,24.0,0.0,0.0,50.0,50.0,-184.3669186613022,1800.0,0.0007552173476526036,0.0004657749177177095,0.0012209922653703131
99,22.97330665588379,22.97349075877635,0.0001841028925610999,23.012805938720703,23.01365321213001,0.0008472734093061263,23.00345230102539,23.028444290161133,21.300003051757812,21.300003051757812,24.0,24.0,0.0,0.0,50.0,50.0,-182.33438110143732,1800.0,0.0001841028925610999,0.0008472734093061263,0.0010313763018672262
100,22.944427490234375,22.946302381801235,0.0018748915668602706,23.02175521850586,23.02289503352258,0.001139815016721002,22.97330665588379,23.012805938720703,21.300003051757812,21.10000228881836,24.0,24.0,0.0,0.0,50.0,50.0,-169.49605390213387,1800.0,0.0018748915668602706,0.001139815016721002,0.0030147065835812725
101,22.915328979492188,22.917404034668497,0.0020750551763093483,23.00850296020508,23.01020018286511,0.0016972226600273643,22.944427490234375,23.02175521850586,21.10000228881836,20.900001525878903,24.0,24.0,0.0,0.0,50.0,50.0,-168.19576424809344,1800.0,0.0020750551763093483,0.0016972226600273643,0.0037722778363367127
102,22.87919044494629,22.88418281879069,0.004992373844402209,22.99155044555664,22.994836621435468,0.00328617587882718,22.915328979492188,23.00850296020508,20.900001525878903,20.400001525878903,24.0,24.0,0.0,0.0,50.0,50.0,-166.1500593848197,1800.0,0.004992373844402209,0.00328617587882718,0.00827854972322939
103,22.83664321899414,22.84167528685726,0.005032067863119494,22.971269607543945,22.974736133131863,0.0034665255879176016,22.87919044494629,22.99155044555664,20.400001525878903,19.89999771118164,24.0,24.0,0.0,0.0,50.0,50.0,-163.6710011983688,1800.0,0.005032067863119494,0.0034665255879176016,0.008498593451037095
104,22.79292106628418,22.79834550135417,0.005424435069990352,23.01329803466797,23.015687108808258,0.0023890741402894378,22.83664321899414,22.971269607543945,19.89999771118164,19.299999237060547,24.0,24.0,0.0,0.0,50.0,50.0,-131.48977345046572,1800.0,0.005424435069990352,0.0023890741402894378,0.00781350921027979
105,22.742412567138672,22.749374436647738,0.0069618695090660765,22.99262237548828,22.997145700889895,0.004523325401613931,22.79292106628418,23.01329803466797,19.299999237060547,18.60000228881836,24.0,24.0,0.0,0.0,50.0,50.0,-129.9861630243035,1800.0,0.0069618695090660765,0.004523325401613931,0.011485194910680008
106,22.69535446166992,22.696502156682907,0.0011476950129889474,22.971336364746097,22.969782517871106,-0.0015538468749909384,22.742412567138672,22.99262237548828,18.60000228881836,18.5,24.0,24.0,0.0,2.1449999809265137,50.0,50.0,-127.26949550986764,1800.0,0.0011476950129889474,0.0015538468749909384,0.002701541887979886
107,22.665210723876953,22.665269223532245,5.849965529236556e-05,23.024255752563477,22.93364174704812,-0.0906140055153557,22.69535446166992,22.971336364746097,18.5,18.299999237060547,24.0,24.0,2.1449999809265137,59.83794403076172,50.0,50.0,-132.6079326983895,1800.0,5.849965529236556e-05,0.0906140055153557,0.09067250517064807
108,22.62183380126953,22.633208788230736,0.011374986961204314,22.766353607177734,22.74134079641688,-0.02501281076085604,22.665210723876953,23.024255752563477,18.299999237060547,18.89999771118164,24.0,24.0,59.83794403076172,24.25500106811523,50.0,50.0,-218.81587730118383,1800.0,0.011374986961204314,0.02501281076085604,0.036387797722060355
109,22.607460021972656,22.60438662240411,-0.0030733995685459092,22.852783203125,22.67616548391544,-0.1766177192095597,22.62183380126953,22.766353607177734,18.89999771118164,19.400001525878903,24.0,24.0,24.25500106811523,115.40872955322266,50.0,50.0,-223.68128395547856,1800.0,0.0030733995685459092,0.1766177192095597,0.17969111877810562
110,22.58678436279297,22.602704648722536,0.015920285929567513,22.61956024169922,22.516740345560592,-0.10281989613862663,22.607460021972656,22.852783203125,19.400001525878903,20.300003051757812,24.0,24.0,115.40872955322266,60.47298431396485,50.0,50.0,-304.10687694928237,1800.0,0.015920285929567513,0.10281989613862663,0.11874018206819414
111,22.61927795410156,22.594526953218285,-0.024751000883274088,22.87150764465332,22.46450360904261,-0.4070040356107114,22.58678436279297,22.61956024169922,20.300003051757812,21.10000228881836,24.0,24.0,60.47298431396485,172.31527709960938,50.0,180.0,-395.84228821739543,1800.0,0.024751000883274088,0.4070040356107114,0.4317550364939855
112,22.660829544067383,22.697457531592335,0.03662798752495178,22.93788146972656,22.780855506566077,-0.157025963160482,22.61927795410156,22.87150764465332,21.10000228881836,21.700000762939453,24.0,24.0,172.31527709960938,122.26685333251952,180.0,180.0,-328.962497552451,1800.0,0.03662798752495178,0.157025963160482,0.19365395068543378
113,22.775413513183594,22.783144516521613,0.007731003338019349,23.22676467895508,22.708855544425543,-0.517909134529539,22.660829544067383,22.93788146972656,21.700000762939453,22.39999771118164,24.0,24.0,122.26685333251952,330.8368225097656,180.0,180.0,-383.19675836252566,1800.0,0.007731003338019349,0.517909134529539,0.5256401378675584
114,22.889881134033203,22.954632483681284,0.06475134964808049,23.199050903320312,22.713046487235626,-0.48600441608468614,22.775413513183594,23.22676467895508,22.39999771118164,22.900001525878903,24.0,24.0,330.8368225097656,326.0023193359375,180.0,180.0,-442.5278008505202,1800.0,0.06475134964808049,0.48600441608468614,0.5507557657327666
115,23.0391902923584,23.092775355685237,0.05358506332683888,23.364133834838867,22.580348249786667,-0.7837855850522004,22.889881134033203,23.199050903320312,22.900001525878903,23.299999237060547,24.0,24.0,326.0023193359375,509.540283203125,180.0,180.0,-536.7390174574041,1800.0,0.05358506332683888,0.7837855850522004,0.8373706483790393
116,23.184818267822266,23.28539454012287,0.10057627230060362,23.372055053710938,22.56146905113618,-0.8105860025747589,23.0391902923584,23.364133834838867,23.299999237060547,23.699996948242188,24.0,24.0,509.540283203125,540.7645263671875,180.0,180.0,-605.6952532874328,1800.0,0.10057627230060362,0.8105860025747589,0.9111622748753625
117,23.33583641052246,23.44004321777275,0.1042068072502893,23.404685974121097,22.4289709555417,-0.9757150185793968,23.184818267822266,23.372055053710938,23.699996948242188,24.099998474121097,24.0,24.0,540.7645263671875,650.1593627929688,180.0,180.0,-708.9469638498416,1800.0,0.1042068072502893,0.9757150185793968,1.079921825829686
118,23.467548370361328,23.601883746208298,0.13433537584696964,23.342140197753903,22.34078725578745,-1.0013529419664522,23.33583641052246,23.404685974121097,24.099998474121097,24.400001525878903,24.0,24.0,650.1593627929688,679.3646240234375,180.0,180.0,-796.4380891685279,1800.0,0.13433537584696964,1.0013529419664522,1.1356883178134218
119,23.58818244934082,23.728261688906045,0.1400792395652246,23.314332962036133,22.24577330848636,-1.068559653549773,23.467548370361328,23.342140197753903,24.400001525878903,24.800003051757812,24.0,24.0,679.3646240234375,729.58349609375,180.0,180.0,-872.0081014597213,1800.0,0.1400792395652246,1.068559653549773,1.2086388931149976
120,23.69363784790039,23.859921875352708,0.16628402745231696,23.37378692626953,22.35932021554585,-1.0144667107236813,23.58818244934082,23.314332962036133,24.800003051757812,25.0,24.0,24.0,729.58349609375,739.3866577148438,180.0,180.0,-851.9967464847286,1800.0,0.16628402745231696,1.0144667107236813,1.1807507381759983
121,23.79888153076172,23.964673107423398,0.16579157666167887,23.45941925048828,22.449239928899942,-1.010179321588339,23.69363784790039,23.37378692626953,25.0,25.300003051757812,24.0,24.0,739.3866577148438,730.318603515625,180.0,180.0,-841.7023812505829,1800.0,0.16579157666167887,1.010179321588339,1.1759708982500179
122,23.89866065979004,24.062074133003755,0.16341347321371558,23.509349822998047,22.50770605100063,-1.0016437719974185,23.79888153076172,23.45941925048828,25.300003051757812,25.5,24.0,24.0,730.318603515625,718.6380615234375,180.0,180.0,-846.3547481652082,1800.0,0.16341347321371558,1.0016437719974185,1.165057245211134
123,23.97422981262207,24.137899286704965,0.16366947408289434,23.47589111328125,22.5783495985229,-0.8975415147583483,23.89866065979004,23.509349822998047,25.5,25.70000457763672,24.0,24.0,718.6380615234375,649.7882690429688,180.0,180.0,-839.2892373772739,1800.0,0.16366947408289434,0.8975415147583483,1.0612109888412427
124,24.096725463867188,24.20004161555401,0.10331615168682262,23.87960624694824,22.81505781059603,-1.064548436352208,23.97422981262207,23.47589111328125,25.70000457763672,25.800003051757812,24.0,24.0,649.7882690429688,619.45703125,180.0,180.0,-743.1058780096919,1800.0,0.10331615168682262,1.064548436352208,1.1678645880390306
125,24.123611450195312,24.24527508340656,0.12166363321124862,23.22667694091797,22.41009717042806,-0.8165797704899092,24.096725463867188,23.87960624694824,25.800003051757812,25.900001525878903,24.0,24.0,619.45703125,494.53466796875,180.0,180.0,-978.5931775111436,1800.0,0.12166363321124862,0.8165797704899092,0.9382434037011578
126,24.070388793945312,24.184810702725404,0.11442190878009129,22.94729232788086,22.332286000132246,-0.6150063277486133,24.123611450195312,23.22667694091797,25.900001525878903,25.800003051757812,24.0,24.0,494.53466796875,434.2262573242187,180.0,180.0,-966.9961388488614,1800.0,0.11442190878009129,0.6150063277486133,0.7294282365287046
127,23.96246337890625,24.066932611620402,0.10446923271415187,22.684913635253903,22.304813928504416,-0.3800997067494869,24.070388793945312,22.94729232788086,25.800003051757812,25.70000457763672,24.0,24.0,434.2262573242187,276.82611083984375,180.0,180.0,-938.1701285811678,1800.0,0.10446923271415187,0.3800997067494869,0.48456893946363877
128,23.848587036132812,23.923609883057836,0.07502284692502315,22.780336380004883,22.52796642429706,-0.25236995570782383,23.96246337890625,22.684913635253903,25.70000457763672,25.199996948242188,24.0,24.0,276.82611083984375,212.85394287109375,180.0,180.0,-780.4637793864222,1800.0,0.07502284692502315,0.25236995570782383,0.327392802632847
129,23.728740692138672,23.79134320823509,0.06260251609641898,22.732933044433594,22.599568928374815,-0.13336411605877885,23.848587036132812,22.780336380004883,25.199996948242188,24.699996948242188,24.0,24.0,212.85394287109375,128.9326629638672,180.0,180.0,-718.3404197593496,1800.0,0.06260251609641898,0.13336411605877885,0.19596663215519783
130,23.601802825927734,23.648510804144603,0.046707978216868895,22.738035202026367,22.656021623356065,-0.08201357867030268,23.728740692138672,22.732933044433594,24.699996948242188,23.699996948242188,24.0,24.0,128.9326629638672,90.9875259399414,180.0,180.0,-651.8346960079849,1800.0,0.046707978216868895,0.08201357867030268,0.12872155688717157
131,23.452117919921875,23.5104435857631,0.058325665841223895,22.551191329956055,22.633500462860194,0.08230913290413966,23.601802825927734,22.738035202026367,23.699996948242188,22.800003051757812,24.0,24.0,90.9875259399414,56.59499740600586,180.0,50.0,-540.0456855448492,1800.0,0.058325665841223895,0.08230913290413966,0.14063479874536355
132,23.33000373840332,23.350955238486403,0.020951500083082664,22.67693328857422,22.666369766795835,-0.010563521778383489,23.452117919921875,22.551191329956055,22.800003051757812,22.800003051757812,24.0,24.0,56.59499740600586,40.59000015258789,50.0,50.0,-426.6115731029498,1800.0,0.020951500083082664,0.010563521778383489,0.03151502186146615
133,23.18998336791992,23.229247909269414,0.039264541349496085,22.725095748901367,22.73939795952655,0.014302210625182,23.33000373840332,22.67693328857422,22.800003051757812,20.400001525878903,24.0,24.0,40.59000015258789,25.24499893188477,50.0,50.0,-367.6363985238453,1800.0,0.039264541349496085,0.014302210625182,0.053566751974678084
134,23.05229949951172,23.07591614239805,0.023616642886331363,22.752700805664062,22.776034398086495,0.023333592422432048,23.18998336791992,22.725095748901367,20.400001525878903,19.200000762939453,24.0,24.0,25.24499893188477,11.880000114440918,50.0,50.0,-312.27580126478426,1800.0,0.023616642886331363,0.023333592422432048,0.04695023530876341
135,22.92127799987793,22.93944655143046,0.018168551552530943,22.790233612060547,22.801255268411353,0.011021656350806097,23.05229949951172,22.752700805664062,19.200000762939453,18.099998474121097,24.0,24.0,11.880000114440918,15.524798393249512,50.0,50.0,-264.6773894716392,1800.0,0.018168551552530943,0.011021656350806097,0.02919020790333704
136,22.82671356201172,22.833516396162448,0.006802834150729353,23.02570343017578,23.02551130955729,-0.0001921206184896107,22.92127799987793,22.790233612060547,18.099998474121097,17.60000228881836,24.0,24.0,15.524798393249512,0.0,50.0,50.0,-130.0583813598904,1800.0,0.006802834150729353,0.0001921206184896107,0.006994954769218964
137,22.743732452392575,22.748885263908303,0.005152811515728217,22.9981689453125,23.002429274364598,0.004260329052097944,22.82671356201172,23.02570343017578,17.60000228881836,17.099998474121094,24.0,24.0,0.0,0.0,50.0,50.0,-131.01720534576629,1800.0,0.005152811515728217,0.004260329052097944,0.009413140567826161
138,22.661117553710938,22.665431937842264,0.004314384131326676,22.957427978515625,22.961548204355086,0.004120225839461256,22.743732452392575,22.9981689453125,17.099998474121094,16.700000762939453,24.0,24.0,0.0,0.0,50.0,50.0,-126.06465821800384,1800.0,0.004314384131326676,0.004120225839461256,0.008434609970787932
139,22.578229904174805,22.582553730019896,0.004323825845091278,22.915895462036133,22.920039424876965,0.004143962840831961,22.661117553710938,22.957427978515625,16.700000762939453,16.300003051757812,24.0,24.0,0.0,0.0,50.0,50.0,-120.80174901001313,1800.0,0.004323825845091278,0.004143962840831961,0.008467788685923239
140,22.474498748779297,22.480719862020138,0.006221113240840737,22.668617248535156,22.678220463834464,0.009603215299307521,22.578229904174805,22.915895462036133,16.300003051757812,15.900001525878906,24.0,24.0,0.0,0.0,50.0,50.0,-206.598461664424,1800.0,0.006221113240840737,0.009603215299307521,0.015824328540148258
141,22.36357879638672,22.36815910502421,0.004580308637489594,22.603050231933594,22.608217567395297,0.005167335461703004,22.474498748779297,22.668617248535156,15.900001525878906,15.5,24.0,24.0,0.0,0.0,50.0,50.0,-195.18021920371189,1800.0,0.004580308637489594,0.005167335461703004,0.009747644099192598
142,22.254474639892575,22.258961272480462,0.00448663258788784,22.547422409057617,22.552314902887765,0.004892493830148226,22.36357879638672,22.603050231933594,15.5,15.10000228881836,24.0,24.0,0.0,0.0,50.0,50.0,-187.92782755542,1800.0,0.00448663258788784,0.004892493830148226,0.009379126418036066
143,22.14742660522461,22.151897859120062,0.004471253895452776,22.49329948425293,22.49812383343781,0.004824349184879395,22.254474639892575,22.547422409057617,15.10000228881836,14.699996948242188,24.0,24.0,0.0,0.0,50.0,50.0,-181.01043484192783,1800.0,0.004471253895452776,0.004824349184879395,0.009295603080332171
144,22.055728912353516,22.058161229605567,0.002432317252051064,22.55589485168457,22.557104716484357,0.0012098647997866863,22.14742660522461,22.49329948425293,14.699996948242188,14.400001525878906,24.0,24.0,0.0,0.0,50.0,50.0,-123.3120905944244,1800.0,0.002432317252051064,0.0012098647997866863,0.00364218205183775
145,21.97139358520508,21.974723588497927,0.003330003292845163,22.51851272583008,22.522111369133196,0.003598643303114102,22.055728912353516,22.55589485168457,14.400001525878906,14.099998474121094,24.0,24.0,0.0,0.0,50.0,50.0,-120.23709057203676,1800.0,0.003330003292845163,0.003598643303114102,0.006928646595959265
146,21.891027450561523,21.893424969643462,0.002397519081938526,22.477811813354492,22.480970037311664,0.003158223957171913,21.97139358520508,22.51851272583008,14.099998474121094,13.89999771118164,24.0,24.0,0.0,0.0,50.0,50.0,-115.09631657477718,1800.0,0.002397519081938526,0.003158223957171913,0.005555743039110439
147,21.81403350830078,21.81641119285753,0.0023776845567482496,22.4385986328125,22.441668487818863,0.0030698550063625873,21.891027450561523,22.477811813354492,13.89999771118164,13.699996948242188,24.0,24.0,0.0,0.0,50.0,50.0,-110.06558338411575,1800.0,0.0023776845567482496,0.0030698550063625873,0.005447539563110837
148,21.7425479888916,21.74468185072725,0.002133861835648787,22.425479888916016,22.42781371919761,0.0023338302815929524,21.81403350830078,22.4385986328125,13.699996948242188,13.5,24.0,24.0,0.0,0.0,50.0,50.0,-94.36960335430336,1800.0,0.002133861835648787,0.0023338302815929524,0.004467692117241739
149,21.674671173095703,21.67698352043896,0.002312347343256249,22.39211082458496,22.394897478306454,0.0027866537214933373,21.7425479888916,22.425479888916016,13.5,13.299999237060549,24.0,24.0,0.0,0.0,50.0,50.0,-90.45478883787963,1800.0,0.002312347343256249,0.0027866537214933373,0.0050990010647495865
150,21.607131958007812,21.610408511830837,0.0032765538230243862,22.35818672180176,22.361445444896106,0.0032587230943441625,21.674671173095703,22.39211082458496,13.299999237060549,13.0,24.0,24.0,0.0,0.0,50.0,50.0,-86.15082826936904,1800.0,0.0032765538230243862,0.0032587230943441625,0.006535276917368549
151,21.539871215820312,21.543144513134603,0.003273297314290602,22.324369430541992,22.32762119366837,0.0032517631263786484,21.607131958007812,22.35818672180176,13.0,12.700000762939451,24.0,24.0,0.0,0.0,50.0,50.0,-81.84944920581987,1800.0,0.003273297314290602,0.0032517631263786484,0.00652506044066925
152,21.47946548461914,21.48212736511976,0.002661880500617997,22.3566837310791,22.35817913277466,0.0014954016955570637,21.539871215820312,22.324369430541992,12.700000762939451,12.39999771118164,24.0,24.0,0.0,0.0,50.0,50.0,-48.31658005431285,1800.0,0.002661880500617997,0.0014954016955570637,0.0041572821961750606
153,21.419565200805664,21.423720890934426,0.004155690128762046,22.330062866210938,22.33348741510975,0.0034245488988133843,21.47946548461914,22.3566837310791,12.39999771118164,12.0,24.0,24.0,0.0,0.0,50.0,50.0,-45.945739229318576,1800.0,0.004155690128762046,0.0034245488988133843,0.0075802390275754306
154,21.387229919433594,21.37684198204408,-0.010387937389513269,22.31208038330078,22.304908842288906,-0.0071715410118748935,21.419565200805664,22.330062866210938,12.0,13.099998474121094,24.0,24.0,0.0,1.9800000190734863,50.0,50.0,-43.335025044911134,1800.0,0.010387937389513269,0.0071715410118748935,0.017559478401388162
155,21.394859313964844,21.38301439617784,-0.011844917787005471,22.3852481842041,22.281809973318307,-0.10343821088579475,21.387229919433594,22.31208038330078,13.099998474121094,14.099998474121094,24.0,24.0,1.9800000190734863,63.894325256347656,50.0,50.0,-50.80747835097921,1800.0,0.011844917787005471,0.10343821088579475,0.11528312867280022
156,21.394994735717773,21.402339771877937,0.007345036160163687,22.145627975463867,22.11491374325777,-0.03071423220609759,21.394859313964844,22.3852481842041,14.099998474121094,15.200000762939451,24.0,24.0,63.894325256347656,26.07000160217285,50.0,50.0,-139.33656475168,1800.0,0.007345036160163687,0.03071423220609759,0.03805926836626128
157,21.43006134033203,21.421622859383085,-0.008438480948946392,22.24865341186523,22.07434800025135,-0.17430541161387936,21.394994735717773,22.145627975463867,15.200000762939451,16.300003051757812,24.0,24.0,26.07000160217285,111.44281768798828,50.0,50.0,-146.3016218340582,1800.0,0.008438480948946392,0.17430541161387936,0.18274389256282575
158,21.459014892578125,21.47853425503454,0.019519362456414058,22.11606216430664,22.04073193968782,-0.07533022461882055,21.43006134033203,22.24865341186523,16.300003051757812,17.199996948242188,24.0,24.0,111.44281768798828,57.915000915527344,50.0,50.0,-183.55038653810027,1800.0,0.019519362456414058,0.07533022461882055,0.09484958707523461
159,21.551467895507812,21.532283027818302,-0.019184867689510554,22.50744247436523,22.143311699812447,-0.364130774552784,21.459014892578125,22.11606216430664,17.199996948242188,18.099998474121097,24.0,24.0,57.915000915527344,169.08883666992188,50.0,180.0,-223.8542779069883,1800.0,0.019184867689510554,0.364130774552784,0.38331564224229453
160,21.66212272644043,21.694030443165193,0.031907716724763446,22.63007354736328,22.461584182436134,-0.16848936492714728,21.551467895507812,22.50744247436523,18.099998474121097,18.800003051757812,24.0,24.0,169.08883666992188,119.57057189941406,180.0,180.0,-180.41025977777508,1800.0,0.031907716724763446,0.16848936492714728,0.20039708165191072
161,21.837512969970703,21.84852977812361,0.011016808152906066,22.969594955444336,22.46863173174268,-0.5009632237016568,21.66212272644043,22.63007354736328,18.800003051757812,19.400001525878903,24.0,24.0,119.57057189941406,330.3370361328125,180.0,180.0,-219.40751631373115,1800.0,0.011016808152906066,0.5009632237016568,0.5119800318545629
162,22.01837730407715,22.085959147056247,0.06758184297909864,23.06452178955078,22.601569197052616,-0.46295259249816567,21.837512969970703,22.969594955444336,19.400001525878903,20.0,24.0,24.0,330.3370361328125,324.7283020019531,180.0,180.0,-238.32080311609192,1800.0,0.06758184297909864,0.46295259249816567,0.5305344354772643
163,22.244327545166016,22.296593585717755,0.052266040551739223,23.336156845092773,22.553389997771184,-0.7827668473215894,22.01837730407715,23.06452178955078,20.0,20.599998474121097,24.0,24.0,324.7283020019531,510.1311950683594,180.0,180.0,-318.9661653425823,1800.0,0.052266040551739223,0.7827668473215894,0.8350328878733286
164,22.466453552246097,22.5652108744273,0.09875732218120348,23.377681732177734,22.56846226585649,-0.8092194663212453,22.244327545166016,23.336156845092773,20.599998474121097,21.199996948242188,24.0,24.0,510.1311950683594,538.3897094726562,180.0,180.0,-398.9519587123105,1800.0,0.09875732218120348,0.8092194663212453,0.9079767885024488
165,22.690963745117188,22.791562233762306,0.10059848864511878,23.444278717041016,22.463751360644558,-0.9805273563964576,22.466453552246097,23.377681732177734,21.199996948242188,21.799999237060547,24.0,24.0,538.3897094726562,648.0742797851562,180.0,180.0,-510.8981901609171,1800.0,0.10059848864511878,0.9805273563964576,1.0811258450415764
166,22.89055633544922,23.02119661569822,0.13064028024900054,23.392169952392575,22.391230448688454,-1.0009395037041209,22.690963745117188,23.444278717041016,21.799999237060547,22.299999237060547,24.0,24.0,648.0742797851562,673.4987182617188,180.0,180.0,-611.9376961976619,1800.0,0.13064028024900054,1.0009395037041209,1.1315797839531214
167,23.071453094482425,23.207646217271616,0.13619312278919082,23.370763778686523,22.30099607687438,-1.0697677018121432,22.89055633544922,23.392169952392575,22.299999237060547,22.800003051757812,24.0,24.0,673.4987182617188,723.9465942382812,180.0,180.0,-702.833471134556,1800.0,0.13619312278919082,1.0697677018121432,1.205960824601334
168,23.232097625732425,23.394151617728774,0.1620539919963484,23.44890594482422,22.42976407657515,-1.0191418682490685,23.071453094482425,23.370763778686523,22.800003051757812,23.099998474121097,24.0,24.0,723.9465942382812,735.2223510742188,180.0,180.0,-691.3386764380975,1800.0,0.1620539919963484,1.0191418682490685,1.181195860245417
169,23.3859920501709,23.547999024489016,0.1620069743181176,23.529693603515625,22.513884093058344,-1.0158095104572809,23.232097625732425,23.44890594482422,23.099998474121097,23.5,24.0,24.0,735.2223510742188,726.2296752929688,180.0,180.0,-698.7540919265513,1800.0,0.1620069743181176,1.0158095104572809,1.1778164847753985
170,23.525875091552734,23.686627982860838,0.16075289130810333,23.57146453857422,22.564574654395432,-1.0068898841787863,23.3859920501709,23.529693603515625,23.5,23.699996948242188,24.0,24.0,726.2296752929688,715.3576049804688,180.0,180.0,-718.6483456346812,1800.0,0.16075289130810333,1.0068898841787863,1.1676427754868897
171,23.633316040039062,23.794959497987193,0.16164345794813073,23.525146484375,22.627398979190207,-0.8977475051847925,23.525875091552734,23.57146453857422,23.699996948242188,23.89999771118164,24.0,24.0,715.3576049804688,644.908935546875,180.0,180.0,-724.2928525646802,1800.0,0.16164345794813073,0.8977475051847925,1.0593909631329232
172,23.761301040649418,23.867952298619375,0.10665125796995767,23.745887756347656,22.702109480925788,-1.043778275421868,23.633316040039062,23.525146484375,23.89999771118164,24.0,24.0,24.0,644.908935546875,614.8040161132812,180.0,180.0,-708.6155565259995,1800.0,0.10665125796995767,1.043778275421868,1.1504295333918257
173,23.791187286376953,23.91453635940822,0.12334907303126741,23.14178466796875,22.349809514894744,-0.7919751530740058,23.761301040649418,23.745887756347656,24.0,24.099998474121097,24.0,24.0,614.8040161132812,489.566650390625,180.0,180.0,-909.0522058681568,1800.0,0.12334907303126741,0.7919751530740058,0.9153242261052732
174,23.744356155395508,23.849759290360097,0.10540313496458964,22.804019927978516,22.15531969859021,-0.6487002293883073,23.791187286376953,23.14178466796875,24.099998474121097,24.099998474121097,24.0,24.0,489.566650390625,432.9949035644531,180.0,180.0,-954.856008401521,1800.0,0.10540313496458964,0.6487002293883073,0.7541033643528969
175,23.63500213623047,23.73834788697107,0.10334575074060126,22.52052116394043,22.143648319062272,-0.3768728448781573,23.744356155395508,22.804019927978516,24.099998474121097,24.099998474121097,24.0,24.0,432.9949035644531,273.3121032714844,180.0,180.0,-916.9016086391936,1800.0,0.10334575074060126,0.3768728448781573,0.48021859561875857
176,23.526968002319336,23.601353655979715,0.07438565366037864,22.651966094970703,22.416686961703224,-0.23527913326747907,23.63500213623047,22.52052116394043,24.099998474121097,23.89999771118164,24.0,24.0,273.3121032714844,211.53318786621097,180.0,180.0,-735.2698973848461,1800.0,0.07438565366037864,0.23527913326747907,0.3096647869278577
177,23.42510032653809,23.486336591081642,0.061236264543552466,22.657726287841797,22.535678817051036,-0.12204747079076128,23.526968002319336,22.651966094970703,23.89999771118164,23.699996948242188,24.0,24.0,211.53318786621097,128.0335693359375,180.0,180.0,-656.6087674998494,1800.0,0.061236264543552466,0.12204747079076128,0.18328373533431375
178,23.32948303222656,23.372015802903743,0.04253277067718386,22.704601287841797,22.62646005440711,-0.07814123343468538,23.42510032653809,22.657726287841797,23.699996948242188,23.200000762939453,24.0,24.0,128.0335693359375,90.46356964111328,180.0,180.0,-583.777963713567,1800.0,0.04253277067718386,0.07814123343468538,0.12067400411186924
179,23.21896743774414,23.273432425984378,0.05446498824023749,22.547374725341797,22.628883143608338,0.08150841826654087,23.32948303222656,22.704601287841797,23.200000762939453,22.700000762939453,24.0,24.0,90.46356964111328,57.42000198364258,180.0,50.0,-472.7160806767862,1800.0,0.05446498824023749,0.08150841826654087,0.13597340650677836
180,23.132469177246097,23.15343027205863,0.020961094812530945,22.687305450439453,22.674474054214514,-0.01283139622493934,23.21896743774414,22.547374725341797,22.700000762939453,22.700000762939453,24.0,24.0,57.42000198364258,41.25,50.0,50.0,-365.90476039167777,1800.0,0.020961094812530945,0.01283139622493934,0.033792491037470285
181,23.026262283325195,23.064240304830605,0.03797802150540974,22.748313903808594,22.75973140449935,0.011417500690757976,23.132469177246097,22.687305450439453,22.700000762939453,20.400001525878903,24.0,24.0,41.25,25.079999923706055,50.0,50.0,-311.04849515970494,1800.0,0.03797802150540974,0.011417500690757976,0.04939552219616772
182,22.921937942504883,22.942974694122615,0.021036751617732108,22.782724380493164,22.803679872478167,0.020955491985002794,23.026262283325195,22.748313903808594,20.400001525878903,19.400001525878903,24.0,24.0,25.079999923706055,10.394999504089355,50.0,50.0,-261.80635919541646,1800.0,0.021036751617732108,0.020955491985002794,0.0419922436027349
183,22.821550369262695,22.83766436685386,0.01611399759116594,22.82402801513672,22.833132156453683,0.009104141316964132,22.921937942504883,22.782724380493164,19.400001525878903,18.400001525878903,24.0,24.0,10.394999504089355,13.512385368347168,50.0,50.0,-221.2866673788422,1800.0,0.01611399759116594,0.009104141316964132,0.025218138908130072
184,22.745641708374023,22.752557959819928,0.006916251445904464,22.98677635192871,22.987865687495887,0.001089335567176164,22.821550369262695,22.82402801513672,18.400001525878903,17.900001525878906,24.0,24.0,13.512385368347168,0.0,50.0,50.0,-126.24482876192909,1800.0,0.006916251445904464,0.001089335567176164,0.008005587013080628
185,22.677873611450195,22.682015906817984,0.004142295367788762,22.962791442871097,22.966269852012775,0.003478409141678185,22.745641708374023,22.98677635192871,17.900001525878906,17.5,24.0,24.0,0.0,0.0,50.0,50.0,-126.36268414526695,1800.0,0.004142295367788762,0.003478409141678185,0.007620704509466947
186,22.608909606933594,22.613142540081892,0.004232933148298201,22.92892074584961,22.93266367687872,0.003742931029112384,22.677873611450195,22.962791442871097,17.5,17.099998474121094,24.0,24.0,0.0,0.0,50.0,50.0,-122.23608474006645,1800.0,0.004232933148298201,0.003742931029112384,0.007975864177410585
187,22.53843688964844,22.54268496004966,0.004248070401217774,22.893817901611328,22.89761486097047,0.003796959359142704,22.608909606933594,22.92892074584961,17.099998474121094,16.700000762939453,24.0,24.0,0.0,0.0,50.0,50.0,-117.80586637089304,1800.0,0.004248070401217774,0.003796959359142704,0.008045029760360478
188,22.44989776611328,22.454118727757702,0.004220961644421095,22.65373992919922,22.66200721855886,0.008267289359640273,22.53843688964844,22.893817901611328,16.700000762939453,16.5,24.0,24.0,0.0,0.0,50.0,50.0,-204.48652548226113,1800.0,0.004220961644421095,0.008267289359640273,0.012488251004061368
189,22.35861587524414,22.360214716212298,0.0015988409681568783,22.59730529785156,22.600557235748443,0.0032519378968842716,22.44989776611328,22.65373992919922,16.5,16.39999771118164,24.0,24.0,0.0,0.0,50.0,50.0,-194.1671114740613,1800.0,0.0015988409681568783,0.0032519378968842716,0.00485077886504115
190,22.273178100585938,22.274660120588422,0.0014820200024843189,22.552881240844727,22.555746174774228,0.0028649339295014897,22.35861587524414,22.59730529785156,16.39999771118164,16.300003051757812,24.0,24.0,0.0,0.0,50.0,50.0,-188.27715206292868,1800.0,0.0014820200024843189,0.0028649339295014897,0.004346953931985809
191,22.19346618652344,22.194907575466793,0.0014413889433519955,22.511863708496097,22.514557150184572,0.0026934416884749623,22.273178100585938,22.552881240844727,16.300003051757812,16.199996948242188,24.0,24.0,0.0,0.0,50.0,50.0,-182.9690228922196,1800.0,0.0014413889433519955,0.0026934416884749623,0.004134830631826958
192,22.130495071411133,22.13084281386027,0.00034774244913649,22.588626861572266,22.58812231299091,-0.0005045485813539585,22.19346618652344,22.511863708496097,16.199996948242188,16.10000228881836,24.0,24.0,0.0,0.0,50.0,50.0,-127.04407917125444,1800.0,0.00034774244913649,0.0005045485813539585,0.0008522910304904485
193,22.0761661529541,22.077404134875973,0.0012379819218715227,22.56609535217285,22.567941917179684,0.0018465650068328898,22.130495071411133,22.588626861572266,16.10000228881836,16.0,24.0,24.0,0.0,0.0,50.0,50.0,-125.83632963694389,1800.0,0.0012379819218715227,0.0018465650068328898,0.0030845469287044125
194,22.02307891845703,22.025309187824433,0.0022302693674021157,22.53951072692871,22.541903758074824,0.0023930311461128895,22.0761661529541,22.56609535217285,16.0,15.799999237060549,24.0,24.0,0.0,0.0,50.0,50.0,-122.51969263418344,1800.0,0.0022302693674021157,0.0023930311461128895,0.004623300513515005
195,21.970909118652344,21.973136603796124,0.002227485143780683,22.51317596435547,22.515547852769558,0.002371888414089085,22.02307891845703,22.53951072692871,15.799999237060549,15.599998474121094,24.0,24.0,0.0,0.0,50.0,50.0,-119.16259352751398,1800.0,0.002227485143780683,0.002371888414089085,0.004599373557869768
196,21.92201805114746,21.924014800771403,0.001996749623941696,22.511775970458984,22.513476937211266,0.0017009667522813743,21.970909118652344,22.51317596435547,15.599998474121094,15.400001525878906,24.0,24.0,0.0,0.0,50.0,50.0,-104.99040496975957,1800.0,0.001996749623941696,0.0017009667522813743,0.0036977163762230703
197,21.874706268310547,21.876893245840314,0.0021869775297673755,22.489076614379883,22.49128574176261,0.0022091273827271607,21.92201805114746,22.511775970458984,15.400001525878906,15.200000762939451,24.0,24.0,0.0,0.0,50.0,50.0,-102.46249356081464,1800.0,0.0021869775297673755,0.0022091273827271607,0.004396104912494536
198,21.82783317565918,21.83002791992925,0.0021947442700707143,22.465532302856445,22.467755361111728,0.0022230582552822398,21.874706268310547,22.489076614379883,15.200000762939451,15.0,24.0,24.0,0.0,0.0,50.0,50.0,-99.48200069494644,1800.0,0.0021947442700707143,0.0022230582552822398,0.004417802525352954
199,21.78131103515625,21.78350479768975,0.002193762533501342,22.44211769104004,22.444331943055726,0.002214252015686924,21.82783317565918,22.465532302856445,15.0,14.799999237060549,24.0,24.0,0.0,0.0,50.0,50.0,-96.50178592115653,1800.0,0.002193762533501342,0.002214252015686924,0.004408014549188266
200,21.747554779052734,21.746236548221585,-0.0013182308311492363,22.486875534057617,22.485802431075694,-0.0010731029819233129,21.78131103515625,22.44211769104004,14.799999237060549,14.89999771118164,24.0,24.0,0.0,0.0,50.0,50.0,-64.477350585912,1800.0,0.0013182308311492363,0.0010731029819233129,0.0023913338130725492
201,21.719636917114254,21.719779556460416,0.00014263934616209895,22.475414276123047,22.47612285530959,0.0007085791865435453,21.747554779052734,22.486875534057617,14.89999771118164,14.89999771118164,24.0,24.0,0.0,0.0,50.0,50.0,-63.952285385489915,1800.0,0.00014263934616209895,0.0007085791865435453,0.0008512185327056443
202,21.70646858215332,21.700757325310285,-0.005711256843035528,22.468427658081055,22.46376365030939,-0.004664007771665979,21.719636917114254,22.475414276123047,14.89999771118164,15.5,24.0,24.0,0.0,1.4850000143051147,50.0,50.0,-62.89291378908581,1800.0,0.005711256843035528,0.004664007771665979,0.010375264614701507
203,21.71558380126953,21.709350550449575,-0.006233250819956737,22.518295288085938,22.451866085934743,-0.06642920215119474,21.70646858215332,22.468427658081055,15.5,16.0,24.0,24.0,1.4850000143051147,41.394981384277344,50.0,50.0,-68.10800943775749,1800.0,0.006233250819956737,0.06642920215119474,0.07266245297115148
204,21.72293472290039,21.726060199483186,0.0031254765827952724,22.3349552154541,22.26727689262117,-0.06767832283293274,21.71558380126953,22.518295288085938,16.0,16.799999237060547,24.0,24.0,41.394981384277344,48.45135116577149,50.0,50.0,-162.38168204797844,1800.0,0.0031254765827952724,0.06767832283293274,0.07080379941572801
205,21.759136199951172,21.759550498193022,0.0004142982418500196,22.442445755004883,22.238707867031525,-0.20373788797335735,21.72293472290039,22.3349552154541,16.799999237060547,17.5,24.0,24.0,48.45135116577149,133.79244995117188,50.0,50.0,-170.8460974104201,1800.0,0.0004142982418500196,0.20373788797335735,0.20415218621520737
206,21.794755935668945,21.81845302786003,0.02369709219108529,22.335987091064453,22.199628149149966,-0.13635894191448727,21.759136199951172,22.442445755004883,17.5,18.400001525878903,24.0,24.0,133.79244995117188,99.419921875,50.0,50.0,-211.00716130974803,1800.0,0.02369709219108529,0.13635894191448727,0.16005603410557256
207,21.89608383178711,21.883048141791424,-0.013035689995685829,22.723926544189453,22.271828547386104,-0.4520979968033494,21.794755935668945,22.335987091064453,18.400001525878903,19.299999237060547,24.0,24.0,99.419921875,218.82664489746097,50.0,180.0,-269.91913190039736,1800.0,0.013035689995685829,0.4520979968033494,0.4651336867990352
208,22.02813720703125,22.067221172875726,0.039083965844476154,22.905065536499023,22.62537773228284,-0.27968780421618433,21.89608383178711,22.723926544189453,19.299999237060547,20.300003051757812,24.0,24.0,218.82664489746097,195.57272338867188,180.0,180.0,-214.15602416676285,1800.0,0.039083965844476154,0.27968780421618433,0.3187717700606605
209,22.20431900024414,22.231144710403846,0.026825710159705807,23.108173370361328,22.654132746551614,-0.4540406238097141,22.02813720703125,22.905065536499023,20.300003051757812,21.39999771118164,24.0,24.0,195.57272338867188,301.8317565917969,180.0,180.0,-251.44446862584743,1800.0,0.026825710159705807,0.4540406238097141,0.4808663339694199
210,22.39643287658691,22.447867849048496,0.05143497246158546,23.195880889892575,22.69370349173807,-0.5021773981545046,22.20431900024414,23.108173370361328,21.39999771118164,22.5,24.0,24.0,301.8317565917969,334.0320129394531,180.0,180.0,-300.918806123071,1800.0,0.05143497246158546,0.5021773981545046,0.55361237061609
211,22.61083984375,22.664448895933866,0.05360905218386591,23.32230758666992,22.64874679608148,-0.6735607905884393,22.39643287658691,23.195880889892575,22.5,23.5,24.0,24.0,334.0320129394531,437.9452819824219,180.0,180.0,-383.1330922902257,1800.0,0.05360905218386591,0.6735607905884393,0.7271698427723052
212,22.83203125,22.91031625578098,0.0782850057809803,23.406768798828125,22.62918569881222,-0.7775831000159066,22.61083984375,23.32230758666992,23.5,24.29999542236328,24.0,24.0,437.9452819824219,509.31341552734375,180.0,180.0,-464.2545673841223,1800.0,0.0782850057809803,0.7775831000159066,0.8558681057968869
213,23.061992645263672,23.153172924557225,0.09118027929355321,23.471031188964844,22.517657086111647,-0.9533741028531963,22.83203125,23.406768798828125,24.29999542236328,25.100006103515625,24.0,24.0,509.31341552734375,625.0572509765625,180.0,180.0,-585.3610858259095,1800.0,0.09118027929355321,0.9533741028531963,1.0445543821467496
214,23.265472412109375,23.38929186735488,0.1238194552455063,23.397846221923828,22.445673930473053,-0.9521722914507755,23.061992645263672,23.471031188964844,25.100006103515625,25.800003051757812,24.0,24.0,625.0572509765625,637.7927856445312,180.0,180.0,-687.8943545628581,1800.0,0.1238194552455063,0.9521722914507755,1.0759917466962818
215,23.428054809570312,23.559734542068796,0.1316797324984833,23.2803955078125,22.403902825341266,-0.876492682471234,23.265472412109375,23.397846221923828,25.800003051757812,26.5,24.0,24.0,637.7927856445312,598.4283447265625,180.0,180.0,-752.9564238052516,1800.0,0.1316797324984833,0.876492682471234,1.0081724149697173
216,23.569820404052734,23.705821440464113,0.13600103641137906,23.36978530883789,22.546191294081265,-0.8235940147566261,23.428054809570312,23.2803955078125,26.5,26.79999542236328,24.0,24.0,598.4283447265625,603.7678833007812,180.0,180.0,-719.432792029951,1800.0,0.13600103641137906,0.8235940147566261,0.9595950511680051
217,23.710025787353516,23.844030482835144,0.13400469548162874,23.471744537353516,22.65404379706839,-0.817700740285126,23.569820404052734,23.36978530883789,26.79999542236328,27.199996948242188,24.0,24.0,603.7678833007812,591.0821533203125,180.0,180.0,-711.7618413597235,1800.0,0.13400469548162874,0.817700740285126,0.9517054357667547
218,23.85443878173828,23.983147347280568,0.12870856554228638,23.5906925201416,22.689469670253967,-0.9012228498876347,23.710025787353516,23.471744537353516,27.199996948242188,27.300003051757812,24.0,24.0,591.0821533203125,635.2402954101562,180.0,180.0,-738.3710923706099,1800.0,0.12870856554228638,0.9012228498876347,1.029931415429921
219,23.96712875366211,24.110999102925003,0.14387034926289388,23.544300079345703,22.75333448563982,-0.7909655937058844,23.85443878173828,23.5906925201416,27.300003051757812,27.399993896484375,24.0,24.0,635.2402954101562,566.4009399414062,180.0,180.0,-752.7311510558893,1800.0,0.14387034926289388,0.7909655937058844,0.9348359429687783
220,24.088764190673828,24.181012303344904,0.09224811267107569,23.76074981689453,22.872549048162288,-0.8882007687322435,23.96712875366211,23.544300079345703,27.399993896484375,27.199996948242188,24.0,24.0,566.4009399414062,505.1647644042969,180.0,180.0,-716.4157907062239,1800.0,0.09224811267107569,0.8882007687322435,0.9804488814033192
221,24.116397857666016,24.214699626567086,0.09830176890107012,23.177812576293945,22.488090016315315,-0.6897225599786303,24.088764190673828,23.76074981689453,27.199996948242188,27.099998474121097,24.0,24.0,505.1647644042969,410.62841796875,180.0,180.0,-928.0942013112912,1800.0,0.09830176890107012,0.6897225599786303,0.7880243288797004
222,24.070892333984375,24.16512994280948,0.09423760882510379,22.908702850341797,22.32610353691169,-0.5825993134301086,24.116397857666016,23.177812576293945,27.099998474121097,26.599998474121097,24.0,24.0,410.62841796875,400.6730651855469,180.0,180.0,-962.3429160746606,1800.0,0.09423760882510379,0.5825993134301086,0.6768369222552124
223,23.962657928466797,24.062916167982788,0.10025823951599122,22.655540466308594,22.306208457626145,-0.34933200868244896,24.070892333984375,22.908702850341797,26.599998474121097,26.099998474121097,24.0,24.0,400.6730651855469,254.94076538085935,180.0,180.0,-934.5539886084229,1800.0,0.10025823951599122,0.34933200868244896,0.4495902481984402
224,23.84779357910156,23.92143765886005,0.07364407975849119,22.78644371032715,22.520963953218,-0.26547975710914784,23.962657928466797,22.655540466308594,26.099998474121097,25.100006103515625,24.0,24.0,254.94076538085935,221.85252380371097,180.0,180.0,-781.4918895643009,1800.0,0.07364407975849119,0.26547975710914784,0.33912383686763903
225,23.70920181274414,23.780695845291312,0.07149403254717157,22.698139190673828,22.610474912479212,-0.08766427819461597,23.84779357910156,22.78644371032715,25.100006103515625,24.099998474121097,24.0,24.0,221.85252380371097,102.9867172241211,180.0,180.0,-712.1599711675038,1800.0,0.07149403254717157,0.08766427819461597,0.15915831074178755
226,23.585559844970703,23.624727234874218,0.03916738990351476,22.815296173095703,22.609169693588502,-0.2061264795072013,23.70920181274414,22.698139190673828,24.099998474121097,22.700000762939453,24.0,24.0,102.9867172241211,168.16952514648438,180.0,180.0,-664.7759521040883,1800.0,0.03916738990351476,0.2061264795072013,0.24529386941071607
227,23.411212921142575,23.494957844141897,0.08374492299932257,22.525970458984375,22.613755031215746,0.08778457223137082,23.585559844970703,22.815296173095703,22.700000762939453,21.300003051757812,24.0,24.0,168.16952514648438,60.94622039794922,180.0,50.0,-550.7896470947466,1800.0,0.08374492299932257,0.08778457223137082,0.17152949523069339
228,23.278831481933594,23.29812015733904,0.019288675405444877,22.7075252532959,22.60398413382636,-0.10354111946953992,23.411212921142575,22.525970458984375,21.300003051757812,21.300003051757812,24.0,24.0,60.94622039794922,100.74828338623048,50.0,50.0,-440.64355251184503,1800.0,0.019288675405444877,0.10354111946953992,0.1228297948749848
229,23.10150909423828,23.1637401834435,0.0622310892052198,22.665977478027344,22.703482105638674,0.03750462761133022,23.278831481933594,22.7075252532959,21.300003051757812,18.299999237060547,24.0,24.0,100.74828338623048,20.43476295471191,50.0,50.0,-370.9520333531797,1800.0,0.0622310892052198,0.03750462761133022,0.09973571681655002
230,22.931453704833984,22.954190140424647,0.022736435590662296,22.697219848632812,22.72833595145393,0.031116102821115987,23.10150909423828,22.665977478027344,18.299999237060547,17.199996948242188,24.0,24.0,20.43476295471191,10.65311336517334,50.0,50.0,-301.11911642525604,1800.0,0.022736435590662296,0.031116102821115987,0.053852538411778283
231,22.769285202026367,22.789907552630037,0.020622350603670014,22.729637145996097,22.765926345433044,0.03628919943694697,22.931453704833984,22.697219848632812,17.199996948242188,16.0,24.0,24.0,10.65311336517334,4.100337982177734,50.0,50.0,-240.20721198263607,1800.0,0.020622350603670014,0.03628919943694697,0.05691155004061699
232,22.6463623046875,22.651423419190188,0.005061114502687758,22.940528869628903,22.940407770172303,-0.00012109945659943833,22.769285202026367,22.729637145996097,16.0,15.400001525878906,24.0,24.0,4.100337982177734,0.0,50.0,50.0,-119.83854249360296,1800.0,0.005061114502687758,0.00012109945659943833,0.005182213959287196
233,22.53517723083496,22.54146140492265,0.0062841740876891095,22.898223876953125,22.903742972765347,0.005519095812221764,22.6463623046875,22.940528869628903,15.400001525878906,14.799999237060549,24.0,24.0,0.0,0.0,50.0,50.0,-118.75038460611114,1800.0,0.0062841740876891095,0.005519095812221764,0.011803269899910873
234,22.4288330078125,22.432338587363603,0.0035055795511027554,22.844825744628903,22.849156678005848,0.004330933376945012,22.53517723083496,22.898223876953125,14.799999237060549,14.5,24.0,24.0,0.0,0.0,50.0,50.0,-112.12416805139038,1800.0,0.0035055795511027554,0.004330933376945012,0.007836512928047767
235,22.32433319091797,22.32878876896701,0.004455578049039843,22.792062759399418,22.796814620180175,0.004751860780757511,22.4288330078125,22.844825744628903,14.5,14.099998474121094,24.0,24.0,0.0,0.0,50.0,50.0,-105.3960079568766,1800.0,0.004455578049039843,0.004751860780757511,0.009207438829797354
236,22.204822540283203,22.209233373888097,0.0044108336048935826,22.535917282104492,22.54505394293197,0.009136660827476106,22.32433319091797,22.792062759399418,14.099998474121094,13.89999771118164,24.0,24.0,0.0,0.0,50.0,50.0,-189.98773236685537,1800.0,0.0044108336048935826,0.009136660827476106,0.013547494432369689
237,22.081459045410156,22.085161587721707,0.0037025423115508715,22.463520050048828,22.468582987247224,0.0050629371983959,22.204822540283203,22.535917282104492,13.89999771118164,13.60000228881836,24.0,24.0,0.0,0.0,50.0,50.0,-177.64501156834115,1800.0,0.0037025423115508715,0.0050629371983959,0.008765479509946772
238,21.961009979248047,21.965568768512625,0.004558789264578422,22.401988983154297,22.407201678170757,0.0052126950164606,22.081459045410156,22.463520050048828,13.60000228881836,13.200000762939451,24.0,24.0,0.0,0.0,50.0,50.0,-169.6194556705143,1800.0,0.004558789264578422,0.0052126950164606,0.009771484281039022
239,21.84558486938477,21.849153458086334,0.0035685887015652895,22.34317970275879,22.347783114291744,0.004603411532954738,21.961009979248047,22.401988983154297,13.200000762939451,12.900001525878906,24.0,24.0,0.0,0.0,50.0,50.0,-162.0663137687032,1800.0,0.0035685887015652895,0.004603411532954738,0.008172000234520027
240,21.744300842285156,21.747746087669086,0.0034452453839293185,22.401124954223633,22.40305933279259,0.0019343785689578397,21.84558486938477,22.34317970275879,12.900001525878906,12.5,24.0,24.0,0.0,0.0,50.0,50.0,-103.7842108260434,1800.0,0.0034452453839293185,0.0019343785689578397,0.005379623952887158
241,21.651254653930664,21.65463787018362,0.0033832162529563448,22.35923957824707,22.363082410674163,0.003842832427093157,21.744300842285156,22.401124954223633,12.5,12.199996948242188,24.0,24.0,0.0,0.0,50.0,50.0,-100.12878240732093,1800.0,0.0033832162529563448,0.003842832427093157,0.007226048680049502
242,21.56101417541504,21.564426181650912,0.003412006235873122,22.313756942749023,22.31764808225313,0.0038911395041054675,21.651254653930664,22.35923957824707,12.199996948242188,11.900001525878906,24.0,24.0,0.0,0.0,50.0,50.0,-94.39261671547324,1800.0,0.003412006235873122,0.0038911395041054675,0.007303145739978589
243,21.473098754882812,21.476499648266984,0.0034008933841711553,22.269237518310547,22.273068378822533,0.0038308605119858896,21.56101417541504,22.313756942749023,11.900001525878906,11.599998474121094,24.0,24.0,0.0,0.0,50.0,50.0,-88.70316901194984,1800.0,0.0034008933841711553,0.0038308605119858896,0.007231753896157045
244,21.38974380493164,21.392904889378936,0.003161084447295792,22.250316619873047,22.25344021946829,0.003123599595241444,21.473098754882812,22.269237518310547,11.599998474121094,11.300003051757812,24.0,24.0,0.0,0.0,50.0,50.0,-72.28462302714544,1800.0,0.003161084447295792,0.003123599595241444,0.006284684042537236
245,21.309131622314453,21.312477603572045,0.003345981257592001,22.21070098876953,22.214300117378016,0.0035991286084851026,21.38974380493164,22.250316619873047,11.300003051757812,11.0,24.0,24.0,0.0,0.0,50.0,50.0,-67.58899730723098,1800.0,0.003345981257592001,0.0035991286084851026,0.006945109866077104
246,21.23002052307129,21.23336619065782,0.0033456675865295438,22.17079162597656,22.174373161710047,0.0035815357334882947,21.309131622314453,22.21070098876953,11.0,10.700000762939451,24.0,24.0,0.0,0.0,50.0,50.0,-62.512260104176136,1800.0,0.0033456675865295438,0.0035815357334882947,0.0069272033200178385
247,21.1541748046875,21.15654546935009,0.0023706646625889505,22.132179260253903,22.13521716602536,0.0030379057714569058,21.23002052307129,22.17079162597656,10.700000762939451,10.5,24.0,24.0,0.0,0.0,50.0,50.0,-57.56203111440664,1800.0,0.0023706646625889505,0.0030379057714569058,0.005408570434045856
248,21.089832305908203,21.090610996329392,0.0007786904211890544,22.161754608154297,22.16245030725177,0.0006956990974735788,21.1541748046875,22.132179260253903,10.5,10.400001525878906,24.0,24.0,0.0,0.0,50.0,50.0,-23.61582872106004,1800.0,0.0007786904211890544,0.0006956990974735788,0.0014743895186626332
249,21.03021240234375,21.032458792786105,0.002246390442355306,22.13456344604492,22.137070245509797,0.0025067994648786396,21.089832305908203,22.161754608154297,10.400001525878906,10.200000762939451,24.0,24.0,0.0,0.0,50.0,50.0,-21.108149380425942,1800.0,0.002246390442355306,0.0025067994648786396,0.004753189907233946
250,20.99620056152344,20.986770412068974,-0.00943014945446663,22.116209030151367,22.109285839609626,-0.006923190541741064,21.03021240234375,22.13456344604492,10.200000762939451,11.199996948242188,24.0,24.0,0.0,2.1449999809265137,50.0,50.0,-18.45943514806072,1800.0,0.00943014945446663,0.006923190541741064,0.016353339996207694
251,21.00234603881836,20.99054453707781,-0.011801501740549725,22.18871307373047,22.084978925846187,-0.10373414788428192,20.99620056152344,22.116209030151367,11.199996948242188,12.199996948242188,24.0,24.0,2.1449999809265137,64.12887573242188,50.0,50.0,-25.85131493594156,1800.0,0.011801501740549725,0.10373414788428192,0.11553564962483165
252,21.00287628173828,21.009348385700132,0.006472103961851161,21.94810485839844,21.917728390026202,-0.030376468372239174,21.00234603881836,22.18871307373047,12.199996948242188,13.400001525878906,24.0,24.0,64.12887573242188,25.575000762939453,50.0,50.0,-114.24841285062789,1800.0,0.006472103961851161,0.030376468372239174,0.036848572334090335
253,21.04145622253418,21.031738180265485,-0.00971804226869466,22.057758331298828,21.876725365371865,-0.18103296592696339,21.00287628173828,21.94810485839844,13.400001525878906,14.599998474121094,24.0,24.0,25.575000762939453,115.3798828125,50.0,50.0,-121.90456806541825,1800.0,0.00971804226869466,0.18103296592696339,0.19075100819565804
254,21.0787296295166,21.096368108611255,0.017638479094653547,21.92483901977539,21.847502584501726,-0.07733643527366496,21.04145622253418,22.057758331298828,14.599998474121094,15.799999237060549,24.0,24.0,115.3798828125,58.56734848022461,50.0,50.0,-159.20065283497576,1800.0,0.017638479094653547,0.07733643527366496,0.09497491436831851
255,21.187185287475582,21.16410563703351,-0.023079650442070943,22.326435089111328,21.95450678248756,-0.37192830662376863,21.0787296295166,21.92483901977539,15.799999237060549,17.099998474121094,24.0,24.0,58.56734848022461,172.72718811035156,50.0,180.0,-200.57219666975712,1800.0,0.023079650442070943,0.37192830662376863,0.3950079570658396
256,21.315933227539062,21.34671312602173,0.030779898482666823,22.45599365234375,22.283479108927047,-0.17251454341670325,21.187185287475582,22.326435089111328,17.099998474121094,18.0,24.0,24.0,172.72718811035156,121.61666870117188,180.0,180.0,-158.05188606019692,1800.0,0.030779898482666823,0.17251454341670325,0.20329444189937007
257,21.513755798339844,21.521541839963675,0.007786041623830897,22.798599243164062,22.301666645909236,-0.4969325972548262,21.315933227539062,22.45599365234375,18.0,19.0,24.0,24.0,121.61666870117188,326.36053466796875,180.0,180.0,-197.47948185536063,1800.0,0.007786041623830897,0.4969325972548262,0.5047186388786571
258,21.71792221069336,21.78310045029164,0.06517823959828206,22.904071807861328,22.451715113336952,-0.45235669452437577,21.513755798339844,22.798599243164062,19.0,19.799999237060547,24.0,24.0,326.36053466796875,318.3818054199219,180.0,180.0,-214.92947315062025,1800.0,0.06517823959828206,0.45235669452437577,0.5175349341226578
259,21.97319221496582,22.024178281120225,0.0509860661544046,23.23049545288086,22.47246067318696,-0.7580347796939009,21.71792221069336,22.904071807861328,19.799999237060547,20.700000762939453,24.0,24.0,318.3818054199219,502.8356018066406,180.0,180.0,-271.21497987830963,1800.0,0.0509860661544046,0.7580347796939009,0.8090208458483055
260,22.22970199584961,22.327478774236237,0.09777677838662768,23.327312469482425,22.542160831867303,-0.7851516376151224,21.97319221496582,23.23049545288086,20.700000762939453,21.39999771118164,24.0,24.0,502.8356018066406,527.0519409179688,180.0,180.0,-337.720509802579,1800.0,0.09777677838662768,0.7851516376151224,0.8829284160017501
261,22.49449157714844,22.59077370646571,0.0962821293172702,23.43825912475586,22.471215008211534,-0.9670441165443258,22.22970199584961,23.327312469482425,21.39999771118164,22.199996948242188,24.0,24.0,527.0519409179688,638.59130859375,180.0,180.0,-446.6925017506256,1800.0,0.0962821293172702,0.9670441165443258,1.063326245861596
262,22.73489761352539,22.861350344776085,0.12645273125069423,23.403535842895508,22.421329064343542,-0.9822067785519657,22.49449157714844,23.43825912475586,22.199996948242188,22.900001525878903,24.0,24.0,638.59130859375,658.912353515625,180.0,180.0,-550.8061653764395,1800.0,0.12645273125069423,0.9822067785519657,1.10865950980266
263,22.95288848876953,23.083946612550637,0.1310581237811057,23.382549285888672,22.34843325263421,-1.0341160332544632,22.73489761352539,23.403535842895508,22.900001525878903,23.60000228881836,24.0,24.0,658.912353515625,697.2724609375,180.0,180.0,-644.8371476577674,1800.0,0.1310581237811057,1.0341160332544632,1.165174157035569
264,23.14298439025879,23.298102143499488,0.15511775324069887,23.447925567626953,22.50578338751113,-0.9421421801158232,22.95288848876953,23.382549285888672,23.60000228881836,24.099998474121097,24.0,24.0,697.2724609375,681.4563598632812,180.0,180.0,-628.3657414426661,1800.0,0.15511775324069887,0.9421421801158232,1.097259933356522
265,23.316308975219727,23.46685013425073,0.15054115903100396,23.50920867919922,22.615589035421046,-0.8936196437781732,23.14298439025879,23.447925567626953,24.099998474121097,24.599998474121097,24.0,24.0,681.4563598632812,642.439208984375,180.0,180.0,-628.2802155999095,1800.0,0.15054115903100396,0.8936196437781732,1.0441608028091771
266,23.4771785736084,23.617780632160052,0.14060205855165364,23.57366180419922,22.67404574978148,-0.8996160544177378,23.316308975219727,23.50920867919922,24.599998474121097,24.899993896484375,24.0,24.0,642.439208984375,637.7337036132812,180.0,180.0,-646.8766775504835,1800.0,0.14060205855165364,0.8996160544177378,1.0402181129693915
267,23.61320686340332,23.753862806602278,0.1406559431989578,23.556812286376953,22.734572332230904,-0.822239954146049,23.4771785736084,23.57366180419922,24.899993896484375,25.300003051757812,24.0,24.0,637.7337036132812,585.9585571289062,180.0,180.0,-661.6964781857504,1800.0,0.1406559431989578,0.822239954146049,0.9628958973450068
268,23.75994110107422,23.853816375984064,0.09387527490984482,23.692365646362305,22.72305568505421,-0.9693099613080953,23.61320686340332,23.556812286376953,25.300003051757812,25.5,24.0,24.0,585.9585571289062,564.1478271484375,180.0,180.0,-696.1161650447957,1800.0,0.09387527490984482,0.9693099613080953,1.0631852362179401
269,23.803932189941406,23.916527316463696,0.1125951265222902,23.101905822753903,22.405082867962545,-0.696822954791358,23.75994110107422,23.692365646362305,25.5,25.70000457763672,24.0,24.0,564.1478271484375,427.37066650390625,180.0,180.0,-880.0921118544211,1800.0,0.1125951265222902,0.696822954791358,0.8094180813136482
270,23.78106689453125,23.86980741957252,0.0887405250412705,22.816162109375,22.196405364169742,-0.6197567452052581,23.803932189941406,23.101905822753903,25.70000457763672,25.70000457763672,24.0,24.0,427.37066650390625,404.52490234375,180.0,180.0,-937.4691166052504,1800.0,0.0887405250412705,0.6197567452052581,0.7084972702465286
271,23.695159912109375,23.791059401985173,0.09589948987579788,22.518505096435547,22.16839436602201,-0.3501107304135367,23.78106689453125,22.816162109375,25.70000457763672,25.800003051757812,24.0,24.0,404.52490234375,253.8081512451172,180.0,180.0,-918.6716958956056,1800.0,0.09589948987579788,0.3501107304135367,0.44601022028933457
272,23.620922088623047,23.68771261452974,0.06679052590669343,22.71281623840332,22.42491302739164,-0.28790321101168104,23.695159912109375,22.518505096435547,25.800003051757812,25.599998474121097,24.0,24.0,253.8081512451172,241.4189910888672,180.0,180.0,-751.7904054574298,1800.0,0.06679052590669343,0.28790321101168104,0.35469373691837447
273,23.539527893066406,23.608384578240088,0.0688566851736816,22.67435073852539,22.561716730072092,-0.1126340084532984,23.620922088623047,22.71281623840332,25.599998474121097,25.400001525878903,24.0,24.0,241.4189910888672,121.59039306640624,180.0,180.0,-678.9797685478248,1800.0,0.0688566851736816,0.1126340084532984,0.18149069362698
274,23.470609664916992,23.507691005696604,0.03708134077961134,22.75078392028809,22.63461611469205,-0.11616780559603868,23.539527893066406,22.67435073852539,25.400001525878903,25.100006103515625,24.0,24.0,121.59039306640624,111.02980041503906,180.0,180.0,-615.4187539634272,1800.0,0.03708134077961134,0.11616780559603868,0.15324914637565
275,23.377460479736328,23.436328951337682,0.05886847160135389,22.559066772460938,22.651601855908016,0.09253508344707839,23.470609664916992,22.75078392028809,25.100006103515625,24.699996948242188,24.0,24.0,111.02980041503906,49.500003814697266,180.0,50.0,-507.2688212238558,1800.0,0.05886847160135389,0.09253508344707839,0.15140355504843228
276,23.31866455078125,23.3343818728798,0.015717322098549147,22.759910583496097,22.673766629360298,-0.08614395413579956,23.377460479736328,22.559066772460938,24.699996948242188,24.699996948242188,24.0,24.0,49.500003814697266,84.07868957519531,50.0,50.0,-413.4092678701593,1800.0,0.015717322098549147,0.08614395413579956,0.10186127623434871
277,23.224777221679688,23.273198446705717,0.04842122502602919,22.7510986328125,22.778814078499902,0.02771544568740225,23.31866455078125,22.759910583496097,24.699996948242188,22.5,24.0,24.0,84.07868957519531,16.5,50.0,50.0,-361.5597121423966,1800.0,0.04842122502602919,0.02771544568740225,0.07613667071343144
278,23.130664825439453,23.14961721190817,0.018952386468715332,22.80324935913086,22.807519512021653,0.004270152890793355,23.224777221679688,22.7510986328125,22.5,21.39999771118164,24.0,24.0,16.5,19.435773849487305,50.0,50.0,-315.2834531106469,1800.0,0.018952386468715332,0.004270152890793355,0.023222539359508687
279,23.03467559814453,23.053982628208175,0.019307030063643538,22.829870223999023,22.84093684386901,0.011066619869986027,23.130664825439453,22.80324935913086,21.39999771118164,20.300003051757812,24.0,24.0,19.435773849487305,12.69591999053955,50.0,50.0,-276.94129726421016,1800.0,0.019307030063643538,0.011066619869986027,0.030373649933629565
280,22.97384262084961,22.97865454516296,0.004811924313351312,23.093259811401367,23.091040112920318,-0.0022196984810491927,23.03467559814453,22.829870223999023,20.300003051757812,19.89999771118164,24.0,24.0,12.69591999053955,0.0,50.0,50.0,-137.9468867026262,1800.0,0.004811924313351312,0.0022196984810491927,0.007031622794400505
281,22.925926208496097,22.928952191484907,0.003025982988809517,23.083740234375,23.086091731030617,0.002351496655617069,22.97384262084961,23.093259811401367,19.89999771118164,19.599998474121097,24.0,24.0,0.0,0.0,50.0,50.0,-141.3573223132015,1800.0,0.003025982988809517,0.002351496655617069,0.005377479644426586
282,22.879112243652344,22.881299920154706,0.0021876765023627343,23.06087875366211,23.063085183325573,0.002206429663463183,22.925926208496097,23.083740234375,19.599998474121097,19.400001525878903,24.0,24.0,0.0,0.0,50.0,50.0,-138.67492354812933,1800.0,0.0021876765023627343,0.002206429663463183,0.004394106165825917
283,22.83462142944336,22.835846442074875,0.0012250126315151988,23.0382080078125,23.03991100322606,0.0017029954135594494,22.879112243652344,23.06087875366211,19.400001525878903,19.299999237060547,24.0,24.0,0.0,0.0,50.0,50.0,-135.7756002414432,1800.0,0.0012250126315151988,0.0017029954135594494,0.002928008045074648
284,22.769670486450195,22.77375919461504,0.004088708164843524,22.810300827026367,22.81793636140267,0.0076355343763019334,22.83462142944336,23.0382080078125,19.299999237060547,19.099998474121097,24.0,24.0,0.0,0.0,50.0,50.0,-224.0215204985276,1800.0,0.004088708164843524,0.0076355343763019334,0.011724242541145458
285,22.699867248535156,22.701332867896312,0.0014656193611557455,22.76501846313477,22.76766931142244,0.0026508482876721473,22.769670486450195,22.810300827026367,19.099998474121097,19.0,24.0,24.0,0.0,0.0,50.0,50.0,-215.15200128615817,1800.0,0.0014656193611557455,0.0026508482876721473,0.004116467648827893
286,22.63008499145508,22.633377646111676,0.0032926546565938963,22.729400634765625,22.732735643549788,0.0033350087841625964,22.699867248535156,22.76501846313477,19.0,18.699996948242188,24.0,24.0,0.0,0.0,50.0,50.0,-210.4586482353037,1800.0,0.0032926546565938963,0.0033350087841625964,0.006627663440756493
287,22.56075668334961,22.564042566038385,0.003285882688775388,22.694486618041992,22.697796562616645,0.0033099445746529454,22.63008499145508,22.729400634765625,18.699996948242188,18.400001525878903,24.0,24.0,0.0,0.0,50.0,50.0,-206.00641795237203,1800.0,0.003285882688775388,0.0033099445746529454,0.006595827263428333
288,22.505321502685547,22.506576769953814,0.0012552672682666355,22.77553367614746,22.77527185241553,-0.00026182373193250896,22.56075668334961,22.694486618041992,18.400001525878903,18.200000762939453,24.0,24.0,0.0,0.0,50.0,50.0,-150.6755958041312,1800.0,0.0012552672682666355,0.00026182373193250896,0.0015170910001991444
289,22.4539737701416,22.45710181281451,0.003128042672909004,22.7552490234375,22.75792136820727,0.0026723447697705183,22.505321502685547,22.77553367614746,18.200000762939453,17.900001525878906,24.0,24.0,0.0,0.0,50.0,50.0,-149.81761717472932,1800.0,0.003128042672909004,0.0026723447697705183,0.005800387442679522
290,22.40363121032715,22.40584442613264,0.002213215805490165,22.730121612548828,22.732437464224102,0.0023158516752737057,22.4539737701416,22.7552490234375,17.900001525878906,17.700000762939453,24.0,24.0,0.0,0.0,50.0,50.0,-146.70136674433462,1800.0,0.002213215805490165,0.0023158516752737057,0.004529067480763871
291,22.35396194458008,22.35617321667952,0.002211272099437167,22.70508575439453,22.707387559090538,0.002301804696006826,22.40363121032715,22.730121612548828,17.700000762939453,17.5,24.0,24.0,0.0,0.0,50.0,50.0,-143.51358415491978,1800.0,0.002211272099437167,0.002301804696006826,0.004513076795443993
292,22.30929374694824,22.310309627775982,0.0010158808277438425,22.705535888671875,22.7066633248512,0.0011274361793240928,22.35396194458008,22.70508575439453,17.5,17.39999771118164,24.0,24.0,0.0,0.0,50.0,50.0,-129.55599497891254,1800.0,0.0010158808277438425,0.0011274361793240928,0.0021433170070679353
293,22.267757415771484,22.26895400625181,0.001196590480326165,22.685474395751953,22.68706761120011,0.0015932154481568261,22.30929374694824,22.705535888671875,17.39999771118164,17.299999237060547,24.0,24.0,0.0,0.0,50.0,50.0,-127.33989196311646,1800.0,0.001196590480326165,0.0015932154481568261,0.0027898059284829912
294,22.228071212768555,22.229267647957,0.0011964351884437008,22.665300369262695,22.666868040065747,0.0015676708030518682,22.267757415771484,22.685474395751953,17.299999237060547,17.199996948242188,24.0,24.0,0.0,0.0,50.0,50.0,-124.76608040585842,1800.0,0.0011964351884437008,0.0015676708030518682,0.002764105991495569
295,22.190021514892575,22.19120890875821,0.0011873938656350447,22.645923614501953,22.647445405369567,0.001521790867613504,22.228071212768555,22.665300369262695,17.199996948242188,17.099998474121094,24.0,24.0,0.0,0.0,50.0,50.0,-122.2792075978582,1800.0,0.0011873938656350447,0.001521790867613504,0.0027091847332485486
296,22.162012100219727,22.161614024160286,-0.00039807605944019997,22.693986892700195,22.693207895097164,-0.0007789976030316836,22.190021514892575,22.645923614501953,17.099998474121094,17.099998474121094,24.0,24.0,0.0,0.0,50.0,50.0,-90.70490612827834,1800.0,0.00039807605944019997,0.0007789976030316836,0.0011770736624718836
297,22.141286849975582,22.140431522393303,-0.0008553275822791306,22.685932159423828,22.68598291708231,5.0757658481614953e-05,22.162012100219727,22.693986892700195,17.099998474121094,17.199996948242188,24.0,24.0,0.0,0.0,50.0,50.0,-90.6017293141297,1800.0,0.0008553275822791306,5.0757658481614953e-05,0.0009060852407607456
298,22.136550903320312,22.1298411418024,-0.006709761517910806,22.682769775390625,22.677669224031455,-0.005100551359170424,22.141286849975582,22.685932159423828,17.199996948242188,17.900001525878906,24.0,24.0,0.0,1.3200000524520874,50.0,50.0,-90.01321259599266,1800.0,0.006709761517910806,0.005100551359170424,0.01181031287708123
299,22.155479431152344,22.147504955704736,-0.007974475447607432,22.729881286621097,22.671915743313114,-0.05796554330798287,22.136550903320312,22.682769775390625,17.900001525878906,18.60000228881836,24.0,24.0,1.3200000524520874,35.151554107666016,50.0,50.0,-94.98286930449086,1800.0,0.007974475447607432,0.05796554330798287,0.0659400187555903
300,22.174230575561523,22.175445828204357,0.0012152526428330646,22.563711166381836,22.48907441374321,-0.07463675263862513,22.155479431152344,22.729881286621097,18.60000228881836,19.400001525878903,24.0,24.0,35.151554107666016,52.118900299072266,50.0,50.0,-191.08494384018783,1800.0,0.0012152526428330646,0.07463675263862513,0.07585200528145819
301,22.21349334716797,22.215255983766898,0.0017626365989293902,22.63274383544922,22.47645693845866,-0.15628689699055798,22.174230575561523,22.563711166381836,19.400001525878903,20.200000762939453,24.0,24.0,52.118900299072266,103.17059326171876,50.0,50.0,-195.6737479012531,1800.0,0.0017626365989293902,0.15628689699055798,0.15804953358948737
302,22.26642608642578,22.27708543859017,0.010659352164388736,22.56321907043457,22.381423155357986,-0.18179591507658444,22.21349334716797,22.63274383544922,20.200000762939453,21.300003051757812,24.0,24.0,103.17059326171876,118.21190643310548,50.0,50.0,-259.7458424614696,1800.0,0.010659352164388736,0.18179591507658444,0.19245526724097317
303,22.377517700195312,22.363584679561242,-0.013933020634070203,22.87148666381836,22.404844172903346,-0.46664249091501375,22.26642608642578,22.56321907043457,21.300003051757812,22.39999771118164,24.0,24.0,118.21190643310548,215.51185607910156,50.0,180.0,-350.27306793254536,1800.0,0.013933020634070203,0.46664249091501375,0.48057551154908396
304,22.5224609375,22.55567454498721,0.03321360748720892,23.025386810302734,22.729977909610515,-0.2954089006922196,22.377517700195312,22.87148666381836,22.39999771118164,24.0,24.0,24.0,215.51185607910156,206.5466766357422,180.0,180.0,-304.88421176533075,1800.0,0.03321360748720892,0.2954089006922196,0.3286225081794285
305,22.718311309814453,22.740388009988852,0.022076700174398667,23.216537475585938,22.733819830637323,-0.4827176449486146,22.5224609375,23.025386810302734,24.0,25.599998474121097,24.0,24.0,206.5466766357422,311.3110656738281,180.0,180.0,-357.48448758948774,1800.0,0.022076700174398667,0.4827176449486146,0.5047943451230132
306,22.917470932006836,22.970262798055433,0.05279186604859731,23.24352645874023,22.74736968957254,-0.49615676916769047,22.718311309814453,23.216537475585938,25.599998474121097,26.699996948242188,24.0,24.0,311.3110656738281,325.63916015625,180.0,180.0,-423.08011055380933,1800.0,0.05279186604859731,0.49615676916769047,0.5489486352162878
307,23.136056900024418,23.18576958995607,0.049712689931652676,23.351564407348633,22.676561516061664,-0.6750028912869688,22.917470932006836,23.24352645874023,26.699996948242188,27.800003051757812,24.0,24.0,325.63916015625,435.5291137695313,180.0,180.0,-513.9793005162671,1800.0,0.049712689931652676,0.6750028912869688,0.7247155812186215
308,23.341312408447266,23.4236371332845,0.08232472483723541,23.374061584472656,22.68393542420501,-0.6901261602676456,23.136056900024418,23.351564407348633,27.800003051757812,28.400001525878903,24.0,24.0,435.5291137695313,454.5937805175781,180.0,180.0,-580.9973811391833,1800.0,0.08232472483723541,0.6901261602676456,0.772450885104881
309,23.55425262451172,23.635309840655317,0.08105721614359851,23.449153900146484,22.562620444030454,-0.8865334561160303,23.341312408447266,23.374061584472656,28.400001525878903,29.0,24.0,24.0,454.5937805175781,580.420654296875,180.0,180.0,-695.1828371149576,1800.0,0.08105721614359851,0.8865334561160303,0.9675906722596288
310,23.745582580566406,23.86110346129223,0.11552088072582478,23.406417846679688,22.4779224178826,-0.9284954287970884,23.55425262451172,23.449153900146484,29.0,29.400001525878903,24.0,24.0,580.420654296875,619.7803955078125,180.0,180.0,-800.8310696694485,1800.0,0.11552088072582478,0.9284954287970884,1.0440163095229131
311,23.91539764404297,24.040702829581964,0.12530518553899483,23.370471954345703,22.385877785659996,-0.9845941686857067,23.745582580566406,23.406417846679688,29.400001525878903,29.800003051757812,24.0,24.0,619.7803955078125,663.7260131835938,180.0,180.0,-891.4007581419511,1800.0,0.12530518553899483,0.9845941686857067,1.1098993542247015
312,24.061857223510746,24.211764836429392,0.1499076129186463,23.42654800415039,22.493982300219688,-0.9325657039307025,23.91539764404297,23.370471954345703,29.800003051757812,30.0,24.0,24.0,663.7260131835938,674.8781127929688,180.0,180.0,-884.920240182951,1800.0,0.1499076129186463,0.9325657039307025,1.0824733168493488
313,24.20052719116211,24.351040484139673,0.1505132929775641,23.51146125793457,22.575195006756733,-0.9362662511778375,24.061857223510746,23.42654800415039,30.0,30.199996948242188,24.0,24.0,674.8781127929688,671.7086791992188,180.0,180.0,-888.4509774986886,1800.0,0.1505132929775641,0.9362662511778375,1.0867795441554016
314,24.325090408325195,24.475629064316987,0.15053865599179161,23.557079315185547,22.62243307901592,-0.9346462361696268,24.20052719116211,23.51146125793457,30.199996948242188,30.199996948242188,24.0,24.0,671.7086791992188,665.63671875,180.0,180.0,-906.325138638237,1800.0,0.15053865599179161,0.9346462361696268,1.0851848921614184
315,24.415433883666992,24.567688448319675,0.15225456465268294,23.50226593017578,22.68990052002608,-0.8123654101497024,24.325090408325195,23.557079315185547,30.199996948242188,30.300003051757812,24.0,24.0,665.63671875,586.1941528320312,180.0,180.0,-905.7985700439716,1800.0,0.15225456465268294,0.8123654101497024,0.9646199748023854
316,24.56133270263672,24.6465421985756,0.08520949593888005,24.000823974609375,22.984907987273047,-1.015915987336328,24.415433883666992,23.50226593017578,30.300003051757812,30.300003051757812,24.0,24.0,586.1941528320312,572.1824951171875,180.0,180.0,-784.8496809028934,1800.0,0.08520949593888005,1.015915987336328,1.101125483275208
317,24.607254028320312,24.720828379514405,0.11357435119409232,23.33385467529297,22.589940379658433,-0.7439142956345357,24.56133270263672,24.000823974609375,30.300003051757812,30.300003051757812,24.0,24.0,572.1824951171875,454.8861083984375,180.0,180.0,-1028.754881435694,1800.0,0.11357435119409232,0.7439142956345357,0.857488646828628
318,24.58429718017578,24.689506703421547,0.10520952324576527,23.174869537353516,22.59330302569014,-0.5815665116633753,24.607254028320312,23.33385467529297,30.300003051757812,30.199996948242188,24.0,24.0,454.8861083984375,414.3494873046875,180.0,180.0,-984.8076985237748,1800.0,0.10520952324576527,0.5815665116633753,0.6867760349091405
319,24.49319648742676,24.594564396496022,0.10136790906926052,22.85989761352539,22.58984727886088,-0.27005033466451067,24.58429718017578,23.174869537353516,30.199996948242188,30.100006103515625,24.0,24.0,414.3494873046875,199.2327423095703,180.0,180.0,-959.5895063979502,1800.0,0.10136790906926052,0.27005033466451067,0.3714182437337712
320,24.42962646484375,24.472449339647664,0.04282287480391389,23.037044525146484,22.670772801179147,-0.366271723967337,24.49319648742676,22.85989761352539,30.100006103515625,30.0,24.0,24.0,199.2327423095703,261.6700744628906,180.0,180.0,-868.9453727441236,1800.0,0.04282287480391389,0.366271723967337,0.4090945987712509
321,24.337909698486328,24.40685962839273,0.06894992990640247,22.855113983154297,22.725066917519868,-0.1300470656344288,24.42962646484375,23.037044525146484,30.0,29.899993896484375,24.0,24.0,261.6700744628906,114.34580993652344,180.0,180.0,-838.7359182215968,1800.0,0.06894992990640247,0.1300470656344288,0.19899699554083128
322,24.247039794921875,24.28023530483463,0.03319550991275477,22.863012313842773,22.7232594379198,-0.13975287592297292,24.337909698486328,22.855113983154297,29.899993896484375,29.5,24.0,24.0,114.34580993652344,115.26994323730467,180.0,180.0,-795.8709710662731,1800.0,0.03319550991275477,0.13975287592297292,0.1729483858357277
323,24.1260986328125,24.18446118375114,0.0583625509386394,22.620037078857425,22.698272289496632,0.0782352106392068,24.247039794921875,22.863012313842773,29.5,29.099998474121097,24.0,24.0,115.26994323730467,50.47379302978515,180.0,50.0,-697.1864363024669,1800.0,0.0583625509386394,0.0782352106392068,0.1365977615778462
324,24.019023895263672,24.038539276092436,0.01951538082876425,22.713685989379883,22.744336116342375,0.030650126962491697,24.1260986328125,22.620037078857425,29.099998474121097,29.099998474121097,24.0,24.0,50.47379302978515,9.82262134552002,50.0,50.0,-579.3289961347062,1800.0,0.01951538082876425,0.030650126962491697,0.05016550779125595
325,23.896623611450195,23.92555902522643,0.028935413776235208,22.76648330688477,22.797777013059644,0.031293706174874814,24.019023895263672,22.713685989379883,29.099998474121097,26.900001525878903,24.0,24.0,9.82262134552002,7.753900527954102,50.0,50.0,-530.0766448695924,1800.0,0.028935413776235208,0.031293706174874814,0.06022911995111002
326,23.781753540039062,23.797061025778827,0.015307485739764815,22.79912757873535,22.823824800893544,0.024697222158192034,23.896623611450195,22.76648330688477,26.900001525878903,26.0,24.0,24.0,7.753900527954102,4.8839802742004395,50.0,50.0,-486.0802944373923,1800.0,0.015307485739764815,0.024697222158192034,0.04000470789795685
327,23.673646926879883,23.686724819214966,0.013077892335083163,22.823884963989254,22.846756190272078,0.022871226282823898,23.781753540039062,22.79912757873535,26.0,25.199996948242188,24.0,24.0,4.8839802742004395,3.3517796993255615,50.0,50.0,-446.8390712424064,1800.0,0.013077892335083163,0.022871226282823898,0.03594911861790706
328,23.62976837158203,23.632151406102626,0.002383034520594407,23.401477813720703,23.391363496887525,-0.010114316833178094,23.673646926879883,22.823884963989254,25.199996948242188,24.5,24.0,24.0,3.3517796993255615,0.0,50.0,50.0,-171.59449226541074,1800.0,0.002383034520594407,0.010114316833178094,0.012497351353772501
329,23.60131072998047,23.60885517347624,0.007544443495770992,23.4185791015625,23.422289373780387,0.0037102722178872227,23.62976837158203,23.401477813720703,24.5,23.699996948242188,24.0,24.0,0.0,0.0,50.0,50.0,-183.3280139127163,1800.0,0.007544443495770992,0.0037102722178872227,0.011254715713658214
330,23.563217163085938,23.57011542360092,0.006898260514983434,23.402748107910156,23.40696490891015,0.004216800999994774,23.60131072998047,23.4185791015625,23.699996948242188,23.0,24.0,24.0,0.0,0.0,50.0,50.0,-181.94535968810885,1800.0,0.006898260514983434,0.004216800999994774,0.011115061514978208
331,23.515092849731445,23.522064893259664,0.006972043528218563,23.380359649658203,23.3848919146493,0.0045322649910986,23.563217163085938,23.402748107910156,23.0,22.299999237060547,24.0,24.0,0.0,0.0,50.0,50.0,-179.27723499966328,1800.0,0.006972043528218563,0.0045322649910986,0.011504308519317163
332,23.434120178222656,23.43770600288642,0.003585824663762338,23.069854736328125,23.057126480916093,-0.012728255412032041,23.515092849731445,23.380359649658203,22.299999237060547,21.700000762939453,24.0,24.0,0.0,0.0,50.0,50.0,-313.01630919918455,1800.0,0.003585824663762338,0.012728255412032041,0.01631408007579438
333,23.332778930664062,23.338110809211358,0.005331878547295332,22.97612762451172,22.980588286793253,0.004460662281534411,23.434120178222656,23.069854736328125,21.700000762939453,21.199996948242188,24.0,24.0,0.0,0.0,50.0,50.0,-305.24211275186275,1800.0,0.005331878547295332,0.004460662281534411,0.009792540828829743
334,23.231182098388672,23.23675961982908,0.0055775214404079065,22.934375762939453,22.94547930693182,0.011103543992366127,23.332778930664062,22.97612762451172,21.199996948242188,20.799999237060547,24.0,24.0,0.0,0.0,50.0,50.0,-288.7241061733709,1800.0,0.0055775214404079065,0.011103543992366127,0.016681065432774034
335,23.136011123657227,23.141177116800513,0.005165993143286585,22.915699005126953,22.929494629572904,0.01379562444595095,23.231182098388672,22.934375762939453,20.799999237060547,20.5,24.0,24.0,0.0,0.0,50.0,50.0,-267.30923320129233,1800.0,0.005165993143286585,0.01379562444595095,0.018961617589237534
