energy_true,penalty_true,exceedance_true,reward_true
0.08762020612233731,0.0,0.0,-0.001460336768705622
0.2518460931061045,0.0,0.0,-0.00273709811639612
0.4053373434984915,0.0,0.0,-0.0025581875065397836
0.5500954119062818,0.0,0.0,-0.0024126344734631713
0.6842608809813315,0.0,0.0,-0.0022360911512508286
0.8121410587564996,0.0,0.0,-0.0021313362962528
0.9326751657855169,0.0,0.0,-0.002008901783816956
1.0483235502471977,0.0,0.0,-0.0019274730743613462
1.1583331464242967,0.0,0.0,-0.0018334932696183169
1.2642520706094176,0.0,0.0,-0.0017653154030853478
1.3653681418367007,0.0,0.0,-0.001685267853788051
1.4611410243911371,0.0,0.0,-0.0015962147092406067
1.5494585053527112,0.0,0.0,-0.0014719580160262355
1.6321079585850153,0.0,0.0,-0.0013774908872050688
1.7042509092111509,0.0,0.0,-0.0012023825104355926
1.7613931999215477,0.0,0.0,-0.0009523715118399483
1.7883732975264877,0.0,0.0,-0.000449668293415666
1.8039875502179725,0.0,0.0,-0.00026023754485807963
1.8256317726110922,0.0,0.0,-0.0003607370398853276
1.8500438991846788,0.0,0.0,-0.0004068687762264451
1.8838730030601416,0.0,0.0,-0.0005638183979243791
1.9226735389623357,0.0,0.0,-0.0006466755983699016
1.9740394655688664,0.0,0.0,-0.0008560987767755119
2.032497992964394,0.0,0.0,-0.000974308789925462
2.1007565213840724,0.0,0.0,-0.001137642140327975
2.1723415654307665,0.0,0.0,-0.0011930840674449006
2.247484704829271,0.0,0.0,-0.0012523856566417407
2.3197175145600863,0.0,0.0,-0.0012038801621802576
2.39536404843228,0.0,0.0,-0.0012607755645365588
2.4746852665529007,0.0,0.0,-0.001322020302010348
2.5576899733475615,0.0,0.0,-0.001383411779911015
2.642304300259801,0.0,0.0,-0.0014102387818706508
2.729453978918832,0.0,0.0,-0.0014524946443171887
2.817088792243728,0.0,0.0,-0.0014605802220815946
2.906606044050797,0.0,0.0,-0.0014919541967844784
2.9927094324611607,0.0,0.0,-0.0014350564735060632
3.0276715586014746,0.0,0.0,-0.0005827021023385619
3.0648403751620017,0.0,0.0,-0.0006194802760087866
3.0991364367136494,0.0,0.0,-0.0005716010258607941
3.1312978541042784,0.0,0.0,-0.0005360236231771508
3.1612878743192523,0.0,0.0,-0.0004998336702495673
3.1881472525011105,0.0,0.0,-0.0004476563030309705
3.2130304254074527,0.0,0.0,-0.0004147195484390381
3.24419114308257,0.0,0.0,-0.0005193452945852908
3.2822451867067763,0.0,0.0,-0.0006342340604034366
3.3290946185934214,0.0,0.0,-0.0007808238647774149
3.3817512891257997,0.0,0.0,-0.0008776111755396384
3.4423436481506116,0.0,0.0,-0.0010098726504135288
3.511545722069415,0.0,0.0,-0.001153367898646721
3.587940225484837,0.0,0.0,-0.0012732417235903743
3.668247312510558,0.0,0.0,-0.001338451450428682
3.755162790212162,0.0,0.0,-0.0014485912950267304
3.8453590297144142,0.0,0.0,-0.001503270658370875
3.941097186088357,0.0,0.0,-0.0015956359395657093
4.039838173354181,0.0,0.0,-0.001645683121097071
4.1432180080132515,0.0,0.0,-0.0017229972443178433
4.2495265966089795,0.0,0.0,-0.0017718098099288053
4.359598513323733,0.0,0.0,-0.0018345319452458952
4.472551561218492,0.0,0.0,-0.0018825507982459914
4.587130037481416,0.0,0.0,-0.00190964127104873
4.700431250136742,0.0,0.0,-0.0018883535442554278
4.812648470339123,0.5,0.027627449678186977,-0.022590874262013245
4.917897060016535,1.0,0.040680490735582,-0.01154392395433647
5.008793725985876,1.0,0.040680490735582,-0.0015149444328223505
5.07338002471564,1.0,0.040680490735582,-0.0010764383121627508
5.111820354030884,1.0,0.040680490735582,-0.0006406721552540683
5.1278691682268285,1.0,0.040680490735582,-0.00026748023659906863
5.146988475517301,1.0,0.040680490735582,-0.0003186551215078879
5.171722052785872,1.0,0.040680490735582,-0.00041222628780949766
5.1998947544832586,1.0,0.040680490735582,-0.0004695450282897843
5.236296153748734,1.0,0.040680490735582,-0.0006066899877579197
5.277038689255177,1.0,0.040680490735582,-0.0006790422584407148
5.328797679332172,1.0,0.040680490735582,-0.0008626498346165891
5.386359385722167,1.0,0.040680490735582,-0.0009593617731665817
5.453883243632008,1.0,0.040680490735582,-0.0011253976318306852
5.525209967607482,1.0,0.040680490735582,-0.0011887787329245734
5.602023971825501,1.0,0.040680490735582,-0.0012802334036336423
5.6813517523518575,1.0,0.040680490735582,-0.0013221296754392768
5.76337076028502,1.0,0.040680490735582,-0.0013669834655527092
5.845644233081371,1.0,0.040680490735582,-0.0013712245466058611
5.928619996316321,1.0,0.040680490735582,-0.001382929387249162
6.011402792563213,1.0,0.040680490735582,-0.0013797132707815305
6.0949965285278145,1.0,0.040680490735582,-0.0013932289327433626
6.175524073279604,1.0,0.040680490735582,-0.001342125745863153
6.207490821832287,1.0,0.040680490735582,-0.0005327791425447095
6.240674193481743,1.0,0.040680490735582,-0.000553056194157605
6.272146663013983,1.0,0.040680490735582,-0.000524541158870659
6.3031936983933585,1.0,0.040680490735582,-0.0005174505896562681
6.333475542831506,1.0,0.040680490735582,-0.0005046974073024542
6.3621526858370485,1.0,0.040680490735582,-0.0004779523834257132
6.389709503738058,1.0,0.040680490735582,-0.00045928029835016874
6.41562687179317,1.0,0.040680490735582,-0.00043195613425185637
6.440768752103994,1.0,0.040680490735582,-0.00041903133851373646
6.464406021130067,1.0,0.040680490735582,-0.00039395448376789046
6.487635791959516,1.0,0.040680490735582,-0.00038716284715748113
6.511859217716388,1.0,0.040680490735582,-0.0004037237626145469
6.53482628242646,1.0,0.040680490735582,-0.000382784411834521
6.562506672674221,1.0,0.040680490735582,-0.0004613398374626822
6.590989606620832,1.0,0.040680490735582,-0.0004747155657768515
6.6234963523917125,1.0,0.040680490735582,-0.0005417790961813376
6.656885901076545,1.0,0.040680490735582,-0.0005564924780805391
6.694123544239393,1.0,0.040680490735582,-0.0006206273860474735
6.7330221423407375,1.0,0.040680490735582,-0.0006483099683557316
6.7761334069965224,1.0,0.040680490735582,-0.0007185210775964194
6.822148109662187,1.0,0.040680490735582,-0.0007669117110944062
6.872760470325351,1.0,0.040680490735582,-0.0008435393443860544
6.927312721853825,1.0,0.040680490735582,-0.0009092041921412515
6.9851192169615075,1.0,0.040680490735582,-0.0009634415851280315
7.04358490604521,1.0,0.040680490735582,-0.0009744281513950276
7.103814485507848,1.0,0.040680490735582,-0.0010038263243773093
7.1604210491651585,1.0,0.040680490735582,-0.000943442727621839
7.208664143423727,1.0,0.040680490735582,-0.0008040515709761358
7.232018543169541,1.0,0.040680490735582,-0.00038923999576358123
7.251030355821628,1.0,0.040680490735582,-0.00031686354420145405
7.276044915327576,1.0,0.040680490735582,-0.00041690932509913444
7.303508796515424,1.0,0.040680490735582,-0.0004577313531307938
7.34017284785133,1.0,0.040680490735582,-0.0006110675222650968
7.381360369244283,1.0,0.040680490735582,-0.0006864586898825374
7.433919773467452,1.0,0.040680490735582,-0.0008759900703861603
7.4923156982949575,1.0,0.040680490735582,-0.0009732654137917505
7.563359413318974,1.0,0.040680490735582,-0.0011840619170669425
7.638583742263404,1.0,0.040680490735582,-0.0012537388157405017
7.721546494622794,1.0,0.040680490735582,-0.001382712539323165
7.806902418125812,1.0,0.040680490735582,-0.001422598725050303
7.8970698958570384,1.0,0.040680490735582,-0.001502791295520438
7.987997478905952,1.0,0.040680490735582,-0.0015154597174818897
8.081149917888094,1.0,0.040680490735582,-0.0015525406497023575
8.174002864880988,1.0,0.040680490735582,-0.0015475491165482206
8.26827618434669,1.0,0.040680490735582,-0.0015712219910950073
8.361507000985496,1.0,0.040680490735582,-0.0015538469439801057
8.455751256668393,1.0,0.040680490735582,-0.0015707375947149433
8.543832082375502,1.0,0.040680490735582,-0.0014680137617851525
8.578822701541547,1.0,0.040680490735582,-0.000583176986100744
8.615512463535161,1.0,0.040680490735582,-0.0006114960332269106
8.647827667288473,1.0,0.040680490735582,-0.0005385867292218682
8.677152156514897,1.0,0.040680490735582,-0.0004887414871070733
8.703736626535019,1.0,0.040680490735582,-0.0004430745003353758
8.731018231208202,1.0,0.040680490735582,-0.00045469341121971414
8.764415086058237,1.0,0.040680490735582,-0.0005566142475006067
8.806390342260093,1.0,0.040680490735582,-0.0006995876033642435
8.854347956301384,1.0,0.040680490735582,-0.0007992935673548408
8.909952797888048,1.0,0.040680490735582,-0.0009267473597777352
8.970112707822985,1.0,0.040680490735582,-0.0010026651655822669
9.037168141392838,1.0,0.040680490735582,-0.0011175905594975504
9.112332297986974,1.0,0.040680490735582,-0.0012527359432356066
9.193844302660015,1.0,0.040680490735582,-0.0013585334112173589
9.278512888708647,1.0,0.040680490735582,-0.0014111431008105451
9.369243372809795,1.0,0.040680490735582,-0.001512174735019133
9.462882004122877,1.0,0.040680490735582,-0.0015606438552180223
9.561798403267323,1.0,0.040680490735582,-0.0016486066524074375
9.663549313609716,1.0,0.040680490735582,-0.001695848505706557
9.770012790397573,1.0,0.040680490735582,-0.0017743912797976134
9.879609557553733,1.0,0.040680490735582,-0.0018266127859360099
9.993414860930045,1.0,0.040680490735582,-0.0018967550562718715
10.111503382651575,1.0,0.040680490735582,-0.001968142028692158
10.231260135881573,1.0,0.040680490735582,-0.001995945887166636
10.349472803935038,1.0,0.040680490735582,-0.0019702111342244245
10.466985461375868,1.5,0.08911255290968256,-0.03828259092125592
10.578998412318887,2.0,0.13436373663610723,-0.035805270310535486
10.680358403539477,2.0,0.13436373663610723,-0.001689333187009844
10.755887075037169,2.0,0.13436373663610723,-0.0012588111916281822
10.8111405204377,2.0,0.13436373663610723,-0.0009208907566755205
10.842068317474373,2.0,0.13436373663610723,-0.0005154632839445454
10.860137413625216,2.0,0.13436373663610723,-0.00030115160251405264
10.884727666779655,2.0,0.13436373663610723,-0.000409837552574002
10.913522027315322,2.0,0.13436373663610723,-0.00047990600892778933
10.952245944697724,2.0,0.13436373663610723,-0.0006453986230400481
10.996758268783454,2.0,0.13436373663610723,-0.0007418720680954956
11.053006963426103,2.0,0.13436373663610723,-0.0009374782440441584
11.115243396830664,2.0,0.13436373663610723,-0.001037273890076004
11.18932109576367,2.0,0.13436373663610723,-0.0012346283155501177
11.26697240018366,2.0,0.13436373663610723,-0.0012941884069998049
11.351731326368213,2.0,0.13436373663610723,-0.001412648769742563
11.437799092207845,2.0,0.13436373663610723,-0.0014344627639938747
11.526929007270313,2.0,0.13436373663610723,-0.0014854985843744623
11.615295588954044,2.0,0.13436373663610723,-0.0014727763613955132
11.704524941441854,2.0,0.13436373663610723,-0.0014871558747968304
11.791057606026806,2.0,0.13436373663610723,-0.0014422110764158844
11.877615759850228,2.0,0.13436373663610723,-0.001442635897057016
11.955997190361684,2.0,0.13436373663610723,-0.001306357175190924
11.985167979219812,2.0,0.13436373663610723,-0.0004861798143021324
12.017998987320167,2.0,0.13436373663610723,-0.0005471834683392685
12.046651856838759,2.0,0.13436373663610723,-0.000477547825309856
12.073122304768892,2.0,0.13436373663610723,-0.0004411741321688818
12.097630668132426,2.0,0.13436373663610723,-0.000408472722725575
12.129643234069022,2.0,0.13436373663610723,-0.000533542765609919
12.168187039471238,2.0,0.13436373663610723,-0.0006423967567036157
12.214420579285301,2.0,0.13436373663610723,-0.0007705589969010511
12.265786796908367,2.0,0.13436373663610723,-0.0008561036270511116
12.323833962229616,2.0,0.13436373663610723,-0.000967452755354152
12.385310686120405,2.0,0.13436373663610723,-0.0010246120648464904
12.452433474861301,2.0,0.13436373663610723,-0.001118713145681615
12.525501425015898,2.0,0.13436373663610723,-0.001217799169243281
12.603433295312557,2.0,0.13436373663610723,-0.0012988645049443197
12.682900243611673,2.0,0.13436373663610723,-0.0013244491383185854
12.767141842319626,2.0,0.13436373663610723,-0.00140402664513255
12.853100857222046,2.0,0.13436373663610723,-0.0014326502483736707
12.943319152640802,2.0,0.13436373663610723,-0.001503638256979274
13.035482399733251,2.0,0.13436373663610723,-0.0015360541182074868
13.131457320018685,2.0,0.13436373663610723,-0.0015995820047572278
13.229714507880828,2.0,0.13436373663610723,-0.0016376197977023984
13.330936410385537,2.0,0.13436373663610723,-0.0016870317084117965
13.434244919545597,2.0,0.13436373663610723,-0.0017218084860009927
13.538566195182232,2.0,0.13436373663610723,-0.0017386879272772533
13.641624452386647,2.0,0.13436373663610723,-0.001717637620073576
13.742324259019831,2.0,0.13436373663610723,-0.0016783301105530674
13.837138422629467,2.0,0.13436373663610723,-0.0015802360601606044
13.919932281882641,2.0,0.13436373663610723,-0.001379897654219563
13.975408729838573,2.0,0.13436373663610723,-0.0009246074659321947
14.008369409078092,2.0,0.13436373663610723,-0.0005493446539919682
14.025691638831388,2.0,0.13436373663610723,-0.00028870382922160405
14.046332529445086,2.0,0.13436373663610723,-0.0003440148435616385
14.073614597023338,2.0,0.13436373663610723,-0.00045470112630420354
14.105636542376887,2.0,0.13436373663610723,-0.0005336990892258205
14.147666580728309,2.0,0.13436373663610723,-0.0007005006391903746
14.194742428514488,2.0,0.13436373663610723,-0.0007845974631029894
14.252055183107872,2.0,0.13436373663610723,-0.0009552125765564253
14.314280091697151,2.0,0.13436373663610723,-0.0010370818098213188
14.385705386443332,2.0,0.13436373663610723,-0.0011904215791030044
14.461193717190417,2.0,0.13436373663610723,-0.001258138845784733
14.542052465565156,2.0,0.13436373663610723,-0.0013476458062456564
14.62448077367588,2.0,0.13436373663610723,-0.0013738051351787305
14.7115089361615,2.0,0.13436373663610723,-0.0014504693747603398
14.799540549218996,2.0,0.13436373663610723,-0.001467193550958267
14.89100023585189,2.0,0.13436373663610723,-0.0015243281105482146
14.981999356242547,2.0,0.13436373663610723,-0.0015166520065109557
15.074856125703876,2.0,0.13436373663610723,-0.0015476128243554794
15.162730197781094,2.0,0.13436373663610723,-0.0014645678679536317
15.196579267280656,2.0,0.13436373663610723,-0.000564151158326016
15.234412677589491,2.0,0.13436373663610723,-0.0006305568384805675
15.263882299397597,2.0,0.13436373663610723,-0.0004911603634684323
15.290877191137735,2.0,0.13436373663610723,-0.00044991486233562504
15.318168391206783,2.0,0.13436373663610723,-0.0004548533344841343
15.354642476350199,2.0,0.13436373663610723,-0.000607901419056925
15.399666505855839,2.0,0.13436373663610723,-0.0007504004917606651
15.45396492115945,2.0,0.13436373663610723,-0.0009049735883935149
15.514808932355997,2.0,0.13436373663610723,-0.0010140668532757924
15.583639850991043,2.0,0.13436373663610723,-0.001147181977250752
15.657132619355194,2.0,0.13436373663610723,-0.0012248794727358612
15.737742631951477,2.0,0.13436373663610723,-0.0013435002099380518
15.828713960543833,2.0,0.13436373663610723,-0.0015161888098726144
15.92588517647825,2.0,0.13436373663610723,-0.0016195202655735984
16.026348719911944,2.0,0.13436373663610723,-0.0016743923905615768
16.133006052004088,2.0,0.13436373663610723,-0.0017776222015357143
16.242879406364228,2.0,0.13436373663610723,-0.0018312225726690155
16.358265615091355,2.0,0.13436373663610723,-0.0019231034787854566
16.476906509009623,2.0,0.13436373663610723,-0.001977348231971126
16.600558319909513,2.0,0.13436373663610723,-0.002060863514998176
16.72760443350172,2.0,0.13436373663610723,-0.0021174352265368227
16.858784105970837,2.0,0.13436373663610723,-0.002186327874485259
16.994182812579783,2.0,0.13436373663610723,-0.002256645110149076
17.131595318582395,2.0,0.13436373663610723,-0.0022902084333768424
17.267942944486954,2.0,0.13436373663610723,-0.0022724604317426685
17.40369572460567,2.5,0.25109890014623737,-0.08981391896790951
17.533987925237344,3.0,0.36301018456567036,-0.08610499999176932
17.653093564162337,3.0,0.36301018456567036,-0.0019850939820832223
17.745533458065264,3.0,0.36301018456567036,-0.0015406648983821317
17.816977676700564,3.0,0.36301018456567036,-0.0011907369772550113
17.86309252092313,3.0,0.36301018456567036,-0.0007685807370427297
17.89377152352912,3.0,0.36301018456567036,-0.0005113167100998894
17.914234271541286,3.0,0.36301018456567036,-0.00034104580020276955
17.939338737807073,3.0,0.36301018456567036,-0.00041840777109647273
17.97365570502413,3.0,0.36301018456567036,-0.0005719494536175891
18.01352087807623,3.0,0.36301018456567036,-0.0006644195508683291
18.064294846383717,3.0,0.36301018456567036,-0.0008462328051248345
18.120331292608554,3.0,0.36301018456567036,-0.0009339407704139376
18.187038936727333,3.0,0.36301018456567036,-0.0011117940686463253
18.25780230127375,3.0,0.36301018456567036,-0.001179389409106929
18.335521262042754,3.0,0.36301018456567036,-0.0012953160128167454
18.415071131654624,3.0,0.36301018456567036,-0.0013258311601978489
18.498048441440915,3.0,0.36301018456567036,-0.001382955163104813
18.580613624143687,3.0,0.36301018456567036,-0.0013760863783795702
18.664873502362653,3.0,0.36301018456567036,-0.0014043313036494194
18.74791295065191,3.0,0.36301018456567036,-0.0013839908048209372
18.83139501754217,3.0,0.36301018456567036,-0.0013913677815043971
18.90843366685575,3.0,0.36301018456567036,-0.0012839774885596423
18.937167841616073,3.0,0.36301018456567036,-0.00047890291267204885
18.971648639291182,3.0,0.36301018456567036,-0.000574679961251836
19.000896289848935,3.0,0.36301018456567036,-0.0004874608426291977
19.02976151549821,3.0,0.36301018456567036,-0.00048108709415457226
19.056007053987457,3.0,0.36301018456567036,-0.0004374256414875015
19.080021087934593,3.0,0.36301018456567036,-0.000400233899118957
19.106511995089754,3.0,0.36301018456567036,-0.00044151511925265947
19.13929460494593,3.0,0.36301018456567036,-0.0005463768309362792
19.17617716189101,3.0,0.36301018456567036,-0.0006147092824180146
19.218757769003993,3.0,0.36301018456567036,-0.0007096767852163602
19.2641013542554,3.0,0.36301018456567036,-0.0007557264208567562
19.314627733591113,3.0,0.36301018456567036,-0.0008421063222619061
19.368095653861502,3.0,0.36301018456567036,-0.0008911320045064985
19.426776728387125,3.0,0.36301018456567036,-0.0009780179087604019
19.487106301949304,3.0,0.36301018456567036,-0.0010054928927029807
19.552308212865352,3.0,0.36301018456567036,-0.0010866985152674475
19.619208665232,3.0,0.36301018456567036,-0.0011150075394441377
19.69029026749409,3.0,0.36301018456567036,-0.0011846933710347742
19.763091369002378,3.0,0.36301018456567036,-0.0012133516918048023
19.839475369015897,3.0,0.36301018456567036,-0.0012730666668920017
19.917746265613676,3.0,0.36301018456567036,-0.0013045149432962917
19.998861696852355,3.0,0.36301018456567036,-0.001351923853977985
20.081491604189715,3.0,0.36301018456567036,-0.0013771651222893534
20.16451655891315,3.0,0.36301018456567036,-0.0013837492453905795
20.245518882903458,3.0,0.36301018456567036,-0.001350038733171785
20.32327229482156,3.0,0.36301018456567036,-0.001295890198635035
20.395274440779446,3.0,0.36301018456567036,-0.0012000357659647692
20.452067425563445,3.0,0.36301018456567036,-0.0009465497464000085
20.480470019869326,3.0,0.36301018456567036,-0.00047337657176465165
20.49725732284165,3.0,0.36301018456567036,-0.0002797883828721025
20.518938317728303,3.0,0.36301018456567036,-0.00036134991477754214
20.543034129290078,3.0,0.36301018456567036,-0.00040159685936294647
20.574899706689045,3.0,0.36301018456567036,-0.0005310929566494708
20.611080778623325,3.0,0.36301018456567036,-0.0006030178655713432
20.658669967260398,3.0,0.36301018456567036,-0.0007931531439512268
20.712738678922236,3.0,0.36301018456567036,-0.000901145194363981
20.77726439953592,3.0,0.36301018456567036,-0.0010754286768947473
20.84601314949125,3.0,0.36301018456567036,-0.0011458124992554937
20.921228850743983,3.0,0.36301018456567036,-0.001253595020878921
20.99876707136726,3.0,0.36301018456567036,-0.0012923036770546362
21.07949530276045,3.0,0.36301018456567036,-0.0013454705232197794
21.16164827802022,3.0,0.36301018456567036,-0.001369216254329537
21.24622368396197,3.0,0.36301018456567036,-0.0014095900990291487
21.331021406925508,3.0,0.36301018456567036,-0.0014132953827256328
21.416074281504258,3.0,0.36301018456567036,-0.0014175479096458336
21.500588006432693,3.0,0.36301018456567036,-0.0014085620821405575
21.585833935122455,3.0,0.36301018456567036,-0.001420765478162689
21.669171378941133,3.0,0.36301018456567036,-0.0013889573969779524
21.70611950305266,3.0,0.36301018456567036,-0.0006158020685254176
21.742301934456258,3.0,0.36301018456567036,-0.0006030405233933194
21.77774599015298,3.0,0.36301018456567036,-0.000590734261612037
21.811506242065576,3.0,0.36301018456567036,-0.0005626708652099519
21.843823347798786,3.0,0.36301018456567036,-0.0005386184288868434
21.874601693157363,3.0,0.36301018456567036,-0.0005129724226429638
21.904294696586632,3.0,0.36301018456567036,-0.0004948833904878391
21.932335926472536,3.0,0.36301018456567036,-0.0004673538314317099
21.959490062925926,3.0,0.36301018456567036,-0.0004525689408898501
21.984842544435708,3.0,0.36301018456567036,-0.00042254135849633794
22.009541441920426,3.0,0.36301018456567036,-0.00041164829141195763
22.032823052277937,3.0,0.36301018456567036,-0.00038802683929182444
22.056566909585115,3.0,0.36301018456567036,-0.0003957309551196005
22.08562383805497,3.0,0.36301018456567036,-0.00048428214116427476
22.116487794101896,3.0,0.36301018456567036,-0.0005143992674487731
22.152617129839243,3.0,0.36301018456567036,-0.000602155595622411
22.190483964075998,3.0,0.36301018456567036,-0.0006311139039459214
22.23226764328179,3.0,0.36301018456567036,-0.0006963946534298907
22.275324891880487,3.0,0.36301018456567036,-0.0007176208099782571
22.321399949906937,3.0,0.36301018456567036,-0.0007679176337741679
22.368711567929086,3.0,0.36301018456567036,-0.0007885269670358245
22.41844896552959,3.0,0.36301018456567036,-0.00082895662667501
22.469541037354123,3.0,0.36301018456567036,-0.0008515345304089368
22.521704015696212,3.0,0.36301018456567036,-0.0008693829723681597
22.573525251832827,3.0,0.36301018456567036,-0.0008636872689435972
22.623682182800035,3.0,0.36301018456567036,-0.0008359488494534872
22.671710292943224,3.0,0.36301018456567036,-0.0008004685023864795
22.707404111763154,3.0,0.36301018456567036,-0.0005948969803321546
22.725309624724648,3.0,0.36301018456567036,-0.00029842521602489676
22.74793545192435,3.0,0.36301018456567036,-0.00037709711999502326
22.775069106040835,3.0,0.36301018456567036,-0.0004522275686081091
22.80464229830429,3.0,0.36301018456567036,-0.0004928865377242675
22.840541240685912,3.0,0.36301018456567036,-0.0005983157063603474
22.87930789318139,3.0,0.36301018456567036,-0.0006461108749246182
22.927547035119904,3.0,0.36301018456567036,-0.0008039856989752181
22.98101190737595,3.0,0.36301018456567036,-0.0008910812042674318
23.045327612830448,3.0,0.36301018456567036,-0.0010719284242416247
23.11317945505504,3.0,0.36301018456567036,-0.0011308640370765177
23.18663521712841,3.0,0.36301018456567036,-0.0012242627012228348
23.261926571665448,3.0,0.36301018456567036,-0.00125485590895068
23.34051486872464,3.0,0.36301018456567036,-0.0013098049509865511
23.419860671249573,3.0,0.36301018456567036,-0.0013224300420822236
23.50159944537057,3.0,0.36301018456567036,-0.0013623129020165921
23.584241752497,3.0,0.36301018456567036,-0.0013773717854405078
23.66818272293386,3.0,0.36301018456567036,-0.0013990161739476723
23.75200518477912,3.0,0.36301018456567036,-0.0013970410307543155
23.836776562240477,3.0,0.36301018456567036,-0.0014128562910226288
23.920053456832644,3.0,0.36301018456567036,-0.0013879482432027916
23.955590549029854,3.0,0.36301018456567036,-0.0005922848699534996
23.992187555236157,3.0,0.36301018456567036,-0.000609950103438401
24.02679086754506,3.0,0.36301018456567036,-0.0005767218718150269
24.060698545460532,3.0,0.36301018456567036,-0.0005651279652578646
24.093009459238438,3.0,0.36301018456567036,-0.0005385152296317762
24.12315743828943,3.0,0.36301018456567036,-0.00050246631751651
24.152027447792978,3.0,0.36301018456567036,-0.00048116682505912816
24.179151356137176,3.0,0.36301018456567036,-0.00045206513906997497
24.205302418051705,3.0,0.36301018456567036,-0.000435851031908801
24.22978846601906,3.0,0.36301018456567036,-0.00040810079945590035
24.25374087736388,3.0,0.36301018456567036,-0.0003992068557470214
24.276396856765977,3.0,0.36301018456567036,-0.00037759965670157984
24.299814115563155,3.0,0.36301018456567036,-0.0003902876466196277
24.32658049078495,3.0,0.36301018456567036,-0.0004461062536965836
24.354065389593405,3.0,0.36301018456567036,-0.00045808164680763457
24.386339998774254,3.0,0.36301018456567036,-0.0005379101530141356
24.420050689031974,3.0,0.36301018456567036,-0.0005618448376286478
24.45788247710383,3.0,0.36301018456567036,-0.0006305298011975711
24.497231634673483,3.0,0.36301018456567036,-0.0006558192928275403
24.539881778681853,3.0,0.36301018456567036,-0.0007108357334728026
24.58406846308784,3.0,0.36301018456567036,-0.0007364447400997553
24.630963308174913,3.0,0.36301018456567036,-0.0007815807514512317
24.679509727140086,3.0,0.36301018456567036,-0.0008091069827529234
24.729028698301097,3.0,0.36301018456567036,-0.0008253161860168408
24.777156307666406,3.0,0.36301018456567036,-0.0008021268227551558
24.82322963825096,3.0,0.36301018456567036,-0.0007678888430759208
24.86317454425345,3.0,0.36301018456567036,-0.0006657484333748353
24.8923450799653,3.0,0.36301018456567036,-0.0004861755951974741
24.909397599856955,3.0,0.36301018456567036,-0.00028420866486095057
24.931347155938575,3.0,0.36301018456567036,-0.0003658259346936267
24.958972849387994,3.0,0.36301018456567036,-0.00046042822415701205
24.988389298511663,3.0,0.36301018456567036,-0.0004902741520611275
25.023466902953825,3.0,0.36301018456567036,-0.0005846267407027179
25.0621581684348,3.0,0.36301018456567036,-0.0006448544246829311
25.106215486062993,3.0,0.36301018456567036,-0.0007342886271365857
25.148967270294428,3.0,0.36301018456567036,-0.0007125297371905985
25.198149940358412,3.0,0.36301018456567036,-0.0008197111677330696
25.253741171692447,3.0,0.36301018456567036,-0.0009265205222338882
25.320669869616516,3.0,0.36301018456567036,-0.0011154782987344734
25.388706291873564,3.0,0.36301018456567036,-0.0011339403709508143
25.463507192099577,3.0,0.36301018456567036,-0.0012466816704335179
25.538806419124132,3.0,0.36301018456567036,-0.0012549871170759392
25.61849921494232,3.0,0.36301018456567036,-0.001328213263636511
25.69944703676078,3.0,0.36301018456567036,-0.0013491303636409824
25.781865507650885,3.0,0.36301018456567036,-0.0013736411815017215
25.863270499075117,3.0,0.36301018456567036,-0.0013567498570705382
25.94530955830484,3.0,0.36301018456567036,-0.0013673176538286868
26.02166292355685,3.0,0.36301018456567036,-0.0012725560875335416
26.049766568126426,3.0,0.36301018456567036,-0.0004683940761595935
26.08123473119862,3.0,0.36301018456567036,-0.0005244693845365986
26.109360699683368,3.0,0.36301018456567036,-0.00046876614141247756
26.136442351893585,3.0,0.36301018456567036,-0.00045136087017026764
26.162271822482694,3.0,0.36301018456567036,-0.00043049117648515214
26.186359457242602,3.0,0.36301018456567036,-0.0004014605793317952
26.21001509540136,3.0,0.36301018456567036,-0.000394260635979304
26.232618115094443,3.0,0.36301018456567036,-0.0003767169948847318
26.254938299071902,3.0,0.36301018456567036,-0.00037200306629097004
26.279966451376236,3.0,0.36301018456567036,-0.0004171358717388865
26.306733382409192,3.0,0.36301018456567036,-0.0004461155172159555
26.33779511548254,3.0,0.36301018456567036,-0.0005176955512224337
26.367548029873117,3.0,0.36301018456567036,-0.0004958819065096111
26.402051553911427,3.0,0.36301018456567036,-0.0005750587339718551
26.43718145734366,3.0,0.36301018456567036,-0.0005854983905371984
26.47627543375304,3.0,0.36301018456567036,-0.000651566273489744
26.516174926032544,3.0,0.36301018456567036,-0.0006649915379917382
26.55970832860665,3.0,0.36301018456567036,-0.0007255567095684424
26.604341154816357,3.0,0.36301018456567036,-0.0007438804368284608
26.652069783943517,3.0,0.36301018456567036,-0.0007954771521193479
26.70119235861299,3.0,0.36301018456567036,-0.0008187095778245031
26.752758683590084,3.0,0.36301018456567036,-0.0008594387496182594
26.805580550780505,3.0,0.36301018456567036,-0.000880364453173665
26.85930800395959,3.0,0.36301018456567036,-0.0008954575529847607
26.913601771381522,3.0,0.36301018456567036,-0.0009048961236988636
26.967819222833505,3.0,0.36301018456567036,-0.0009036241908663537
27.022205966366716,3.0,0.36301018456567036,-0.0009064457255535124
27.067202342872303,3.0,0.36301018456567036,-0.0007499396084264381
27.09174745598839,3.0,0.36301018456567036,-0.0004090852186014587
27.109176117476096,3.0,0.36301018456567036,-0.00029047769146176835
27.129046344917466,3.0,0.36301018456567036,-0.00033117045735615494
27.14948623959915,3.0,0.36301018456567036,-0.0003406649113614073
27.17294174687736,3.0,0.36301018456567036,-0.0003909251213035175
27.196996853964105,3.0,0.36301018456567036,-0.00040091845144577464
27.22478269565217,3.0,0.36301018456567036,-0.00046309736146772765
27.25324948000002,3.0,0.36301018456567036,-0.0004744464057974956
27.287641996731537,3.0,0.36301018456567036,-0.0005732086121920016
27.32434551979305,3.0,0.36301018456567036,-0.0006117253843585256
27.36559908044368,3.0,0.36301018456567036,-0.0006875593441771847
27.406260222721134,3.0,0.36301018456567036,-0.0006776857046242176
27.451541805049978,3.0,0.36301018456567036,-0.00075469303881408
27.495952130570366,3.0,0.36301018456567036,-0.0007401720920064849
27.545127980182833,3.0,0.36301018456567036,-0.0008195974935411384
27.593153535631007,3.0,0.36301018456567036,-0.0008004259241362108
27.645897438138896,3.0,0.36301018456567036,-0.0008790650417981323
27.696739702190893,3.0,0.36301018456567036,-0.0008473710675332795
27.752342402537145,3.0,0.36301018456567036,-0.0009267116724375413
27.801446154724843,3.0,0.36301018456567036,-0.0008183958697949497
27.82773650265818,3.0,0.36301018456567036,-0.0004381724655556357
27.849757244944414,3.0,0.36301018456567036,-0.0003670123714372151
27.87145345380618,3.0,0.36301018456567036,-0.00036160348102940966
27.897025707221136,3.0,0.36301018456567036,-0.0004262042235825932
27.92654124364044,3.0,0.36301018456567036,-0.0004919256069883677
27.960297121630635,3.0,0.36301018456567036,-0.000562597966503268
27.996292905283276,3.0,0.36301018456567036,-0.0005999297275439992
28.035808374035163,3.0,0.36301018456567036,-0.0006585911458647939
28.07659007790903,3.0,0.36301018456567036,-0.0006796950645644988
28.120408201777437,3.0,0.36301018456567036,-0.0007303020644734251
28.164514305002104,3.0,0.36301018456567036,-0.0007351017204111065
28.211217302573043,3.0,0.36301018456567036,-0.0007783832928489805
28.25670546178084,3.0,0.36301018456567036,-0.0007581359867966172
28.305093747554135,3.0,0.36301018456567036,-0.0008064714295549537
28.352632292977233,3.0,0.36301018456567036,-0.000792309090384955
28.402888810420844,3.0,0.36301018456567036,-0.0008376086240602
28.45297848981919,3.0,0.36301018456567036,-0.0008348279899724279
28.50578601791203,3.0,0.36301018456567036,-0.0008801254682140026
28.559083629926427,3.0,0.36301018456567036,-0.0008882935335732899
28.61507002700338,3.0,0.36301018456567036,-0.0009331066179492332
28.672441238872928,3.0,0.36301018456567036,-0.0009561868644924851
28.73255878891881,3.0,0.36301018456567036,-0.001001959167431331
28.794444280864322,3.0,0.36301018456567036,-0.0010314248657585547
28.857878072005118,3.0,0.36301018456567036,-0.0010572298523465866
28.921683971217185,3.0,0.36301018456567036,-0.001063431653534434
28.985069906367944,3.0,0.36301018456567036,-0.001056432252512677
29.047791721605854,3.0,0.36301018456567036,-0.0010453635872985135
29.10214638873134,3.0,0.36301018456567036,-0.0009059111187581069
29.132370549458926,3.0,0.36301018456567036,-0.0005037360121264365
29.15019327936627,3.0,0.36301018456567036,-0.0002970454984557144
29.17050189896564,3.0,0.36301018456567036,-0.0003384769933227958
29.19148688379209,3.0,0.36301018456567036,-0.0003497497471075247
29.21646661839319,3.0,0.36301018456567036,-0.00041632891001835564
29.244166000007525,3.0,0.36301018456567036,-0.00046165636023891114
29.27886558108922,3.0,0.36301018456567036,-0.0005783263513615861
29.316148528829054,3.0,0.36301018456567036,-0.0006213824623305523
29.357936501838818,3.0,0.36301018456567036,-0.0006964662168293868
29.403265869862256,3.0,0.36301018456567036,-0.0007554894670572834
29.45341521256581,3.0,0.36301018456567036,-0.0008358223783925934
29.50220189132201,3.0,0.36301018456567036,-0.0008131113126033082
29.55731473319605,3.0,0.36301018456567036,-0.0009185473645673629
29.61071251204026,3.0,0.36301018456567036,-0.0008899629807367738
29.66840423656011,3.0,0.36301018456567036,-0.0009615287419975189
29.727561522975694,3.0,0.36301018456567036,-0.0009859547735930616
29.793009160078427,3.0,0.36301018456567036,-0.0010907939517121924
29.85816818155436,3.0,0.36301018456567036,-0.0010859836912655455
29.928257117844147,3.0,0.36301018456567036,-0.0011681489381631276
29.991047801741882,3.0,0.36301018456567036,-0.0010465113982955473
30.014497695725574,3.0,0.36301018456567036,-0.0003908315663948436
30.043335605299806,3.0,0.36301018456567036,-0.00048063182623717614
30.068271754539804,3.0,0.36301018456567036,-0.00041560248733328993
30.09393221278732,3.0,0.36301018456567036,-0.0004276743041252296
30.11748449647556,3.0,0.36301018456567036,-0.0003925380614706527
30.139875429552024,3.0,0.36301018456567036,-0.00037318221794111113
30.163937150894952,3.0,0.36301018456567036,-0.00040102868904877637
30.192315979755964,3.0,0.36301018456567036,-0.0004729804810168889
30.2228441592771,3.0,0.36301018456567036,-0.0005088029920188957
30.25708151403101,3.0,0.36301018456567036,-0.0005706225792318913
30.29229669780882,3.0,0.36301018456567036,-0.0005869197296301498
30.330823523512223,3.0,0.36301018456567036,-0.000642113761723367
30.367870421268528,3.0,0.36301018456567036,-0.0006174482959384321
30.408683592080873,3.0,0.36301018456567036,-0.0006802195135390997
30.449444236068615,3.0,0.36301018456567036,-0.0006793440664623698
30.49370293033444,3.0,0.36301018456567036,-0.0007376449044304099
30.538329203647965,3.0,0.36301018456567036,-0.0007437712218921183
30.586083831153296,3.0,0.36301018456567036,-0.0007959104584221723
30.634750594914888,3.0,0.36301018456567036,-0.0008111127293598499
30.686359822783032,3.0,0.36301018456567036,-0.0008601537978023858
30.739172011465964,3.0,0.36301018456567036,-0.0008802031447155036
30.794327815495283,3.0,0.36301018456567036,-0.0009192634004886173
30.85082280669493,3.0,0.36301018456567036,-0.0009415831866607887
30.90821062909074,3.0,0.36301018456567036,-0.000956463706596831
30.965235082961087,3.0,0.36301018456567036,-0.0009504075645058082
31.020288320456032,3.0,0.36301018456567036,-0.0009175539582490894
31.071845625732596,3.0,0.36301018456567036,-0.0008592884212760567
31.109529290260426,3.0,0.36301018456567036,-0.000628061075463829
31.12842228700358,3.0,0.36301018456567036,-0.0003148832790525521
31.14776516673777,3.0,0.36301018456567036,-0.00032238132890316447
31.169998533414166,3.0,0.36301018456567036,-0.0003705561112732509
31.194612761910193,3.0,0.36301018456567036,-0.000410237141600458
31.225594665364685,3.0,0.36301018456567036,-0.0005163650575748583
31.261584690265682,3.0,0.36301018456567036,-0.0005998337483499651
31.30557606171719,3.0,0.36301018456567036,-0.0007331895241917773
31.35153620282496,3.0,0.36301018456567036,-0.0007660023517961779
31.403184619931167,3.0,0.36301018456567036,-0.0008608069517701261
31.455658666281348,3.0,0.36301018456567036,-0.0008745674391696558
31.51186160649722,3.0,0.36301018456567036,-0.0009367156702645538
31.56631139176473,3.0,0.36301018456567036,-0.0009074964211252067
31.630638881126238,3.0,0.36301018456567036,-0.0010721248226917479
31.697495034262673,3.0,0.36301018456567036,-0.0011142692189405996
31.770616437568467,3.0,0.36301018456567036,-0.0012186900550965809
31.844414246505327,3.0,0.36301018456567036,-0.0012299634822810208
31.920882526063682,3.0,0.36301018456567036,-0.0012744713259725737
31.997160407816562,3.0,0.36301018456567036,-0.0012712980292146447
32.07521781803162,3.0,0.36301018456567036,-0.001300956836917556
32.1470722539457,3.0,0.36301018456567036,-0.0011975739319014125
32.17290132694209,3.0,0.36301018456567036,-0.00043048454993979495
32.20378314310937,3.0,0.36301018456567036,-0.0005146969361213173
32.23009725488859,3.0,0.36301018456567036,-0.0004385685296537203
32.256469175874514,3.0,0.36301018456567036,-0.0004395320164320511
32.28146886516032,3.0,0.36301018456567036,-0.0004166614880967961
32.30482417241203,3.0,0.36301018456567036,-0.00038925512086188216
32.32765602235491,3.0,0.36301018456567036,-0.00038053083238126013
32.34936371266259,3.0,0.36301018456567036,-0.0003617948384613319
32.37107307646917,3.0,0.36301018456567036,-0.0003618227301097685
32.39581293544515,3.0,0.36301018456567036,-0.0004123309829329719
32.42142058955112,3.0,0.36301018456567036,-0.00042679423509952815
32.450202869354754,3.0,0.36301018456567036,-0.0004797046633939242
32.47590649608891,3.0,0.36301018456567036,-0.0004283937789026205
32.505422975145876,3.0,0.36301018456567036,-0.0004919413176160906
32.534542214622554,3.0,0.36301018456567036,-0.00048532065794464285
32.566790359278116,3.0,0.36301018456567036,-0.0005374690775927463
32.59909731712749,3.0,0.36301018456567036,-0.0005384492974894899
32.634451369930716,3.0,0.36301018456567036,-0.0005892342133870971
32.670553518365224,3.0,0.36301018456567036,-0.0006017024739084464
32.70954516758475,3.0,0.36301018456567036,-0.0006498608203254661
32.749930315753694,3.0,0.36301018456567036,-0.0006730858028157403
32.792964551082484,3.0,0.36301018456567036,-0.0007172372554798051
32.83721224782345,3.0,0.36301018456567036,-0.0007374616123494444
32.88154624519247,3.0,0.36301018456567036,-0.000738899956150275
32.92389544977594,3.0,0.36301018456567036,-0.0007058200763912319
32.96293546913255,3.0,0.36301018456567036,-0.0006506669892768525
32.997202420289184,3.0,0.36301018456567036,-0.0005711158526104707
33.01911550252386,3.0,0.36301018456567036,-0.0003652180372446435
33.03799678547554,3.0,0.36301018456567036,-0.00031468804919466265
33.06210186556177,3.0,0.36301018456567036,-0.00040175133477043847
33.09141650456888,3.0,0.36301018456567036,-0.0004885773167851525
33.12369068986373,3.0,0.36301018456567036,-0.0005379030882473944
33.16445024711536,3.0,0.36301018456567036,-0.0006793259541939157
33.20813520889683,3.0,0.36301018456567036,-0.0007280826963577494
33.26398929880097,3.0,0.36301018456567036,-0.0009309014984024567
33.32505836490215,3.0,0.36301018456567036,-0.001017817768352886
33.39502295200107,3.0,0.36301018456567036,-0.001166076451648685
33.46786504296433,3.0,0.36301018456567036,-0.0012140348493875884
33.545542948898984,3.0,0.36301018456567036,-0.0012946317655776252
33.62575015407766,3.0,0.36301018456567036,-0.001336786752977875
33.70991928926491,3.0,0.36301018456567036,-0.0014028189197876019
33.794919658632246,3.0,0.36301018456567036,-0.0014166728227889556
33.88218507442706,3.0,0.36301018456567036,-0.0014544235965803225
33.96989607915407,3.0,0.36301018456567036,-0.0014618500787834496
34.059744199388305,3.0,0.36301018456567036,-0.0014974686705705653
34.149382232338034,3.0,0.36301018456567036,-0.0014939672158288595
34.24086934488733,3.0,0.36301018456567036,-0.001524785209154896
34.328680478710076,3.0,0.36301018456567036,-0.0014635188970457977
34.36481918767826,3.0,0.36301018456567036,-0.0006023118161363401
34.403380988417304,3.0,0.36301018456567036,-0.0006426966789840888
34.438437407521086,3.0,0.36301018456567036,-0.0005842736517297474
34.47073543104138,3.0,0.36301018456567036,-0.0005383003920049617
34.500205004270306,3.0,0.36301018456567036,-0.0004911595538154192
34.52595433109596,3.0,0.36301018456567036,-0.0004291554470942713
34.55210335885988,3.0,0.36301018456567036,-0.00043581712939866324
34.586391080337584,3.0,0.36301018456567036,-0.0005714620246283618
34.62724892153134,3.0,0.36301018456567036,-0.0006809640198958909
34.67612488592432,3.0,0.36301018456567036,-0.0008145994065495817
34.72995519262728,3.0,0.36301018456567036,-0.0008971717783827141
34.790907876839434,3.0,0.36301018456567036,-0.0010158780702025664
34.85901205597679,3.0,0.36301018456567036,-0.0011350696522893088
34.933370123387995,3.0,0.36301018456567036,-0.0012393011235200602
35.010440799292795,3.0,0.36301018456567036,-0.0012845112650799796
35.093039582141955,3.0,0.36301018456567036,-0.0013766463808193969
35.177833804259805,3.0,0.36301018456567036,-0.0014132370352975176
35.26695898251297,3.0,0.36301018456567036,-0.0014854196375527196
35.35796334839026,3.0,0.36301018456567036,-0.0015167394312881448
35.452190602096906,3.0,0.36301018456567036,-0.0015704542284441726
35.54790984009943,3.0,0.36301018456567036,-0.0015953206333753896
35.64606530487959,3.0,0.36301018456567036,-0.0016359244130026726
35.74556157956818,3.0,0.36301018456567036,-0.0016582712448098076
35.845619070044776,3.0,0.36301018456567036,-0.0016676248412765989
35.945361210615665,3.0,0.36301018456567036,-0.001662369009514853
36.042804810694854,3.0,0.36301018456567036,-0.0016240600013197638
36.13380169516351,3.0,0.36301018456567036,-0.0015166147411443537
36.210871872421514,3.0,0.36301018456567036,-0.0012845029543000173
36.261290260664076,3.0,0.36301018456567036,-0.0008403064707093459
36.28841197506474,3.0,0.36301018456567036,-0.0004520285733443605
36.306572801281824,3.0,0.36301018456567036,-0.0003026804369513861
36.32753558486243,3.0,0.36301018456567036,-0.0003493797263434149
36.3564916142626,3.0,0.36301018456567036,-0.00048260049000283504
36.389250978249876,3.0,0.36301018456567036,-0.0005459893997879302
36.432148288766676,3.0,0.36301018456567036,-0.0007149551752799431
36.48112595069204,3.0,0.36301018456567036,-0.0008162943654227058
36.542178205755384,3.0,0.36301018456567036,-0.0010175375843890333
36.608534018981,3.0,0.36301018456567036,-0.0011059302204268252
36.68259203223877,3.0,0.36301018456567036,-0.0012343002209629118
36.75922315260077,3.0,0.36301018456567036,-0.0012771853393665877
36.84096112250503,3.0,0.36301018456567036,-0.001362299498404306
36.92401298241013,3.0,0.36301018456567036,-0.0013841976650850812
37.009638309412004,3.0,0.36301018456567036,-0.0014270887833645093
37.09575955439089,3.0,0.36301018456567036,-0.0014353540829813688
37.182566946647846,3.0,0.36301018456567036,-0.0014467898709493569
37.268030551735315,3.0,0.36301018456567036,-0.001424393418124487
37.35468028560414,3.0,0.36301018456567036,-0.0014441622311470762
37.43835068012697,3.0,0.36301018456567036,-0.0013945065753805709
37.47333777583797,3.0,0.36301018456567036,-0.000583118261849967
37.50987796119293,3.0,0.36301018456567036,-0.0006090030892492887
37.542291289289984,3.0,0.36301018456567036,-0.0005402221349509905
37.57502953344288,3.0,0.36301018456567036,-0.0005456374025482679
37.605313236663854,3.0,0.36301018456567036,-0.0005047283870162621
37.63395597355587,3.0,0.36301018456567036,-0.00047737894820028173
37.661251038651066,3.0,0.36301018456567036,-0.0004549177515866114
37.68672636187326,3.0,0.36301018456567036,-0.00042458872036993514
37.71109700717308,3.0,0.36301018456567036,-0.00040617742166360336
37.73762339494608,3.0,0.36301018456567036,-0.0004421064628832671
37.7675125361764,3.0,0.36301018456567036,-0.0004981523538386248
37.80360421122565,3.0,0.36301018456567036,-0.0006015279174874808
37.84181548464417,3.0,0.36301018456567036,-0.000636854556975467
37.88641916831812,3.0,0.36301018456567036,-0.000743394727899149
37.93334539042791,3.0,0.36301018456567036,-0.0007821037018298287
37.98602752011939,3.0,0.36301018456567036,-0.0008780354948580414
38.04108655643129,3.0,0.36301018456567036,-0.0009176506051982227
38.10119894651227,3.0,0.36301018456567036,-0.0010018731680164017
38.16402822426033,3.0,0.36301018456567036,-0.0010471546291343332
38.23153847236606,3.0,0.36301018456567036,-0.0011251708017622453
38.30193467935504,3.0,0.36301018456567036,-0.001173270116483077
38.37622567307433,3.0,0.36301018456567036,-0.001238183228654759
38.45310281135306,3.0,0.36301018456567036,-0.0012812856379789152
38.53039359140514,3.0,0.36301018456567036,-0.0012881796675345133
38.604816306402604,3.0,0.36301018456567036,-0.0012403785832910883
38.67787459004138,3.0,0.36301018456567036,-0.0012176380606462066
38.743871245454955,3.0,0.36301018456567036,-0.0010999442568930067
38.797074088484635,3.0,0.36301018456567036,-0.0008867140504947274
38.82290137067309,3.0,0.36301018456567036,-0.0004304547031408945
38.840459373129875,3.0,0.36301018456567036,-0.00029263337427982115
38.86372251413497,3.0,0.36301018456567036,-0.00038771901675156825
38.88912647668905,3.0,0.36301018456567036,-0.0004233993759013576
38.92302992827835,3.0,0.36301018456567036,-0.0005650575264883812
38.960743908379015,3.0,0.36301018456567036,-0.0006285663350110668
39.009429227063734,3.0,0.36301018456567036,-0.0008114219780786541
39.06356589427648,3.0,0.36301018456567036,-0.0009022777868790447
39.12922008185463,3.0,0.36301018456567036,-0.0010942364596359013
39.198430660713726,3.0,0.36301018456567036,-0.0011535096476515399
39.274786841168144,3.0,0.36301018456567036,-0.0012726030075736162
39.35362889931693,3.0,0.36301018456567036,-0.0013140343024798343
39.43706720332538,3.0,0.36301018456567036,-0.0013906384001407738
39.52212701335766,3.0,0.36301018456567036,-0.001417663500538045
39.609769436086616,3.0,0.36301018456567036,-0.0014607070454825978
39.698157196285216,3.0,0.36301018456567036,-0.0014731293366433283
39.788184862976124,3.0,0.36301018456567036,-0.0015004611115151125
39.87800719721657,3.0,0.36301018456567036,-0.0014970389040073948
39.968101090292,3.0,0.36301018456567036,-0.0015015648845905707
40.05336404319787,3.0,0.36301018456567036,-0.001421049215097762
40.08793290133953,3.0,0.36301018456567036,-0.0005761476356943069
40.123258728444206,3.0,0.36301018456567036,-0.0005887637850779667
40.15601367941992,3.0,0.36301018456567036,-0.0005459158495952886
40.187065725702006,3.0,0.36301018456567036,-0.000517534104701354
40.21634013706496,3.0,0.36301018456567036,-0.00048790685604931106
40.242798640889056,3.0,0.36301018456567036,-0.00044097506373495587
40.26832573307621,3.0,0.36301018456567036,-0.00042545153645259434
40.292109070906676,3.0,0.36301018456567036,-0.00039638896384114824
40.31526043389521,3.0,0.36301018456567036,-0.0003858560498089253
40.338567887824034,3.0,0.36301018456567036,-0.0003884575654803607
40.363066581625716,3.0,0.36301018456567036,-0.00040831156336142464
40.39164371336762,3.0,0.36301018456567036,-0.00047628552903179364
40.418231134956294,3.0,0.36301018456567036,-0.0004431236931445273
40.449163964498794,3.0,0.36301018456567036,-0.0005155471590416596
40.48009563126109,3.0,0.36301018456567036,-0.0005155277793714947
40.51439876504456,3.0,0.36301018456567036,-0.000571718896391241
40.548777043301705,3.0,0.36301018456567036,-0.0005729713042857387
40.585927320959414,3.0,0.36301018456567036,-0.0006191712942951166
40.6234484360378,3.0,0.36301018456567036,-0.0006253519179730946
40.66346872405856,3.0,0.36301018456567036,-0.000667004800346047
40.70433677143192,3.0,0.36301018456567036,-0.0006811341228893167
40.747154079116015,3.0,0.36301018456567036,-0.0007136217947349572
40.790477611211024,3.0,0.36301018456567036,-0.0007220588682501887
40.8330942404684,3.0,0.36301018456567036,-0.0007102771542895237
40.87305634143092,3.0,0.36301018456567036,-0.0006660350160419377
40.908862912683034,3.0,0.36301018456567036,-0.0005967761875352925
40.93846038958105,3.0,0.36301018456567036,-0.000493291281633589
40.96016863806889,3.0,0.36301018456567036,-0.00036180414146397787
40.97876748227637,3.0,0.36301018456567036,-0.00030998073679128847
41.00195711681738,3.0,0.36301018456567036,-0.00038649390901682374
41.03036664612838,3.0,0.36301018456567036,-0.00047349215518330544
41.06081512619932,3.0,0.36301018456567036,-0.000507474667849065
41.10079396128986,3.0,0.36301018456567036,-0.0006663139181756224
41.14501452801753,3.0,0.36301018456567036,-0.0007370094454612626
41.20058864725362,3.0,0.36301018456567036,-0.0009262353206013661
41.26051280463317,3.0,0.36301018456567036,-0.000998735956325866
41.3280044933679,3.0,0.36301018456567036,-0.0011248614789120918
41.39825437860598,3.0,0.36301018456567036,-0.0011708314206346207
41.47297900138438,3.0,0.36301018456567036,-0.0012454103796400605
41.549566874876795,3.0,0.36301018456567036,-0.001276464558206959
41.62967870621889,3.0,0.36301018456567036,-0.0013351971890348917
41.71068966538645,3.0,0.36301018456567036,-0.0013501826527926649
41.79379656955674,3.0,0.36301018456567036,-0.0013851150695048933
41.87720987594351,3.0,0.36301018456567036,-0.001390221773112802
41.961755674662385,3.0,0.36301018456567036,-0.0014090966453146662
42.04648097541798,3.0,0.36301018456567036,-0.00141208834592656
42.132702216374255,3.0,0.36301018456567036,-0.0014370206826045903
42.218134046161595,3.0,0.36301018456567036,-0.001423863829789005
42.25866416974899,3.0,0.36301018456567036,-0.0006755020597899538
42.296696973277335,3.0,0.36301018456567036,-0.0006338800588057471
42.33326952448591,3.0,0.36301018456567036,-0.0006095425201429015
42.367935750717876,3.0,0.36301018456567036,-0.000577770437199515
42.40116994047531,3.0,0.36301018456567036,-0.0005539031626238864
42.431748824704144,3.0,0.36301018456567036,-0.0005096480704805618
42.46127564099158,3.0,0.36301018456567036,-0.0004921136047905703
42.489093167567376,3.0,0.36301018456567036,-0.0004636254429299421
42.51608813694856,3.0,0.36301018456567036,-0.0004499161563530323
42.54172756687868,3.0,0.36301018456567036,-0.0004273238321685908
42.56700318418884,3.0,0.36301018456567036,-0.00042126028850269793
42.591085979417805,3.0,0.36301018456567036,-0.0004013799204827037
42.61694230420218,3.0,0.36301018456567036,-0.0004309387464063095
42.640378691059844,3.0,0.36301018456567036,-0.00039060644762763943
42.664352077966605,3.0,0.36301018456567036,-0.00039955644844601965
42.68686735590604,3.0,0.36301018456567036,-0.0003752546323238494
42.70961305080895,3.0,0.36301018456567036,-0.0003790949150484508
42.73116468847634,3.0,0.36301018456567036,-0.00035919396112322354
42.75283653718788,3.0,0.36301018456567036,-0.0003611974785256548
42.77654685571842,3.0,0.36301018456567036,-0.00039517197550897356
42.80132500062883,3.0,0.36301018456567036,-0.00041296908184007574
42.82842831698429,3.0,0.36301018456567036,-0.00045172193925757654
42.85630181796825,3.0,0.36301018456567036,-0.0004645583497327129
42.88339191837665,3.0,0.36301018456567036,-0.0004515016734733065
42.90709546504279,3.0,0.36301018456567036,-0.0003950591111021831
42.92889484951979,3.0,0.36301018456567036,-0.0003633230746168192
42.94763333060369,3.0,0.36301018456567036,-0.00031230801806505956
42.967711847745655,3.0,0.36301018456567036,-0.00033464195236606876
42.98721825506541,3.0,0.36301018456567036,-0.00032510678866256605
43.01149527725634,3.0,0.36301018456567036,-0.0004046170365155242
43.041714995227245,3.0,0.36301018456567036,-0.00050366196618178
43.074558923576355,3.0,0.36301018456567036,-0.0005473988058184617
43.11755254953715,3.0,0.36301018456567036,-0.0007165604326799797
43.1652627583803,3.0,0.36301018456567036,-0.0007951701473858176
43.22383091157421,3.0,0.36301018456567036,-0.0009761358865652017
43.28630505995995,3.0,0.36301018456567036,-0.0010412358064290316
43.35446099686174,3.0,0.36301018456567036,-0.0011359322816964278
43.42538112886909,3.0,0.36301018456567036,-0.0011820022001225265
43.49991888070799,3.0,0.36301018456567036,-0.0012422958639815643
43.57633837421086,3.0,0.36301018456567036,-0.0012736582250479603
43.65564558696704,3.0,0.36301018456567036,-0.0013217868792696197
43.73599592072408,3.0,0.36301018456567036,-0.0013391722292839575
43.817857316823314,3.0,0.36301018456567036,-0.0013643566016538747
43.90002779990894,3.0,0.36301018456567036,-0.0013695080514271158
43.983455766805335,3.0,0.36301018456567036,-0.001390466114939926
44.0676241525799,3.0,0.36301018456567036,-0.0014028064295761387
44.15306960171429,3.0,0.36301018456567036,-0.0014240908189065585
44.23768570310979,3.0,0.36301018456567036,-0.0014102683565916166
44.27848285081036,3.0,0.36301018456567036,-0.0006799524616761881
44.317103769071245,3.0,0.36301018456567036,-0.0006436819710147291
44.353663209198714,3.0,0.36301018456567036,-0.0006093240021245346
44.38867255604848,3.0,0.36301018456567036,-0.0005834891141627795
44.42196865470487,3.0,0.36301018456567036,-0.0005549349776063909
44.45243403349869,3.0,0.36301018456567036,-0.0005077563132303437
44.4818114206616,3.0,0.36301018456567036,-0.000489623119381869
44.50951662241422,3.0,0.36301018456567036,-0.00046175336254358003
44.536545617653005,3.0,0.36301018456567036,-0.00045048325397981456
44.5622527694004,3.0,0.36301018456567036,-0.0004284525291232629
44.58760155757057,3.0,0.36301018456567036,-0.0004224798028361228
44.61184705286494,3.0,0.36301018456567036,-0.00040409158823948276
44.638233163260175,3.0,0.36301018456567036,-0.00043976850658730584
44.6621387944382,3.0,0.36301018456567036,-0.0003984271863003701
44.68678398648208,3.0,0.36301018456567036,-0.00041075320073126053
44.710012487198284,3.0,0.36301018456567036,-0.00038714167860340743
44.7337489700778,3.0,0.36301018456567036,-0.0003956080479919341
44.75635816974472,3.0,0.36301018456567036,-0.0003768199944486984
44.77918439179392,3.0,0.36301018456567036,-0.0003804370341532269
44.80126291930352,3.0,0.36301018456567036,-0.00036797545849337834
44.82322706374639,3.0,0.36301018456567036,-0.00036606907404784805
44.8446163822,3.0,0.36301018456567036,-0.00035648864089359624
44.865377850333154,3.0,0.36301018456567036,-0.0003460244688858895
44.88566237304537,3.0,0.36301018456567036,-0.0003380753785369523
44.90597104825123,3.0,0.36301018456567036,-0.00033847792009762884
44.92535783193839,3.0,0.36301018456567036,-0.00032311306145271437
44.945397713534895,3.0,0.36301018456567036,-0.00033399802660835783
44.966133920113144,3.0,0.36301018456567036,-0.000345603442970844
44.987038264407154,3.0,0.36301018456567036,-0.0003484057382335583
45.013523529288534,3.0,0.36301018456567036,-0.00044142108135629133
45.04623184456309,3.0,0.36301018456567036,-0.0005451385879092388
45.08151964965368,3.0,0.36301018456567036,-0.0005881300848431733
45.127016750275835,3.0,0.36301018456567036,-0.0007582850103692282
45.176743529289915,3.0,0.36301018456567036,-0.0008287796502346838
45.23670789641189,3.0,0.36301018456567036,-0.000999406118699681
45.30036197295916,3.0,0.36301018456567036,-0.0010609012757877507
45.369929809181414,3.0,0.36301018456567036,-0.0011594639370375534
45.44177721018678,3.0,0.36301018456567036,-0.0011974566834227587
45.51741330565648,3.0,0.36301018456567036,-0.001260601591161705
45.59524247351263,3.0,0.36301018456567036,-0.0012971527976023958
45.67546993090699,3.0,0.36301018456567036,-0.001337124289906117
45.75667860485513,3.0,0.36301018456567036,-0.0013534778991356618
45.839873879738576,3.0,0.36301018456567036,-0.0013865879147240772
45.92403652177776,3.0,0.36301018456567036,-0.0014027107006530793
46.00921222479534,3.0,0.36301018456567036,-0.0014195950502930146
46.09458223838013,3.0,0.36301018456567036,-0.0014228335597464906
46.18128264234987,3.0,0.36301018456567036,-0.001445006732829058
46.26672524651343,3.0,0.36301018456567036,-0.0014240434027260227
46.30886671098028,3.0,0.36301018456567036,-0.0007023577411142226
46.34632598265713,3.0,0.36301018456567036,-0.0006243211946140783
46.38270841879987,3.0,0.36301018456567036,-0.0006063739357124703
46.4173096813164,3.0,0.36301018456567036,-0.0005766877086087768
46.450248915239264,3.0,0.36301018456567036,-0.0005489872320477667
46.480375067620606,3.0,0.36301018456567036,-0.0005021025396889796
46.509357298945076,3.0,0.36301018456567036,-0.00048303718874120454
46.53680083628211,3.0,0.36301018456567036,-0.0004573922889505482
46.56364922285379,3.0,0.36301018456567036,-0.00044747310952802417
46.5891260393653,3.0,0.36301018456567036,-0.00042461360852507534
46.61447760220671,3.0,0.36301018456567036,-0.0004225260473569397
46.63891198807227,3.0,0.36301018456567036,-0.00040723976442606503
46.66591025077255,3.0,0.36301018456567036,-0.00044997104500454715
46.69037158205151,3.0,0.36301018456567036,-0.0004076888546493623
46.71604875079074,3.0,0.36301018456567036,-0.0004279528123204785
46.740333863187345,3.0,0.36301018456567036,-0.00040475187327678044
46.76523437488128,3.0,0.36301018456567036,-0.0004150085282322099
46.7891204516779,3.0,0.36301018456567036,-0.00039810127994365933
46.81305537213698,3.0,0.36301018456567036,-0.000398915340984611
46.835924674414045,3.0,0.36301018456567036,-0.0003811550379510815
46.858453350335814,3.0,0.36301018456567036,-0.0003754779320295103
46.8813317834364,3.0,0.36301018456567036,-0.0003813072183431736
46.90618428601045,3.0,0.36301018456567036,-0.0004142083762341313
46.932778068212194,3.0,0.36301018456567036,-0.00044322970336233637
46.95825015796376,3.0,0.36301018456567036,-0.0004245348291927388
46.98356617339336,3.0,0.36301018456567036,-0.00042193359049336903
47.00311628027461,3.0,0.36301018456567036,-0.00032583511468746624
47.024115779491204,3.0,0.36301018456567036,-0.00034999165360990303
47.044231106094664,3.0,0.36301018456567036,-0.0003352554433910043
47.06918107260811,3.0,0.36301018456567036,-0.00041583277522412994
47.09948087966047,3.0,0.36301018456567036,-0.0005049967842060217
47.13138480763355,3.0,0.36301018456567036,-0.0005317321328847668
47.17227390602583,3.0,0.36301018456567036,-0.0006814849732045699
47.21550945344215,3.0,0.36301018456567036,-0.0007205924569386889
47.27082227678745,3.0,0.36301018456567036,-0.0009218803890883148
47.33012108322097,3.0,0.36301018456567036,-0.0009883134405587093
47.39742636377839,3.0,0.36301018456567036,-0.0011217546759569549
47.46792933536269,3.0,0.36301018456567036,-0.001175049526404915
47.54249189319794,3.0,0.36301018456567036,-0.0012427092972542033
47.61693520717319,3.0,0.36301018456567036,-0.001240721899587581
47.69128687803508,3.0,0.36301018456567036,-0.0012391945143648113
47.76474216691009,3.0,0.36301018456567036,-0.001224254814583521
47.841150943377876,3.0,0.36301018456567036,-0.0012734796077964957
47.917888565993735,3.0,0.36301018456567036,-0.0012789603769309758
47.99592841508169,3.0,0.36301018456567036,-0.0013006641514659203
48.07340835322,3.0,0.36301018456567036,-0.0012913323023051205
48.15321330820502,3.0,0.36301018456567036,-0.001330082583083551
48.230962771201135,3.0,0.36301018456567036,-0.0012958243832686585
48.261547885962855,3.0,0.36301018456567036,-0.0005097519126953253
48.293655943449885,3.0,0.36301018456567036,-0.0005351342914504876
48.32476033268853,3.0,0.36301018456567036,-0.0005184064873106831
48.35468418417488,3.0,0.36301018456567036,-0.000498730858105864
48.38325975076257,3.0,0.36301018456567036,-0.00047625944312821547
48.41031580216674,3.0,0.36301018456567036,-0.0004509341900695533
48.43667631996788,3.0,0.36301018456567036,-0.0004393419633522863
48.46172187758659,3.0,0.36301018456567036,-0.0004174259603118579
48.486355960564985,3.0,0.36301018456567036,-0.0004105680496399562
48.5098738826078,3.0,0.36301018456567036,-0.0003919653673802673
48.5333409899131,3.0,0.36301018456567036,-0.00039111845508832594
48.555692627785916,3.0,0.36301018456567036,-0.0003725272978803228
48.579939580732095,3.0,0.36301018456567036,-0.00040411588243629664
48.60203786582874,3.0,0.36301018456567036,-0.0003683047516107845
48.624981201181676,3.0,0.36301018456567036,-0.00038238892254890234
48.64655466456592,3.0,0.36301018456567036,-0.0003595577230706642
48.66864613275208,3.0,0.36301018456567036,-0.00036819113643598217
48.690161613927486,3.0,0.36301018456567036,-0.00035859135292346976
48.711738282320596,3.0,0.36301018456567036,-0.0003596111398852035
48.73616252160311,3.0,0.36301018456567036,-0.0004070706547085797
48.7619803675391,3.0,0.36301018456567036,-0.0004302974322665309
48.79060115900723,3.0,0.36301018456567036,-0.0004770131911354882
48.8210638495351,3.0,0.36301018456567036,-0.0005077115087978051
48.85329571234381,3.0,0.36301018456567036,-0.0005371977134784057
48.88644707015786,3.0,0.36301018456567036,-0.0005525226302341917
48.91720235063825,3.0,0.36301018456567036,-0.0005125880080065347
48.94697749568682,3.0,0.36301018456567036,-0.0004962524174762408
48.96924336243213,3.0,0.36301018456567036,-0.00037109777908842596
48.98935421403106,3.0,0.36301018456567036,-0.0003351808599821558
49.01475353617549,3.0,0.36301018456567036,-0.000423322035740554
49.045302722114606,3.0,0.36301018456567036,-0.0005091530989852695
49.076477614935186,3.0,0.36301018456567036,-0.0005195815470096514
49.11424013427293,3.0,0.36301018456567036,-0.0006293753222958079
49.154233483710286,3.0,0.36301018456567036,-0.0006665558239558228
49.20140981287497,3.0,0.36301018456567036,-0.000786272152744797
49.250141787616776,3.0,0.36301018456567036,-0.0008121995790300744
49.30722201679664,3.0,0.36301018456567036,-0.0009513371529978095
49.369429622616266,3.0,0.36301018456567036,-0.001036793430327095
49.4416530003666,3.0,0.36301018456567036,-0.0012037229625055915
49.51737710399694,3.0,0.36301018456567036,-0.0012620683938390645
49.5968467426264,3.0,0.36301018456567036,-0.001324493977157525
49.67798680155798,3.0,0.36301018456567036,-0.001352334315526347
49.76160002819926,3.0,0.36301018456567036,-0.001393553777354739
49.845164657712985,3.0,0.36301018456567036,-0.0013927438252286878
49.93002165839244,3.0,0.36301018456567036,-0.0014142833446576185
50.01407872707918,3.0,0.36301018456567036,-0.0014009511447790196
50.098234852269606,3.0,0.36301018456567036,-0.0014026020865070506
50.178502115685944,3.0,0.36301018456567036,-0.0013377877236056583
50.209708415526,3.0,0.36301018456567036,-0.0005201049973342649
50.24285224743315,3.0,0.36301018456567036,-0.0005523971984524882
50.27347112817621,3.0,0.36301018456567036,-0.0005103146790510614
50.304457113523355,3.0,0.36301018456567036,-0.0005164330891190219
50.33290969352916,3.0,0.36301018456567036,-0.0004742096667633763
50.35988885096316,3.0,0.36301018456567036,-0.00044965262390000884
50.385984919027834,3.0,0.36301018456567036,-0.0004349344677445954
50.41055586921778,3.0,0.36301018456567036,-0.00040951583649906115
50.434465540280016,3.0,0.36301018456567036,-0.00039849451770386155
50.457171658584286,3.0,0.36301018456567036,-0.00037843530507123324
50.48133772463758,3.0,0.36301018456567036,-0.0004027677675547988
50.51030918283073,3.0,0.36301018456567036,-0.00048285763655263466
50.538342450785315,3.0,0.36301018456567036,-0.00046722113257641884
50.57141084623656,3.0,0.36301018456567036,-0.0005511399241874013
50.60523279484163,3.0,0.36301018456567036,-0.0005636991434178976
50.643028638445074,3.0,0.36301018456567036,-0.0006299307267240269
50.68137121249483,3.0,0.36301018456567036,-0.0006390429008293126
50.72280609812914,3.0,0.36301018456567036,-0.0006905814272384953
50.76488647768242,3.0,0.36301018456567036,-0.0007013396592212929
50.80952705884233,3.0,0.36301018456567036,-0.000744009685998568
50.85512115368816,3.0,0.36301018456567036,-0.0007599015807639092
50.90299392915373,3.0,0.36301018456567036,-0.0007978795910928794
50.952213691127554,3.0,0.36301018456567036,-0.0008203293662304259
51.00282435889354,3.0,0.36301018456567036,-0.0008435111294330821
51.054289082190714,3.0,0.36301018456567036,-0.0008577453882862359
51.10584320030362,3.0,0.36301018456567036,-0.0008592353018817251
51.158299907290555,3.0,0.36301018456567036,-0.0008742784497822466
51.20186660353866,3.0,0.36301018456567036,-0.0007261116041350822
51.226778038012014,3.0,0.36301018456567036,-0.0004151905745558935
51.24482789468049,3.0,0.36301018456567036,-0.000300830944474547
51.2661915040993,3.0,0.36301018456567036,-0.0003560601569801236
51.289065116654925,3.0,0.36301018456567036,-0.00038122687592712296
51.31621480059466,3.0,0.36301018456567036,-0.00045249473232888564
51.343822472840756,3.0,0.36301018456567036,-0.00046012787076830854
51.37481350328787,3.0,0.36301018456567036,-0.0005165171741185764
51.40531800820054,3.0,0.36301018456567036,-0.0005084084152111835
51.43971534128281,3.0,0.36301018456567036,-0.0005732888847046119
51.47437688988254,3.0,0.36301018456567036,-0.0005776924766621377
51.513763204245926,3.0,0.36301018456567036,-0.0006564385727230853
51.5540863151907,3.0,0.36301018456567036,-0.0006720518490795866
51.6020681847784,3.0,0.36301018456567036,-0.0007996978264617486
51.64918351539179,3.0,0.36301018456567036,-0.0007852555102231096
51.70148759089519,3.0,0.36301018456567036,-0.0008717345917233087
51.754211544747555,3.0,0.36301018456567036,-0.0008787325642061243
51.81113408150626,3.0,0.36301018456567036,-0.0009487089459784715
51.86686019919336,3.0,0.36301018456567036,-0.0009287686281183879
51.927388613138696,3.0,0.36301018456567036,-0.0010088068990889505
51.98092899881736,3.0,0.36301018456567036,-0.0008923397613110721
52.00367016920218,3.0,0.36301018456567036,-0.0003790195064137021
52.02956002748493,3.0,0.36301018456567036,-0.0004314976380458627
52.052132663957295,3.0,0.36301018456567036,-0.000376210607872695
52.074708874916354,3.0,0.36301018456567036,-0.0003762701826509608
52.09840592808127,3.0,0.36301018456567036,-0.000394950886081894
52.12670392995913,3.0,0.36301018456567036,-0.0004716333646310117
52.15812716239747,3.0,0.36301018456567036,-0.0005237205406390229
52.19396785366032,3.0,0.36301018456567036,-0.0005973448543808264
52.23205104809772,3.0,0.36301018456567036,-0.0006347199072901361
52.27424445038238,3.0,0.36301018456567036,-0.0007032233714109714
52.31795159574829,3.0,0.36301018456567036,-0.0007284524227651792
52.36559999883157,3.0,0.36301018456567036,-0.0007941400513879788
52.41401910632022,3.0,0.36301018456567036,-0.0008069851248108431
52.46658157230098,3.0,0.36301018456567036,-0.0008760410996794381
52.51947065297369,3.0,0.36301018456567036,-0.0008814846778784821
52.57616887862933,3.0,0.36301018456567036,-0.0009449704275940466
52.63343973320967,3.0,0.36301018456567036,-0.0009545142430056904
52.69398448332067,3.0,0.36301018456567036,-0.0010090791685166034
52.75536073799072,3.0,0.36301018456567036,-0.0010229375778341913
52.819430516774595,3.0,0.36301018456567036,-0.001067829646397963
52.884633649435,3.0,0.36301018456567036,-0.001086718877673491
52.95207977395761,3.0,0.36301018456567036,-0.0011241020753767386
53.02087749463798,3.0,0.36301018456567036,-0.0011466286780062167
53.09051273133295,3.0,0.36301018456567036,-0.0011605872782495049
53.15871594779711,3.0,0.36301018456567036,-0.0011367202744027073
53.22533733233514,3.0,0.36301018456567036,-0.0011103564089670287
53.28974818120123,3.0,0.36301018456567036,-0.001073514147768301
53.34125278902066,3.0,0.36301018456567036,-0.0008584101303236885
53.36598491334197,3.0,0.36301018456567036,-0.0004122020720218109
53.38417342761393,3.0,0.36301018456567036,-0.0003031419045327192
53.4079264362131,3.0,0.36301018456567036,-0.0003958834766528422
53.43380743314134,3.0,0.36301018456567036,-0.00043134994880397135
53.465762481595405,3.0,0.36301018456567036,-0.0005325841409010861
53.50259353505736,3.0,0.36301018456567036,-0.0006138508910325351
53.5475007833114,3.0,0.36301018456567036,-0.0007484541375673954
53.59216194623742,3.0,0.36301018456567036,-0.0007443527154336088
53.646619624520476,3.0,0.36301018456567036,-0.0009076279713842676
53.70765127174661,3.0,0.36301018456567036,-0.0010171941204355941
53.77618063673595,3.0,0.36301018456567036,-0.0011421560831556532
53.847351855473434,3.0,0.36301018456567036,-0.0011861869789580404
53.922254140848565,3.0,0.36301018456567036,-0.0012483714229188062
53.99231640224542,3.0,0.36301018456567036,-0.0011677043566143122
54.0708451116479,3.0,0.36301018456567036,-0.001308811823374576
54.14896160993753,3.0,0.36301018456567036,-0.0013019416381604644
54.22988581815948,3.0,0.36301018456567036,-0.0013487368036991922
54.30853084769528,3.0,0.36301018456567036,-0.001310750492263339
54.386339494698426,3.0,0.36301018456567036,-0.0012968107833857335
54.45307408504552,3.0,0.36301018456567036,-0.001112243172451542
54.480032979659875,3.0,0.36301018456567036,-0.0004493149102392369
54.50926242276794,3.0,0.36301018456567036,-0.00048715738513440895
54.53456887998581,3.0,0.36301018456567036,-0.000421774286964555
54.56002879461005,3.0,0.36301018456567036,-0.00042433191040394154
54.58351528415613,3.0,0.36301018456567036,-0.0003914414924346507
54.61263180966877,3.0,0.36301018456567036,-0.0004852754252106957
54.646392613031836,3.0,0.36301018456567036,-0.000562680056051097
54.68601332615615,3.0,0.36301018456567036,-0.000660345218738548
54.72923094250658,3.0,0.36301018456567036,-0.0007202936058405928
54.777915164681225,3.0,0.36301018456567036,-0.0008114037029107571
54.82920428987678,3.0,0.36301018456567036,-0.0008548187532591534
54.88552130906189,3.0,0.36301018456567036,-0.000938616986418615
54.94547463932934,3.0,0.36301018456567036,-0.0009992221711241337
55.010365955917244,3.0,0.36301018456567036,-0.0010815219431317181
55.07679769200923,3.0,0.36301018456567036,-0.0011071956015330968
55.14798885728394,3.0,0.36301018456567036,-0.0011865194212452447
55.22095818263692,3.0,0.36301018456567036,-0.0012161554225496728
55.29809832834593,3.0,0.36301018456567036,-0.0012856690951501776
55.37712393126977,3.0,0.36301018456567036,-0.001317093382064073
55.45979145804195,3.0,0.36301018456567036,-0.0013777921128696638
55.54443858400884,3.0,0.36301018456567036,-0.0014107854327815143
55.63218302885656,3.0,0.36301018456567036,-0.001462407414128669
55.72190968819822,3.0,0.36301018456567036,-0.0014954443223610075
55.81298972931125,3.0,0.36301018456567036,-0.0015180006852171686
55.90328644444574,3.0,0.36301018456567036,-0.001504945252241582
55.99409371242469,3.0,0.36301018456567036,-0.0015134544663159334
56.08225060352352,3.0,0.36301018456567036,-0.0014692815183137801
56.16113245967287,3.0,0.36301018456567036,-0.0013146976024892344
56.21911520574694,3.0,0.36301018456567036,-0.000966379101234415
56.2593411256654,3.0,0.36301018456567036,-0.0006704319986410497
56.28561669523309,3.0,0.36301018456567036,-0.0004379261594614023
56.30207336415314,3.0,0.36301018456567036,-0.0002742778153341431
56.32402823813858,3.0,0.36301018456567036,-0.0003659145664240193
56.35043606152072,3.0,0.36301018456567036,-0.00044013038970223956
56.385267145212005,3.0,0.36301018456567036,-0.0005805180615214542
56.42127093452543,3.0,0.36301018456567036,-0.0006000631552238089
56.46016629628278,3.0,0.36301018456567036,-0.00064825602928912
56.49986937038986,3.0,0.36301018456567036,-0.0006617179017846243
56.547491100143674,3.0,0.36301018456567036,-0.00079369549589687
56.596100949090705,3.0,0.36301018456567036,-0.0008101641491171584
56.65298908127798,3.0,0.36301018456567036,-0.0009481355364545874
56.71194942558483,3.0,0.36301018456567036,-0.0009826724051140896
56.77850623088911,3.0,0.36301018456567036,-0.0011092800884046682
56.844435594821604,3.0,0.36301018456567036,-0.0010988227322083234
56.912631296633364,3.0,0.36301018456567036,-0.0011365950301960282
56.97663817692359,3.0,0.36301018456567036,-0.00106678133817043
57.04552079702809,3.0,0.36301018456567036,-0.0011480436684083149
57.10575756727941,3.0,0.36301018456567036,-0.0010039461708553734
57.13001561507352,3.0,0.36301018456567036,-0.0004043007965684625
57.15749148463846,3.0,0.36301018456567036,-0.0004579311594157737
57.18158658143248,3.0,0.36301018456567036,-0.00040158494656693824
57.20504651368892,3.0,0.36301018456567036,-0.0003909988709407455
57.23295572400149,3.0,0.36301018456567036,-0.00046515350520954927
57.267161798982194,3.0,0.36301018456567036,-0.0005701012496783155
57.30570542926112,3.0,0.36301018456567036,-0.0006423938379820019
57.34980838205837,3.0,0.36301018456567036,-0.0007350492132875992
57.39710406850957,3.0,0.36301018456567036,-0.0007882614408533857
57.449397377921706,3.0,0.36301018456567036,-0.000871555156868918
57.503866912391686,3.0,0.36301018456567036,-0.000907825574499706
57.56288005796294,3.0,0.36301018456567036,-0.0009835524261876032
57.625213759589805,3.0,0.36301018456567036,-0.0010388950271143873
57.69196573987233,3.0,0.36301018456567036,-0.001112533004708708
57.75966148309735,3.0,0.36301018456567036,-0.0011282623870836317
57.831484437182596,3.0,0.36301018456567036,-0.001197049234754142
57.90446992378311,3.0,0.36301018456567036,-0.0012164247766752445
57.98125484789777,3.0,0.36301018456567036,-0.001279748735244319
58.05939447197991,3.0,0.36301018456567036,-0.0013023270680355195
58.14092129218154,3.0,0.36301018456567036,-0.0013587803366938095
58.22410667422327,3.0,0.36301018456567036,-0.001386423034028838
58.30995760704106,3.0,0.36301018456567036,-0.0014308488802965002
58.397312128517584,3.0,0.36301018456567036,-0.0014559086912753233
58.48460492520268,3.0,0.36301018456567036,-0.0014548799447516515
58.56893030009358,3.0,0.36301018456567036,-0.0014054229148482906
58.65120466807819,3.0,0.36301018456567036,-0.001371239466410247
58.72606626736263,3.0,0.36301018456567036,-0.001247693321407326
58.78823245094099,3.0,0.36301018456567036,-0.0010361030596392985
58.82199993591965,3.0,0.36301018456567036,-0.0005627914163110045
58.83752190719402,3.0,0.36301018456567036,-0.0002586995212394077
58.858660441823396,3.0,0.36301018456567036,-0.0003523089104896507
58.8821157173925,3.0,0.36301018456567036,-0.00039092125948509044
58.9140610844616,3.0,0.36301018456567036,-0.0005324227844849726
58.95013701079008,3.0,0.36301018456567036,-0.0006012654388079741
58.997233391108566,3.0,0.36301018456567036,-0.00078493967197477
59.04994240893336,3.0,0.36301018456567036,-0.0008784836304132406
59.11457581712239,3.0,0.36301018456567036,-0.001077223469817198
59.18250107844082,3.0,0.36301018456567036,-0.0011320876886404922
59.25706738211238,3.0,0.36301018456567036,-0.0012427717278592765
59.33428295028593,3.0,0.36301018456567036,-0.0012869261362257827
59.41594826743231,3.0,0.36301018456567036,-0.0013610886191063529
59.49876321274243,3.0,0.36301018456567036,-0.0013802490885019684
59.58401134046743,3.0,0.36301018456567036,-0.0014208021287499212
59.66983990522493,3.0,0.36301018456567036,-0.0014304760792917758
59.7573651379291,3.0,0.36301018456567036,-0.0014587538784028198
59.84558825227962,3.0,0.36301018456567036,-0.001470385239175281
59.93533038207836,3.0,0.36301018456567036,-0.0014957021633124274
60.0228292762443,3.0,0.36301018456567036,-0.0014583149027656583
60.05991293205324,3.0,0.36301018456567036,-0.0006180609301488952
60.10028017237126,3.0,0.36301018456567036,-0.0006727873386336313
60.13532390260629,3.0,0.36301018456567036,-0.0005840621705838216
60.169023610218794,3.0,0.36301018456567036,-0.0005616617935417638
60.2001081476488,3.0,0.36301018456567036,-0.0005180756238333591
60.22761657285961,3.0,0.36301018456567036,-0.00045847375351352354
60.25340522755873,3.0,0.36301018456567036,-0.00042981091165198137
60.280105025292464,3.0,0.36301018456567036,-0.0004449966288955802
60.3118141918339,3.0,0.36301018456567036,-0.0005284861090240427
60.35124476110318,3.0,0.36301018456567036,-0.0006571761544879209
60.395389498369795,3.0,0.36301018456567036,-0.0007357456211102323
60.44628073035045,3.0,0.36301018456567036,-0.0008481871996775691
60.50224248489234,3.0,0.36301018456567036,-0.0009326959090314922
60.56459716011153,3.0,0.36301018456567036,-0.0010392445869864422
60.62943350242418,3.0,0.36301018456567036,-0.0010806057052107417
60.69984658403636,3.0,0.36301018456567036,-0.0011735513602030437
60.77249210978691,3.0,0.36301018456567036,-0.0012107587625091705
60.84951838850302,3.0,0.36301018456567036,-0.0012837713119351435
60.928407194565736,3.0,0.36301018456567036,-0.0013148134343786207
61.01070965285417,3.0,0.36301018456567036,-0.0013717076381405818
61.09455754427302,3.0,0.36301018456567036,-0.0013974648569809846
61.18074517793228,3.0,0.36301018456567036,-0.0014364605609876368
61.2679834196663,3.0,0.36301018456567036,-0.0014539706955669929
61.355178869854385,3.0,0.36301018456567036,-0.0014532575031347133
61.4399486972971,3.0,0.36301018456567036,-0.0014128304573784957
61.522897950269396,3.0,0.36301018456567036,-0.0013824875495383462
61.59867931818004,3.0,0.36301018456567036,-0.0012630227985107587
61.66157235505964,3.0,0.36301018456567036,-0.0010482172813266748
61.69648484111349,3.0,0.36301018456567036,-0.0005818747675640927
61.71286823389271,3.0,0.36301018456567036,-0.0002730565463204791
61.73471728198138,3.0,0.36301018456567036,-0.0003641508014777534
61.758887344729104,3.0,0.36301018456567036,-0.0004028343791286352
61.79073770713839,3.0,0.36301018456567036,-0.0005308393734881528
61.826424844306736,3.0,0.36301018456567036,-0.0005947856194724756
61.87220141117687,3.0,0.36301018456567036,-0.0007629427811689003
61.92265054528329,3.0,0.36301018456567036,-0.0008408189017737366
61.98428018638032,3.0,0.36301018456567036,-0.0010271606849504994
62.05043826084045,3.0,0.36301018456567036,-0.0011026345743355749
62.12487971182591,3.0,0.36301018456567036,-0.0012406908497576555
62.20228251445173,3.0,0.36301018456567036,-0.0012900467104302667
62.28432239086297,3.0,0.36301018456567036,-0.001367331273520654
62.368279736752825,3.0,0.36301018456567036,-0.0013992890981642568
62.45489723716782,3.0,0.36301018456567036,-0.0014436250069166212
62.54168275642741,3.0,0.36301018456567036,-0.0014464253209931892
62.629428937495575,3.0,0.36301018456567036,-0.0014624363511360756
62.71631965142712,3.0,0.36301018456567036,-0.0014481785655258094
62.803526316710496,3.0,0.36301018456567036,-0.0014534444213895508
62.886553400043155,3.0,0.36301018456567036,-0.0013837847222110103
62.91868291002761,3.0,0.36301018456567036,-0.0005354918330743523
62.9548926865932,3.0,0.36301018456567036,-0.0006034962760930764
62.98655580447241,3.0,0.36301018456567036,-0.0005277186313202274
63.01762571649162,3.0,0.36301018456567036,-0.0005178318669868988
63.04620476543675,3.0,0.36301018456567036,-0.00047631748241875585
63.07199634934849,3.0,0.36301018456567036,-0.00042985973186229385
63.09659083031286,3.0,0.36301018456567036,-0.00040990801607287524
63.1223516581311,3.0,0.36301018456567036,-0.0004293471303040119
63.15167198857238,3.0,0.36301018456567036,-0.0004886721740212981
63.18684311508334,3.0,0.36301018456567036,-0.0005861854418493022
63.224900321139174,3.0,0.36301018456567036,-0.0006342867675971919
63.26797918327577,3.0,0.36301018456567036,-0.0007179810356099121
63.312484061180854,3.0,0.36301018456567036,-0.0007417479650847359
63.36197305221782,3.0,0.36301018456567036,-0.0008248165172827463
63.41248765912065,3.0,0.36301018456567036,-0.0008419101150471369
63.4673871052655,3.0,0.36301018456567036,-0.0009149907690808599
63.52349969219616,3.0,0.36301018456567036,-0.0009352097821776856
63.58326955198063,3.0,0.36301018456567036,-0.0009961643297411186
63.64428858962871,3.0,0.36301018456567036,-0.0010169839608012946
63.708368261796416,3.0,0.36301018456567036,-0.0010679945361284637
63.77385894800586,3.0,0.36301018456567036,-0.0010915114368240293
63.841671927550316,3.0,0.36301018456567036,-0.0011302163257409668
63.9108164901985,3.0,0.36301018456567036,-0.0011524093774696958
63.98091485455513,3.0,0.36301018456567036,-0.0011683060726104914
64.0506269804058,3.0,0.36301018456567036,-0.0011618687641776649
64.1191617740599,3.0,0.36301018456567036,-0.001142246560901932
64.18760274445802,3.0,0.36301018456567036,-0.00114068283996863
64.24759805137795,3.0,0.36301018456567036,-0.0009999217819989113
64.28751251606742,3.0,0.36301018456567036,-0.0006652410781580038
64.30958394198798,3.0,0.36301018456567036,-0.00036785709867596803
64.32682481325726,3.0,0.36301018456567036,-0.00028734785448793334
64.34485247711252,3.0,0.36301018456567036,-0.0003004610642542977
64.36608875408089,3.0,0.36301018456567036,-0.000353937949472754
64.38816982450682,3.0,0.36301018456567036,-0.00036801784043208953
64.41557842365589,3.0,0.36301018456567036,-0.0004568099858178335
64.44668603582066,3.0,0.36301018456567036,-0.0005184602027461367
64.4856128336042,3.0,0.36301018456567036,-0.000648779963058957
64.52520979170708,3.0,0.36301018456567036,-0.0006599493017147575
64.57082575422868,3.0,0.36301018456567036,-0.0007602660420265149
64.61708704899301,3.0,0.36301018456567036,-0.0007710215794056001
64.67338567683613,3.0,0.36301018456567036,-0.0009383104640520009
64.73395901782239,3.0,0.36301018456567036,-0.0010095556831040985
64.80194078661829,3.0,0.36301018456567036,-0.001133029479931814
64.87039787651896,3.0,0.36301018456567036,-0.0011409514983446898
64.94232190442172,3.0,0.36301018456567036,-0.0011987337983793323
65.01270922081076,3.0,0.36301018456567036,-0.0011731219398173336
65.08410889294446,3.0,0.36301018456567036,-0.0011899945355614964
65.14687908067216,3.0,0.36301018456567036,-0.0010461697954617488
65.17109041134978,3.0,0.36301018456567036,-0.0004035221779603358
65.19801696653538,3.0,0.36301018456567036,-0.00044877591975986663
65.22176703013821,3.0,0.36301018456567036,-0.0003958343933805819
65.24484382669108,3.0,0.36301018456567036,-0.0003846132758811332
65.26724780688662,3.0,0.36301018456567036,-0.0003733996699255708
65.29032538111193,3.0,0.36301018456567036,-0.00038462623708840837
65.31473191559334,3.0,0.36301018456567036,-0.0004067755746901806
65.34261897115577,3.0,0.36301018456567036,-0.00046478425937388304
65.37198988828577,3.0,0.36301018456567036,-0.0004895152854999372
65.40468214505067,3.0,0.36301018456567036,-0.0005448709460818057
65.43813900907216,3.0,0.36301018456567036,-0.0005576144003581483
65.47478115705238,3.0,0.36301018456567036,-0.0006107024663370015
65.50969295536373,3.0,0.36301018456567036,-0.0005818633051891871
65.54872674258989,3.0,0.36301018456567036,-0.0006505631204360936
65.58816001485602,3.0,0.36301018456567036,-0.0006572212044354222
65.63188957957068,3.0,0.36301018456567036,-0.0007288260785778855
65.6767650068987,3.0,0.36301018456567036,-0.000747923788800358
65.72545503800174,3.0,0.36301018456567036,-0.0008115005183838844
65.77535553274579,3.0,0.36301018456567036,-0.0008316749124008378
65.8279153495217,3.0,0.36301018456567036,-0.000875996946265184
65.88142182620889,3.0,0.36301018456567036,-0.0008917746114530809
65.9369073688895,3.0,0.36301018456567036,-0.0009247590446768213
65.99325813167611,3.0,0.36301018456567036,-0.0009391793797768218
66.05002346975567,3.0,0.36301018456567036,-0.000946088967992724
66.10524425792144,3.0,0.36301018456567036,-0.0009203464694296038
66.15841406943926,3.0,0.36301018456567036,-0.0008861635252970778
66.20961144326004,3.0,0.36301018456567036,-0.000853289563679747
66.2510561659745,3.0,0.36301018456567036,-0.0006907453785743621
66.27058954422229,3.0,0.36301018456567036,-0.0003255563041297907
66.28940836267243,3.0,0.36301018456567036,-0.00031364697416904865
66.31132101122303,3.0,0.36301018456567036,-0.00036521080917653094
66.33762997762668,3.0,0.36301018456567036,-0.00043848277339404284
66.37069442881047,3.0,0.36301018456567036,-0.0005510741863965059
66.40812030026025,3.0,0.36301018456567036,-0.0006237645241631248
66.4559212834565,3.0,0.36301018456567036,-0.0007966830532709936
66.50875900164397,3.0,0.36301018456567036,-0.0008806286364575938
66.57194217786062,3.0,0.36301018456567036,-0.0010530529369442085
66.64019292855558,3.0,0.36301018456567036,-0.0011375125115826402
66.71518335312123,3.0,0.36301018456567036,-0.0012498404094276573
66.78897451276862,3.0,0.36301018456567036,-0.0012298526607897027
66.8654136292852,3.0,0.36301018456567036,-0.0012739852752763682
66.94424501858887,3.0,0.36301018456567036,-0.0013138564883945487
67.0271784202488,3.0,0.36301018456567036,-0.0013822233609987627
67.11077773080906,3.0,0.36301018456567036,-0.001393321842670917
67.19623749608917,3.0,0.36301018456567036,-0.0014243294213350424
67.28089803957532,3.0,0.36301018456567036,-0.0014110090581025267
67.36628815538673,3.0,0.36301018456567036,-0.001423168596856786
67.4471126075039,3.0,0.36301018456567036,-0.0013470742019528789
67.47831761272828,3.0,0.36301018456567036,-0.0005200834204062679
67.51167925212727,3.0,0.36301018456567036,-0.0005560273233164655
67.54280615749859,3.0,0.36301018456567036,-0.0005187817561888113
67.57287029693114,3.0,0.36301018456567036,-0.0005010689905425659
67.60138368414374,3.0,0.36301018456567036,-0.00047522312020989086
67.62733525831293,3.0,0.36301018456567036,-0.00043252623615317717
67.6523369322682,3.0,0.36301018456567036,-0.00041669456592122964
67.67569954914453,3.0,0.36301018456567036,-0.0003893769479386754
67.69848897263954,3.0,0.36301018456567036,-0.00037982372491677374
67.72276600706287,3.0,0.36301018456567036,-0.00040461724038894575
67.74845078423041,3.0,0.36301018456567036,-0.00042807961945892496
67.7783014427885,3.0,0.36301018456567036,-0.0004975109759682569
67.80655817958736,3.0,0.36301018456567036,-0.00047094561331425275
67.8394440889614,3.0,0.36301018456567036,-0.0005480984895674909
67.87279917603198,3.0,0.36301018456567036,-0.0005559181178430166
67.91030568425917,3.0,0.36301018456567036,-0.0006251084704532641
67.94890011511131,3.0,0.36301018456567036,-0.0006432405142023865
67.99125112178447,3.0,0.36301018456567036,-0.0007058501112191972
68.03489429305503,3.0,0.36301018456567036,-0.0007273861878425971
68.08198026177341,3.0,0.36301018456567036,-0.0007847661453061852
68.130804393603,3.0,0.36301018456567036,-0.0008137355304931613
68.18238853039537,3.0,0.36301018456567036,-0.0008597356132062916
68.23549210089926,3.0,0.36301018456567036,-0.0008850595083982998
68.28886093759404,3.0,0.36301018456567036,-0.0008894806115796309
68.33974672868914,3.0,0.36301018456567036,-0.0008480965182516043
68.38960494905865,3.0,0.36301018456567036,-0.0008309703394920215
68.43271137852028,3.0,0.36301018456567036,-0.0007184404910272434
68.46387216694947,3.0,0.36301018456567036,-0.000519346473819822
68.4800172815056,3.0,0.36301018456567036,-0.00026908524260201304
68.50084888786301,3.0,0.36301018456567036,-0.00034719343929030095
68.52702447587252,3.0,0.36301018456567036,-0.0004362598001583924
68.55562719088252,3.0,0.36301018456567036,-0.00047671191683317605
68.59363150200676,3.0,0.36301018456567036,-0.0006334051854040723
68.63576765469948,3.0,0.36301018456567036,-0.0007022692115453045
68.68988129526383,3.0,0.36301018456567036,-0.0009018940094059539
68.74971400112894,3.0,0.36301018456567036,-0.0009972117644184504
68.81834362723696,3.0,0.36301018456567036,-0.001143827101800298
68.88922635727246,3.0,0.36301018456567036,-0.0011813788339251864
68.96570417536822,3.0,0.36301018456567036,-0.0012746303015960078
69.04407881394445,3.0,0.36301018456567036,-0.0013062439762706731
69.12537025350811,3.0,0.36301018456567036,-0.0013548573260609602
69.20764910314082,3.0,0.36301018456567036,-0.0013713141605452403
69.29242663985134,3.0,0.36301018456567036,-0.0014129589451751959
69.37749711900138,3.0,0.36301018456567036,-0.0014178413191672247
69.46396950504956,3.0,0.36301018456567036,-0.0014412064341363365
69.54956623084841,3.0,0.36301018456567036,-0.0014266120966475527
69.6357267130947,3.0,0.36301018456567036,-0.0014360080374381196
69.72009839197868,3.0,0.36301018456567036,-0.0014061946480664123
69.75727261154776,3.0,0.36301018456567036,-0.0006195703261513816
69.79552627487784,3.0,0.36301018456567036,-0.0006375610555013314
69.83131106056612,3.0,0.36301018456567036,-0.0005964130948046209
69.8662747502997,3.0,0.36301018456567036,-0.0005827281622261067
69.89935024169769,3.0,0.36301018456567036,-0.0005512581899665855
69.9293626440301,3.0,0.36301018456567036,-0.0005002067055402488
69.95822065001812,3.0,0.36301018456567036,-0.0004809667664667986
69.98520354171272,3.0,0.36301018456567036,-0.0004497148615765915
70.0112938626738,3.0,0.36301018456567036,-0.0004348386826845739
70.03580469301023,3.0,0.36301018456567036,-0.0004085138389406156
70.06002605199586,3.0,0.36301018456567036,-0.0004036893164271604
70.0828417193282,3.0,0.36301018456567036,-0.00038026112220568335
70.10714305106117,3.0,0.36301018456567036,-0.0004050221955495224
70.1301311121733,3.0,0.36301018456567036,-0.0003831343518689156
70.1531883387341,3.0,0.36301018456567036,-0.00038428710934661274
70.18145721086103,3.0,0.36301018456567036,-0.00047114786878204223
70.21198778829,3.0,0.36301018456567036,-0.0005088429571495874
70.24755647318989,3.0,0.36301018456567036,-0.0005928114149981728
70.28561624030793,3.0,0.36301018456567036,-0.0006343294519672647
70.32790811969055,3.0,0.36301018456567036,-0.0007048646563769312
70.37254712611254,3.0,0.36301018456567036,-0.0007439834403665425
70.42025443370498,3.0,0.36301018456567036,-0.0007951217932073468
70.46941446410102,3.0,0.36301018456567036,-0.0008193338399339242
70.51884140916877,3.0,0.36301018456567036,-0.000823782417795792
70.5663038908051,3.0,0.36301018456567036,-0.0007910413606054919
70.61179429950941,3.0,0.36301018456567036,-0.0007581734784050956
70.6499838440414,3.0,0.36301018456567036,-0.0006364924088665259
70.67626570288333,3.0,0.36301018456567036,-0.00043803098069869186
70.69295342726075,3.0,0.36301018456567036,-0.00027812873962359283
70.7138892175293,3.0,0.36301018456567036,-0.00034892983780918975
70.74046452766119,3.0,0.36301018456567036,-0.0004429218355315222
70.76967156106572,3.0,0.36301018456567036,-0.0004867838900755471
70.80752953174019,3.0,0.36301018456567036,-0.0006309661779076646
70.84979423906061,3.0,0.36301018456567036,-0.0007044117886738828
70.9040562356545,3.0,0.36301018456567036,-0.0009043666098979206
70.96317169517003,3.0,0.36301018456567036,-0.0009852576585921986
71.03024674542256,3.0,0.36301018456567036,-0.0011179175042086847
71.10053027773485,3.0,0.36301018456567036,-0.0011713922052048258
71.17609338602864,3.0,0.36301018456567036,-0.0012593851382298868
71.25343899457462,3.0,0.36301018456567036,-0.001289093475766396
71.33397008737195,3.0,0.36301018456567036,-0.0013421848799555006
71.4162225617978,3.0,0.36301018456567036,-0.001370874573764128
71.50127110271943,3.0,0.36301018456567036,-0.001417475682027128
71.58751138568608,3.0,0.36301018456567036,-0.0014373380494443159
71.67527293285964,3.0,0.36301018456567036,-0.0014626924528926227
71.76342082527219,3.0,0.36301018456567036,-0.001469131540209077
71.85243862293073,3.0,0.36301018456567036,-0.0014836299609757996
71.9392510994036,3.0,0.36301018456567036,-0.0014468746078812168
71.97966019226067,3.0,0.36301018456567036,-0.0006734848809510778
72.01646620825323,3.0,0.36301018456567036,-0.0006134335998762076
72.05153826609273,3.0,0.36301018456567036,-0.0005845342973250054
72.08459606249126,3.0,0.36301018456567036,-0.0005509632733088258
72.11620568293463,3.0,0.36301018456567036,-0.000526827007389629
72.14529359955884,3.0,0.36301018456567036,-0.0004847986104035249
72.17334456947377,3.0,0.36301018456567036,-0.00046751616524884864
72.19990377802148,3.0,0.36301018456567036,-0.0004426534757951826
72.22592188726865,3.0,0.36301018456567036,-0.00043363515411961445
72.25073003949107,3.0,0.36301018456567036,-0.00041346920370705743
72.27540361928705,3.0,0.36301018456567036,-0.0004112263299329111
72.29900185471313,3.0,0.36301018456567036,-0.0003933039237680492
72.32472732587989,3.0,0.36301018456567036,-0.00042875785277939066
72.34815532034811,3.0,0.36301018456567036,-0.00039046657447032527
72.37227127135858,3.0,0.36301018456567036,-0.00040193251684118414
72.39507460532033,3.0,0.36301018456567036,-0.0003800555660290698
72.4183064098151,3.0,0.36301018456567036,-0.0003871967415794529
72.44038761986334,3.0,0.36301018456567036,-0.0003680201674708096
72.46265551599508,3.0,0.36301018456567036,-0.0003711316021955355
72.48404695741539,3.0,0.36301018456567036,-0.00035652402367177514
72.50545156901697,3.0,0.36301018456567036,-0.00035674352669303865
72.52655999788954,3.0,0.36301018456567036,-0.00035180714787620443
72.54814067173335,3.0,0.36301018456567036,-0.00035967789739702716
72.56979671173816,3.0,0.36301018456567036,-0.00036093400008011347
72.58958715923802,3.0,0.36301018456567036,-0.0003298407916643784
72.60905743514523,3.0,0.36301018456567036,-0.00032450459845355487
72.62928984346979,3.0,0.36301018456567036,-0.00033720680540928337
72.65074329505597,3.0,0.36301018456567036,-0.0003575575264363176
72.67134395370776,3.0,0.36301018456567036,-0.0003433443108631408
72.69699084367677,3.0,0.36301018456567036,-0.0004274481661502615
72.72845138759193,3.0,0.36301018456567036,-0.0005243423985859594
72.762106619529,3.0,0.36301018456567036,-0.0005609205322845679
72.80568982160857,3.0,0.36301018456567036,-0.0007263867013259829
72.85330032441608,3.0,0.36301018456567036,-0.0007935083801253432
72.91303200705651,3.0,0.36301018456567036,-0.0009955280440072268
72.9763651885923,3.0,0.36301018456567036,-0.0010555530255963819
73.04684061964537,3.0,0.36301018456567036,-0.0011745905175512387
73.12075916180193,3.0,0.36301018456567036,-0.0012319757026092598
73.19839916237369,3.0,0.36301018456567036,-0.001294000009529382
73.27793744669479,3.0,0.36301018456567036,-0.0013256380720182972
73.36075509517917,3.0,0.36301018456567036,-0.0013802941414063133
73.44418391597053,3.0,0.36301018456567036,-0.0013904803465226911
73.52919117949234,3.0,0.36301018456567036,-0.0014167877253635427
73.61483215487215,3.0,0.36301018456567036,-0.0014273495896632764
73.70159181354153,3.0,0.36301018456567036,-0.00144599431115628
73.78789743161823,3.0,0.36301018456567036,-0.001438426967945053
73.87514507052711,3.0,0.36301018456567036,-0.0014541273151478904
73.9607239540664,3.0,0.36301018456567036,-0.0014263147256547413
74.00106340793883,3.0,0.36301018456567036,-0.0006723242312072668
74.04000867779364,3.0,0.36301018456567036,-0.0006490878309135445
74.07602537537923,3.0,0.36301018456567036,-0.0006002782930932589
74.11106168469529,3.0,0.36301018456567036,-0.0005839384886010171
74.14416574020662,3.0,0.36301018456567036,-0.0005517342585221493
74.1742650415314,3.0,0.36301018456567036,-0.0005016550220797311
74.20335276984682,3.0,0.36301018456567036,-0.00048479547192357953
74.23059508776376,3.0,0.36301018456567036,-0.0004540386319491557
74.25721507208414,3.0,0.36301018456567036,-0.0004436664053396034
74.28252275060858,3.0,0.36301018456567036,-0.00042179464207391267
74.30750147654928,3.0,0.36301018456567036,-0.0004163120990117121
74.3313826573707,3.0,0.36301018456567036,-0.00039801968035688053
74.35741609406318,3.0,0.36301018456567036,-0.00043389061154137633
74.38109426488732,3.0,0.36301018456567036,-0.00039463618040224975
74.40544771581435,3.0,0.36301018456567036,-0.00040589084878366337
74.42836054356508,3.0,0.36301018456567036,-0.0003818804625122285
74.4517427069436,3.0,0.36301018456567036,-0.0003897027229754164
74.47396852471006,3.0,0.36301018456567036,-0.000370430296107635
74.49648694295976,3.0,0.36301018456567036,-0.0003753069708283578
74.51807829019207,3.0,0.36301018456567036,-0.0003598557872051545
74.5396811848248,3.0,0.36301018456567036,-0.00036004824387903233
74.56053805322833,3.0,0.36301018456567036,-0.00034761447339202496
74.58073854011991,3.0,0.36301018456567036,-0.00033667478152630816
74.60051093277683,3.0,0.36301018456567036,-0.0003295398776152914
74.619952560451,3.0,0.36301018456567036,-0.00032402712790277106
74.63893271050038,3.0,0.36301018456567036,-0.00031633583415642774
74.65841788904326,3.0,0.36301018456567036,-0.00032475297571469403
74.67869401236696,3.0,0.36301018456567036,-0.00033793538872839115
74.69913334429135,3.0,0.36301018456567036,-0.00034065553207324124
74.72501379579938,3.0,0.36301018456567036,-0.0004313408584672642
74.75678264496024,3.0,0.36301018456567036,-0.0005294808193474801
74.79127985472483,3.0,0.36301018456567036,-0.0005749534960766635
74.8357868365817,3.0,0.36301018456567036,-0.0007417830309478632
74.88421042308094,3.0,0.36301018456567036,-0.0008070597749873442
74.94344098365542,3.0,0.36301018456567036,-0.000987176009574725
75.00591327512772,3.0,0.36301018456567036,-0.0010412048578716197
75.07547203171615,3.0,0.36301018456567036,-0.0011593126098071004
75.14839813964448,3.0,0.36301018456567036,-0.0012154351321390275
75.22520484752982,3.0,0.36301018456567036,-0.0012801117980890302
75.30399619219149,3.0,0.36301018456567036,-0.0013131890776944392
75.38644176208453,3.0,0.36301018456567036,-0.0013740928315506763
75.47099441789274,3.0,0.36301018456567036,-0.0014092109301369158
75.5574191425893,3.0,0.36301018456567036,-0.0014404120782758841
75.64514232148133,3.0,0.36301018456567036,-0.0014620529815339868
75.73391637708872,3.0,0.36301018456567036,-0.0014795675934564296
75.82307298291211,3.0,0.36301018456567036,-0.0014859434303897477
75.91243268001338,3.0,0.36301018456567036,-0.0014893282850211025
75.99998405318296,3.0,0.36301018456567036,-0.0014591895528262868
76.04054916157801,3.0,0.36301018456567036,-0.0006760851399175117
76.07795261999256,3.0,0.36301018456567036,-0.0006233909735758467
76.11258737934067,3.0,0.36301018456567036,-0.000577245989135253
76.14532700499791,3.0,0.36301018456567036,-0.0005456604276207825
76.1765317317144,3.0,0.36301018456567036,-0.0005200787786082654
76.2053161254917,3.0,0.36301018456567036,-0.00047973989628828987
76.2330994725089,3.0,0.36301018456567036,-0.00046305578361975896
76.25934154832112,3.0,0.36301018456567036,-0.00043736793020365323
76.28514352306979,3.0,0.36301018456567036,-0.0004300329124779311
76.30969263895362,3.0,0.36301018456567036,-0.00040915193139716384
76.33433951220553,3.0,0.36301018456567036,-0.0004107812208651144
76.35796287100811,3.0,0.36301018456567036,-0.00039372264670960763
76.38387507382775,3.0,0.36301018456567036,-0.00043187004699412
76.40760277618993,3.0,0.36301018456567036,-0.0003954617060362579
76.43213081238447,3.0,0.36301018456567036,-0.0004088006032423785
76.45541320710669,3.0,0.36301018456567036,-0.00038803991203689877
76.47907446494344,3.0,0.36301018456567036,-0.00039435429727918356
76.50165181115528,3.0,0.36301018456567036,-0.0003762891035306661
76.52442985625245,3.0,0.36301018456567036,-0.00037963408495291537
76.54632664505291,3.0,0.36301018456567036,-0.0003649464800075716
76.56822248473196,3.0,0.36301018456567036,-0.00036493066131756556
76.58944913612208,3.0,0.36301018456567036,-0.00035377752316877485
76.61130726644974,3.0,0.36301018456567036,-0.000364302172127585
76.63462479643195,3.0,0.36301018456567036,-0.0003886254997034683
76.65805854642771,3.0,0.36301018456567036,-0.00039056249992941856
76.6797380896819,3.0,0.36301018456567036,-0.0003613257209031725
76.70021918045998,3.0,0.36301018456567036,-0.0003413515129678765
76.7232585366969,3.0,0.36301018456567036,-0.0003839892706152608
76.74449998145565,3.0,0.36301018456567036,-0.00035402407931231034
76.77197354533789,3.0,0.36301018456567036,-0.0004578927313705868
76.80408328664282,3.0,0.36301018456567036,-0.0005351623550823022
76.83889720952249,3.0,0.36301018456567036,-0.000580232047994416
76.88289072302656,3.0,0.36301018456567036,-0.0007332252250679983
76.93057579303381,3.0,0.36301018456567036,-0.000794751166787547
76.98869050377877,3.0,0.36301018456567036,-0.0009685785124158968
77.05030068433679,3.0,0.36301018456567036,-0.0010268363426335538
77.11996895712701,3.0,0.36301018456567036,-0.0011611378798371333
77.19276002041315,3.0,0.36301018456567036,-0.0012131843881023055
77.27154372677509,3.0,0.36301018456567036,-0.00131306177269919
77.35192654794328,3.0,0.36301018456567036,-0.0013397136861364961
77.43549069672599,3.0,0.36301018456567036,-0.001392735813045145
77.52030649549721,3.0,0.36301018456567036,-0.001413596646186909
77.60743269629829,3.0,0.36301018456567036,-0.0014521033466845651
77.69506182580989,3.0,0.36301018456567036,-0.0014604854918598702
77.78355006271775,3.0,0.36301018456567036,-0.0014748039484644838
77.87139075488008,3.0,0.36301018456567036,-0.0014640115360387452
77.95885401847141,3.0,0.36301018456567036,-0.0014577210598555952
78.04336248611308,3.0,0.36301018456567036,-0.0014084744606943787
78.08071627779859,3.0,0.36301018456567036,-0.0006225631947583402
78.11882280734314,3.0,0.36301018456567036,-0.0006351088257424989
78.15565636384966,3.0,0.36301018456567036,-0.0006138926084420023
78.19114564289147,3.0,0.36301018456567036,-0.0005914879840301071
78.22456790257922,3.0,0.36301018456567036,-0.0005570376614626481
78.25475606301254,3.0,0.36301018456567036,-0.0005031360072217634
78.28368640622764,3.0,0.36301018456567036,-0.0004821723869185563
78.31048302255361,3.0,0.36301018456567036,-0.0004466102720994377
78.33623694197877,3.0,0.36301018456567036,-0.0004292319904192258
78.36024977864004,3.0,0.36301018456567036,-0.00040021394435455247
78.3837039813408,3.0,0.36301018456567036,-0.00039090337834613107
78.40757750895119,3.0,0.36301018456567036,-0.00039789212683994513
78.430557105482,3.0,0.36301018456567036,-0.00038299327551345985
78.45798976581176,3.0,0.36301018456567036,-0.00045721100549615443
78.48619889606655,3.0,0.36301018456567036,-0.00047015217091321164
78.51871968142005,3.0,0.36301018456567036,-0.0005420130892249341
78.55224523114452,3.0,0.36301018456567036,-0.0005587591620745974
78.58931688039587,3.0,0.36301018456567036,-0.0006178608208558396
78.62736577841434,3.0,0.36301018456567036,-0.0006341483003078457
78.66828999411885,3.0,0.36301018456567036,-0.0006820702617417867
78.71020991397599,3.0,0.36301018456567036,-0.000698665330952247
78.75400606989507,3.0,0.36301018456567036,-0.0007299359319848151
78.79812757430196,3.0,0.36301018456567036,-0.0007353584067813681
78.8409598629243,3.0,0.36301018456567036,-0.0007138714770390126
78.88007704459477,3.0,0.36301018456567036,-0.0006519530278413191
78.91634843406548,3.0,0.36301018456567036,-0.0006045231578451158
78.94401230515288,3.0,0.36301018456567036,-0.00046106451812334974
78.9633322160192,3.0,0.36301018456567036,-0.00032199851443870294
78.98130838763296,3.0,0.36301018456567036,-0.0002996028602295311
79.0038662419833,3.0,0.36301018456567036,-0.00037596423917226967
79.03229927782783,3.0,0.36301018456567036,-0.00047388393074213547
79.06346305281123,3.0,0.36301018456567036,-0.0005193962497233238
79.10436134116308,3.0,0.36301018456567036,-0.0006816381391975474
79.14981493470756,3.0,0.36301018456567036,-0.0007575598924080257
79.20754181087722,3.0,0.36301018456567036,-0.0009621146028276317
79.26913498151765,3.0,0.36301018456567036,-0.0010265528440073384
79.3380912081021,3.0,0.36301018456567036,-0.0011492704430741418
79.41065366375148,3.0,0.36301018456567036,-0.0012093742608228633
79.4871714224315,3.0,0.36301018456567036,-0.001275295978000382
79.56583628140476,3.0,0.36301018456567036,-0.001311080982887655
79.64790333656096,3.0,0.36301018456567036,-0.0013677842526033024
79.73103059024861,3.0,0.36301018456567036,-0.0013854542281274568
79.81632318907552,3.0,0.36301018456567036,-0.0014215433137818076
79.9025786220989,3.0,0.36301018456567036,-0.001437590550389778
79.99002215264564,3.0,0.36301018456567036,-0.0014573921757789468
80.07786306128709,3.0,0.36301018456567036,-0.0014640151440243018
80.16707105327667,3.0,0.36301018456567036,-0.0014867998664930611
80.25451886619427,3.0,0.36301018456567036,-0.0014574635486268013
80.29552562716418,3.0,0.36301018456567036,-0.0006834460161651922
80.33411891069737,3.0,0.36301018456567036,-0.0006432213922197659
80.36995030921636,3.0,0.36301018456567036,-0.000597189975316575
80.40404985658644,3.0,0.36301018456567036,-0.0005683257895012214
80.4363995814686,3.0,0.36301018456567036,-0.0005391620813693976
80.46594061606598,3.0,0.36301018456567036,-0.0004923505766229849
80.49450895930956,3.0,0.36301018456567036,-0.0004761390540597142
80.5215874127433,3.0,0.36301018456567036,-0.0004513075572291826
80.54799866266544,3.0,0.36301018456567036,-0.0004401874987022838
80.57308767637407,3.0,0.36301018456567036,-0.00041815022847731714
80.59796158974076,3.0,0.36301018456567036,-0.00041456522277816943
80.62167322749559,3.0,0.36301018456567036,-0.00039519396258038753
80.64738220256274,3.0,0.36301018456567036,-0.00042848291778575163
80.67076051197056,3.0,0.36301018456567036,-0.0003896384901304062
80.6948797670607,3.0,0.36301018456567036,-0.00040198758483568804
80.71748193908647,3.0,0.36301018456567036,-0.00037670286709621316
80.74052110519175,3.0,0.36301018456567036,-0.00038398610175461174
80.76236063073722,3.0,0.36301018456567036,-0.0003639920924244776
80.78437105526041,3.0,0.36301018456567036,-0.0003668404087198169
80.80553445418337,3.0,0.36301018456567036,-0.00035272331538264805
80.82674258379137,3.0,0.36301018456567036,-0.0003534688268000962
80.85005244295114,3.0,0.36301018456567036,-0.0003884976526628399
80.87434179855421,3.0,0.36301018456567036,-0.0004048225933845706
80.89876378411668,3.0,0.36301018456567036,-0.0004070330927079185
80.92107721824503,3.0,0.36301018456567036,-0.00037189056880573265
80.94242488742262,3.0,0.36301018456567036,-0.00035579448629311964
80.96217032022174,3.0,0.36301018456567036,-0.0003290905466520171
80.98325666400063,3.0,0.36301018456567036,-0.0003514390629815708
81.00365286694463,3.0,0.36301018456567036,-0.0003399367157332363
81.02931211592022,3.0,0.36301018456567036,-0.00042765414959312263
81.06077167194309,3.0,0.36301018456567036,-0.0005243259337144522
81.0946817687585,3.0,0.36301018456567036,-0.0005651682802570076
81.13855777108711,3.0,0.36301018456567036,-0.0007312667054766061
81.18655912037485,3.0,0.36301018456567036,-0.000800022488128966
81.24662988343096,3.0,0.36301018456567036,-0.0010011793842682874
81.31007243066188,3.0,0.36301018456567036,-0.0010573757871819758
81.38082973458883,3.0,0.36301018456567036,-0.0011792883987826685
81.45482366367183,3.0,0.36301018456567036,-0.0012332321513833257
81.53285980433475,3.0,0.36301018456567036,-0.00130060234438193
81.61265764766193,3.0,0.36301018456567036,-0.0013299640554530858
81.69553507785601,3.0,0.36301018456567036,-0.0013812905032346225
81.77923309949264,3.0,0.36301018456567036,-0.0013949670272772475
81.86389751749152,3.0,0.36301018456567036,-0.0014110736333145947
81.94866512062049,3.0,0.36301018456567036,-0.0014127933854827177
82.03369835649872,3.0,0.36301018456567036,-0.0014172205979703964
82.11857410464364,3.0,0.36301018456567036,-0.0014145958024153536
82.20470259793744,3.0,0.36301018456567036,-0.0014354748882299442
82.28899600947317,3.0,0.36301018456567036,-0.0014048901922620435
82.32842488509532,3.0,0.36301018456567036,-0.0006571479270357828
82.36473771425645,3.0,0.36301018456567036,-0.0006052138193521192
82.39918211889972,3.0,0.36301018456567036,-0.0005740734107211297
82.43190143113354,3.0,0.36301018456567036,-0.0005453218705637049
82.46328750281054,3.0,0.36301018456567036,-0.0005231011946167714
82.49213129219144,3.0,0.36301018456567036,-0.00048072982301509466
82.52022450057467,3.0,0.36301018456567036,-0.00046822013972036417
82.54690786835866,3.0,0.36301018456567036,-0.0004447227963997815
82.57326815067849,3.0,0.36301018456567036,-0.00043933803866390064
82.59845542416075,3.0,0.36301018456567036,-0.00041978789137105306
82.6238109565261,3.0,0.36301018456567036,-0.00042259220608932693
82.64817608159743,3.0,0.36301018456567036,-0.0004060854178554705
82.6749851946289,3.0,0.36301018456567036,-0.0004468185505246726
82.69938731750844,3.0,0.36301018456567036,-0.00040670204799215934
82.72465612786384,3.0,0.36301018456567036,-0.00042114683925653776
82.74850563562339,3.0,0.36301018456567036,-0.00039749179599238906
82.77277194147187,3.0,0.36301018456567036,-0.00040443843080811235
82.7958867393965,3.0,0.36301018456567036,-0.00038524663207702
82.81907629553878,3.0,0.36301018456567036,-0.0003864926023714492
82.84127473162778,3.0,0.36301018456567036,-0.00036997393481668186
82.86321468063436,3.0,0.36301018456567036,-0.00036566581677639515
82.88426583712979,3.0,0.36301018456567036,-0.0003508526082572138
82.90495703792583,3.0,0.36301018456567036,-0.0003448533466006228
82.92527384647376,3.0,0.36301018456567036,-0.00033861347579882236
82.94458538555415,3.0,0.36301018456567036,-0.0003218589846732432
82.96396885072004,3.0,0.36301018456567036,-0.00032305775276473463
82.98401750472743,3.0,0.36301018456567036,-0.0003341442334565782
83.00549713728135,3.0,0.36301018456567036,-0.0003579938758987087
83.02686209962782,3.0,0.36301018456567036,-0.00035608270577436806
83.05478877705637,3.0,0.36301018456567036,-0.0004654446238091259
83.08785918766837,3.0,0.36301018456567036,-0.0005511735101999959
83.12325599301765,3.0,0.36301018456567036,-0.0005899467558214282
83.16293156012226,3.0,0.36301018456567036,-0.0006612594517435417
83.20102919968878,3.0,0.36301018456567036,-0.0006349606594420044
83.24390240812669,3.0,0.36301018456567036,-0.0007145534739651119
83.28612898351348,3.0,0.36301018456567036,-0.0007037762564464826
83.33305004283449,3.0,0.36301018456567036,-0.0007820176553500556
83.37957859568039,3.0,0.36301018456567036,-0.0007754758807648689
83.43089163961415,3.0,0.36301018456567036,-0.0008552173988960835
83.4811096274587,3.0,0.36301018456567036,-0.0008369664640758683
83.53658177841757,3.0,0.36301018456567036,-0.0009245358493146181
83.5905607810006,3.0,0.36301018456567036,-0.00089965004305058
83.64976718674231,3.0,0.36301018456567036,-0.000986773429028461
83.70761017724439,3.0,0.36301018456567036,-0.0009640498417013997
83.77055655006775,3.0,0.36301018456567036,-0.0010491062137227632
83.83290271880853,3.0,0.36301018456567036,-0.0010391028123461165
83.9000773772465,3.0,0.36301018456567036,-0.001119577640632887
83.96247529683674,3.0,0.36301018456567036,-0.0010399653265039486
83.98584568070943,3.0,0.36301018456567036,-0.0003895063978781258
84.01402824647042,3.0,0.36301018456567036,-0.0004697094293498781
84.03874459629453,3.0,0.36301018456567036,-0.00041193916373527306
84.06453742187381,3.0,0.36301018456567036,-0.0004298804263213103
84.08867391731107,3.0,0.36301018456567036,-0.00040227492395432824
84.11189641643071,3.0,0.36301018456567036,-0.0003870416519941197
84.13467034622303,3.0,0.36301018456567036,-0.00037956549653866257
84.15654466772138,3.0,0.36301018456567036,-0.0003645720249723736
84.17831723118941,3.0,0.36301018456567036,-0.00036287605780044015
84.19919196628078,3.0,0.36301018456567036,-0.00034791225152292014
84.22028256834908,3.0,0.36301018456567036,-0.0003515100344717121
84.24107853962389,3.0,0.36301018456567036,-0.00034659952124676765
84.26314358069422,3.0,0.36301018456567036,-0.0003677506845055709
84.28381644287109,3.0,0.36301018456567036,-0.00034454770294779026
84.30522371624765,3.0,0.36301018456567036,-0.0003567878896093912
84.32680768639044,3.0,0.36301018456567036,-0.00035973283571317426
84.34799808119888,3.0,0.36301018456567036,-0.0003531732468073723
84.371832539354,3.0,0.36301018456567036,-0.00039724096925201327
84.39644951005353,3.0,0.36301018456567036,-0.0004102828449920864
84.42426655719362,3.0,0.36301018456567036,-0.0004636174523348105
84.4540378222097,3.0,0.36301018456567036,-0.0004961877502680473
84.48732892954735,3.0,0.36301018456567036,-0.0005548517889608322
84.52358901440928,3.0,0.36301018456567036,-0.0006043347476989944
84.56272877273322,3.0,0.36301018456567036,-0.0006523293053990127
84.60250296426975,3.0,0.36301018456567036,-0.0006629031922754402
84.64419465199373,3.0,0.36301018456567036,-0.0006948614620663658
84.68247080489773,3.0,0.36301018456567036,-0.0006379358817334932
84.71336847749731,3.0,0.36301018456567036,-0.0005149612099929258
84.73145337572589,3.0,0.36301018456567036,-0.000301414970476434
84.75398835528806,3.0,0.36301018456567036,-0.0003755829927028102
84.78190885868568,3.0,0.36301018456567036,-0.0004653417232937785
84.81192772292972,3.0,0.36301018456567036,-0.0005003144040674344
84.85131634320781,3.0,0.36301018456567036,-0.0006564770046347271
84.89495318217307,3.0,0.36301018456567036,-0.0007272806494209096
84.94975437309644,3.0,0.36301018456567036,-0.0009133531820561131
85.0104406048121,3.0,0.36301018456567036,-0.0010114371952611467
85.0831879341102,3.0,0.36301018456567036,-0.001212455488301546
85.15984935855494,3.0,0.36301018456567036,-0.0012776904074122603
85.24370702491332,3.0,0.36301018456567036,-0.0013976277726398289
85.32992703619404,3.0,0.36301018456567036,-0.001437000188012045
85.42100704862133,3.0,0.36301018456567036,-0.001518000207121542
85.51302599330907,3.0,0.36301018456567036,-0.0015336490781289092
85.60714333919142,3.0,0.36301018456567036,-0.001568622431372606
85.7009197338312,3.0,0.36301018456567036,-0.0015629399106629712
85.79549050912723,3.0,0.36301018456567036,-0.0015761795882672416
85.88824221920467,3.0,0.36301018456567036,-0.0015458618346238637
85.98118837132039,3.0,0.36301018456567036,-0.0015491025352619694
86.06789620112382,3.0,0.36301018456567036,-0.00144513049672386
86.102509674141,3.0,0.36301018456567036,-0.0005768912169530404
86.13909838238804,3.0,0.36301018456567036,-0.0006098118041171842
86.17194905098022,3.0,0.36301018456567036,-0.0005475111432028772
86.20241353093829,3.0,0.36301018456567036,-0.0005077413326344696
86.23061856018813,3.0,0.36301018456567036,-0.00047008382083081786
86.25530816262685,3.0,0.36301018456567036,-0.00041149337397860104
86.28211606419687,3.0,0.36301018456567036,-0.000446798359500449
86.31649909095871,3.0,0.36301018456567036,-0.0005730504460306488
86.3564544211826,3.0,0.36301018456567036,-0.0006659221703982693
86.40364808000915,3.0,0.36301018456567036,-0.0007865609804423658
86.45510763988815,3.0,0.36301018456567036,-0.0008576593313168016
86.51316285773139,3.0,0.36301018456567036,-0.0009675869640539168
86.57743614264055,3.0,0.36301018456567036,-0.0010712214151527412
86.6480591565196,3.0,0.36301018456567036,-0.0011770502313174758
86.72171688994783,3.0,0.36301018456567036,-0.00122762889047058
86.80165225226115,3.0,0.36301018456567036,-0.0013322560385553236
86.88482036020261,3.0,0.36301018456567036,-0.0013861351323576974
86.97362724913005,3.0,0.36301018456567036,-0.0014801148154572198
87.06583530404423,3.0,0.36301018456567036,-0.001536800915236447
87.16337174105443,3.0,0.36301018456567036,-0.0016256072835034734
87.26451304409522,3.0,0.36301018456567036,-0.0016856883840131547
87.37042991034258,3.0,0.36301018456567036,-0.0017652811041224995
87.48050686478959,3.0,0.36301018456567036,-0.001834615907450128
87.59272201348345,3.0,0.36301018456567036,-0.0018702524782309858
87.70403083121779,3.0,0.36301018456567036,-0.001855146962238964
87.81489635302253,3.5,0.3881625380327094,-0.020712023797024876
87.92072518851174,4.0,0.4095258170131828,-0.017786273160175177
88.01502252019898,4.0,0.4095258170131828,-0.0015716221947873336
88.08259665211583,4.0,0.4095258170131828,-0.001126235531947338
88.12885693387834,4.0,0.4095258170131828,-0.0007710046960418526
88.15045688080069,4.0,0.4095258170131828,-0.00035999911537257733
88.16843976393046,4.0,0.4095258170131828,-0.0002997147188296058
88.19417106479591,4.0,0.4095258170131828,-0.0004288550144239914
88.22412335289988,4.0,0.4095258170131828,-0.0004992048017327697
88.26421965397977,4.0,0.4095258170131828,-0.0006682716846646404
88.31025629050434,4.0,0.4095258170131828,-0.0007672772754096904
88.36849084533694,4.0,0.4095258170131828,-0.000970575913876491
88.432969745074,4.0,0.4095258170131828,-0.0010746483289511277
88.50793499968576,4.0,0.4095258170131828,-0.001249420910195828
88.58681344747846,4.0,0.4095258170131828,-0.0013146407965451644
88.67130824625912,4.0,0.4095258170131828,-0.0014082466463441394
88.75759383476105,4.0,0.4095258170131828,-0.0014380931416988652
88.84724365235361,4.0,0.4095258170131828,-0.0014941636265425628
88.93699691193245,4.0,0.4095258170131828,-0.0014958876596472645
89.02796459104759,4.0,0.4095258170131828,-0.0015161279852522456
89.1173635555837,4.0,0.4095258170131828,-0.0014899827422684589
89.20722201326559,4.0,0.4095258170131828,-0.001497640961364881
89.29107284988774,4.0,0.4095258170131828,-0.001397513943702488
89.32422325232477,4.0,0.4095258170131828,-0.0005525067072838757
89.36070298966368,4.0,0.4095258170131828,-0.0006079956223151785
89.39346537043401,4.0,0.4095258170131828,-0.000546039679505543
89.42388400476577,4.0,0.4095258170131828,-0.000506977238862566
89.45192625910956,4.0,0.4095258170131828,-0.0004673709057298647
89.47656523949553,4.0,0.4095258170131828,-0.00041064967309966435
89.50502579712935,4.0,0.4095258170131828,-0.0004743426272304482
89.54158669170569,4.0,0.4095258170131828,-0.0006093482429388806
89.58391083717345,4.0,0.4095258170131828,-0.0007054024244627515
89.63356469554553,4.0,0.4095258170131828,-0.0008275643062013984
89.68755874768061,4.0,0.4095258170131828,-0.000899900868918037
89.74812618257354,4.0,0.4095258170131828,-0.0010094572482154242
89.81531957773225,4.0,0.4095258170131828,-0.0011198899193118521
89.8887901824459,4.0,0.4095258170131828,-0.0012245100785608374
89.96530735344305,4.0,0.4095258170131828,-0.0012752861832858865
90.04793736973829,4.0,0.4095258170131828,-0.0013771669382540966
90.13356495132,4.0,0.4095258170131828,-0.0014271263596950347
90.22469476687381,4.0,0.4095258170131828,-0.0015188302592302116
90.31895804809291,4.0,0.4095258170131828,-0.0015710546869850295
90.41821861537714,4.0,0.4095258170131828,-0.0016543427880704338
90.52078547357355,4.0,0.4095258170131828,-0.001709447636606889
90.62741247920881,4.0,0.4095258170131828,-0.0017771167605876725
90.73731920444312,4.0,0.4095258170131828,-0.001831778753905241
90.84815407936303,4.0,0.4095258170131828,-0.0018472479153316566
90.95661794422712,4.0,0.4095258170131828,-0.0018077310810680881
91.06357182888935,4.5,0.420851466125578,-0.010276801578666865
91.16428441224923,5.0,0.4257506139131717,-0.005352903896693362
91.25271761551843,5.0,0.4257506139131717,-0.0014738867211533254
91.31337699663884,5.0,0.4257506139131717,-0.0010109896853400869
91.35007330098294,5.0,0.4257506139131717,-0.0006116050724017051
91.36600999574031,5.0,0.4257506139131717,-0.0002656115792895763
91.38507031417332,5.0,0.4257506139131717,-0.0003176719738835076
91.4120754943998,5.0,0.4257506139131717,-0.000450086337108107
91.44366176019126,5.0,0.4257506139131717,-0.0005264377631910903
91.4861139837733,5.0,0.4257506139131717,-0.0007075370597004986
91.53513666655762,5.0,0.4257506139131717,-0.0008170447130720853
91.59703953489866,5.0,0.4257506139131717,-0.0010317144723505584
91.66419289464369,5.0,0.4257506139131717,-0.0011192226624172463
91.73966470422866,5.0,0.4257506139131717,-0.0012578634930826857
91.81820255980678,5.0,0.4257506139131717,-0.001308964259635439
91.9014069537601,5.0,0.4257506139131717,-0.001386739899222054
91.98579879768526,5.0,0.4257506139131717,-0.001406530732086117
92.07247280014734,5.0,0.4257506139131717,-0.0014445667077012795
92.15919967323877,5.0,0.4257506139131717,-0.001445447884857287
92.24715337210861,5.0,0.4257506139131717,-0.0014658949811639176
92.33423183419417,5.0,0.4257506139131717,-0.001451307701426035
92.42078633110548,5.0,0.4257506139131717,-0.0014425749485217924
92.50329683929402,5.0,0.4257506139131717,-0.0013751751364757467
92.5382673523411,5.0,0.4257506139131717,-0.0005828418841177894
92.573602653205,5.0,0.4257506139131717,-0.0005889216810650199
92.60656968953919,5.0,0.4257506139131717,-0.0005494506055697581
92.63778360112626,5.0,0.4257506139131717,-0.0005202318597844896
92.66847164555622,5.0,0.4257506139131717,-0.0005114674071659978
92.69684422403358,5.0,0.4257506139131717,-0.00047287630795590335
92.72473983911225,5.0,0.4257506139131717,-0.000464926917977822
92.75136664938785,5.0,0.4257506139131717,-0.00044378017126008663
92.77781392955302,5.0,0.4257506139131717,-0.00044078800275291704
92.80304662153996,5.0,0.4257506139131717,-0.0004205448664489493
92.82791587165694,5.0,0.4257506139131717,-0.0004144875019496814
92.85129029656821,5.0,0.4257506139131717,-0.00038957374852115743
92.8754536425499,5.0,0.4257506139131717,-0.0004027224330281686
92.90339453075423,5.0,0.4257506139131717,-0.00046568147007206516
92.93304724247396,5.0,0.4257506139131717,-0.0004942118619956476
92.96855524375047,5.0,0.4257506139131717,-0.0005918000212751125
93.00631797462836,5.0,0.4257506139131717,-0.0006293788479648084
93.04870686468271,5.0,0.4257506139131717,-0.0007064815009059054
93.09278933468637,5.0,0.4257506139131717,-0.0007347078333943386
93.14011036599771,5.0,0.4257506139131717,-0.0007886838551889456
93.18875186056705,5.0,0.4257506139131717,-0.0008106915761557089
93.23978366328406,5.0,0.4257506139131717,-0.0008505300452835121
93.29159157110917,5.0,0.4257506139131717,-0.0008634651304184819
93.34262622304136,5.0,0.4257506139131717,-0.0008505775322032865
93.39015524101664,5.0,0.4257506139131717,-0.000792150299587985
93.4352377699188,5.0,0.4257506139131717,-0.000751375481702523
93.47272338249884,5.0,0.4257506139131717,-0.000624760209667471
93.49821047163948,5.0,0.4257506139131717,-0.00042478481901074756
93.51487601276236,5.0,0.4257506139131717,-0.0002777590187145493
93.53601648065623,5.0,0.4257506139131717,-0.00035234113156456403
93.56307699187234,5.0,0.4257506139131717,-0.0004510085202683234
93.5929718876909,5.0,0.4257506139131717,-0.0004982482636425881
93.63246416554053,5.0,0.4257506139131717,-0.0006582046308272897
93.6765084299666,5.0,0.4257506139131717,-0.0007340710737679992
93.73201505758601,5.0,0.4257506139131717,-0.0009251104603235018
93.79162114811722,5.0,0.4257506139131717,-0.0009934348421867779
93.8589288460579,5.0,0.4257506139131717,-0.0011217949656781097
93.92926445860692,5.0,0.4257506139131717,-0.0011722602091503785
94.00503903899342,5.0,0.4257506139131717,-0.0012629096731082625
94.08221968595814,5.0,0.4257506139131717,-0.0012863441160785693
94.16241884007538,5.0,0.4257506139131717,-0.0013366525686206818
94.24402928648122,5.0,0.4257506139131717,-0.0013601741067641264
94.32866188866811,5.0,0.4257506139131717,-0.0014105433697814017
94.4137499757763,5.0,0.4257506139131717,-0.001418134785136403
94.49926680653901,5.0,0.4257506139131717,-0.0014252805127119314
94.58421820739102,5.0,0.4257506139131717,-0.001415856680866826
94.66972405316353,5.0,0.4257506139131717,-0.001425097429541992
94.75309615160113,5.0,0.4257506139131717,-0.001389534973959942
94.79129179113909,5.0,0.4257506139131717,-0.0006365939922993307
94.82921408691331,5.0,0.4257506139131717,-0.0006320382629038237
94.86631013974973,5.0,0.4257506139131717,-0.0006182675472735271
94.9020184943754,5.0,0.4257506139131717,-0.0005951392437612587
94.935940816456,5.0,0.4257506139131717,-0.0005653720346766676
94.96682652965458,5.0,0.4257506139131717,-0.0005147618866429868
94.99648286569239,5.0,0.4257506139131717,-0.0004942722672967921
95.02420968548476,5.0,0.4257506139131717,-0.000462113663206253
95.05109869832043,5.0,0.4257506139131717,-0.0004481502139276945
95.07631752256346,5.0,0.4257506139131717,-0.0004203137373838317
95.10110502071304,5.0,0.4257506139131717,-0.0004131249691596207
95.12439338207126,5.0,0.4257506139131717,-0.00038813935597046336
95.14909291509701,5.0,0.4257506139131717,-0.0004116588837624406
95.17147312594096,5.0,0.4257506139131717,-0.0003730035140658629
95.1944001710541,5.0,0.4257506139131717,-0.0003821174185521636
95.21664449835414,5.0,0.4257506139131717,-0.0003707387883339875
95.23866539573059,5.0,0.4257506139131717,-0.00036701495627419604
95.26400842365643,5.0,0.4257506139131717,-0.00042238379876406197
95.29052706321428,5.0,0.4257506139131717,-0.00044197732596423095
95.32030971947624,5.0,0.4257506139131717,-0.0004963776043660788
95.35163545420168,5.0,0.4257506139131717,-0.0005220955787572972
95.38572221577263,5.0,0.4257506139131717,-0.0005681126928490494
95.42093212684657,5.0,0.4257506139131717,-0.0005868318512323406
95.45533879346826,5.0,0.4257506139131717,-0.0005734444436948163
95.48757234089932,5.0,0.4257506139131717,-0.0005372257905176558
95.51788317207773,5.0,0.4257506139131717,-0.0005051805196401864
95.54085704355175,5.0,0.4257506139131717,-0.00038289785790029707
95.56025003472406,5.0,0.4257506139131717,-0.0003232165195385371
95.57882243065403,5.0,0.4257506139131717,-0.00030953993216618474
95.60193746731262,5.0,0.4257506139131717,-0.00038525061097667763
95.63094054653254,5.0,0.4257506139131717,-0.00048338465366527865
95.66258181560309,5.0,0.4257506139131717,-0.0005273544845090695
95.70429455400654,5.0,0.4257506139131717,-0.0006952123067241618
95.75077688730293,5.0,0.4257506139131717,-0.0007747055549399047
95.80918171296327,5.0,0.4257506139131717,-0.0009734137610056395
95.87107870844964,5.0,0.4257506139131717,-0.0010316165914397515
95.93913375500341,5.0,0.4257506139131717,-0.0011342507758960428
96.01081739590305,5.0,0.4257506139131717,-0.0011947273483272176
96.08655860454286,5.0,0.4257506139131717,-0.0012623534773302163
96.16405878452404,5.0,0.4257506139131717,-0.0012916696663531624
96.2427538345874,5.0,0.4257506139131717,-0.001311584167722693
96.31971039510076,5.0,0.4257506139131717,-0.0012826093418891083
96.39907007278146,5.0,0.4257506139131717,-0.0013226612946782628
96.4806385062155,5.0,0.4257506139131717,-0.001359473890567466
96.5641183095076,5.0,0.4257506139131717,-0.0013913300548684794
96.64801690491444,5.0,0.4257506139131717,-0.0013983099234471904
96.73319985028098,5.0,0.4257506139131717,-0.0014197157561089632
96.81705012467653,5.0,0.4257506139131717,-0.0013975045732591586
96.85245874633942,5.0,0.4257506139131717,-0.000590143694381674
96.8897064595992,5.0,0.4257506139131717,-0.000620795220996309
96.92475942067269,5.0,0.4257506139131717,-0.0005842160178915222
96.95864291364593,5.0,0.4257506139131717,-0.0005647248828873828
96.99114945731837,5.0,0.4257506139131717,-0.0005417757278739288
97.02085849521164,5.0,0.4257506139131717,-0.000495150631554516
97.04939214979777,5.0,0.4257506139131717,-0.00047556090976866707
97.07575905215879,5.0,0.4257506139131717,-0.0004394483726835483
97.1009394840018,5.0,0.4257506139131717,-0.00041967386405028344
97.12520661247486,5.0,0.4257506139131717,-0.0004044521412176661
97.15246418914712,5.0,0.4257506139131717,-0.000454292944537871
97.18609449361149,5.0,0.4257506139131717,-0.000560505074406123
97.22170632339098,5.0,0.4257506139131717,-0.00059353049632472
97.26396825890045,5.0,0.4257506139131717,-0.0007043655918246089
97.30881337133074,5.0,0.4257506139131717,-0.0007474185405049384
97.35950106118796,5.0,0.4257506139131717,-0.0008447948309535583
97.41284415067553,5.0,0.4257506139131717,-0.0008890514914594164
97.47138376114731,5.0,0.4257506139131717,-0.0009756601745297599
97.53257570531169,5.0,0.4257506139131717,-0.0010198657360730257
97.59816385001798,5.0,0.4257506139131717,-0.0010931357451048425
97.66634364527135,5.0,0.4257506139131717,-0.001136329920889619
97.73801006851815,5.0,0.4257506139131717,-0.0011944403874467116
97.81155990899934,5.0,0.4257506139131717,-0.0012258306746864745
97.88507557744357,5.0,0.4257506139131717,-0.0012252611407371143
97.95609949947145,5.0,0.4257506139131717,-0.0011837320337979157
98.02506575186132,5.0,0.4257506139131717,-0.0011494375398312174
98.08675688683216,5.0,0.4257506139131717,-0.0010281855828473388
98.13625471684709,5.0,0.4257506139131717,-0.0008249638335822092
98.15752793743921,5.0,0.4257506139131717,-0.00035455367653528143
98.17519240991344,5.0,0.4257506139131717,-0.0002944078745702694
98.19864872660976,5.0,0.4257506139131717,-0.000390938611605479
98.22460317942652,5.0,0.4257506139131717,-0.0004325742136126702
98.25907194626868,5.0,0.4257506139131717,-0.0005744794473691048
98.29805720733056,5.0,0.4257506139131717,-0.0006497543510313153
98.34795254282696,5.0,0.4257506139131717,-0.0008315889249399658
98.40325474693633,5.0,0.4257506139131717,-0.0009217034018227892
98.46945811871846,5.0,0.4257506139131717,-0.001103389529702386
98.53974198462835,5.0,0.4257506139131717,-0.0011713977651647905
98.61636407882092,5.0,0.4257506139131717,-0.001277034903209567
98.69631998230426,5.0,0.4257506139131717,-0.0013325983913889197
98.77973537993182,5.0,0.4257506139131717,-0.0013902566271260346
98.86454206424125,5.0,0.4257506139131717,-0.0014134447384905212
98.9515313683883,5.0,0.4257506139131717,-0.0014498217357842716
99.03910627118597,5.0,0.4257506139131717,-0.0014595817132944222
99.12674834382136,5.0,0.4257506139131717,-0.001460701210589733
99.21348150949851,5.0,0.4257506139131717,-0.001445552761285702
99.30024239941946,5.0,0.4257506139131717,-0.0014460148320157688
99.38452037401831,5.0,0.4257506139131717,-0.0014046329099807664
99.42040907804756,5.0,0.4257506139131717,-0.0005981450671541563
99.45871746829091,5.0,0.4257506139131717,-0.0006384731707226192
99.4947343360407,5.0,0.4257506139131717,-0.0006002811291629502
99.5290955885625,5.0,0.4257506139131717,-0.0005726875420300544
99.561513549504,5.0,0.4257506139131717,-0.0005402993490249885
99.59092040817917,5.0,0.4257506139131717,-0.0004901143112527896
99.61899618595639,5.0,0.4257506139131717,-0.0004679296296203113
99.64509130530898,5.0,0.4257506139131717,-0.00043491865587644545
99.67018774507173,5.0,0.4257506139131717,-0.00041827399604577774
99.69355667186387,5.0,0.4257506139131717,-0.0003894821132024042
99.71878675160305,5.0,0.4257506139131717,-0.00042050132898629723
99.74996682818382,5.0,0.4257506139131717,-0.000519667943012696
99.78243056926382,5.0,0.4257506139131717,-0.0005410623513334621
99.82139560494004,5.0,0.4257506139131717,-0.0006494172612702909
99.8627443377505,5.0,0.4257506139131717,-0.0006891455468409898
99.90973086186894,5.0,0.4257506139131717,-0.000783108735307378
99.9590521668206,5.0,0.4257506139131717,-0.0008220217491943583
100.01336853105256,5.0,0.4257506139131717,-0.0009052727371994613
100.07013486240683,5.0,0.4257506139131717,-0.000946105522571135
100.1311252144588,5.0,0.4257506139131717,-0.001016505867532829
100.19454352924602,5.0,0.4257506139131717,-0.0010569719131203158
100.26137535398482,5.0,0.4257506139131717,-0.0011138637456465984
100.3303855316717,5.0,0.4257506139131717,-0.0011501696281145128
100.40008496216822,5.0,0.4257506139131717,-0.0011616571749420523
100.46845681290691,5.0,0.4257506139131717,-0.0011395308456447885
100.53568894123866,5.0,0.4257506139131717,-0.0011205354721958445
100.59643700457663,5.0,0.4257506139131717,-0.001012467722299467
100.64579693417663,5.0,0.4257506139131717,-0.0008226654933333273
100.66744618648255,5.0,0.4257506139131717,-0.0003608208717652711
100.68527488837047,5.0,0.4257506139131717,-0.0002971450314654113
100.70876343198543,5.0,0.4257506139131717,-0.00039147572691591013
100.73471291300996,5.0,0.4257506139131717,-0.00043249135040878393
100.76943599699416,5.0,0.4257506139131717,-0.0005787180664033056
100.80825309163154,5.0,0.4257506139131717,-0.0006469515772896697
100.85829885831501,5.0,0.4257506139131717,-0.0008340961113910455
100.91411959826812,5.0,0.4257506139131717,-0.0009303456658850764
100.98070628502465,5.0,0.4257506139131717,-0.0011097781126089496
101.05105486349584,5.0,0.4257506139131717,-0.0011724763078529747
101.12793799194681,5.0,0.4257506139131717,-0.0012813854741828867
101.20815097030007,5.0,0.4257506139131717,-0.001336882972554262
101.29212897409712,5.0,0.4257506139131717,-0.0013996333966175135
101.37738568769893,5.0,0.4257506139131717,-0.0014209452266967476
101.46479285340635,5.0,0.4257506139131717,-0.0014567860951236462
101.5524329707709,5.0,0.4257506139131717,-0.0014606686227424234
101.64055108581657,5.0,0.4257506139131717,-0.0014686352507613293
101.72778262399903,5.0,0.4257506139131717,-0.001453858969707853
101.8150260813203,5.0,0.4257506139131717,-0.0014540576220209722
101.89890306541737,5.0,0.4257506139131717,-0.0013979497349513286
101.93460494372924,5.0,0.4257506139131717,-0.0005950313051979252
101.97218305717291,5.0,0.4257506139131717,-0.0006263018907278712
102.00693206198623,5.0,0.4257506139131717,-0.0005791500802220757
102.04032017085602,5.0,0.4257506139131717,-0.0005564684811631837
102.07205147077048,5.0,0.4257506139131717,-0.0005288549985743024
102.10113854141652,5.0,0.4257506139131717,-0.0004847845107672612
102.12920861729248,5.0,0.4257506139131717,-0.00046783459793263334
102.15555852666314,5.0,0.4257506139131717,-0.00043916515617777133
102.18107156194559,5.0,0.4257506139131717,-0.00042521725470735425
102.20498788899329,5.0,0.4257506139131717,-0.00039860545079502274
102.22858078810688,5.0,0.4257506139131717,-0.0003932149852266072
102.25738832766895,5.0,0.4257506139131717,-0.0004801256593676893
102.2875631777836,5.0,0.4257506139131717,-0.0005029141685774091
102.32491081126355,5.0,0.4257506139131717,-0.0006224605579991899
102.36522642919607,5.0,0.4257506139131717,-0.0006719269655420645
102.41182358781965,5.0,0.4257506139131717,-0.0007766193103929883
102.46142305733642,5.0,0.4257506139131717,-0.0008266578252793012
102.51668644484359,5.0,0.4257506139131717,-0.0009210564584527649
102.57496725320297,5.0,0.4257506139131717,-0.0009713468059898022
102.6381831157947,5.0,0.4257506139131717,-0.0010535977098622379
102.70467589280041,5.0,0.4257506139131717,-0.0011082129500951702
102.77520200046416,5.0,0.4257506139131717,-0.0011754351277292773
102.84845664961492,5.0,0.4257506139131717,-0.001220910819179174
102.92232084106442,5.0,0.4257506139131717,-0.0012310698574915942
102.99438458223067,5.0,0.4257506139131717,-0.0012010623527707349
103.06484754774115,5.0,0.4257506139131717,-0.0011743827585081502
103.12860208208248,5.0,0.4257506139131717,-0.0010625755723555745
103.18088355517555,5.0,0.4257506139131717,-0.0008713578848845284
103.20500307740883,5.0,0.4257506139131717,-0.0004019920372213386
103.22179086722579,5.0,0.4257506139131717,-0.0002797964969493779
103.2441523426169,5.0,0.4257506139131717,-0.0003726912565185728
103.26901901527515,5.0,0.4257506139131717,-0.00041444454430409976
103.30285621857166,5.0,0.4257506139131717,-0.0005639533882752476
103.34149275374567,5.0,0.4257506139131717,-0.0006439422529000385
103.39180186539669,5.0,0.4257506139131717,-0.0008384851941835471
103.44845580789853,5.0,0.4257506139131717,-0.0009442323750305417
103.51548819035128,5.0,0.4257506139131717,-0.0011172063742125376
103.58620315447614,5.0,0.4257506139131717,-0.001178582735414403
103.66326816053468,5.0,0.4257506139131717,-0.0012844167676425396
103.74207054302533,5.0,0.4257506139131717,-0.00131337304151078
103.8243546235446,5.0,0.4257506139131717,-0.001371401341987664
103.90782314963936,5.0,0.4257506139131717,-0.0013911421015794477
103.99352689743111,5.0,0.4257506139131717,-0.0014283957965293497
104.07966326763182,5.0,0.4257506139131717,-0.0014356061700117695
104.16699984522369,5.0,0.4257506139131717,-0.0014556096265311582
104.25363423200119,5.0,0.4257506139131717,-0.0014439064462918015
104.3410053563089,5.0,0.4257506139131717,-0.001456185405128585
104.42603421513402,5.0,0.4257506139131717,-0.001417147647085456
104.46535182547633,5.0,0.4257506139131717,-0.0006552935057051186
104.50507354573361,5.0,0.4257506139131717,-0.000662028670954663
104.54330675255844,5.0,0.4257506139131717,-0.0006372201137470488
104.57956346394296,5.0,0.4257506139131717,-0.0006042785230753165
104.61366025403866,5.0,0.4257506139131717,-0.0005682798349283679
104.64468512331986,5.0,0.4257506139131717,-0.0005170811546866263
104.6741437995829,5.0,0.4257506139131717,-0.000490977937717214
104.70159719099671,5.0,0.4257506139131717,-0.00045755652356369546
104.72812677330346,5.0,0.4257506139131717,-0.00044215970511246057
104.75291665613454,5.0,0.4257506139131717,-0.00041316471385152194
104.77731256494361,5.0,0.4257506139131717,-0.00040659848015116046
104.80026987054853,5.0,0.4257506139131717,-0.00038262176008204015
104.82441891921619,5.0,0.4257506139131717,-0.000402484144460766
104.84893935952003,5.0,0.4257506139131717,-0.00040867400506410884
104.87364069589606,5.0,0.4257506139131717,-0.0004116889396003249
104.90363781605342,5.0,0.4257506139131717,-0.0004999520026226039
104.93546533378498,5.0,0.4257506139131717,-0.0005304586288593317
104.97179200525493,5.0,0.4257506139131717,-0.00060544452449921
105.01021971972727,5.0,0.4257506139131717,-0.0006404619078723837
105.05268471014905,5.0,0.4257506139131717,-0.0007077498403628644
105.09750704898406,5.0,0.4257506139131717,-0.0007470389805835111
105.1461621019773,5.0,0.4257506139131717,-0.0008109175498874208
105.19711190691368,5.0,0.4257506139131717,-0.0008491634156062559
105.24850106459118,5.0,0.4257506139131717,-0.0008564859612916805
105.29840655897694,5.0,0.4257506139131717,-0.0008317582397626214
105.34457738699679,5.0,0.4257506139131717,-0.0007695138003308775
105.38442055995624,5.0,0.4257506139131717,-0.0006640528826574244
105.41285166255771,5.0,0.4257506139131717,-0.00047385171002462743
105.42932530781982,5.0,0.4257506139131717,-0.00027456075436850226
105.44997262778605,5.0,0.4257506139131717,-0.00034412199943719725
105.47654021132882,5.0,0.4257506139131717,-0.0004427930590461814
105.50588889767096,5.0,0.4257506139131717,-0.0004891447723688036
105.54496403172672,5.0,0.4257506139131717,-0.0006512522342626357
105.58684303250097,5.0,0.4257506139131717,-0.0006979833462374754
105.6335850698314,5.0,0.4257506139131717,-0.0007790339555071036
105.67835280751643,5.0,0.4257506139131717,-0.0007461289614172894
105.72787088849597,5.0,0.4257506139131717,-0.0008253013496589965
105.7773669900791,5.0,0.4257506139131717,-0.0008249350263854558
105.8329736694506,5.0,0.4257506139131717,-0.0009267779895249107
105.88722340663051,5.0,0.4257506139131717,-0.0009041622863318424
105.9474162508991,5.0,0.4257506139131717,-0.001003214071143003
106.0072273856874,5.0,0.4257506139131717,-0.000996852246471678
106.0738009131369,5.0,0.4257506139131717,-0.0011095587908251392
106.14194060370049,5.0,0.4257506139131717,-0.0011356615093929855
106.21426068462418,5.0,0.4257506139131717,-0.0012053346820613607
106.28755772026355,5.0,0.4257506139131717,-0.0012216172606562678
106.36391231303773,5.0,0.4257506139131717,-0.0012725765462364524
106.43867453822743,5.0,0.4257506139131717,-0.001246037086494935
106.46611184476875,5.0,0.4257506139131717,-0.00045728844235529647
106.4987457386942,5.0,0.4257506139131717,-0.0005438982320908071
106.5273840045819,5.0,0.4257506139131717,-0.0004773044314617338
106.55566103678382,5.0,0.4257506139131717,-0.0004712838700319844
106.58270568639996,5.0,0.4257506139131717,-0.00045074416026903653
106.60801458982333,5.0,0.4257506139131717,-0.0004218150570560929
106.63280861962475,5.0,0.4257506139131717,-0.00041323383002379817
106.65646370953587,5.0,0.4257506139131717,-0.0003942514985187262
106.67976016735636,5.0,0.4257506139131717,-0.0003882742970081534
106.70191821241131,5.0,0.4257506139131717,-0.0003693007509159258
106.72412056881967,5.0,0.4257506139131717,-0.0003700392734725169
106.7454088677204,5.0,0.4257506139131717,-0.00035480498167877306
106.76869662910181,5.0,0.4257506139131717,-0.00038812935635681604
106.79017825007301,5.0,0.4257506139131717,-0.00035802701618663403
106.81247582033052,5.0,0.4257506139131717,-0.0003716261709585488
106.83413701499515,5.0,0.4257506139131717,-0.00036101991107711053
106.85595789470803,5.0,0.4257506139131717,-0.000363681328547973
106.88115850867123,5.0,0.4257506139131717,-0.00042001023272005277
106.90768947673844,5.0,0.4257506139131717,-0.00044218280112014467
106.93766702708464,5.0,0.4257506139131717,-0.000499625839103395
106.96937152183794,5.0,0.4257506139131717,-0.0005284082458883214
107.00376017492633,5.0,0.4257506139131717,-0.0005731442181396531
107.03959054250998,5.0,0.4257506139131717,-0.0005971727930608364
107.07632107676731,5.0,0.4257506139131717,-0.0006121755709555555
107.11321275693109,5.0,0.4257506139131717,-0.0006148613360629768
107.14885274040391,5.0,0.4257506139131717,-0.0005939997245469995
107.18157921225512,5.0,0.4257506139131717,-0.000545441197520169
107.20365585947266,5.0,0.4257506139131717,-0.00036794412029231256
107.22249799087285,5.0,0.4257506139131717,-0.0003140355233366266
107.24590209493765,5.0,0.4257506139131717,-0.00039006840107982086
107.27480632245087,5.0,0.4257506139131717,-0.0004817371252203827
107.30580669850478,5.0,0.4257506139131717,-0.0005166729342319545
107.34508408205251,5.0,0.4257506139131717,-0.0006546230591288896
107.3869121947537,5.0,0.4257506139131717,-0.000697135211686689
107.43923683247968,5.0,0.4257506139131717,-0.0008720772954327846
107.49826538018013,5.0,0.4257506139131717,-0.0009838091283407946
107.56614144865233,5.0,0.4257506139131717,-0.001131267807870115
107.63764024727985,5.0,0.4257506139131717,-0.0011916466437919984
107.71521572902716,5.0,0.4257506139131717,-0.0012929246957887153
107.79500919040903,5.0,0.4257506139131717,-0.001329891023031031
107.8780715062908,5.0,0.4257506139131717,-0.0013843719313627347
107.96257975013455,5.0,0.4257506139131717,-0.0014084707307292193
108.04966017279894,5.0,0.4257506139131717,-0.0014513403777396872
108.13714347959758,5.0,0.4257506139131717,-0.001458055113310873
108.22578001317262,5.0,0.4257506139131717,-0.0014772755595840975
108.31363292740203,5.0,0.4257506139131717,-0.0014642152371566709
108.40211382375318,5.0,0.4257506139131717,-0.0014746816058527077
108.48816203917082,5.0,0.4257506139131717,-0.0014341369236271218
108.52712789147566,5.0,0.4257506139131717,-0.0006494308717474182
108.56454801579297,5.0,0.4257506139131717,-0.0006236687386216809
108.60003737186437,5.0,0.4257506139131717,-0.0005914892678569168
108.63392304458556,5.0,0.4257506139131717,-0.0005647612120198063
108.66604112222105,5.0,0.4257506139131717,-0.0005353012939247724
108.69556705135805,5.0,0.4257506139131717,-0.0004920988189501561
108.7239444482827,5.0,0.4257506139131717,-0.0004729566154105634
108.75072237536266,5.0,0.4257506139131717,-0.00044629878466598516
108.77675774882195,5.0,0.4257506139131717,-0.0004339228909881393
108.80148734829476,5.0,0.4257506139131717,-0.0004121599912133419
108.82580595040575,5.0,0.4257506139131717,-0.0004053100351831331
108.8489106702279,5.0,0.4257506139131717,-0.0003850786637023854
108.87367797645838,5.0,0.4257506139131717,-0.00041278843717482497
108.896215036101,5.0,0.4257506139131717,-0.0003756176607103525
108.91931933716283,5.0,0.4257506139131717,-0.00038507168436396894
108.94106944568287,5.0,0.4257506139131717,-0.00036250180866722524
108.96305953449829,5.0,0.4257506139131717,-0.00036650148025691576
108.98723724279067,5.0,0.4257506139131717,-0.0004029618048731744
109.01231950276993,5.0,0.4257506139131717,-0.0004180376663209777
109.04072386179453,5.0,0.4257506139131717,-0.0004734059837434807
109.07080009315706,5.0,0.4257506139131717,-0.0005012705227088193
109.10358735716159,5.0,0.4257506139131717,-0.0005464544000753392
109.13745408750887,5.0,0.4257506139131717,-0.0005644455057881158
109.17075670300322,5.0,0.4257506139131717,-0.0005550435915724407
109.20166655197004,5.0,0.4257506139131717,-0.0005151641494469953
109.22986374495503,5.0,0.4257506139131717,-0.00046995321641656165
109.24987768086623,5.0,0.4257506139131717,-0.0003335655985201843
109.26939350160902,5.0,0.4257506139131717,-0.0003252636790462558
109.2880287971732,5.0,0.4257506139131717,-0.0003105882594029154
109.31315051655152,5.0,0.4257506139131717,-0.0004186953229719842
109.34358811235207,5.0,0.4257506139131717,-0.0005072932633423757
109.37728485701349,5.0,0.4257506139131717,-0.0005616124110236982
109.4202051812922,5.0,0.4257506139131717,-0.0007153387379785504
109.46862745773022,5.0,0.4257506139131717,-0.000807037940633731
109.52873125135105,5.0,0.4257506139131717,-0.0010017298936803266
109.5931902310597,5.0,0.4257506139131717,-0.0010743163284774133
109.66388548661416,5.0,0.4257506139131717,-0.0011782542592412505
109.73787665887193,5.0,0.4257506139131717,-0.0012331862042959756
109.81452983320902,5.0,0.4257506139131717,-0.001277552905618374
109.89291149582925,5.0,0.4257506139131717,-0.0013063610436704074
109.97450549279975,5.0,0.4257506139131717,-0.0013598999495083575
110.05765183200509,5.0,0.4257506139131717,-0.0013857723200889195
110.14286301093505,5.0,0.4257506139131717,-0.0014201863154991827
110.22884035469075,5.0,0.4257506139131717,-0.0014329557292617884
110.3158636015524,5.0,0.4257506139131717,-0.0014503874476941418
110.40313086970725,5.0,0.4257506139131717,-0.001454454469247718
110.49097462343052,5.0,0.4257506139131717,-0.001464062562054363
110.57660202758865,5.0,0.4257506139131717,-0.0014271234026355425
110.61703647311718,5.0,0.4257506139131717,-0.0006739074254754481
110.65695743451305,5.0,0.4257506139131717,-0.000665349356597677
110.69311122772032,5.0,0.4257506139131717,-0.0006025632201213503
110.72877839541935,5.0,0.4257506139131717,-0.0005944527949838182
110.76193496626792,5.0,0.4257506139131717,-0.0005526095141425813
110.79264392510605,5.0,0.4257506139131717,-0.0005118159806356344
110.82212151324758,5.0,0.4257506139131717,-0.0004912931356922958
110.85001085160567,5.0,0.4257506139131717,-0.00046482230596830694
110.87724246328101,5.0,0.4257506139131717,-0.0004538601945888728
110.90306629970335,5.0,0.4257506139131717,-0.0004303972737058157
110.92871118120829,5.0,0.4257506139131717,-0.0004274146917488933
110.95297466988292,5.0,0.4257506139131717,-0.0004043914779104787
110.97888252954652,5.0,0.4257506139131717,-0.00043179766105997145
111.00229973202529,5.0,0.4257506139131717,-0.00039028670797942134
111.0261867485886,5.0,0.4257506139131717,-0.00039811694272190445
111.051468023207,5.0,0.4257506139131717,-0.00042135457697327035
111.07850960691309,5.0,0.4257506139131717,-0.00045069306176814334
111.11132059923142,5.0,0.4257506139131717,-0.0005468498719721334
111.14729806951628,5.0,0.4257506139131717,-0.0005996245047477342
111.1881194410241,5.0,0.4257506139131717,-0.0006803561917970417
111.23207441663199,5.0,0.4257506139131717,-0.0007325829267982429
111.28009366588081,5.0,0.4257506139131717,-0.000800320820813764
111.33044476987067,5.0,0.4257506139131717,-0.0008391850664976224
111.381372230703,5.0,0.4257506139131717,-0.0008487910138720515
111.43052671689829,5.0,0.4257506139131717,-0.0008192414365882395
111.47821537799014,5.0,0.4257506139131717,-0.0007948110181974578
111.51926663035248,5.0,0.4257506139131717,-0.0006841875393722639
111.54870920081373,5.0,0.4257506139131717,-0.0004907095076875622
111.56511388965984,5.0,0.4257506139131717,-0.0002734114807685491
111.58599654590418,5.0,0.4257506139131717,-0.00034804427073908685
111.61281543516118,5.0,0.4257506139131717,-0.0004469814876167879
111.64261321984584,5.0,0.4257506139131717,-0.0004966297447442496
111.68236564067259,5.0,0.4257506139131717,-0.0006625403471123254
111.72687749170717,5.0,0.4257506139131717,-0.0007418641839098132
111.78410363358395,5.0,0.4257506139131717,-0.0009537690312796589
111.84708889698793,5.0,0.4257506139131717,-0.0010497543900662028
111.91896178866801,5.0,0.4257506139131717,-0.0011978815280014872
111.99457185038962,5.0,0.4257506139131717,-0.001260167695359995
112.07578492814025,5.0,0.4257506139131717,-0.001353551295843859
112.15901674983287,5.0,0.4257506139131717,-0.0013871970282102839
112.245481197004,5.0,0.4257506139131717,-0.0014410741195186821
112.3334971683515,5.0,0.4257506139131717,-0.0014669328557918072
112.42358257056031,5.0,0.4257506139131717,-0.0015014233701469222
112.51433906711733,5.0,0.4257506139131717,-0.0015126082759503799
112.60675142673348,5.0,0.4257506139131717,-0.001540205993602374
112.6992992282414,5.0,0.4257506139131717,-0.0015424633584652538
112.79337584733642,5.0,0.4257506139131717,-0.00156794365158357
112.8857628030659,5.0,0.4257506139131717,-0.0015397825954913374
112.92740096803243,5.0,0.4257506139131717,-0.0006939694161088225
112.96850401010808,5.0,0.4257506139131717,-0.000685050701260854
113.00652051204158,5.0,0.4257506139131717,-0.0006336083655583032
113.04182123048095,5.0,0.4257506139131717,-0.0005883453073228117
113.07461971708153,5.0,0.4257506139131717,-0.000546641443343161
113.10394394096298,5.0,0.4257506139131717,-0.0004887370646907228
113.13143178627077,5.0,0.4257506139131717,-0.00045813075512979155
113.15632007311855,5.0,0.4257506139131717,-0.0004148047807964357
113.18237090265919,5.0,0.4257506139131717,-0.0004341804923439238
113.21576557106056,5.0,0.4257506139131717,-0.0005565778066894088
113.25423629224356,5.0,0.4257506139131717,-0.0006411786863833982
113.2999465457684,5.0,0.4257506139131717,-0.0007618375587474792
113.35082703247494,5.0,0.4257506139131717,-0.0008480081117756294
113.40908523900517,5.0,0.4257506139131717,-0.0009709701088369961
113.47095000699957,5.0,0.4257506139131717,-0.0010310794665735487
113.53954540510041,5.0,0.4257506139131717,-0.001143256635014051
113.61161280798088,5.0,0.4257506139131717,-0.0012011233813410357
113.68969143597131,5.0,0.4257506139131717,-0.0013013104665073115
113.77132191929608,5.0,0.4257506139131717,-0.0013605080554129879
113.85817271407863,5.0,0.4257506139131717,-0.001447513246375908
113.9486917638768,5.0,0.4257506139131717,-0.0015086508299692277
114.04367727451233,5.0,0.4257506139131717,-0.001583091843925622
114.14243054216348,5.0,0.4257506139131717,-0.0016458877941858958
114.24283880924723,5.0,0.4257506139131717,-0.0016734711180625501
114.34227166860883,5.0,0.4257506139131717,-0.001657214322693269
114.4405562529203,5.0,0.4257506139131717,-0.0016380764051912473
114.53286752773808,5.0,0.4257506139131717,-0.001538521246962874
114.61329777423545,5.0,0.4257506139131717,-0.001340504108289639
114.66606443283713,5.0,0.4257506139131717,-0.0008794443100279993
114.69651289482766,5.0,0.4257506139131717,-0.0005074743665087318
114.71444096835008,5.0,0.4257506139131717,-0.0002988012253734612
114.73549344964157,5.0,0.4257506139131717,-0.0003508746881915562
114.76495862454271,5.0,0.4257506139131717,-0.0004910862483523474
114.79916035693539,5.0,0.4257506139131717,-0.0005700288732111947
114.84461473392092,5.0,0.4257506139131717,-0.0007575729497588692
114.89677250312674,5.0,0.4257506139131717,-0.0008692961534304169
114.96206378425111,5.0,0.4257506139131717,-0.0010881880187394665
115.03277017695613,5.0,0.4257506139131717,-0.001178439878417014
115.11151747937078,5.0,0.4257506139131717,-0.0013124550402440138
115.19378397650574,5.0,0.4257506139131717,-0.0013711082855826686
115.2807448616292,5.0,0.4257506139131717,-0.0014493480853910667
115.36925081936842,5.0,0.4257506139131717,-0.0014750992956536829
115.46002857822786,5.0,0.4257506139131717,-0.0015129626476574254
115.55114384902447,5.0,0.4257506139131717,-0.0015185878466100562
115.64338605614043,5.0,0.4257506139131717,-0.0015373701185991998
115.73453463202883,5.0,0.4257506139131717,-0.0015191429314732878
115.82541400218533,5.0,0.4257506139131717,-0.0015146561692748876
115.91248970953453,5.0,0.4257506139131717,-0.0014512617891532277
115.94935379429711,5.0,0.4257506139131717,-0.0006144014127097588
115.98921739458659,5.0,0.4257506139131717,-0.0006643933381580033
116.02579224627306,5.0,0.4257506139131717,-0.0006095808614410991
116.05997057964262,5.0,0.4257506139131717,-0.0005696388894927539
116.09128706638391,5.0,0.4257506139131717,-0.0005219414456881173
116.1192025357269,5.0,0.4257506139131717,-0.00046525782238303337
116.14546660519937,5.0,0.4257506139131717,-0.00043773449120801183
116.16952453848086,5.0,0.4257506139131717,-0.00040096555469136926
116.19689617999296,5.0,0.4257506139131717,-0.00045619402520172893
116.23129024392995,5.0,0.4257506139131717,-0.0005732343989498563
116.2699640942588,5.0,0.4257506139131717,-0.000644564172147434
116.31507272958672,5.0,0.4257506139131717,-0.0007518105887987253
116.36403666214599,5.0,0.4257506139131717,-0.0008160655426545678
116.41951165427037,5.0,0.4257506139131717,-0.0009245832020728309
116.47751699299809,5.0,0.4257506139131717,-0.0009667556454621052
116.5412635159816,5.0,0.4257506139131717,-0.001062442049725171
116.60734225712821,5.0,0.4257506139131717,-0.0011013123524435263
116.67839757960641,5.0,0.4257506139131717,-0.0011842553746367142
116.75179393484328,5.0,0.4257506139131717,-0.0012232725872812177
116.82934175722296,5.0,0.4257506139131717,-0.0012924637063280767
116.90928694676465,5.0,0.4257506139131717,-0.0013324198256948773
116.99256214627226,5.0,0.4257506139131717,-0.0013879199917935664
117.07793011163895,5.0,0.4257506139131717,-0.0014227994227781645
117.16393298198834,5.0,0.4257506139131717,-0.0014333811724897899
117.24880457304178,5.0,0.4257506139131717,-0.0014145265175573988
117.33029302929526,5.0,0.4257506139131717,-0.0013581409375581282
117.40670441961285,5.0,0.4257506139131717,-0.0012735231719598603
117.46826581916993,5.0,0.4257506139131717,-0.0010260233259512701
117.50127689188159,5.0,0.4257506139131717,-0.0005501845451943359
117.51713679737533,5.0,0.4257506139131717,-0.0002643317582290884
117.53839227358583,5.0,0.4257506139131717,-0.00035425793684161304
117.56240032653176,5.0,0.4257506139131717,-0.0004001342157654437
117.59556074323719,5.0,0.4257506139131717,-0.000552673611757226
117.63350386981672,5.0,0.4257506139131717,-0.0006323854429921625
117.6832569032184,5.0,0.4257506139131717,-0.0008292172233613383
117.73990992556314,5.0,0.4257506139131717,-0.0009442170390788598
117.80776941114728,5.0,0.4257506139131717,-0.0011309914264022172
117.88009321949156,5.0,0.4257506139131717,-0.0012053968057379402
117.95845042114013,5.0,0.4257506139131717,-0.0013059533608096028
118.0397084169968,5.0,0.4257506139131717,-0.001354299930944533
118.12519173738592,5.0,0.4257506139131717,-0.001424722006485385
118.21287372325534,5.0,0.4257506139131717,-0.0014613664311570983
118.30402429737096,5.0,0.4257506139131717,-0.0015191762352603166
118.39614043410862,5.0,0.4257506139131717,-0.0015352689456275262
118.48992622891477,5.0,0.4257506139131717,-0.0015630965801024773
118.58368892159619,5.0,0.4257506139131717,-0.0015627115446904497
118.67836353859971,5.0,0.4257506139131717,-0.0015779102833920159
118.77111929502459,5.0,0.4257506139131717,-0.0015459292737480695
118.81423310901738,5.0,0.4257506139131717,-0.0007185635665464685
118.85532441294595,5.0,0.4257506139131717,-0.0006848550654762178
118.89097547849533,5.0,0.4257506139131717,-0.0005941844258231456
118.92509053523854,5.0,0.4257506139131717,-0.0005685842790532846
118.95619953639422,5.0,0.4257506139131717,-0.0005184833525947359
118.98502182333766,5.0,0.4257506139131717,-0.0004803714490571924
119.01236893495303,5.0,0.4257506139131717,-0.0004557851935894496
119.03786461796005,5.0,0.4257506139131717,-0.0004249280501170168
119.06246327560537,5.0,0.4257506139131717,-0.0004099776274218874
119.08551007286766,5.0,0.4257506139131717,-0.00038411328770486216
119.10813748271198,5.0,0.4257506139131717,-0.00037712349740542136
119.13240085510192,5.0,0.4257506139131717,-0.00040438953983219577
119.1549599747128,5.0,0.4257506139131717,-0.0003759853268479816
119.18159871188023,5.0,0.4257506139131717,-0.00044397895279056464
119.20853386800519,5.0,0.4257506139131717,-0.00044891926874939225
119.23933212704395,5.0,0.4257506139131717,-0.0005133043173126781
119.2705582604321,5.0,0.4257506139131717,-0.0005204355564691483
119.30497642270379,5.0,0.4257506139131717,-0.0005736360378614763
119.34022481487116,5.0,0.4257506139131717,-0.0005874732027894746
119.37840110334359,5.0,0.4257506139131717,-0.0006362714745405695
119.41814212523857,5.0,0.4257506139131717,-0.0006623503649164965
119.46084945903165,5.0,0.4257506139131717,-0.00071178889655134
119.5055012745419,5.0,0.4257506139131717,-0.0007441969251708477
119.55198723747597,5.0,0.4257506139131717,-0.0007747660489012344
119.599062497635,5.0,0.4257506139131717,-0.0007845876693172837
119.64393699073167,5.0,0.4257506139131717,-0.0007479082182778998
119.68513176582672,5.0,0.4257506139131717,-0.000686579584917459
119.71240331912558,5.0,0.4257506139131717,-0.00045452588831436673
119.72944337152917,5.0,0.4257506139131717,-0.0002840008733931484
119.75102425029381,5.0,0.4257506139131717,-0.00035968131274392596
119.77820353725252,5.0,0.4257506139131717,-0.00045298811597863136
119.80785505654906,5.0,0.4257506139131717,-0.0004941919882756475
119.84740414322718,5.0,0.4257506139131717,-0.0006591514446352852
119.89163563614663,5.0,0.4257506139131717,-0.0007371915486575883
119.94882660047716,5.0,0.4257506139131717,-0.0009531827388421565
120.01017881451615,5.0,0.4257506139131717,-0.0010225369006499245
120.07746104170013,5.0,0.4257506139131717,-0.0011213704530664578
120.14440115481003,5.0,0.4257506139131717,-0.0011156685518315626
120.21933461076425,5.0,0.4257506139131717,-0.0012488909325704864
120.29944766223338,5.0,0.4257506139131717,-0.0013352175244854408
120.38583953268163,5.0,0.4257506139131717,-0.0014398645074709976
120.47361438564174,5.0,0.4257506139131717,-0.0014629142160018061
120.56459423258616,5.0,0.4257506139131717,-0.0015163307824071256
120.65629448478929,5.0,0.4257506139131717,-0.0015283375367187474
120.74920376681173,5.0,0.4257506139131717,-0.001548488033707549
120.8399918585005,5.0,0.4257506139131717,-0.0015131348614794852
120.93068408968021,5.0,0.4257506139131717,-0.001511537186328541
121.01523701715132,5.0,0.4257506139131717,-0.0014092154578519026
121.04890585170016,5.0,0.4257506139131717,-0.0005611472424805214
121.0826990012216,5.0,0.4257506139131717,-0.0005632191586906492
121.1131101184805,5.0,0.4257506139131717,-0.0005068519543150799
121.1415029646965,5.0,0.4257506139131717,-0.00047321410359981223
121.16821749917173,5.0,0.4257506139131717,-0.00044524224125375655
121.19274190863791,5.0,0.4257506139131717,-0.0004087401577696607
121.21624663064833,5.0,0.4257506139131717,-0.0003917453668402453
121.24185699893039,5.0,0.4257506139131717,-0.00042683947136774636
121.2703422313603,5.0,0.4257506139131717,-0.0004747538738319235
121.3037634184538,5.0,0.4257506139131717,-0.0005570197848915145
121.3393444079541,5.0,0.4257506139131717,-0.0005930164916716512
121.37932808386842,5.0,0.4257506139131717,-0.0006663945985718946
121.41949793436153,5.0,0.4257506139131717,-0.0006694975082185206
121.46437240724784,5.0,0.4257506139131717,-0.0007479078814385112
121.50991939275411,5.0,0.4257506139131717,-0.0007591164251046165
121.55962122290967,5.0,0.4257506139131717,-0.0008283638359260019
121.61017503655157,5.0,0.4257506139131717,-0.0008425635606983302
121.66428027799742,5.0,0.4257506139131717,-0.0009017540240975825
121.71950050052418,5.0,0.4257506139131717,-0.0009203370421127237
121.77774483611032,5.0,0.4257506139131717,-0.0009707389264355941
121.83722171994779,5.0,0.4257506139131717,-0.000991281397291178
121.89906220004502,5.0,0.4257506139131717,-0.0010306746682872006
121.96230335117998,5.0,0.4257506139131717,-0.0010540191855825715
122.02696436915205,5.0,0.4257506139131717,-0.00107768363286787
122.09204559837139,5.0,0.4257506139131717,-0.0010846871536555026
122.15608027657329,5.0,0.4257506139131717,-0.0010672446366983284
122.21778607943097,5.0,0.4257506139131717,-0.0010284300476278143
122.26907405200869,5.0,0.4257506139131717,-0.0008547995429620435
122.29970969376383,5.0,0.4257506139131717,-0.0005105940292523842
122.31724667924708,5.0,0.4257506139131717,-0.00029228309138743246
122.33934769593212,5.0,0.4257506139131717,-0.0003683502780840549
122.36343368329625,5.0,0.4257506139131717,-0.0004014331227355204
122.39238211357659,5.0,0.4257506139131717,-0.00048247383800570446
122.4246668203557,5.0,0.4257506139131717,-0.0005380784463185331
122.46306442296952,5.0,0.4257506139131717,-0.0006399600435637048
122.50369554066732,5.0,0.4257506139131717,-0.0006771852949633253
122.5579359601876,5.0,0.4257506139131717,-0.000904006992004659
122.61320600060893,5.0,0.4257506139131717,-0.0009211673403553782
122.67668899842327,5.0,0.4257506139131717,-0.001058049963572363
122.73963182069127,5.0,0.4257506139131717,-0.0010490470378000754
122.80926717964371,5.0,0.4257506139131717,-0.0011605893158739915
122.88084794337239,5.0,0.4257506139131717,-0.0011930127288112978
122.95996560331592,5.0,0.4257506139131717,-0.0013186276657255304
123.04073339420506,5.0,0.4257506139131717,-0.0013461298481522665
123.12368190314237,5.0,0.4257506139131717,-0.0013824751489550666
123.20600844547116,5.0,0.4257506139131717,-0.001372109038813217
123.28835294826798,5.0,0.4257506139131717,-0.0013724083799472664
123.36363843709306,5.0,0.4257506139131717,-0.0012547581470845378
123.39123556375503,5.0,0.4257506139131717,-0.00045995211103291086
123.42425065082455,5.0,0.4257506139131717,-0.0005502514511587004
123.45181572784342,5.0,0.4257506139131717,-0.0004594179503146417
123.47951474348459,5.0,0.4257506139131717,-0.00046165026068592936
123.50472250429861,5.0,0.4257506139131717,-0.0004201293469005222
123.5283697021791,5.0,0.4257506139131717,-0.0003941199646749063
123.55229152604933,5.0,0.4257506139131717,-0.00039869706450367806
123.58146517023478,5.0,0.4257506139131717,-0.0004862274030909078
123.61419907166523,5.0,0.4257506139131717,-0.000545565023840682
123.65212542180275,5.0,0.4257506139131717,-0.000632105835625495
123.69229793691231,5.0,0.4257506139131717,-0.000669541918492639
123.73678802752302,5.0,0.4257506139131717,-0.0007415015101785746
123.78195346049567,5.0,0.4257506139131717,-0.0007527572162107699
123.83142223464904,5.0,0.4257506139131717,-0.0008244795692227384
123.88113435670915,5.0,0.4257506139131717,-0.0008285353676685973
123.93430950969267,5.0,0.4257506139131717,-0.0008862525497252167
123.98758698685587,5.0,0.4257506139131717,-0.0008879579527201202
124.0436165300983,5.0,0.4257506139131717,-0.0009338257207070815
124.09989681027812,5.0,0.4257506139131717,-0.0009380046696636842
124.15860666430841,5.0,0.4257506139131717,-0.0009784975671713622
124.21818143873736,5.0,0.4257506139131717,-0.0009929129071491627
124.27994549170843,5.0,0.4257506139131717,-0.001029400882851233
124.34299593153202,5.0,0.4257506139131717,-0.0010508406637263728
124.4069370996026,5.0,0.4257506139131717,-0.001065686134509733
124.4709828642136,5.0,0.4257506139131717,-0.001067429410183164
124.53482416913783,5.0,0.4257506139131717,-0.001064021748737259
124.597716277922,5.0,0.4257506139131717,-0.0010482018130695651
124.64784777617973,5.0,0.4257506139131717,-0.000835524970962113
124.67403968078337,5.0,0.4257506139131717,-0.0004365317433938952
124.69179621848797,5.0,0.4257506139131717,-0.0002959422950767641
124.71256789558157,5.0,0.4257506139131717,-0.0003461946182268674
124.73443377361706,5.0,0.4257506139131717,-0.0003644313005914335
124.7597164963018,5.0,0.4257506139131717,-0.000421378711412568
124.78843617364217,5.0,0.4257506139131717,-0.00047866128900614466
124.82673836305739,5.0,0.4257506139131717,-0.0006383698235870646
124.86754865032702,5.0,0.4257506139131717,-0.0006801714544938692
124.91625877455654,5.0,0.4257506139131717,-0.0008118354038252838
124.96675023234677,5.0,0.4257506139131717,-0.000841524296503787
125.02634593101837,5.0,0.4257506139131717,-0.0009932616445267031
125.09038620176294,5.0,0.4257506139131717,-0.0010673378457429327
125.16445922307828,5.0,0.4257506139131717,-0.0012345503552557643
125.24017127043585,5.0,0.4257506139131717,-0.0012618674559595556
125.31856148631282,5.0,0.4257506139131717,-0.0013065035979493258
125.39816555475977,5.0,0.4257506139131717,-0.0013267344741157918
125.48131714735713,5.0,0.4257506139131717,-0.0013858598766225939
125.56455150060862,5.0,0.4257506139131717,-0.0013872392208581395
125.64968824980706,5.0,0.4257506139131717,-0.001418945819973925
125.72908742371635,5.0,0.4257506139131717,-0.0013233195651549201
125.76011536614189,5.0,0.4257506139131717,-0.000517132373758873
125.79402338500135,5.0,0.4257506139131717,-0.0005651336476576451
125.82274989067591,5.0,0.4257506139131717,-0.00047877509457587027
125.8503790128381,5.0,0.4257506139131717,-0.0004604853693699644
125.87596907056596,5.0,0.4257506139131717,-0.0004265009621309339
125.89980787183963,5.0,0.4257506139131717,-0.00039731335456112644
125.92546603702762,5.0,0.4257506139131717,-0.0004276360864665397
125.95723336663586,5.0,0.4257506139131717,-0.0005294554934706379
125.993289277374,5.0,0.4257506139131717,-0.0006009318456357163
126.03546126675597,5.0,0.4257506139131717,-0.0007028664896996047
126.08099057951371,5.0,0.4257506139131717,-0.0007588218792955804
126.13217932924799,5.0,0.4257506139131717,-0.000853145828904611
126.18725352397261,5.0,0.4257506139131717,-0.0009179032454104116
126.24833637318642,5.0,0.4257506139131717,-0.0010180474868966762
126.31197589857581,5.0,0.4257506139131717,-0.0010606587564897616
126.38115769572167,5.0,0.4257506139131717,-0.0011530299524310393
126.45267715009739,5.0,0.4257506139131717,-0.0011919909062620508
126.52893340829897,5.0,0.4257506139131717,-0.0012709376366931177
126.60739001338948,5.0,0.4257506139131717,-0.0013076100848417337
126.6895281115113,5.0,0.4257506139131717,-0.0013689683020302614
126.77362919936026,5.0,0.4257506139131717,-0.0014016847974828465
126.8605484442981,5.0,0.4257506139131717,-0.0014486540822975062
126.94902514564471,5.0,0.4257506139131717,-0.0014746116891100934
127.03771469593794,5.0,0.4257506139131717,-0.0014781591715538427
127.12481999856081,5.0,0.4257506139131717,-0.0014517550437144764
127.20990933292465,5.0,0.4257506139131717,-0.0014181555727306378
127.29271357918378,5.0,0.4257506139131717,-0.0013800707709855794
127.3633567976007,5.0,0.4257506139131717,-0.0011773869736152317
127.40920434621546,5.0,0.4257506139131717,-0.0007641258102460845
127.42866198502321,5.0,0.4257506139131717,-0.0003242939801291401
127.44892428426593,5.0,0.4257506139131717,-0.00033770498737853677
127.47212468687002,5.0,0.4257506139131717,-0.0003866733767348452
127.50189755473237,5.0,0.4257506139131717,-0.0004962144643724235
127.53450085445247,5.0,0.4257506139131717,-0.0005433883286684088
127.5766344489264,5.0,0.4257506139131717,-0.000702226574565383
127.62476183576601,5.0,0.4257506139131717,-0.0008021231139935803
127.6829327291484,5.0,0.4257506139131717,-0.0009695148897066539
127.74223795544754,5.0,0.4257506139131717,-0.0009884204383187516
127.80885155315181,5.0,0.4257506139131717,-0.0011102266284045217
127.87336152996434,5.0,0.4257506139131717,-0.00107516628020889
127.94241487491918,5.0,0.4257506139131717,-0.0011508890825807129
128.00801797399484,5.0,0.4257506139131717,-0.0010933849845945255
128.07757427046457,5.0,0.4257506139131717,-0.0011592716078285914
128.14443346350427,5.0,0.4257506139131717,-0.0011143198839950413
128.2177821600306,5.0,0.4257506139131717,-0.0012224782754389424
128.28931409697077,5.0,0.4257506139131717,-0.001192198949002758
128.36371951338825,5.0,0.4257506139131717,-0.0012400902736246903
128.42875043142894,5.0,0.4257506139131717,-0.0010838486340115404
128.45320292276267,5.0,0.4257506139131717,-0.0004075415222287338
128.48239502260526,5.0,0.4257506139131717,-0.00048653499737640293
128.5072539953216,5.0,0.4257506139131717,-0.0004143162119389371
128.53205977586484,5.0,0.4257506139131717,-0.00041342967572070805
128.55521425329502,5.0,0.4257506139131717,-0.00038590795716957234
128.58278872465056,5.0,0.4257506139131717,-0.00045957452259213144
128.61450781258446,5.0,0.4257506139131717,-0.0005286514655649017
128.6516185385808,5.0,0.4257506139131717,-0.000618512099939045
128.69175448712312,5.0,0.4257506139131717,-0.0006689324757050509
128.7365878640145,5.0,0.4257506139131717,-0.0007472229481897172
128.78327927297087,5.0,0.4257506139131717,-0.0007781901492729554
128.83415126956382,5.0,0.4257506139131717,-0.0008478666098822462
128.88665536267945,5.0,0.4257506139131717,-0.0008750682185937336
128.94351018245356,5.0,0.4257506139131717,-0.0009475803295685354
129.00107408202115,5.0,0.4257506139131717,-0.0009593983261265277
129.06279602336008,5.0,0.4257506139131717,-0.0010286990223155599
129.12579990345338,5.0,0.4257506139131717,-0.0010500646682215502
129.19301069996405,5.0,0.4257506139131717,-0.001120179941844495
129.26205083768977,5.0,0.4257506139131717,-0.0011506689620952185
129.33483192887633,5.0,0.4257506139131717,-0.0012130181864427024
129.40977017113414,5.0,0.4257506139131717,-0.0012489707042969505
129.48807011081544,5.0,0.4257506139131717,-0.0013049989946881428
129.5684200450406,5.0,0.4257506139131717,-0.0013391655704192028
129.6491139670321,5.0,0.4257506139131717,-0.001344898699858513
129.72814982636982,5.0,0.4257506139131717,-0.0013172643222954577
129.8044087035867,5.0,0.4257506139131717,-0.0012709812869477204
129.87281207549668,5.0,0.4257506139131717,-0.0011400561984999322
129.92737870155574,5.0,0.4257506139131717,-0.0009094437676507898
129.9541150926641,5.0,0.4257506139131717,-0.0004456065184726927
129.97097882660498,5.0,0.4257506139131717,-0.00028106223234777817
129.99381258761488,5.0,0.4257506139131717,-0.00038056268349845947
130.019347945212,5.0,0.4257506139131717,-0.0004255892932853005
130.05407192415416,5.0,0.4257506139131717,-0.0005787329823694641
130.09354776747753,5.0,0.4257506139131717,-0.0006579307220562564
130.14511800441585,5.0,0.4257506139131717,-0.0008595039489721854
130.20347348944145,5.0,0.4257506139131717,-0.0009725914170932992
130.2722280962565,5.0,0.4257506139131717,-0.0011459101135839103
130.34513562231325,5.0,0.4257506139131717,-0.0012151254342792526
130.42432193181963,5.0,0.4257506139131717,-0.0013197718251064699
130.50538687403812,5.0,0.4257506139131717,-0.0013510823703081056
130.5899910057265,5.0,0.4257506139131717,-0.0014100688614727928
130.676195903601,5.0,0.4257506139131717,-0.0014367482979086596
130.76441010462696,5.0,0.4257506139131717,-0.0014702366837658978
130.85322898214795,5.0,0.4257506139131717,-0.0014803146253499037
130.94350279275565,5.0,0.4257506139131717,-0.0015045635101281337
131.03401747151182,5.0,0.4257506139131717,-0.001508577979269378
131.1255511712516,5.0,0.4257506139131717,-0.0015255616623298847
131.21448839828997,5.0,0.4257506139131717,-0.001482287117306024
131.25641426165862,5.0,0.4257506139131717,-0.000698764389477285
131.2979661278436,5.0,0.4257506139131717,-0.0006925311030829528
131.33683580113154,5.0,0.4257506139131717,-0.000647827888132059
131.37318700274537,5.0,0.4257506139131717,-0.0006058533602305946
131.406777237891,5.0,0.4257506139131717,-0.0005598372524272144
131.43753130234774,5.0,0.4257506139131717,-0.0005125677409458176
131.46650924532835,5.0,0.4257506139131717,-0.00048296571634371045
131.49332583730532,5.0,0.4257506139131717,-0.00044694319961618897
131.51893036236436,5.0,0.4257506139131717,-0.0004267420843173971
131.54282683710755,5.0,0.4257506139131717,-0.0003982745790533574
131.5660915979215,5.0,0.4257506139131717,-0.00038774601356593766
131.58808777723397,5.0,0.4257506139131717,-0.00036660298854066344
131.61123051925435,5.0,0.4257506139131717,-0.00038571236700657305
131.6361427975787,5.0,0.4257506139131717,-0.00041520463873942097
131.66103210989849,5.0,0.4257506139131717,-0.00041482187199618257
131.69084808621207,5.0,0.4257506139131717,-0.0004969329385599926
131.72244622692435,5.0,0.4257506139131717,-0.0005266356785380714
131.7587047352076,5.0,0.4257506139131717,-0.0006043084713873853
131.7973568021517,5.0,0.4257506139131717,-0.0006442011157349757
131.84041855545647,5.0,0.4257506139131717,-0.0007176958884124065
131.88632169971436,5.0,0.4257506139131717,-0.000765052404298377
131.93636134026048,5.0,0.4257506139131717,-0.000833994009102161
131.9890684265163,5.0,0.4257506139131717,-0.0008784514375969577
132.0426554858551,5.0,0.4257506139131717,-0.000893117655646937
132.0950091003168,5.0,0.4257506139131717,-0.0008725602410279268
132.14545378450106,5.0,0.4257506139131717,-0.0008407447364046628
132.18886079690597,5.0,0.4257506139131717,-0.000723450206748686
132.21982753387985,5.0,0.4257506139131717,-0.0005161122828980082
132.2358143414875,5.0,0.4257506139131717,-0.0002664467934606699
132.25642834355565,5.0,0.4257506139131717,-0.0003435667011361494
132.2832739945856,5.0,0.4257506139131717,-0.00044742751716612093
132.3134332517016,5.0,0.4257506139131717,-0.0005026542852666943
132.35369157981063,5.0,0.4257506139131717,-0.0006709721351501388
132.39932797480716,5.0,0.4257506139131717,-0.0007606065832756529
132.4582290787295,5.0,0.4257506139131717,-0.000981685065372165
132.52261404724342,5.0,0.4257506139131717,-0.00107308280856537
132.59533692160596,5.0,0.4257506139131717,-0.0012120479060422
132.67175298224447,5.0,0.4257506139131717,-0.001273601010641979
132.7527445981689,5.0,0.4257506139131717,-0.0013498602654072596
132.83600267510226,5.0,0.4257506139131717,-0.0013876346155558333
132.92259784906932,5.0,0.4257506139131717,-0.0014432528994509993
133.01041413990333,5.0,0.4257506139131717,-0.0014636048472337344
133.10013040149957,5.0,0.4257506139131717,-0.0014952710266037926
133.19061272890198,5.0,0.4257506139131717,-0.0015080387900400726
133.282332589633,5.0,0.4257506139131717,-0.0015286643455171972
133.37418897574508,5.0,0.4257506139131717,-0.0015309397685349252
133.46790494896504,5.0,0.4257506139131717,-0.001561932886999284
133.5606317055872,5.0,0.4257506139131717,-0.0015454459437026992
133.6071009920118,5.0,0.4257506139131717,-0.0007744881070761679
133.65041324786208,5.0,0.4257506139131717,-0.000721870930838103
133.69045981527566,5.0,0.4257506139131717,-0.0006674427902262116
133.72758696343877,5.0,0.4257506139131717,-0.0006187858027186118
133.76156641020046,5.0,0.4257506139131717,-0.0005663241126949832
133.79245336832435,5.0,0.4257506139131717,-0.000514782635398011
133.82184473151855,5.0,0.4257506139131717,-0.0004898560532369424
133.84935306288048,5.0,0.4257506139131717,-0.0004584721893656755
133.8761857279634,5.0,0.4257506139131717,-0.0004472110847149205
133.90143795854905,5.0,0.4257506139131717,-0.000420870509760958
133.92631616894414,5.0,0.4257506139131717,-0.0004146368399181201
133.94977105546138,5.0,0.4257506139131717,-0.00039091477528734167
133.9738934702734,5.0,0.4257506139131717,-0.00040204024686666453
134.00447795037994,5.0,0.4257506139131717,-0.0005097413351091963
134.03814199158325,5.0,0.4257506139131717,-0.000561067353388339
134.07855130004705,5.0,0.4257506139131717,-0.000673488474396667
134.12223778683276,5.0,0.4257506139131717,-0.0007281081130951165
134.1716939104618,5.0,0.4257506139131717,-0.000824268727150905
134.22411058623746,5.0,0.4257506139131717,-0.0008736112629275206
134.28108255950445,5.0,0.4257506139131717,-0.000949532887783166
134.34052871742384,5.0,0.4257506139131717,-0.0009907692986563612
134.4033088632602,5.0,0.4257506139131717,-0.0010463357639393517
134.46802216380198,5.0,0.4257506139131717,-0.0010785550090296474
134.53420280137433,5.0,0.4257506139131717,-0.0011030106262059913
134.6000480525458,5.0,0.4257506139131717,-0.0010974208528576103
134.66388360773115,5.0,0.4257506139131717,-0.0010639259197559806
134.72269084611216,5.0,0.4257506139131717,-0.0009801206396832605
134.77105553636522,5.0,0.4257506139131717,-0.0008060781708845465
134.7923913170041,5.0,0.4257506139131717,-0.00035559634398152953
134.81095240450387,5.0,0.4257506139131717,-0.0003093514583296057
134.83527971620737,5.0,0.4257506139131717,-0.00040545519505842003
134.8620776026187,5.0,0.4257506139131717,-0.0004466314401893038
134.8968426415721,5.0,0.4257506139131717,-0.000579417315889776
134.93535839293207,5.0,0.4257506139131717,-0.0006419291893326499
134.9840260510498,5.0,0.4257506139131717,-0.00081112763529555
135.03843172838316,5.0,0.4257506139131717,-0.0009067612888896174
135.10324813531318,5.0,0.4257506139131717,-0.0010802734488337825
135.17114426586693,5.0,0.4257506139131717,-0.0011316021758957157
135.24616721422765,5.0,0.4257506139131717,-0.0012503824726788067
135.32371259009514,5.0,0.4257506139131717,-0.001292422931124572
135.40618215967615,5.0,0.4257506139131717,-0.0013744928263500348
135.49053563072576,5.0,0.4257506139131717,-0.0014058911841600367
135.57773814997097,5.0,0.4257506139131717,-0.0014533753207536585
135.6662280385713,5.0,0.4257506139131717,-0.001474831476671925
135.756861193194,5.0,0.4257506139131717,-0.0015105525770451253
135.84782297239116,5.0,0.4257506139131717,-0.0015160296532858012
135.94008920877533,5.0,0.4257506139131717,-0.0015377706064031381
136.02985938457553,5.0,0.4257506139131717,-0.0014961695966697413
136.06700144606836,5.0,0.4257506139131717,-0.0006190343582140612
136.1070858069842,5.0,0.4257506139131717,-0.0006680726819305201
136.14187985083163,5.0,0.4257506139131717,-0.0005799007307906151
136.1746148443311,5.0,0.4257506139131717,-0.0005455832249913725
136.20432056597315,5.0,0.4257506139131717,-0.000495095360700791
136.23117071624773,5.0,0.4257506139131717,-0.00044750250457631716
136.25629104120097,5.0,0.4257506139131717,-0.0004186720825537239
136.28354263318306,5.0,0.4257506139131717,-0.0004541931997017492
136.3155096612108,5.0,0.4257506139131717,-0.0005327838004624332
136.3545605033045,5.0,0.4257506139131717,-0.0006508473682281426
136.39773202273588,5.0,0.4257506139131717,-0.0007195253238564466
136.4472435844097,5.0,0.4257506139131717,-0.0008251926945637085
136.50116114037985,5.0,0.4257506139131717,-0.0008986259328357137
136.5614174701016,5.0,0.4257506139131717,-0.0010042721620291198
136.62431456879136,5.0,0.4257506139131717,-0.0010482849781628435
136.69313265265563,5.0,0.4257506139131717,-0.0011469680644044988
136.76469889841837,5.0,0.4257506139131717,-0.0011927707627122513
136.841473915056,5.0,0.4257506139131717,-0.0012795836106273535
136.92114981065356,5.0,0.4257506139131717,-0.0013279315932926523
137.00547916732862,5.0,0.4257506139131717,-0.0014054892779177426
137.09277773219677,5.0,0.4257506139131717,-0.0014549760811359352
137.18416928858412,5.0,0.4257506139131717,-0.0015231926064559406
137.2787950996719,5.0,0.4257506139131717,-0.0015770968514631665
137.37533468681983,5.0,0.4257506139131717,-0.0016089931191322438
137.47167336641172,5.0,0.4257506139131717,-0.0016056446598648095
137.5666402479505,5.0,0.4257506139131717,-0.0015827813589793685
137.65559336601996,5.0,0.4257506139131717,-0.0014825519678246075
137.73270393269422,5.0,0.4257506139131717,-0.0012851761112377832
137.7824120828716,5.0,0.4257506139131717,-0.0008284691696225776
137.81036181536572,5.0,0.4257506139131717,-0.00046582887490241885
137.82955639297734,5.0,0.4257506139131717,-0.00031990962686022963
137.8520120019947,5.0,0.4257506139131717,-0.0003742601502890833
137.8830843237926,5.0,0.4257506139131717,-0.0005178720299649109
137.9190455885349,5.0,0.4257506139131717,-0.0005993544123721359
137.96653443554962,5.0,0.4257506139131717,-0.0007914807835786439
138.02064668203147,5.0,0.4257506139131717,-0.0009018707746973888
138.08808544114333,5.0,0.4257506139131717,-0.0011239793185309577
138.1604757953207,5.0,0.4257506139131717,-0.001206505902956046
138.2410919307862,5.0,0.4257506139131717,-0.0013436022577583936
138.32430294462554,5.0,0.4257506139131717,-0.001386850230655457
138.41330148929364,5.0,0.4257506139131717,-0.0014833090778016758
138.5034727094261,5.0,0.4257506139131717,-0.0015028536688738829
138.59630363210542,5.0,0.4257506139131717,-0.0015471820446552984
138.6892162616452,5.0,0.4257506139131717,-0.001548543825663319
138.78325725604856,5.0,0.4257506139131717,-0.0015673499067222947
138.87662943956474,5.0,0.4257506139131717,-0.0015562030586028146
138.97063871019122,5.0,0.4257506139131717,-0.0015668211771082939
139.05959643243474,5.0,0.4257506139131717,-0.001482628704058582
139.09571455695163,5.0,0.4257506139131717,-0.0006019687419483656
139.1339981926014,5.0,0.4257506139131717,-0.0006380605941629936
139.167585662521,5.0,0.4257506139131717,-0.0005597911653264274
139.19876415035668,5.0,0.4257506139131717,-0.0005196414639281455
139.2269796884894,5.0,0.4257506139131717,-0.0004702589688785053
139.25234277598068,5.0,0.4257506139131717,-0.0004227181248547879
139.27741960927753,5.0,0.4257506139131717,-0.00041794722161396915
139.30918896955635,5.0,0.4257506139131717,-0.0005294893379804646
139.34600728367417,5.0,0.4257506139131717,-0.0006136385686304965
139.3892490674381,5.0,0.4257506139131717,-0.0007206963960653672
139.43573485747334,5.0,0.4257506139131717,-0.0007747631672538253
139.48759704753195,5.0,0.4257506139131717,-0.0008643698343104371
139.5425796828165,5.0,0.4257506139131717,-0.0009163772547424964
139.60256246011116,5.0,0.4257506139131717,-0.0009997129549112812
139.66383669281092,5.0,0.4257506139131717,-0.0010212372116627318
139.72982442902628,5.0,0.4257506139131717,-0.0010997956035891454
139.79754950961208,5.0,0.4257506139131717,-0.0011287513430966384
139.86974171078452,5.0,0.4257506139131717,-0.0012032033528741064
139.94413309758826,5.0,0.4257506139131717,-0.001239856446728967
140.02303348620916,5.0,0.4257506139131717,-0.0013150064770151087
140.1048767188233,5.0,0.4257506139131717,-0.0013640538769026437
140.19099357257687,5.0,0.4257506139131717,-0.001435280895892889
140.28066982641434,5.0,0.4257506139131717,-0.0014946042306244567
140.372459964496,5.0,0.4257506139131717,-0.0015298356346941581
140.4644861705901,5.0,0.4257506139131717,-0.001533770101568734
140.55526576423517,5.0,0.4257506139131717,-0.0015129932274176353
140.63968337630473,5.0,0.4257506139131717,-0.0014069602011591866
140.71151232490564,5.0,0.4257506139131717,-0.001197149143348686
140.7551787831003,5.0,0.4257506139131717,-0.0007277743032439987
140.7761033035608,5.0,0.4257506139131717,-0.00034874200767496123
140.79634203586835,5.0,0.4257506139131717,-0.0003373122051258416
140.8198189525638,5.0,0.4257506139131717,-0.0003912819449241579
140.85216513021905,5.0,0.4257506139131717,-0.0005391029609209813
140.8894979394309,5.0,0.4257506139131717,-0.0006222134868643166
140.93814820601466,5.0,0.4257506139131717,-0.0008108377763962699
140.9933101238282,5.0,0.4257506139131717,-0.0009193652968921675
141.05918954355147,5.0,0.4257506139131717,-0.0010979903287212554
141.12885274146512,5.0,0.4257506139131717,-0.0011610532985608444
141.20539348604512,5.0,0.4257506139131717,-0.001275679076333355
141.28316122396387,5.0,0.4257506139131717,-0.001296128965312614
141.36581087546494,5.0,0.4257506139131717,-0.0013774941916843632
141.44911789613425,5.0,0.4257506139131717,-0.0013884503444883951
141.5354255254968,5.0,0.4257506139131717,-0.0014384604893760056
141.62270320943742,5.0,0.4257506139131717,-0.0014546280656767426
141.71213195668497,5.0,0.4257506139131717,-0.001490479120792359
141.80139916005228,5.0,0.4257506139131717,-0.0014877867227886846
141.89098315882705,5.0,0.4257506139131717,-0.0014930666462464129
141.97725097474682,5.0,0.4257506139131717,-0.0014377969319962183
142.01266918351325,5.0,0.4257506139131717,-0.0005903034794406748
142.049426951278,5.0,0.4257506139131717,-0.0006126294627456988
142.08058565972442,5.0,0.4257506139131717,-0.0005193118074400079
142.11051989286332,5.0,0.4257506139131717,-0.0004989038856484424
142.1381408939399,5.0,0.4257506139131717,-0.00046035001794272304
142.16389598300975,5.0,0.4257506139131717,-0.00042925148449790166
142.18865021898304,5.0,0.4257506139131717,-0.0004125705995549185
142.2118018803471,5.0,0.4257506139131717,-0.00038586102273464645
142.23616579951198,5.0,0.4257506139131717,-0.0004060653194143132
142.26611429011544,5.0,0.4257506139131717,-0.0004991415100578607
142.29927060961617,5.0,0.4257506139131717,-0.000552605325012352
142.3379913546453,5.0,0.4257506139131717,-0.0006453457504857165
142.37841087582515,5.0,0.4257506139131717,-0.0006736586863307259
142.4246850429063,5.0,0.4257506139131717,-0.0007712361180192229
142.47296416567835,5.0,0.4257506139131717,-0.0008046520462009411
142.52671246560203,5.0,0.4257506139131717,-0.0008958049987281768
142.58285514120098,5.0,0.4257506139131717,-0.0009357112599824429
142.64391707989768,5.0,0.4257506139131717,-0.0010176989782781482
142.70756826834273,5.0,0.4257506139131717,-0.0010608531407510313
142.775671106601,5.0,0.4257506139131717,-0.0011350473043047575
142.846710892701,5.0,0.4257506139131717,-0.0011839964349998932
142.92193305675852,5.0,0.4257506139131717,-0.0012537027342919805
143.00044494534257,5.0,0.4257506139131717,-0.001308531476400587
143.08184307416727,5.0,0.4257506139131717,-0.001356635480411836
143.16477435689814,5.0,0.4257506139131717,-0.0013821880455147028
143.24653715906885,5.0,0.4257506139131717,-0.0013627133695117547
143.32531995952348,5.0,0.4257506139131717,-0.0013130466742441091
143.39082233374432,5.0,0.4257506139131717,-0.0010917062370141251
143.431692762409,5.0,0.4257506139131717,-0.000681173811077937
143.45368144555172,5.0,0.4257506139131717,-0.00036647805237887435
143.4706269340826,5.0,0.4257506139131717,-0.00028242480884780365
143.48925177316391,5.0,0.4257506139131717,-0.0003104139846889133
143.51187089691206,5.0,0.4257506139131717,-0.00037698539580256253
143.53573286259817,5.0,0.4257506139131717,-0.00039769942810168046
143.56398137957396,5.0,0.4257506139131717,-0.0004708086162632181
143.59290716756155,5.0,0.4257506139131717,-0.0004820964664597974
143.6259933224228,5.0,0.4257506139131717,-0.0005514359143539941
143.65905865040048,5.0,0.4257506139131717,-0.0005510887996281221
143.69711548820268,5.0,0.4257506139131717,-0.0006342806300367221
143.73549819057564,5.0,0.4257506139131717,-0.0006397117062157755
143.7795773010872,5.0,0.4257506139131717,-0.0007346518418592647
143.8236979876179,5.0,0.4257506139131717,-0.0007353447755119536
143.8729596315679,5.0,0.4257506139131717,-0.0008210273991669604
143.92114310998545,5.0,0.4257506139131717,-0.000803057973625518
143.97411476631817,5.0,0.4257506139131717,-0.0008828609388788194
144.02552951513132,5.0,0.4257506139131717,-0.0008569124802194377
144.0816783841483,5.0,0.4257506139131717,-0.0009358144836161532
144.13058189813813,5.0,0.4257506139131717,-0.0008150585664975244
144.1605543107397,5.0,0.4257506139131717,-0.0004995402100262306
144.18337897566062,5.0,0.4257506139131717,-0.0003804110820150002
144.21400673426774,5.0,0.4257506139131717,-0.0005104626434518734
144.24812151946168,5.0,0.4257506139131717,-0.0005685797532323395
144.2872903749608,5.0,0.4257506139131717,-0.0006528142583188558
144.33147977748916,5.0,0.4257506139131717,-0.0007364900421391184
144.3788425319518,5.0,0.4257506139131717,-0.0007893792410437985
144.4307446597613,5.0,0.4257506139131717,-0.0008650354634917728
144.48489110683002,5.0,0.4257506139131717,-0.0009024407844786005
144.54317888795677,5.0,0.4257506139131717,-0.0009714630187793553
144.6027851155205,5.0,0.4257506139131717,-0.0009934371260624233
144.66621512566806,5.0,0.4257506139131717,-0.0010571668357924496
144.73262383964433,5.0,0.4257506139131717,-0.001106811899604498
144.80258555229102,5.0,0.4257506139131717,-0.001166028544111667
144.87285772904107,5.0,0.4257506139131717,-0.0011712029458343864
144.9466288452629,5.0,0.4257506139131717,-0.0012295186036971318
145.0208519751173,5.0,0.4257506139131717,-0.0012370521642398734
145.09815746316966,5.0,0.4257506139131717,-0.0012884248008728815
145.1761937955534,5.0,0.4257506139131717,-0.0013006055397287927
145.2567670928153,5.0,0.4257506139131717,-0.0013428882876985275
145.3383744632001,5.0,0.4257506139131717,-0.0013601228397467227
145.42209740346752,5.0,0.4257506139131717,-0.0013953823377901812
145.507171109823,5.0,0.4257506139131717,-0.00141789510592458
145.5937790796859,5.0,0.4257506139131717,-0.0014434661643816943
145.68169218066947,5.0,0.4257506139131717,-0.0014652183497260482
145.77020442592212,5.0,0.4257506139131717,-0.0014752040875442322
145.85936499342327,5.0,0.4257506139131717,-0.0014860094583527825
145.93834881748947,5.0,0.4257506139131717,-0.0013163970677700489
145.99810466276196,5.0,0.4257506139131717,-0.0009959307545415628
146.03838479426653,5.0,0.4257506139131717,-0.000671335525076382
146.06925816593233,5.0,0.4257506139131717,-0.0005145561944299754
146.0917144428201,5.0,0.4257506139131717,-0.00037427128146257294
146.1102025068648,5.0,0.4257506139131717,-0.0003081344007451189
146.12975931697417,5.0,0.4257506139131717,-0.0003259468351561778
146.1529654724978,5.0,0.4257506139131717,-0.0003867692587271801
146.17726742332928,5.0,0.4257506139131717,-0.00040503251385778835
146.20606590143007,5.0,0.4257506139131717,-0.00047997463501312496
146.23724684652504,5.0,0.4257506139131717,-0.0005196824182494262
146.27560783613777,5.0,0.4257506139131717,-0.0006393498268787662
146.31576487763954,5.0,0.4257506139131717,-0.0006692840250296423
146.36446261815624,5.0,0.4257506139131717,-0.000811629008611541
146.41373209704247,5.0,0.4257506139131717,-0.0008211579814369486
146.47125987460552,5.0,0.4257506139131717,-0.0009587962927174427
146.52906737838012,5.0,0.4257506139131717,-0.0009634583962434262
146.59338056320996,5.0,0.4257506139131717,-0.0010718864138307075
146.65588147070721,5.0,0.4257506139131717,-0.0010416817916210086
146.71993107960182,5.0,0.4257506139131717,-0.0010674934815768772
146.77484996680462,5.0,0.4257506139131717,-0.0009153147867132898
146.79980791031159,5.0,0.4257506139131717,-0.00041596572511589064
146.82440619021256,5.0,0.4257506139131717,-0.0004099713316830065
146.8514077010385,5.0,0.4257506139131717,-0.0004500251804324676
146.88353936890283,5.0,0.4257506139131717,-0.0005355277977384863
146.92183923520923,5.0,0.4257506139131717,-0.0006383311051069301
146.9660469831111,5.0,0.4257506139131717,-0.0007367957983646458
147.01410074566718,5.0,0.4257506139131717,-0.0008008960426011274
147.0671855451349,5.0,0.4257506139131717,-0.0008847466577950926
147.1228174478711,5.0,0.4257506139131717,-0.0009271983789369764
147.18287956846274,5.0,0.4257506139131717,-0.001001035343193706
147.2444224820101,5.0,0.4257506139131717,-0.0010257152257891274
147.3099312405002,5.0,0.4257506139131717,-0.0010918126415014671
147.3788173083509,5.0,0.4257506139131717,-0.0011481011308451653
147.4512709764962,5.0,0.4257506139131717,-0.0012075611357550227
147.5241023783116,5.0,0.4257506139131717,-0.0012138566969230695
147.60047693032675,5.0,0.4257506139131717,-0.0012729092002524622
147.67735557475362,5.0,0.4257506139131717,-0.0012813107404479314
147.75735042986176,5.0,0.4257506139131717,-0.0013332475851356778
147.83814661274621,5.0,0.4257506139131717,-0.0013466030480743184
147.92166901691652,5.0,0.4257506139131717,-0.0013920400695050063
148.0063587232862,5.0,0.4257506139131717,-0.0014114951061614382
148.09342259567634,5.0,0.4257506139131717,-0.0014510645398356425
148.1819619427847,5.0,0.4257506139131717,-0.0014756557851393524
148.27174832640026,5.0,0.4257506139131717,-0.001496439726925952
148.36205442675688,5.0,0.4257506139131717,-0.0015051016726103492
148.4521601512495,5.0,0.4257506139131717,-0.0015017620748768164
148.54199343150864,5.0,0.4257506139131717,-0.0014972213376521785
148.62120719479927,5.0,0.4257506139131717,-0.0013202293881769398
148.67985040785715,5.0,0.4257506139131717,-0.0009773868842981462
148.71904439831297,5.0,0.4257506139131717,-0.0006532331742640257
148.7441601920611,5.0,0.4257506139131717,-0.00041859656246869757
148.76281610656272,5.0,0.4257506139131717,-0.00031093190836070834
148.7819024348985,5.0,0.4257506139131717,-0.0003181054722632313
148.80129740220033,5.0,0.4257506139131717,-0.00032324945503031953
148.8239627301353,5.0,0.4257506139131717,-0.00037775546558249266
148.84731687014224,5.0,0.4257506139131717,-0.0003892356667823277
148.87568693177874,5.0,0.4257506139131717,-0.00047283436060843183
148.90653064238646,5.0,0.4257506139131717,-0.0005140618434617617
148.94351784100257,5.0,0.4257506139131717,-0.0006164533102687341
148.98317747056512,5.0,0.4257506139131717,-0.0006609938260422805
149.03153559237572,5.0,0.4257506139131717,-0.000805968696843081
149.07715168998124,5.0,0.4257506139131717,-0.0007602682934254309
149.12799729779093,5.0,0.4257506139131717,-0.0008474267968283177
149.17774334715645,5.0,0.4257506139131717,-0.0008291008227588307
149.23354726636646,5.0,0.4257506139131717,-0.000930065320166868
149.28871352361278,5.0,0.4257506139131717,-0.0009194376207719043
149.34992835666287,5.0,0.4257506139131717,-0.0010202472175012895
149.40441827535327,5.0,0.4257506139131717,-0.0009081653115064377
149.42958346460665,5.0,0.4257506139131717,-0.0004194198208898209
149.45345607266512,5.0,0.4257506139131717,-0.0003978768009746942
149.47967270643434,5.0,0.4257506139131717,-0.0004369438961539078
149.511242716453,5.0,0.4257506139131717,-0.0005261668336447039
149.54797545199125,5.0,0.4257506139131717,-0.000612212258970774
149.58996736807202,5.0,0.4257506139131717,-0.0006998652680131394
149.63546711144684,5.0,0.4257506139131717,-0.0007583290562469864
149.68580057209527,5.0,0.4257506139131717,-0.000838891010806968
149.73869500697265,5.0,0.4257506139131717,-0.000881573914623072
149.79607545971234,5.0,0.4257506139131717,-0.0009563408789950488
149.85505748939426,5.0,0.4257506139131717,-0.0009830338280319597
149.91811751549372,5.0,0.4257506139131717,-0.0010510004349911916
149.98451919368156,5.0,0.4257506139131717,-0.0011066946364642158
150.055050475215,5.0,0.4257506139131717,-0.0011755213588906799
150.12646660908368,5.0,0.4257506139131717,-0.0011902688978109785
150.20214266184772,5.0,0.4257506139131717,-0.001261267546067286
150.27896328325735,5.0,0.4257506139131717,-0.001280343690160433
150.35940424569185,5.0,0.4257506139131717,-0.0013406827072416534
150.44093497658187,5.0,0.4257506139131717,-0.0013588455148337113
150.52537678598685,5.0,0.4257506139131717,-0.0014073634900831655
150.61120929902606,5.0,0.4257506139131717,-0.0014305418839867655
150.6996079362377,5.0,0.4257506139131717,-0.00147331062019395
150.78962234825013,5.0,0.4257506139131717,-0.001500240200207114
150.88064358434306,5.0,0.4257506139131717,-0.0015170206015488207
150.9715676687955,5.0,0.4257506139131717,-0.0015154014075404272
151.06102754459081,5.0,0.4257506139131717,-0.0014909979299220822
151.14810091785088,5.0,0.4257506139131717,-0.0014512228876675697
151.22144229254187,5.0,0.4257506139131717,-0.001222356244849561
151.26963449630895,5.0,0.4257506139131717,-0.0008032033961181734
151.29262456463547,5.0,0.4257506139131717,-0.00038316780544182875
151.31129354303147,5.0,0.4257506139131717,-0.00031114963993318005
151.33274554316236,5.0,0.4257506139131717,-0.00035753333551472754
151.35976986122952,5.0,0.4257506139131717,-0.000450405301119519
151.39175313400787,5.0,0.4257506139131717,-0.0005330545463057545
151.4351194417039,5.0,0.4257506139131717,-0.000722771794933883
151.48418886175983,5.0,0.4257506139131717,-0.0008178236675986416
151.54425436115926,5.0,0.4257506139131717,-0.0010010916566570464
151.6086134119047,5.0,0.4257506139131717,-0.001072650845757522
151.68292014931183,5.0,0.4257506139131717,-0.001238445623451928
151.76140496864613,5.0,0.4257506139131717,-0.0013080803222385454
151.84632565293094,5.0,0.4257506139131717,-0.0014153447380801328
151.93334597263123,5.0,0.4257506139131717,-0.0014503386616716353
152.02335919805637,5.0,0.4257506139131717,-0.0015002204237521664
152.1141378640616,5.0,0.4257506139131717,-0.0015129777667537915
152.20643618929506,5.0,0.4257506139131717,-0.0015383054205576048
152.29835084727318,5.0,0.4257506139131717,-0.0015319109663020974
152.3904601004325,5.0,0.4257506139131717,-0.0015351542193219852
152.47921094507672,5.0,0.4257506139131717,-0.001479180744070345
152.5167472122606,5.0,0.4257506139131717,-0.0006256044530650703
152.5567505943045,5.0,0.4257506139131717,-0.0006667230340648336
152.59265877859025,5.0,0.4257506139131717,-0.0005984697380958009
152.62598430911376,5.0,0.4257506139131717,-0.0005554255087254346
152.65642543635155,5.0,0.4257506139131717,-0.0005073521206298978
152.684143812631,5.0,0.4257506139131717,-0.0004619729379906806
152.71009411828277,5.0,0.4257506139131717,-0.0004325050941960544
152.73394949756488,5.0,0.4257506139131717,-0.0003975896547017992
152.7607318900779,5.0,0.4257506139131717,-0.0004463732085504173
152.79404005826726,5.0,0.4257506139131717,-0.0005551361364894821
152.83116465702534,5.0,0.4257506139131717,-0.0006187433126348805
152.87432301809633,5.0,0.4257506139131717,-0.0007193060178498113
152.92044681339974,5.0,0.4257506139131717,-0.0007687299217232674
152.97267280849366,5.0,0.4257506139131717,-0.0008704332515655672
153.02720553148032,5.0,0.4257506139131717,-0.0009088787164445684
153.08723845424242,5.0,0.4257506139131717,-0.0010005487127016394
153.1495009949123,5.0,0.4257506139131717,-0.001037709011164409
153.21647262178934,5.0,0.4257506139131717,-0.001116193781283772
153.28575694975774,5.0,0.4257506139131717,-0.0011547387994734135
153.35912254630983,5.0,0.4257506139131717,-0.0012227599425348068
153.43498476936162,5.0,0.4257506139131717,-0.0012643703841965631
153.51436625271668,5.0,0.4257506139131717,-0.0013230247225842575
153.5961478076059,5.0,0.4257506139131717,-0.0013630259148201221
153.6791952474744,5.0,0.4257506139131717,-0.001384123997808817
153.7617466882829,5.0,0.4257506139131717,-0.0013758573468080776
153.84206342057047,5.0,0.4257506139131717,-0.0013386122047929724
153.91546571113307,5.0,0.4257506139131717,-0.0012233715093766932
153.97610062042497,5.0,0.4257506139131717,-0.0010105818215317358
154.00789618056314,5.0,0.4257506139131717,-0.0005299260023027094
154.02376730577865,5.0,0.4257506139131717,-0.0002645187535916688
154.0460908293347,5.0,0.4257506139131717,-0.0003720587259339929
154.0713989910429,5.0,0.4257506139131717,-0.00042180269513681956
154.10614901892035,5.0,0.4257506139131717,-0.0005791671312905366
154.14635772434102,5.0,0.4257506139131717,-0.0006701450903446652
154.19921212882278,5.0,0.4257506139131717,-0.0008809067413626701
154.2595957735396,5.0,0.4257506139131717,-0.0010063940786133325
154.3306967247715,5.0,0.4257506139131717,-0.0011850158538656232
154.4060903209127,5.0,0.4257506139131717,-0.0012565599356868476
154.48828692073488,5.0,0.4257506139131717,-0.001369943330369323
154.5728079933558,5.0,0.4257506139131717,-0.001408684543682214
154.66140473836307,5.0,0.4257506139131717,-0.0014766124167878295
154.7520682123362,5.0,0.4257506139131717,-0.0015110578995521434
154.84555248288595,5.0,0.4257506139131717,-0.0015580711758291415
154.9397121870596,5.0,0.4257506139131717,-0.0015693284028940671
155.035528312806,5.0,0.4257506139131717,-0.0015969354291068627
155.13179308598416,5.0,0.4257506139131717,-0.0016044128863026978
155.22868492630465,5.0,0.4257506139131717,-0.0016148640053415036
155.32289915631688,5.0,0.4257506139131717,-0.0015702371668704046
155.3673730900304,5.0,0.4257506139131717,-0.0007412322285589354
155.41025967783216,5.0,0.4257506139131717,-0.000714776463362474
155.44880253801836,5.0,0.4257506139131717,-0.0006423810031034035
155.48507071497906,5.0,0.4257506139131717,-0.0006044696160119026
155.51732659159478,5.0,0.4257506139131717,-0.000537597943595511
155.54704742336511,5.0,0.4257506139131717,-0.0004953471961719936
155.57488811538968,5.0,0.4257506139131717,-0.00046401153374297924
155.6005415309635,5.0,0.4257506139131717,-0.00042755692623028355
155.62529532649035,5.0,0.4257506139131717,-0.00041256325878055565
155.64831024387522,5.0,0.4257506139131717,-0.0003835819564145387
155.67247169093108,5.0,0.4257506139131717,-0.00040269078426418293
155.7020122348471,5.0,0.4257506139131717,-0.0004923423986006645
155.73186665582554,5.0,0.4257506139131717,-0.0004975736829741787
155.7679692180879,5.0,0.4257506139131717,-0.0006017093710391472
155.8061482855067,5.0,0.4257506139131717,-0.0006363177903134368
155.84993326797377,5.0,0.4257506139131717,-0.0007297497077842996
155.8962789336202,5.0,0.4257506139131717,-0.0007724277607741516
155.9479844341114,5.0,0.4257506139131717,-0.00086175834151964
156.00257684071292,5.0,0.4257506139131717,-0.0009098734433587865
156.06219726204978,5.0,0.4257506139131717,-0.0009936736889476182
156.12509051413005,5.0,0.4257506139131717,-0.0010482208680045353
156.1923636556555,5.0,0.4257506139131717,-0.0011212190254241458
156.26296979400425,5.0,0.4257506139131717,-0.0011767689724792604
156.3355066889889,5.0,0.4257506139131717,-0.0012089482497439582
156.40817608541633,5.0,0.4257506139131717,-0.0012111566071239938
156.47940116012384,5.0,0.4257506139131717,-0.0011870845784583879
156.5442057703618,5.0,0.4257506139131717,-0.0010800768372994116
156.5955735895965,5.0,0.4257506139131717,-0.0008561303205785268
156.6200837783054,5.0,0.4257506139131717,-0.00040850314514789745
156.6375469743897,5.0,0.4257506139131717,-0.00029105326807148324
156.66114727644913,5.0,0.4257506139131717,-0.0003933383676570793
156.68747536726016,5.0,0.4257506139131717,-0.0004388015135173975
156.7221337989072,5.0,0.4257506139131717,-0.0005776405274509257
156.7632886729241,5.0,0.4257506139131717,-0.0006859145669481111
156.81673712942973,5.0,0.4257506139131717,-0.0008908076084272757
156.87775424503593,5.0,0.4257506139131717,-0.0010169519267701872
156.94757091040498,5.0,0.4257506139131717,-0.0011636110894839313
157.0212300508811,5.0,0.4257506139131717,-0.00122765234126864
157.10001198755543,5.0,0.4257506139131717,-0.0013130322779057767
157.18029380429996,5.0,0.4257506139131717,-0.001338030279075458
157.2636882490784,5.0,0.4257506139131717,-0.0013899074129738378
157.34812801462692,5.0,0.4257506139131717,-0.0014073294258088109
157.43398589512225,5.0,0.4257506139131717,-0.0014309646749220213
157.52001547428145,5.0,0.4257506139131717,-0.0014338263193200264
157.6070941904777,5.0,0.4257506139131717,-0.0014513119366043356
157.69396679500693,5.0,0.4257506139131717,-0.0014478767421536357
157.78177000518903,5.0,0.4257506139131717,-0.00146338683636851
157.868379244903,5.0,0.4257506139131717,-0.00144348732856586
157.91039806263007,5.0,0.4257506139131717,-0.0007003136287845011
157.9509154751188,5.0,0.4257506139131717,-0.0006752902081456571
157.98845397944066,5.0,0.4257506139131717,-0.0006256417386980603
158.02388806301016,5.0,0.4257506139131717,-0.0005905680594917505
158.05768219835494,5.0,0.4257506139131717,-0.0005632355890795351
158.0898913453979,5.0,0.4257506139131717,-0.0005368191173825966
158.12079251192802,5.0,0.4257506139131717,-0.0005150194421688165
158.1500633032579,5.0,0.4257506139131717,-0.0004878465221647296
158.17820917947228,5.0,0.4257506139131717,-0.0004690979369064328
158.20465281138448,5.0,0.4257506139131717,-0.0004407271985368674
158.23029279915917,5.0,0.4257506139131717,-0.00042733312957815805
158.25422147065973,5.0,0.4257506139131717,-0.0003988111916757248
158.2792387585191,5.0,0.4257506139131717,-0.000416954797656208
158.30199189554062,5.0,0.4257506139131717,-0.0003792189503583499
158.324887542228,5.0,0.4257506139131717,-0.0003815941114564195
158.35182559729927,5.0,0.4257506139131717,-0.0004489675845212993
158.38036592132488,5.0,0.4257506139131717,-0.00047567206709335773
158.413421807919,5.0,0.4257506139131717,-0.0005509314432354429
158.4485884348906,5.0,0.4257506139131717,-0.0005861104495265048
158.4878025187788,5.0,0.4257506139131717,-0.0006535680648030514
158.52932240851496,5.0,0.4257506139131717,-0.0006919981622691935
158.57446378416608,5.0,0.4257506139131717,-0.0007523562608523143
158.62186763323498,5.0,0.4257506139131717,-0.000790064151148448
158.67053692871153,5.0,0.4257506139131717,-0.0008111549246089234
158.71906280417124,5.0,0.4257506139131717,-0.0008087645909950988
158.76521425734603,5.0,0.4257506139131717,-0.0007691908862462667
158.80510561877958,5.0,0.4257506139131717,-0.0006648560238924096
158.83287200567503,5.0,0.4257506139131717,-0.0004627731149240484
158.8494283983902,5.0,0.4257506139131717,-0.0002759398785860264
158.87012114870603,5.0,0.4257506139131717,-0.0003448791719307347
158.89633058180004,5.0,0.4257506139131717,-0.0004368238849000017
158.92530705447513,5.0,0.4257506139131717,-0.0004829412112513932
158.9645461560106,5.0,0.4257506139131717,-0.0006539850255912902
159.01000144642197,5.0,0.4257506139131717,-0.0007575881735227511
159.06749809301795,5.0,0.4257506139131717,-0.0009582774432663723
159.1299084251664,5.0,0.4257506139131717,-0.0010401722024744832
159.19918979097045,5.0,0.4257506139131717,-0.0011546894300674885
159.27126966582733,5.0,0.4257506139131717,-0.0012013312476148246
159.3483455861566,5.0,0.4257506139131717,-0.0012845986721545433
159.42729085542345,5.0,0.4257506139131717,-0.0013157544877809607
159.50890697324465,5.0,0.4257506139131717,-0.0013602686303532303
159.59226553199125,5.0,0.4257506139131717,-0.0013893093124431452
159.67795861176515,5.0,0.4257506139131717,-0.0014282179962316233
159.76494950425771,5.0,0.4257506139131717,-0.0014498482082094936
159.8540884158893,5.0,0.4257506139131717,-0.0014856485271931494
159.94424387759904,5.0,0.4257506139131717,-0.0015025910284955223
160.03605757222732,5.0,0.4257506139131717,-0.001530228243804582
160.12834045338295,5.0,0.4257506139131717,-0.0015380480192606182
160.18122913297833,5.0,0.4257506139131717,-0.0008814779932562457
160.2283123616463,5.0,0.4257506139131717,-0.0007847204777993827
160.27264111634116,5.0,0.4257506139131717,-0.0007388125782477785
160.31376735640896,5.0,0.4257506139131717,-0.0006854373344633471
160.35137175158278,5.0,0.4257506139131717,-0.0006267399195637344
160.3857905287604,5.0,0.4257506139131717,-0.0005736462862935638
160.41796655246623,5.0,0.4257506139131717,-0.000536267061763985
160.4478429916792,5.0,0.4257506139131717,-0.0004979406535497484
160.47638744686262,5.0,0.4257506139131717,-0.0004757409197235787
160.50300341881723,5.0,0.4257506139131717,-0.000443599532576653
160.5289741182217,5.0,0.4257506139131717,-0.00043284499007437106
160.5532496536708,5.0,0.4257506139131717,-0.0004045922574850081
160.57900309835446,5.0,0.4257506139131717,-0.0004292240780609214
160.60223791867193,5.0,0.4257506139131717,-0.0003872470052912321
160.6259628415591,5.0,0.4257506139131717,-0.000395415381452593
160.64815798104894,5.0,0.4257506139131717,-0.00036991899149745554
160.67048510853581,5.0,0.4257506139131717,-0.0003721187914477663
160.69624851881176,5.0,0.4257506139131717,-0.00042939017126585635
160.723657222404,5.0,0.4257506139131717,-0.00045681172653742354
160.7548229395532,5.0,0.4257506139131717,-0.0005194286191532409
160.78821289425343,5.0,0.4257506139131717,-0.0005564992450039215
160.82507348652553,5.0,0.4257506139131717,-0.0006143432045350256
160.86416742804437,5.0,0.4257506139131717,-0.0006515656919807077
160.90492686484257,5.0,0.4257506139131717,-0.0006793239466365423
160.94598743353484,5.0,0.4257506139131717,-0.0006843428115377365
160.9850333405003,5.0,0.4257506139131717,-0.0006507651160909281
161.01847478224477,5.0,0.4257506139131717,-0.0005573573624075517
161.04133597692092,5.0,0.4257506139131717,-0.0003810199112693643
161.05912676466875,5.0,0.4257506139131717,-0.0002965131291302251
161.0813325832506,5.0,0.4257506139131717,-0.00037009697636400873
161.1092515031825,5.0,0.4257506139131717,-0.00046531533219842144
161.14026569718393,5.0,0.4257506139131717,-0.0005169032333572817
161.18201330997303,5.0,0.4257506139131717,-0.0006957935464848193
161.2296031192795,5.0,0.4257506139131717,-0.0007931634884411766
161.28825832487848,5.0,0.4257506139131717,-0.0009775867599832418
161.35142575921824,5.0,0.4257506139131717,-0.0010527905723291585
161.42101585290445,5.0,0.4257506139131717,-0.001159834894770075
161.49394540426786,5.0,0.4257506139131717,-0.001215492522723613
161.57156327273947,5.0,0.4257506139131717,-0.00129363114119362
161.65156256985523,5.0,0.4257506139131717,-0.001333321618596064
161.7342551283452,5.0,0.4257506139131717,-0.0013782093081663796
161.81834204985344,5.0,0.4257506139131717,-0.0014014486918038247
161.90486294190674,5.0,0.4257506139131717,-0.0014420148675550074
161.99229722379465,5.0,0.4257506139131717,-0.001457238031465064
162.08150828936348,5.0,0.4257506139131717,-0.0014868510928138239
162.1709962512573,5.0,0.4257506139131717,-0.001491466031563394
162.26181559067257,5.0,0.4257506139131717,-0.001513655656921394
162.35284220073726,5.0,0.4257506139131717,-0.0015171101677446182
162.40425433866977,5.0,0.4257506139131717,-0.0008568689655420401
162.44958458820548,5.0,0.4257506139131717,-0.0007555041589283618
162.49193292842176,5.0,0.4257506139131717,-0.0007058056702714977
162.53110674081918,5.0,0.4257506139131717,-0.0006528968732905318
162.56706290116784,5.0,0.4257506139131717,-0.0005992693391441902
162.60007520214097,5.0,0.4257506139131717,-0.0005502050162186541
162.6312875141482,5.0,0.4257506139131717,-0.0005202052001205541
162.6604728187333,5.0,0.4257506139131717,-0.0004864217430851723
162.6886621641844,5.0,0.4257506139131717,-0.0004698224241849245
162.71523990564822,5.0,0.4257506139131717,-0.000442962357730287
162.74163839538974,5.0,0.4257506139131717,-0.0004399748290252197
162.7666898262571,5.0,0.4257506139131717,-0.0004175238477894067
162.79384984258581,5.0,0.4257506139131717,-0.0004526669388115787
162.8183392790628,5.0,0.4257506139131717,-0.00040815727461647835
162.84335656206696,5.0,0.4257506139131717,-0.00041695471673599925
162.8665978632946,5.0,0.4257506139131717,-0.00038735502046067274
162.8900179667463,5.0,0.4257506139131717,-0.00039033505752863014
162.91203229387813,5.0,0.4257506139131717,-0.00036690545219691316
162.93423520739898,5.0,0.4257506139131717,-0.0003700485586807329
162.95657727517377,5.0,0.4257506139131717,-0.0003723677962466741
162.97995330055682,5.0,0.4257506139131717,-0.0003896004230508874
163.00642473872063,5.0,0.4257506139131717,-0.0004411906360636263
163.03473397366767,5.0,0.4257506139131717,-0.00047182058245057835
163.06449933848697,5.0,0.4257506139131717,-0.0004960894136551272
163.0945687276159,5.0,0.4257506139131717,-0.0005011564854821214
163.12324367967454,5.0,0.4257506139131717,-0.00047791586764421877
163.1457507661194,5.0,0.4257506139131717,-0.00037511810741417594
163.16597278469467,5.0,0.4257506139131717,-0.00033703364292127816
163.18528534275373,5.0,0.4257506139131717,-0.0003218759676507576
163.20972990999607,5.0,0.4257506139131717,-0.00040740945403878076
163.24030705282965,5.0,0.4257506139131717,-0.0005096190472261864
163.2738886222327,5.0,0.4257506139131717,-0.0005596928233842416
163.3164860713324,5.0,0.4257506139131717,-0.0007099574849950502
163.3632168151931,5.0,0.4257506139131717,-0.0007788457310118231
163.4201551486886,5.0,0.4257506139131717,-0.0009489722249249092
163.48122936141047,5.0,0.4257506139131717,-0.0010179035453647537
163.5488474780828,5.0,0.4257506139131717,-0.0011269686112053512
163.62010099012025,5.0,0.4257506139131717,-0.001187558533957655
163.69628711223868,5.0,0.4257506139131717,-0.001269768701973698
163.77466628997342,5.0,0.4257506139131717,-0.0013063196289122114
163.85546638589008,5.0,0.4257506139131717,-0.001346668265277415
163.93738736473688,5.0,0.4257506139131717,-0.0013653496474467447
164.0229743646888,5.0,0.4257506139131717,-0.001426449999198693
164.10990407813918,5.0,0.4257506139131717,-0.0014488285575062865
164.19931918593974,5.0,0.4257506139131717,-0.0014902517966759365
164.28968169647462,5.0,0.4257506139131717,-0.0015060418422477963
164.38115037011673,5.0,0.4257506139131717,-0.0015244778940353212
164.47105062986068,5.0,0.4257506139131717,-0.001498337662399071
164.51288589053738,5.0,0.4257506139131717,-0.0006972543446113109
164.55264958242265,5.0,0.4257506139131717,-0.0006627281980876628
164.5876796869135,5.0,0.4257506139131717,-0.0005838350748477667
164.62139500801405,5.0,0.4257506139131717,-0.0005619220183425718
164.65219940532404,5.0,0.4257506139131717,-0.0005134066218330637
164.68117405077533,5.0,0.4257506139131717,-0.0004829107575214771
164.7089482875045,5.0,0.4257506139131717,-0.000462903945486567
164.73525544346762,5.0,0.4257506139131717,-0.0004384525993851243
164.76085971264763,5.0,0.4257506139131717,-0.00042673781966660445
164.78526863600317,5.0,0.4257506139131717,-0.00040681538925914823
164.80942822233683,5.0,0.4257506139131717,-0.00040265977222764607
164.83244302425405,5.0,0.4257506139131717,-0.00038358003195368477
164.85750281422582,5.0,0.4257506139131717,-0.0004176631661965141
164.8802783421491,5.0,0.4257506139131717,-0.0003795921320546456
164.9038083269396,5.0,0.4257506139131717,-0.00039216641317512275
164.92598575979252,5.0,0.4257506139131717,-0.0003696238808817788
164.94868295807763,5.0,0.4257506139131717,-0.00037828663808491247
164.97037747775371,5.0,0.4257506139131717,-0.0003615753279347158
164.99226060847917,5.0,0.4257506139131717,-0.00036471884542441677
165.01322329213386,5.0,0.4257506139131717,-0.0003493780609115223
165.0342669658157,5.0,0.4257506139131717,-0.0003507278946972655
165.05689496296642,5.0,0.4257506139131717,-0.0003771332858453986
165.08084624831753,5.0,0.4257506139131717,-0.00039918808918517446
165.10653343673712,5.0,0.4257506139131717,-0.0004281198069930528
165.1335037871234,5.0,0.4257506139131717,-0.0004495058397711021
165.16054922612147,5.0,0.4257506139131717,-0.00045075731663452685
165.18747449350238,5.0,0.4257506139131717,-0.0004487544563485859
165.20947779947076,5.0,0.4257506139131717,-0.0003667217661397512
165.22872459522267,5.0,0.4257506139131717,-0.0003207799291986734
165.25477398609175,5.0,0.4257506139131717,-0.0004341565144845533
165.28646301421247,5.0,0.4257506139131717,-0.0005281504686785013
165.32099962719602,5.0,0.4257506139131717,-0.000575610216392367
165.36439351349782,5.0,0.4257506139131717,-0.0007232314383632945
165.41087832006477,5.0,0.4257506139131717,-0.0007747467761157974
165.46669602752138,5.0,0.4257506139131717,-0.0009302951242767966
165.5301748789749,5.0,0.4257506139131717,-0.0010579808575584128
165.6025018055879,5.0,0.4257506139131717,-0.0012054487768836733
165.6782206961751,5.0,0.4257506139131717,-0.0012619815097865948
165.7589275034124,5.0,0.4257506139131717,-0.0013451134539552879
165.84141252491688,5.0,0.4257506139131717,-0.0013747503584078007
165.92882279293934,5.0,0.4257506139131717,-0.001456837800374381
166.0176475078279,5.0,0.4257506139131717,-0.0014804119148090712
166.10708728231828,5.0,0.4257506139131717,-0.0014906629081731825
166.19558704989797,5.0,0.4257506139131717,-0.0014749961263281297
166.28602962004857,5.0,0.4257506139131717,-0.0015073761691766214
166.37579540959413,5.0,0.4257506139131717,-0.0014960964924258747
166.46603209876048,5.0,0.4257506139131717,-0.001503944819439114
166.55186941705375,5.0,0.4257506139131717,-0.0014306219715545536
166.58678507571346,5.0,0.4257506139131717,-0.0005819276443287721
166.62234897628642,5.0,0.4257506139131717,-0.0005927316762159349
166.65351437041636,5.0,0.4257506139131717,-0.0005194232354992092
166.68378549020673,5.0,0.4257506139131717,-0.0005045186631730622
166.7115962880344,5.0,0.4257506139131717,-0.00046351329712762457
166.73791413302192,5.0,0.4257506139131717,-0.00043863074979201105
166.76301774486885,5.0,0.4257506139131717,-0.0004183935307819356
166.7866711396309,5.0,0.4257506139131717,-0.0003942232460341366
166.80989195954726,5.0,0.4257506139131717,-0.0003870136652727845
166.8319797103225,5.0,0.4257506139131717,-0.0003681291795876131
166.8541093079532,5.0,0.4257506139131717,-0.00036882662717812063
166.87609834544185,5.0,0.4257506139131717,-0.00036648395814409084
166.89887979008108,5.0,0.4257506139131717,-0.00037969074398733996
166.9232468821393,5.0,0.4257506139131717,-0.00040611820097030807
166.94721898701243,5.0,0.4257506139131717,-0.0003995350812188566
166.9754383445998,5.0,0.4257506139131717,-0.0004703226264564747
167.00489433015437,5.0,0.4257506139131717,-0.0004909330925759004
167.03850738531776,5.0,0.4257506139131717,-0.0005602175860563191
167.07396026686533,5.0,0.4257506139131717,-0.0005908813591261147
167.11339930553547,5.0,0.4257506139131717,-0.0006573173111689662
167.1552352690331,5.0,0.4257506139131717,-0.000697266058293971
167.20064241509567,5.0,0.4257506139131717,-0.0007567857677095069
167.24869817450517,5.0,0.4257506139131717,-0.0008009293234916506
167.29937716017497,5.0,0.4257506139131717,-0.0008446497611634565
167.3517626697779,5.0,0.4257506139131717,-0.0008730918267155457
167.4044830411379,5.0,0.4257506139131717,-0.0008786728559995101
167.453336757357,5.0,0.4257506139131717,-0.0008142286036516668
167.49254484183413,5.0,0.4257506139131717,-0.0006534680746190038
167.51062531461247,5.0,0.4257506139131717,-0.00030134121297236923
167.53175696759618,5.0,0.4257506139131717,-0.0003521942163951704
167.556965897122,5.0,0.4257506139131717,-0.0004201488254304744
167.58609763884982,5.0,0.4257506139131717,-0.00048552902879691386
167.62323732533795,5.0,0.4257506139131717,-0.0006189947748022675
167.66453142368576,5.0,0.4257506139131717,-0.0006882349724633587
167.71651743688915,5.0,0.4257506139131717,-0.0008664335533897745
167.7698960047489,5.0,0.4257506139131717,-0.0008896427976623672
167.83478550828303,5.0,0.4257506139131717,-0.001081491725569327
167.90528548030662,5.0,0.4257506139131717,-0.0011749995337262883
167.98393472804503,5.0,0.4257506139131717,-0.0013108207956401107
168.06614432591388,5.0,0.4257506139131717,-0.0013701599644809195
168.15260807610335,5.0,0.4257506139131717,-0.00144106250315794
168.24117093947112,5.0,0.4257506139131717,-0.0014760477227960284
168.33327786598483,5.0,0.4257506139131717,-0.0015351154418953212
168.42649965112759,5.0,0.4257506139131717,-0.0015536964190458994
168.52152416192897,5.0,0.4257506139131717,-0.001583741846689824
168.6164820263038,5.0,0.4257506139131717,-0.0015826310729139823
168.71160449267617,5.0,0.4257506139131717,-0.001585374439539713
168.80388271442285,5.0,0.4257506139131717,-0.0015379703624446676
168.84592467057243,5.0,0.4257506139131717,-0.0007006992691597278
168.887281484645,5.0,0.4257506139131717,-0.0006892802345430498
168.9242918346194,5.0,0.4257506139131717,-0.0006168391662400029
168.95881634810178,5.0,0.4257506139131717,-0.0005754085580395377
168.99064119204772,5.0,0.4257506139131717,-0.0005304140657656765
169.02006685209,5.0,0.4257506139131717,-0.0004904276673714821
169.04793870762893,5.0,0.4257506139131717,-0.00046453092564891277
169.07389076317028,5.0,0.4257506139131717,-0.0004325342590224027
169.0987955908739,5.0,0.4257506139131717,-0.00041508046172672317
169.12202653999233,5.0,0.4257506139131717,-0.0003871824853072576
169.14482320609574,5.0,0.4257506139131717,-0.00037994443505678563
169.1704545019322,5.0,0.4257506139131717,-0.00042718826394101363
169.19430467077015,5.0,0.4257506139131717,-0.0003975028139657381
169.22342357677059,5.0,0.4257506139131717,-0.00048531510000730354
169.25350883433558,5.0,0.4257506139131717,-0.0005014209594165681
169.28805751524584,5.0,0.4257506139131717,-0.0005758113485041925
169.32368651738958,5.0,0.4257506139131717,-0.0005938167023954783
169.3631178901726,5.0,0.4257506139131717,-0.0006571895463835016
169.4039326980534,5.0,0.4257506139131717,-0.0006802467980135567
169.44819949788143,5.0,0.4257506139131717,-0.0007377799971336106
169.49430838603942,5.0,0.4257506139131717,-0.0007684814692997769
169.54371994941073,5.0,0.4257506139131717,-0.0008235260561882322
169.59539344368687,5.0,0.4257506139131717,-0.0008612249046025052
169.64918014727556,5.0,0.4257506139131717,-0.0008964450598112764
169.70380829285583,5.0,0.4257506139131717,-0.0009104690930043652
169.75715527143652,5.0,0.4257506139131717,-0.0008891163096783961
169.80484640810567,5.0,0.4257506139131717,-0.0007948522778191716
169.8410788544394,5.0,0.4257506139131717,-0.0006038741055617281
169.85761671151894,5.0,0.4257506139131717,-0.0002756309513258849
169.87841248664796,5.0,0.4257506139131717,-0.0003465962521502794
169.90540402346252,5.0,0.4257506139131717,-0.00044985894690937955
169.93608731839467,5.0,0.4257506139131717,-0.0005113882488693045
169.97698194258155,5.0,0.4257506139131717,-0.000681577069781312
170.02415524983746,5.0,0.4257506139131717,-0.0007862217875984728
170.08455242192818,5.0,0.4257506139131717,-0.0010066195348452554
170.15006083666034,5.0,0.4257506139131717,-0.0010918069122029398
170.22308413375103,5.0,0.4257506139131717,-0.0012170549515114005
170.2995565540008,5.0,0.4257506139131717,-0.0012745403374959275
170.38031038950666,5.0,0.4257506139131717,-0.0013458972584313865
170.46344296212467,5.0,0.4257506139131717,-0.0013855428769670801
170.54850691388782,5.0,0.4257506139131717,-0.0014177325293859076
170.63428662044728,5.0,0.4257506139131717,-0.0014296617759911548
170.72181478565903,5.0,0.4257506139131717,-0.0014588027535292912
170.81024746851378,5.0,0.4257506139131717,-0.0014738780475789489
170.89997316875892,5.0,0.4257506139131717,-0.0014954283374187778
170.99041842685423,5.0,0.4257506139131717,-0.0015074209682554777
171.08306453650457,5.0,0.4257506139131717,-0.0015441018275057293
171.17633582556638,5.0,0.4257506139131717,-0.0015545214843637495
171.22730900045872,5.0,0.4257506139131717,-0.0008495529148724348
171.2748500118734,5.0,0.4257506139131717,-0.0007923501902447626
171.31868991987133,5.0,0.4257506139131717,-0.0007306651332985528
171.35894503024977,5.0,0.4257506139131717,-0.0006709185063071252
171.39549877114445,5.0,0.4257506139131717,-0.0006092290149114668
171.42916348370682,5.0,0.4257506139131717,-0.0005610785427059767
171.46072564124475,5.0,0.4257506139131717,-0.0005260359589653492
171.4899285572781,5.0,0.4257506139131717,-0.0004867152672223237
171.51786697903577,5.0,0.4257506139131717,-0.00046564036262810167
171.54381257811625,5.0,0.4257506139131717,-0.0004324266513413684
171.5689745656003,5.0,0.4257506139131717,-0.0004193664580676876
171.5923571682432,5.0,0.4257506139131717,-0.0003897100440483708
171.616503235134,5.0,0.4257506139131717,-0.0004024344481794848
171.6440800774717,5.0,0.4257506139131717,-0.00045961403896165097
171.6731620638462,5.0,0.4257506139131717,-0.0004846997729082637
171.70818428761172,5.0,0.4257506139131717,-0.0005837037294253412
171.7456891474186,5.0,0.4257506139131717,-0.0006250809967814622
171.78837024133907,5.0,0.4257506139131717,-0.0007113515653412853
171.83368314652532,5.0,0.4257506139131717,-0.0007552150864375808
171.8835244009074,5.0,0.4257506139131717,-0.0008306875730345107
171.93607672347505,5.0,0.4257506139131717,-0.0008758720427941701
171.992610774847,5.0,0.4257506139131717,-0.0009422341895325687
172.05200881040952,5.0,0.4257506139131717,-0.0009899672593753149
172.11374630038088,5.0,0.4257506139131717,-0.0010289581661892633
172.1765796945415,5.0,0.4257506139131717,-0.0010472232360100643
172.23839275442643,5.0,0.4257506139131717,-0.0010302176647491526
172.29522968559598,5.0,0.4257506139131717,-0.0009472821861590624
172.34085603581374,5.0,0.4257506139131717,-0.0007604391702961376
172.3599458713207,5.0,0.4257506139131717,-0.0003181639251156032
172.37937718408443,5.0,0.4257506139131717,-0.0003238552127292521
172.40396553372042,5.0,0.4257506139131717,-0.0004098058272665932
172.42987635299642,5.0,0.4257506139131717,-0.0004318469879330953
172.4582340372978,5.0,0.4257506139131717,-0.00047262807169002127
172.4895755873855,5.0,0.4257506139131717,-0.0005223591681280946
172.53427268355392,5.0,0.4257506139131717,-0.0007449516028070437
172.58738839004468,5.0,0.4257506139131717,-0.0008852617748459257
172.65231656203554,5.0,0.4257506139131717,-0.001082136199847555
172.72140486513575,5.0,0.4257506139131717,-0.0011514717183367677
172.79646055114597,5.0,0.4257506139131717,-0.0012509281001704899
172.87409540514483,5.0,0.4257506139131717,-0.0012939142333142316
172.95574314174578,5.0,0.4257506139131717,-0.0013607956100158856
173.0385914699916,5.0,0.4257506139131717,-0.001380805470763557
173.12327342911388,5.0,0.4257506139131717,-0.0014113659853717709
173.20861105909816,5.0,0.4257506139131717,-0.0014222938330711464
173.29553479011628,5.0,0.4257506139131717,-0.0014487288503019851
173.3830406857876,5.0,0.4257506139131717,-0.0014584315945217695
173.47332459771013,5.0,0.4257506139131717,-0.0015047318653758914
173.5627186028526,5.0,0.4257506139131717,-0.0014899000857079474
173.60763462351528,5.0,0.4257506139131717,-0.0007486003443778292
173.65160466883142,5.0,0.4257506139131717,-0.0007328340886021981
173.69028265853635,5.0,0.4257506139131717,-0.0006446331617486914
173.7274233736019,5.0,0.4257506139131717,-0.0006190119177594291
173.76132830551538,5.0,0.4257506139131717,-0.0005650821985576572
173.7932687353591,5.0,0.4257506139131717,-0.0005323404973957018
173.82351454435613,5.0,0.4257506139131717,-0.0005040968166169296
173.8518248224421,5.0,0.4257506139131717,-0.00047183796809928565
173.8790705445377,5.0,0.4257506139131717,-0.0004540953682600534
173.9046678290448,5.0,0.4257506139131717,-0.00042662140845137024
173.9297054355609,5.0,0.4257506139131717,-0.00041729344193506727
173.95318937719495,5.0,0.4257506139131717,-0.00039139902723409525
173.9778053107011,5.0,0.4257506139131717,-0.0004102655584356828
174.00158421129927,5.0,0.4257506139131717,-0.0003963150099696745
174.02553494129904,5.0,0.4257506139131717,-0.00039917883332933867
174.05490516726414,5.0,0.4257506139131717,-0.0004895037660849582
174.0863628129144,5.0,0.4257506139131717,-0.0005242940941709383
174.12264587644808,5.0,0.4257506139131717,-0.0006047177255613767
174.1611797221847,5.0,0.4257506139131717,-0.0006422307622771188
174.2038561797069,5.0,0.4257506139131717,-0.0007112742920364415
174.2490297297077,5.0,0.4257506139131717,-0.0007528925000136271
174.29780999942372,5.0,0.4257506139131717,-0.0008130044952669922
174.34914653061531,5.0,0.4257506139131717,-0.0008556088531933073
174.40258763948069,5.0,0.4257506139131717,-0.0008906851477562996
174.45713927823775,5.0,0.4257506139131717,-0.000909193979284359
174.5108164825716,5.0,0.4257506139131717,-0.0008946200722311097
174.55961955236495,5.0,0.4257506139131717,-0.0008133844965557364
174.59867293552404,5.0,0.4257506139131717,-0.0006508897193179479
174.6175058335276,5.0,0.4257506139131717,-0.0003138816333924569
174.63659976712083,5.0,0.4257506139131717,-0.00031823222655413407
174.65912733622795,5.0,0.4257506139131717,-0.00037545948511894976
174.68396945838472,5.0,0.4257506139131717,-0.0004140353692794452
174.71619384138214,5.0,0.4257506139131717,-0.0005370730499570216
174.75364250413267,5.0,0.4257506139131717,-0.000624144379175715
174.80269078916695,5.0,0.4257506139131717,-0.0008174714172379305
174.86130911159853,5.0,0.4257506139131717,-0.0009769720405264375
174.9312840289229,5.0,0.4257506139131717,-0.0011662486220730256
175.00598973364922,5.0,0.4257506139131717,-0.0012450950787720313
175.08723700013707,5.0,0.4257506139131717,-0.0013541211081309957
175.17075843510474,5.0,0.4257506139131717,-0.0013920239161281478
175.25878340377662,5.0,0.4257506139131717,-0.0014670828111980514
175.34848028592813,5.0,0.4257506139131717,-0.0014949480358587837
175.44007615233488,5.0,0.4257506139131717,-0.0015265977734460364
175.53267792817797,5.0,0.4257506139131717,-0.0015433629307181113
175.62713075149404,5.0,0.4257506139131717,-0.0015742137219342523
175.722199184648,5.0,0.4257506139131717,-0.0015844738858990194
175.81907976734587,5.0,0.4257506139131717,-0.001614676378297797
175.91463652645444,5.0,0.4257506139131717,-0.0015926126518093732
175.9627967713934,5.0,0.4257506139131717,-0.0008026707489830263
176.00924759657724,5.0,0.4257506139131717,-0.0007741804197302636
176.05083656389195,5.0,0.4257506139131717,-0.0006931494552452464
176.0888006975789,5.0,0.4257506139131717,-0.0006327355614491204
176.12304591434025,5.0,0.4257506139131717,-0.0005707536126892208
176.15408668643053,5.0,0.4257506139131717,-0.0005173462015046426
176.1828575603905,5.0,0.4257506139131717,-0.00047951456599934397
176.20922884643156,5.0,0.4257506139131717,-0.00043952143401789135
176.23431912032538,5.0,0.4257506139131717,-0.0004181712315638606
176.2575693825553,5.0,0.4257506139131717,-0.00038750437049841585
176.2803608521364,5.0,0.4257506139131717,-0.00037985782635199653
176.3048466293158,5.0,0.4257506139131717,-0.0004080962863231864
176.3275877630079,5.0,0.4257506139131717,-0.0003790188948682688
176.35491036388152,5.0,0.4257506139131717,-0.0004553766812270672
176.38330396740605,5.0,0.4257506139131717,-0.0004732267254090829
176.41707291333657,5.0,0.4257506139131717,-0.0005628157655087183
176.45322214887108,5.0,0.4257506139131717,-0.0006024872589087206
176.49463439639214,5.0,0.4257506139131717,-0.0006902041253510764
176.5389644605291,5.0,0.4257506139131717,-0.0007388344022824074
176.5885075263509,5.0,0.4257506139131717,-0.0008257177636970081
176.6416982543815,5.0,0.4257506139131717,-0.0008865121338437231
176.69965641437463,5.0,0.4257506139131717,-0.0009659693332187914
176.76137412405058,5.0,0.4257506139131717,-0.001028628494599275
176.82586954422146,5.0,0.4257506139131717,-0.0010749236695148862
176.89173956470395,5.0,0.4257506139131717,-0.0010978336747084411
176.95574949144142,5.0,0.4257506139131717,-0.0010668321122910818
177.0132067093687,5.0,0.4257506139131717,-0.0009576202987875445
177.0580547757004,5.0,0.4257506139131717,-0.0007474677721952919
177.07563716696896,5.0,0.4257506139131717,-0.0002930398544755789
177.0943679360609,5.0,0.4257506139131717,-0.0003121794848659007
177.11952219710818,5.0,0.4257506139131717,-0.0004192376841213584
177.14834059243572,5.0,0.4257506139131717,-0.00048030658879228387
177.18746806002127,5.0,0.4257506139131717,-0.0006521244597594706
177.23287405587104,5.0,0.4257506139131717,-0.0007567665974961065
177.29195920125434,5.0,0.4257506139131717,-0.000984752423055103
177.356238586419,5.0,0.4257506139131717,-0.0010713230860779673
177.42805101154556,5.0,0.4257506139131717,-0.0011968737521091146
177.50374234524884,5.0,0.4257506139131717,-0.001261522228387972
177.58379705881453,5.0,0.4257506139131717,-0.0013342452260949919
177.66634659727194,5.0,0.4257506139131717,-0.001375825640956943
177.75153229693623,5.0,0.4257506139131717,-0.001419761661071541
177.83780103069873,5.0,0.4257506139131717,-0.0014378122293747355
177.92656578214545,5.0,0.4257506139131717,-0.0014794125241121272
178.0166979537914,5.0,0.4257506139131717,-0.0015022028607661587
178.10865793820344,5.0,0.4257506139131717,-0.0015326664068671847
178.20165611597253,5.0,0.4257506139131717,-0.0015499696294848108
178.29777998537506,5.0,0.4257506139131717,-0.0016020644900421066
178.39481640144794,5.0,0.4257506139131717,-0.0016172736012147332
178.44982341126655,5.0,0.4257506139131717,-0.0009167834969766679
178.50015394093492,5.0,0.4257506139131717,-0.0008388421611396393
178.545773907442,5.0,0.4257506139131717,-0.0007603327751180021
178.58722451242377,5.0,0.4257506139131717,-0.0006908434163627053
178.6246491613197,5.0,0.4257506139131717,-0.0006237441482654745
178.65868639345152,5.0,0.4257506139131717,-0.0005672872021968459
178.6902788094013,5.0,0.4257506139131717,-0.0005265402658295014
178.7191033703506,5.0,0.4257506139131717,-0.0004804093491554516
178.74640870998007,5.0,0.4257506139131717,-0.0004550889938245349
178.77151434284983,5.0,0.4257506139131717,-0.0004184272144960168
178.7957236698994,5.0,0.4257506139131717,-0.0004034887841594429
178.82195797750003,5.0,0.4257506139131717,-0.000437238460010914
178.8482781901611,5.0,0.4257506139131717,-0.0004386702110174714
178.88127893672532,5.0,0.4257506139131717,-0.0005500124427369233
178.91661779208002,5.0,0.4257506139131717,-0.0005889809225780213
178.9574731192382,5.0,0.4257506139131717,-0.0006809221193029632
179.00037253756025,5.0,0.4257506139131717,-0.0007149903053675975
179.04774739055563,5.0,0.4257506139131717,-0.000789580883256089
179.0970475625475,5.0,0.4257506139131717,-0.0008216695331976438
179.15035427854016,5.0,0.4257506139131717,-0.00088844526654467
179.20590018945404,5.0,0.4257506139131717,-0.000925765181898095
179.26499854565122,5.0,0.4257506139131717,-0.000984972603286529
179.32662740963073,5.0,0.4257506139131717,-0.0010271477329920223
179.39054453745263,5.0,0.4257506139131717,-0.0010652854636980676
179.45560324097906,5.0,0.4257506139131717,-0.0010843117254404602
179.51903302621236,5.0,0.4257506139131717,-0.0010571630872216534
179.57657150991105,5.0,0.4257506139131717,-0.0009589747283114592
179.62188155052044,5.0,0.4257506139131717,-0.0007551673434900136
179.63988453657555,5.0,0.4257506139131717,-0.0003000497675850904
179.6587732386788,5.0,0.4257506139131717,-0.00031481170172111494
179.68422690277723,5.0,0.4257506139131717,-0.0004242277349737071
179.71346172746843,5.0,0.4257506139131717,-0.00048724707818653483
179.75288657872173,5.0,0.4257506139131717,-0.000657080854221531
179.79866346669394,5.0,0.4257506139131717,-0.0007629481328701587
179.8568570659307,5.0,0.4257506139131717,-0.0009698933206126963
179.91981450104012,5.0,0.4257506139131717,-0.0010492905851568833
179.99125855186114,5.0,0.4257506139131717,-0.0011907341803501365
180.06705971895371,5.0,0.4257506139131717,-0.001263352784876539
180.14690809573764,5.0,0.4257506139131717,-0.0013308062797320033
180.22915822478527,5.0,0.4257506139131717,-0.0013708354841269611
180.31425974598778,5.0,0.4257506139131717,-0.0014183586867087085
180.40069364378886,5.0,0.4257506139131717,-0.0014405649633512036
180.48870216628276,5.0,0.4257506139131717,-0.0014668087082317408
180.57724873304232,5.0,0.4257506139131717,-0.0014757761126593793
180.66729160653446,5.0,0.4257506139131717,-0.0015007145582021189
180.75779952381993,5.0,0.4257506139131717,-0.0015084652880911903
180.84878973750918,5.0,0.4257506139131717,-0.0015165035614873124
180.9388612340592,5.0,0.4257506139131717,-0.0015011916091673034
180.98478701993338,5.0,0.4257506139131717,-0.0007654297645695262
181.02735153775603,5.0,0.4257506139131717,-0.0007094086303773541
181.06702579107986,5.0,0.4257506139131717,-0.0006612375553969706
181.104863359766,5.0,0.4257506139131717,-0.000630626144769246
181.1400991837587,5.0,0.4257506139131717,-0.000587263733211731
181.17356092639582,5.0,0.4257506139131717,-0.0005576957106187689
181.20516035183596,5.0,0.4257506139131717,-0.0005266570906689632
181.23466254831018,5.0,0.4257506139131717,-0.0004917032745706381
181.26284062345627,5.0,0.4257506139131717,-0.0004696345857680801
181.28915300878435,5.0,0.4257506139131717,-0.00043853975546786274
181.31474074785595,5.0,0.4257506139131717,-0.00042646231785979075
181.33861844724922,5.0,0.4257506139131717,-0.0003979616565542368
181.3634909918495,5.0,0.4257506139131717,-0.00041454241000429793
181.38760438354456,5.0,0.4257506139131717,-0.0004018898615843817
181.41224057442358,5.0,0.4257506139131717,-0.0004106031813172665
181.44287080455902,5.0,0.4257506139131717,-0.0005105038355907279
181.47630189018528,5.0,0.4257506139131717,-0.0005571847604374898
181.51528874618614,5.0,0.4257506139131717,-0.0006497809333477452
181.55746490047042,5.0,0.4257506139131717,-0.0007029359047379548
181.6047624659213,5.0,0.4257506139131717,-0.0007882927575149977
181.65552176101116,5.0,0.4257506139131717,-0.0008459882514975592
181.71093169282526,5.0,0.4257506139131717,-0.0009234988635680886
181.76972286872825,5.0,0.4257506139131717,-0.0009798529317166557
181.83129302875187,5.0,0.4257506139131717,-0.0010261693337268512
181.8943717554278,5.0,0.4257506139131717,-0.0010513121112654632
181.95551179079354,5.0,0.4257506139131717,-0.001019000589428566
182.0109043536642,5.0,0.4257506139131717,-0.0009232093811775026
182.05394553976373,5.0,0.4257506139131717,-0.0007173531016591374
182.07120424165515,5.0,0.4257506139131717,-0.0002876450315234889
182.0902893881021,5.0,0.4257506139131717,-0.00031808577411543773
182.11545291051405,5.0,0.4257506139131717,-0.00041939204019929126
182.14436103005323,5.0,0.4257506139131717,-0.00048180199231961853
182.18375796091,5.0,0.4257506139131717,-0.0006566155142790645
182.2301598403232,5.0,0.4257506139131717,-0.000773364656887214
182.29006984898237,5.0,0.4257506139131717,-0.0009985001443194549
182.35543563684237,5.0,0.4257506139131717,-0.0010894297976665672
182.42849633826052,5.0,0.4257506139131717,-0.0012176783569688297
182.50529949306676,5.0,0.4257506139131717,-0.0012800525801042004
182.58611519889772,5.0,0.4257506139131717,-0.0013469284305159999
182.66967697802977,5.0,0.4257506139131717,-0.0013926963188676362
182.7554932440491,5.0,0.4257506139131717,-0.0014302711003218445
182.8424532775283,5.0,0.4257506139131717,-0.0014493338913200778
182.9316088337146,5.0,0.4257506139131717,-0.0014859259364379926
183.02185467534702,5.0,0.4257506139131717,-0.001504097360540474
183.11365926967161,5.0,0.4257506139131717,-0.001530076572076441
183.20647232082325,5.0,0.4257506139131717,-0.0015468841858604838
183.30156047825653,5.0,0.4257506139131717,-0.0015848026238882466
183.3972550381041,5.0,0.4257506139131717,-0.0015949093307928454
183.44754005859158,5.0,0.4257506139131717,-0.0008380836747911064
183.49523311947112,5.0,0.4257506139131717,-0.0007948843479924645
183.53729353093823,5.0,0.4257506139131717,-0.0007010068577848592
183.57674844770656,5.0,0.4257506139131717,-0.0006575819461388191
183.6122291658166,5.0,0.4257506139131717,-0.0005913453018336438
183.644758348135,5.0,0.4257506139131717,-0.0005421530386405859
183.67511516282542,5.0,0.4257506139131717,-0.0005059469115066998
183.70314045316474,5.0,0.4257506139131717,-0.00046708817232193737
183.72986956822405,5.0,0.4257506139131717,-0.0004454852509885966
183.75479178908355,5.0,0.4257506139131717,-0.0004153703476584141
183.7790760597125,5.0,0.4257506139131717,-0.00040473784381605995
183.8018738108492,5.0,0.4257506139131717,-0.00037996251894479633
183.82572317145704,5.0,0.4257506139131717,-0.00039748934346391844
183.85004456570266,5.0,0.4257506139131717,-0.00040535657076013875
183.8742176865674,5.0,0.4257506139131717,-0.0004028853477456825
183.9031559505816,5.0,0.4257506139131717,-0.0004823044002370854
183.93341759621183,5.0,0.4257506139131717,-0.0005043607605038139
183.9676367566456,5.0,0.4257506139131717,-0.000570319340562593
184.00319916094452,5.0,0.4257506139131717,-0.0005927067383153804
184.0421547097669,5.0,0.4257506139131717,-0.0006492591470394625
184.08282482246278,5.0,0.4257506139131717,-0.0006778352115984214
184.12640291994833,5.0,0.4257506139131717,-0.0007263016247590718
184.17183793776266,5.0,0.4257506139131717,-0.0007572502969054707
184.21902342747254,5.0,0.4257506139131717,-0.0007864248284977886
184.26696598267702,5.0,0.4257506139131717,-0.0007990425867414067
184.31251788385075,5.0,0.4257506139131717,-0.000759198352895352
184.35329855493873,5.0,0.4257506139131717,-0.0006796778514663543
184.38076638820942,5.0,0.4257506139131717,-0.0004577972211784111
184.397447463755,5.0,0.4257506139131717,-0.000278017925759406
184.419329152307,5.0,0.4257506139131717,-0.0003646948092003811
184.44468289835257,5.0,0.4257506139131717,-0.00042256243409286536
184.4730456110162,5.0,0.4257506139131717,-0.0004727118777271944
184.50788429393995,5.0,0.4257506139131717,-0.0005806447153959701
184.5451283034509,5.0,0.4257506139131717,-0.0006207334918491712
184.58967648790525,5.0,0.4257506139131717,-0.0007424697409059584
184.63733571504653,5.0,0.4257506139131717,-0.0007943204523548189
184.69280576185204,5.0,0.4257506139131717,-0.0009245007800919233
184.7496533775392,5.0,0.4257506139131717,-0.0009474602614528129
184.8100410154161,5.0,0.4257506139131717,-0.0010064606312812857
184.8690888139685,5.0,0.4257506139131717,-0.0009841299758730976
184.93317013353072,5.0,0.4257506139131717,-0.001068021992703672
184.993859660158,5.0,0.4257506139131717,-0.0010114921104543931
185.06121178650946,5.0,0.4257506139131717,-0.0011225354391910312
185.12907573499388,5.0,0.4257506139131717,-0.0011310658080735249
185.1983060682853,5.0,0.4257506139131717,-0.001153838888190036
185.2628837788205,5.0,0.4257506139131717,-0.0010762951755868212
185.3294831516901,5.0,0.4257506139131717,-0.0011099895478268423
185.38665579675134,5.0,0.4257506139131717,-0.000952877417687103
185.41024871506824,5.0,0.4257506139131717,-0.00039321530528177803
185.4345401337705,5.0,0.4257506139131717,-0.00040485697837088554
185.4568000555749,5.0,0.4257506139131717,-0.0003709986967400115
185.47838935004788,5.0,0.4257506139131717,-0.00035982157454974916
185.50190754499639,5.0,0.4257506139131717,-0.0003919699158086594
185.52888949183844,5.0,0.4257506139131717,-0.00044969911403436834
185.55796978431007,5.0,0.4257506139131717,-0.00048467154119373544
185.59027168750865,5.0,0.4257506139131717,-0.0005383650533096449
185.62375539073685,5.0,0.4257506139131717,-0.0005580617204700434
185.66034357573076,5.0,0.4257506139131717,-0.0006098030832321163
185.69739099264132,5.0,0.4257506139131717,-0.0006174569485094186
185.73733398935138,5.0,0.4257506139131717,-0.0006657166118346836
185.77552842428088,5.0,0.4257506139131717,-0.0006365739154917141
185.81712674976018,5.0,0.4257506139131717,-0.000693305424655181
185.85829185881929,5.0,0.4257506139131717,-0.0006860851509852789
185.90243401516958,5.0,0.4257506139131717,-0.0007357026058380091
185.94637631091194,5.0,0.4257506139131717,-0.0007323715957061542
185.99282955963326,5.0,0.4257506139131717,-0.000774220812022013
186.03946245170468,5.0,0.4257506139131717,-0.0007772148678568735
186.0882384345048,5.0,0.4257506139131717,-0.000812933046668607
186.13763333760855,5.0,0.4257506139131717,-0.000823248385062514
186.1887600886251,5.0,0.4257506139131717,-0.000852112516942437
186.24074211710985,5.0,0.4257506139131717,-0.0008663671414126425
186.29379238101777,5.0,0.4257506139131717,-0.0008841710651321036
186.34731927109715,5.0,0.4257506139131717,-0.0008921148346565771
186.3993188360331,5.0,0.4257506139131717,-0.0008666594155992046
186.44623936346923,5.0,0.4257506139131717,-0.000782008790601926
186.48180905799404,5.0,0.4257506139131717,-0.0005928282420802671
186.49976852284766,5.0,0.4257506139131717,-0.0002993244142268736
186.5193695399764,5.0,0.4257506139131717,-0.0003266836188122042
186.54213470839687,5.0,0.4257506139131717,-0.00037941947367481203
186.56608944067148,5.0,0.4257506139131717,-0.0003992455379101947
186.59503886624697,5.0,0.4257506139131717,-0.0004824904262580767
186.6262248880477,5.0,0.4257506139131717,-0.0005197670300119959
186.66174810654422,5.0,0.4257506139131717,-0.0005920536416089846
186.6975974759276,5.0,0.4257506139131717,-0.0005974894897230306
186.74058034252008,5.0,0.4257506139131717,-0.0007163811098746295
186.78908643114028,5.0,0.4257506139131717,-0.0008084348103365569
186.84746967844427,5.0,0.4257506139131717,-0.0009730541217334436
186.9084116881136,5.0,0.4257506139131717,-0.0010157001611553775
186.97943179447574,5.0,0.4257506139131717,-0.0011836684393688318
187.0541283304072,5.0,0.4257506139131717,-0.0012449422655243785
187.13359695059376,5.0,0.4257506139131717,-0.0013244770031093707
187.21410142432342,5.0,0.4257506139131717,-0.0013417412288276435
187.2970501417322,5.0,0.4257506139131717,-0.0013824786234797907
187.38063568260537,5.0,0.4257506139131717,-0.001393092347886107
187.4655842811489,5.0,0.4257506139131717,-0.0014158099757254257
187.54789257087504,5.0,0.4257506139131717,-0.0013718048287690368
187.58064537228984,5.0,0.4257506139131717,-0.0005458800235802328
187.61604857537708,5.0,0.4257506139131717,-0.0005900533847872466
187.6476323302679,5.0,0.4257506139131717,-0.000526395914847134
187.67788271684157,5.0,0.4257506139131717,-0.0005041731095611529
187.70643581466138,5.0,0.4257506139131717,-0.00047588496366361905
187.73337642591346,5.0,0.4257506139131717,-0.00044901018753457225
187.75933805929807,5.0,0.4257506139131717,-0.0004326938897433801
187.78384826318552,5.0,0.4257506139131717,-0.00040850339812430333
187.80784244639875,5.0,0.4257506139131717,-0.0003999030535537194
187.83064180427903,5.0,0.4257506139131717,-0.0003799892980045438
187.85334275681754,5.0,0.4257506139131717,-0.0003783492089753385
187.87491121091077,5.0,0.4257506139131717,-0.0003594742348872045
187.89819939296672,5.0,0.4257506139131717,-0.0003881363675991324
187.91955790207518,5.0,0.4257506139131717,-0.00035597515180777096
187.94178479738156,5.0,0.4257506139131717,-0.0003704482551063611
187.96317369445887,5.0,0.4257506139131717,-0.00035648161795507314
187.98460259202457,5.0,0.4257506139131717,-0.0003571482927617303
188.00838590746142,5.0,0.4257506139131717,-0.0003963885906141491
188.0326145853933,5.0,0.4257506139131717,-0.00040381129886500936
188.05941263015075,5.0,0.4257506139131717,-0.00044663407929047214
188.08710347611125,5.0,0.4257506139131717,-0.00046151409934163984
188.11669122531336,5.0,0.4257506139131717,-0.0004931291533686932
188.14744725869448,5.0,0.4257506139131717,-0.0005126005563521124
188.179709570309,5.0,0.4257506139131717,-0.0005377051935751717
188.21305651967614,5.0,0.4257506139131717,-0.0005557824894523148
188.24562690898375,5.0,0.4257506139131717,-0.0005428398217934136
188.27646711701942,5.0,0.4257506139131717,-0.0005140034672612554
188.29923907226083,5.0,0.4257506139131717,-0.00037953258735699396
188.31930852331024,5.0,0.4257506139131717,-0.00033449085082343585
188.34528470658944,5.0,0.4257506139131717,-0.00043293638798686576
188.3756990732769,5.0,0.4257506139131717,-0.0005069061114576928
188.40868485867853,5.0,0.4257506139131717,-0.000549763090027127
188.4499458286825,5.0,0.4257506139131717,-0.0006876828333997054
188.49605620659435,5.0,0.4257506139131717,-0.0007685062985305518
188.55135796398736,5.0,0.4257506139131717,-0.0009216959565501475
188.60442759174595,5.0,0.4257506139131717,-0.0008844937959766648
188.66041251495625,5.0,0.4257506139131717,-0.0009330820535048624
188.71325793370286,5.0,0.4257506139131717,-0.0008807569791101506
188.77123352748796,5.0,0.4257506139131717,-0.0009662598964185129
188.83250829526852,5.0,0.4257506139131717,-0.00102124612967594
188.90396770637454,5.0,0.4257506139131717,-0.0011909901851003208
188.97979661180148,5.0,0.4257506139131717,-0.0012638150904486652
189.0612537223826,5.0,0.4257506139131717,-0.0013576185096850662
189.14413582511867,5.0,0.4257506139131717,-0.0013813683789346647
189.22899699459597,5.0,0.4257506139131717,-0.0014143528246215761
189.31325931344298,5.0,0.4257506139131717,-0.0014043719807832831
189.39977311791097,5.0,0.4257506139131717,-0.0014418967411329706
189.4833097498427,5.0,0.4257506139131717,-0.0013922771988621279
189.51669669101238,5.0,0.4257506139131717,-0.0005564490194945916
189.55320800973263,5.0,0.4257506139131717,-0.0006085219786706542
189.58536320575115,5.0,0.4257506139131717,-0.0005359199336422658
189.61651256843663,5.0,0.4257506139131717,-0.0005191560447579764
189.6455351264789,5.0,0.4257506139131717,-0.0004837093007045558
189.67296018873185,5.0,0.4257506139131717,-0.0004570843708823357
189.6991871153916,5.0,0.4257506139131717,-0.00043711544432886175
189.72395431394636,5.0,0.4257506139131717,-0.00041278664257969426
189.7480547790766,5.0,0.4257506139131717,-0.00040167441883718117
189.77075665569336,5.0,0.4257506139131717,-0.0003783646102795983
189.79390766971997,5.0,0.4257506139131717,-0.00038585023377698445
189.82181868638276,5.0,0.4257506139131717,-0.0004651836110465692
189.84910468595749,5.0,0.4257506139131717,-0.00045476665957869716
189.8820535480044,5.0,0.4257506139131717,-0.0005491477007818939
189.9163384869237,5.0,0.4257506139131717,-0.0005714156486554396
189.95524403169816,5.0,0.4257506139131717,-0.0006484257462406501
189.99538963077893,5.0,0.4257506139131717,-0.0006690933180127462
190.0393567486886,5.0,0.4257506139131717,-0.0007327852984942654
190.0846607873773,5.0,0.4257506139131717,-0.000755067311478295
190.13308529329916,5.0,0.4257506139131717,-0.0008070750986977622
190.18295686349887,5.0,0.4257506139131717,-0.0008311928366616719
190.2355532789368,5.0,0.4257506139131717,-0.0008766069239653863
190.2897825697855,5.0,0.4257506139131717,-0.0009038215141447863
190.3454580637368,5.0,0.4257506139131717,-0.0009279248991880771
190.40181332775845,5.0,0.4257506139131717,-0.0009392544003609703
190.45633914965975,5.0,0.4257506139131717,-0.0009087636983552769
190.505338739539,5.0,0.4257506139131717,-0.0008166598313208082
190.54172477564222,5.0,0.4257506139131717,-0.00060643393505338
190.55853156613063,5.0,0.4257506139131717,-0.00028011317480679157
190.5803707417788,5.0,0.4257506139131717,-0.00036398626080281327
190.6083920837898,5.0,0.4257506139131717,-0.000467022366849702
190.64047751846743,5.0,0.4257506139131717,-0.0005347572446271005
190.6824661028195,5.0,0.4257506139131717,-0.0006998097392011132
190.73034968325226,5.0,0.4257506139131717,-0.0007980596738796113
190.79045237143035,5.0,0.4257506139131717,-0.001001711469634944
190.8560835462974,5.0,0.4257506139131717,-0.0010938529144511506
190.93017458728272,5.0,0.4257506139131717,-0.0012348506830886943
191.0090259147031,5.0,0.4257506139131717,-0.0013141887903397914
191.09245980653245,5.0,0.4257506139131717,-0.0013905648638222964
191.17836726925748,5.0,0.4257506139131717,-0.0014317910454173153
191.26767203246092,5.0,0.4257506139131717,-0.0014884127200575266
191.3579854928098,5.0,0.4257506139131717,-0.0015052243391480943
191.45046159890282,5.0,0.4257506139131717,-0.0015412684348834096
191.54369464076734,5.0,0.4257506139131717,-0.0015538840310753614
191.6381916310776,5.0,0.4257506139131717,-0.0015749498385044533
191.73330946871076,5.0,0.4257506139131717,-0.0015852972938857563
191.83050714735907,5.0,0.4257506139131717,-0.0016199613108053277
191.92649181361412,5.0,0.4257506139131717,-0.0015997444375841867
191.97360177581285,5.0,0.4257506139131717,-0.0007851660366453016
192.0184942748157,5.0,0.4257506139131717,-0.0007482083167144434
192.0574279323116,5.0,0.4257506139131717,-0.0006488942915983284
192.09390311004375,5.0,0.4257506139131717,-0.0006079196288692618
192.1271302930821,5.0,0.4257506139131717,-0.000553786383972381
192.1579239830909,5.0,0.4257506139131717,-0.0005132281668133808
192.18686360356244,5.0,0.4257506139131717,-0.00048232700785874887
192.21378122542524,5.0,0.4257506139131717,-0.00044862703104651345
192.23960041264525,5.0,0.4257506139131717,-0.0004303197870002553
192.26369462173193,5.0,0.4257506139131717,-0.0004015701514445463
192.28719554492727,5.0,0.4257506139131717,-0.0003916820532559203
192.31401386762803,5.0,0.4257506139131717,-0.0004469720450127013
192.34060828595562,5.0,0.4257506139131717,-0.0004432403054599743
192.37373367203722,5.0,0.4257506139131717,-0.000552089768026623
192.4090727568601,5.0,0.4257506139131717,-0.0005889847470482169
192.44993094856028,5.0,0.4257506139131717,-0.0006809698616695461
192.49300272433857,5.0,0.4257506139131717,-0.000717862929638019
192.54098138079337,5.0,0.4257506139131717,-0.0007996442742466962
192.59136310496726,5.0,0.4257506139131717,-0.0008396954028982854
192.64610808893158,5.0,0.4257506139131717,-0.0009124163994053637
192.7035381376626,5.0,0.4257506139131717,-0.0009571674788505358
192.7648511746662,5.0,0.4257506139131717,-0.0010218839500602123
192.82897226501257,5.0,0.4257506139131717,-0.0010686848391060096
192.8955531831524,5.0,0.4257506139131717,-0.0011096819689970364
192.96359873944823,5.0,0.4257506139131717,-0.0011340926049304252
193.02959328291158,5.0,0.4257506139131717,-0.0010999090577222196
193.0908735291315,5.0,0.4257506139131717,-0.0010213374369988312
193.13900344633348,5.0,0.4257506139131717,-0.0008021652866994058
193.15900110435769,5.0,0.4257506139131717,-0.0003332943004036619
193.17831092426957,5.0,0.4257506139131717,-0.00032183033186466563
193.20359713010183,5.0,0.4257506139131717,-0.0004214367638711277
193.23316696859067,5.0,0.4257506139131717,-0.0004928306414807314
193.273225251155,5.0,0.4257506139131717,-0.0006676380427386625
193.3199472440626,5.0,0.4257506139131717,-0.0007786998817932862
193.37906648918985,5.0,0.4257506139131717,-0.00098532075212103
193.4427824233197,5.0,0.4257506139131717,-0.0010619322354974074
193.51398210062226,5.0,0.4257506139131717,-0.0011866612883759712
193.58907210926466,5.0,0.4257506139131717,-0.0012515001440401622
193.67041501252197,5.0,0.4257506139131717,-0.0013557150542886601
193.75433433640083,5.0,0.4257506139131717,-0.0013986553979808474
193.84161661012973,5.0,0.4257506139131717,-0.001454704562148373
193.93055745559195,5.0,0.4257506139131717,-0.0014823474243704196
194.0214555511231,5.0,0.4257506139131717,-0.0015149682588523295
194.11299340730676,5.0,0.4257506139131717,-0.001525630936394253
194.20634051062973,5.0,0.4257506139131717,-0.0015557850553829943
194.29986942367438,5.0,0.4257506139131717,-0.0015588152174106592
194.39503734320934,5.0,0.4257506139131717,-0.0015861319922490869
194.48935254329848,5.0,0.4257506139131717,-0.001571920001485538
194.53691380003804,5.0,0.4257506139131717,-0.0007926876123257894
194.58454242514168,5.0,0.4257506139131717,-0.0007938104183939689
194.62617923405222,5.0,0.4257506139131717,-0.000693946815175465
194.66458158966356,5.0,0.4257506139131717,-0.0006400392601892
194.69928485838344,5.0,0.4257506139131717,-0.0005783878119981686
194.73105360004215,5.0,0.4257506139131717,-0.0005294790276450329
194.76065795936657,5.0,0.4257506139131717,-0.00049340598874026
194.7879106370197,5.0,0.4257506139131717,-0.0004542112942188959
194.81387639112887,5.0,0.4257506139131717,-0.0004327625684859468
194.83787015771804,5.0,0.4257506139131717,-0.0003998961098194222
194.86145425825097,5.0,0.4257506139131717,-0.0003930683422154435
194.88619216082978,5.0,0.4257506139131717,-0.0004122983763136655
194.90981581182922,5.0,0.4257506139131717,-0.00039372751665752635
194.9394870504097,5.0,0.4257506139131717,-0.0004945206430078988
194.97123389143334,5.0,0.4257506139131717,-0.0005291140170609068
195.0083883615089,5.0,0.4257506139131717,-0.000619241167926252
195.04776807335188,5.0,0.4257506139131717,-0.0006563285307162049
195.0920033962227,5.0,0.4257506139131717,-0.0007372553811804552
195.13854362965245,5.0,0.4257506139131717,-0.0007756705571622289
195.1891973507694,5.0,0.4257506139131717,-0.0008442286852826848
195.24221629227966,5.0,0.4257506139131717,-0.000883649025170902
195.298674686151,5.0,0.4257506139131717,-0.0009409732311888458
195.3574932281594,5.0,0.4257506139131717,-0.0009803090334732775
195.41895788042982,5.0,0.4257506139131717,-0.0010244108711736383
195.48237527916282,5.0,0.4257506139131717,-0.0010569566455503328
195.54563846452112,5.0,0.4257506139131717,-0.0010543864226382935
195.60794224017695,5.0,0.4257506139131717,-0.0010383962609306048
195.65901410436774,5.0,0.4257506139131717,-0.000851197736513354
195.68786192812715,5.0,0.4257506139131717,-0.0004807970626569955
195.70476591974483,5.0,0.4257506139131717,-0.00028173319362789437
195.72535397199397,5.0,0.4257506139131717,-0.00034313420415213176
195.74742461085012,5.0,0.4257506139131717,-0.00036784398093595895
195.77344909083885,5.0,0.4257506139131717,-0.00043374133314547574
195.79970337383543,5.0,0.4257506139131717,-0.00043757138327616665
195.82960095770105,5.0,0.4257506139131717,-0.0004982930644269021
195.85996224736172,5.0,0.4257506139131717,-0.0005060214943443538
195.8951637275154,5.0,0.4257506139131717,-0.000586691335894807
195.9331551810785,5.0,0.4257506139131717,-0.0006331908927180177
195.98104502272355,5.0,0.4257506139131717,-0.0007981640274176654
196.03333274487906,5.0,0.4257506139131717,-0.0008714620359252426
196.09942170959204,5.0,0.4257506139131717,-0.0011014827452161537
196.16845819536866,5.0,0.4257506139131717,-0.0011506080962767854
196.24537815792303,5.0,0.4257506139131717,-0.001281999375906352
196.32403968940034,5.0,0.4257506139131717,-0.0013110255246215794
196.40576381037354,5.0,0.4257506139131717,-0.0013620686828866467
196.486141180703,5.0,0.4257506139131717,-0.00133962283882394
196.56910354306189,5.0,0.4257506139131717,-0.0013827060393152041
196.64903936674793,5.0,0.4257506139131717,-0.0013322637281008604
196.6790538489608,5.0,0.4257506139131717,-0.0005002413702143071
196.71564040015267,5.0,0.4257506139131717,-0.0006097758531981074
196.77845814083645,5.0,0.4257506139131717,-0.0010469623447295093
196.80615250713436,5.0,0.4257506139131717,-0.0004615727716317279
196.83847413775777,5.0,0.4257506139131717,-0.000538693843723665
196.86613068446064,5.0,0.4257506139131717,-0.00046094244504777776
196.8931965738997,5.0,0.4257506139131717,-0.00045109815731785333
196.91840126756253,5.0,0.4257506139131717,-0.00042007822771395034
196.94296169500728,5.0,0.4257506139131717,-0.00040934045741248696
196.96624249667593,5.0,0.4257506139131717,-0.0003880133611441305
196.98927465472926,5.0,0.4257506139131717,-0.00038386930088873684
197.01112318132803,5.0,0.4257506139131717,-0.00036414210997967584
197.03444801204657,5.0,0.4257506139131717,-0.0003887471786423701
197.056193091913,5.0,0.4257506139131717,-0.00036241799777369664
197.07822914858463,5.0,0.4257506139131717,-0.0003672676111937135
197.10295729670605,5.0,0.4257506139131717,-0.00041213580202396314
197.1280908653272,5.0,0.4257506139131717,-0.00041889281035254524
197.15691772145536,5.0,0.4257506139131717,-0.0004804476021360386
197.1869763257817,5.0,0.4257506139131717,-0.0005009767387725935
197.22028045456508,5.0,0.4257506139131717,-0.0005550688130566268
197.2551981839563,5.0,0.4257506139131717,-0.0005819621565205311
197.29277090719813,5.0,0.4257506139131717,-0.0006262120540306111
197.33220330639037,5.0,0.4257506139131717,-0.0006572066532040203
197.37371978935863,5.0,0.4257506139131717,-0.0006919413828042221
197.41679466697087,5.0,0.4257506139131717,-0.0007179146268709205
197.4594573222878,5.0,0.4257506139131717,-0.0007110442552818449
197.4978546145066,5.0,0.4257506139131717,-0.0006399548703133858
197.5258663891074,5.0,0.4257506139131717,-0.00046686291001337294
197.54344159663745,5.0,0.4257506139131717,-0.00029292012550094303
197.56541239812415,5.0,0.4257506139131717,-0.0003661800247782555
197.5920328499197,5.0,0.4257506139131717,-0.0004436741965924685
197.6229770407874,5.0,0.4257506139131717,-0.0005157365144615035
197.6605244819454,5.0,0.4257506139131717,-0.0006257906859667889
197.70253359927062,5.0,0.4257506139131717,-0.0007001519554205092
197.754434430301,5.0,0.4257506139131717,-0.0008650138505058925
197.80805999819287,5.0,0.4257506139131717,-0.0008937594648649079
197.86805688683947,5.0,0.4257506139131717,-0.0009999481441097119
197.93153664123915,5.0,0.4257506139131717,-0.0010579959066613982
198.0066462046019,5.0,0.4257506139131717,-0.0012518260560461614
198.0840986584565,5.0,0.4257506139131717,-0.0012908742309097815
198.1687085406546,5.0,0.4257506139131717,-0.0014101647033016474
198.25531234488616,5.0,0.4257506139131717,-0.0014433967371929868
198.34275011744344,5.0,0.4257506139131717,-0.0014572962092878154
198.4285479301646,5.0,0.4257506139131717,-0.0014299635453527114
198.51827212084743,5.0,0.4257506139131717,-0.0014954031780473234
198.60723932260382,5.0,0.4257506139131717,-0.0014827866959398785
198.69724676201832,5.0,0.4257506139131717,-0.001500123990241986
198.78085998266127,5.0,0.4257506139131717,-0.001393553677382592
198.81187688090714,5.0,0.4257506139131717,-0.0005169483040976196
198.84607340085975,5.0,0.4257506139131717,-0.0005699419992102001
198.87483701216294,5.0,0.4257506139131717,-0.0004793935217199976
198.9021028859317,5.0,0.4257506139131717,-0.00045443122947905526
198.9273275081662,5.0,0.4257506139131717,-0.0004204103705750741
198.95179753041725,5.0,0.4257506139131717,-0.0004078337041840232
198.98064628486196,5.0,0.4257506139131717,-0.00048081257407850186
199.01602869728234,5.0,0.4257506139131717,-0.0005897068736729102
199.05551339473016,5.0,0.4257506139131717,-0.0006580782907968927
199.10064436964868,5.0,0.4257506139131717,-0.0007521829153087155
199.148473678659,5.0,0.4257506139131717,-0.0007971551501722346
199.20118799955858,5.0,0.4257506139131717,-0.0008785720149929338
199.25656330979135,5.0,0.4257506139131717,-0.0009229218372124687
199.31639937497812,5.0,0.4257506139131717,-0.00099726775311277
199.37708546257363,5.0,0.4257506139131717,-0.0010114347932584451
199.441838771875,5.0,0.4257506139131717,-0.0010792218216896408
199.50740813350458,5.0,0.4257506139131717,-0.0010928226938263538
199.5766302931382,5.0,0.4257506139131717,-0.0011537026605606276
199.64708677427026,5.0,0.4257506139131717,-0.0011742746855344594
199.7209986659044,5.0,0.4257506139131717,-0.0012318648605692173
199.79678715361527,5.0,0.4257506139131717,-0.0012631414618479507
199.87600889505626,5.0,0.4257506139131717,-0.001320362357349591
199.95785997932586,5.0,0.4257506139131717,-0.0013641847378266243
200.04291640550395,5.0,0.4257506139131717,-0.0014176071029682472
200.13096707270597,5.0,0.4257506139131717,-0.0014675111200336015
200.21978414005756,5.0,0.4257506139131717,-0.001480284455859949
200.30598053110685,5.0,0.4257506139131717,-0.0014366065174883983
200.3817922125399,5.0,0.4257506139131717,-0.0012635280238837536
200.4302265846957,5.0,0.4257506139131717,-0.0008072395359299855
200.4543947499227,5.0,0.4257506139131717,-0.00040280275378320443
200.47607523954343,5.0,0.4257506139131717,-0.00036134149367870116
200.5023434199414,5.0,0.4257506139131717,-0.00043780300663277577
200.53852935392516,5.0,0.4257506139131717,-0.0006030988997292487
200.58184488212027,5.0,0.4257506139131717,-0.0007219254699186401
200.63834182754502,5.0,0.4257506139131717,-0.0009416157570794136
200.70348261185694,5.0,0.4257506139131717,-0.0010856797385321503
200.78014745728322,5.0,0.4257506139131717,-0.0012777474237711409
200.8611993241712,5.0,0.4257506139131717,-0.0013508644481330366
200.95028966890095,5.0,0.4257506139131717,-0.0014848390788293495
201.0434738513682,5.0,0.4257506139131717,-0.001553069707787141
201.1412268901183,5.0,0.4257506139131717,-0.0016292173125021171
201.24062383705473,5.0,0.4257506139131717,-0.0016566157822738112
201.3424894098419,5.0,0.4257506139131717,-0.0016977595464530571
201.44422354846878,5.0,0.4257506139131717,-0.001695568977114681
201.5474706382386,5.0,0.4257506139131717,-0.0017207848294970441
201.64994038401008,5.0,0.4257506139131717,-0.0017078290961916264
201.75367381065175,5.0,0.4257506139131717,-0.0017288904440277983
201.85383237620448,5.0,0.4257506139131717,-0.001669309425878861
201.89724230946302,5.0,0.4257506139131717,-0.0007234988876425072
201.9396515218692,5.0,0.4257506139131717,-0.0007068202067697359
201.97504440647174,5.0,0.4257506139131717,-0.0005898814100425029
202.00668969484948,5.0,0.4257506139131717,-0.0005274214729625411
202.03471545974494,5.0,0.4257506139131717,-0.000467096081590901
202.05965284024893,5.0,0.4257506139131717,-0.0004156230083999746
202.08813457651976,5.0,0.4257506139131717,-0.0004746956045139222
202.12429568620846,5.0,0.4257506139131717,-0.0006026851614780753
202.1656898443452,5.0,0.4257506139131717,-0.0006899026356122275
202.21358198305168,5.0,0.4257506139131717,-0.0007982023117749016
202.26478711294888,5.0,0.4257506139131717,-0.0008534188316200117
202.32152398640866,5.0,0.4257506139131717,-0.000945614557663267
202.38259181430428,5.0,0.4257506139131717,-0.001017797131593521
202.4489453214661,5.0,0.4257506139131717,-0.0011058917860304772
202.51704113980077,5.0,0.4257506139131717,-0.001134930305577581
202.59013358424443,5.0,0.4257506139131717,-0.0012182074073943865
202.66523823290524,5.0,0.4257506139131717,-0.0012517441443466557
202.74486702232323,5.0,0.4257506139131717,-0.0013271464903000533
202.82679944040228,5.0,0.4257506139131717,-0.0013655403013172818
202.91283776302262,5.0,0.4257506139131717,-0.0014339720436722888
203.0012070377032,5.0,0.4257506139131717,-0.0014728212446765104
203.09331525518297,5.0,0.4257506139131717,-0.001535136957996026
203.18837436363077,5.0,0.4257506139131717,-0.0015843184741299102
203.28675694809115,5.0,0.4257506139131717,-0.0016397097410063078
203.38826907837313,5.0,0.4257506139131717,-0.0016918688380328168
203.4895931856097,5.0,0.4257506139131717,-0.001688735120609423
203.58677086669334,5.0,0.4257506139131717,-0.001619628018061004
203.67294547732305,5.0,0.4257506139131717,-0.001436243510495404
203.72977704034477,5.0,0.4257506139131717,-0.000947192717028814
203.75955419106472,5.0,0.4257506139131717,-0.0004962858453327055
203.77919701944572,5.0,0.4257506139131717,-0.0003273804730166938
203.80385778837714,5.0,0.4257506139131717,-0.00041101281552353904
203.83874675804532,5.0,0.4257506139131717,-0.0005814828278027044
203.8812913213307,5.0,0.4257506139131717,-0.0007090760547566684
203.9375273469509,5.0,0.4257506139131717,-0.0009372670936699586
204.00177472951884,5.0,0.4257506139131717,-0.0010707897094658354
204.07829723583518,5.0,0.4257506139131717,-0.0012753751052724356
204.16138852783646,5.0,0.4257506139131717,-0.0013848548666880133
204.25148360102284,5.0,0.4257506139131717,-0.0015015845531062228
204.34498779775495,5.0,0.4257506139131717,-0.0015584032788684347
204.4430932550834,5.0,0.4257506139131717,-0.001635090955473929
204.54327790165195,5.0,0.4257506139131717,-0.001669744109475881
204.6464216119673,5.0,0.4257506139131717,-0.0017190618385892328
204.7494642895858,5.0,0.4257506139131717,-0.0017173779603086266
204.8538038617075,5.0,0.4257506139131717,-0.0017389928686950024
204.9568985057455,5.0,0.4257506139131717,-0.0017182440673000454
205.0602987985876,5.0,0.4257506139131717,-0.0017233382140350666
205.16050515106258,5.0,0.4257506139131717,-0.0016701058745826525
205.20607081703074,5.0,0.4257506139131717,-0.0007594277661359518
205.24979970643838,5.0,0.4257506139131717,-0.0007288148234609357
205.28718477637105,5.0,0.4257506139131717,-0.000623084498877968
205.3206469057983,5.0,0.4257506139131717,-0.0005577021571208879
205.3505559115348,5.0,0.4257506139131717,-0.0004984834289417505
205.37724298813615,5.0,0.4257506139131717,-0.0004447846100226449
205.4019866625102,5.0,0.4257506139131717,-0.0004123945729013126
205.43417721473546,5.0,0.4257506139131717,-0.0005365092037543185
205.47282057534153,5.0,0.4257506139131717,-0.0006440560101012247
205.51931431670775,5.0,0.4257506139131717,-0.0007748956894369712
205.57044223570713,5.0,0.4257506139131717,-0.0008521319833231146
205.6283180268836,5.0,0.4257506139131717,-0.0009645965196077522
205.69220948615623,5.0,0.4257506139131717,-0.0010648576545437606
205.76241278027746,5.0,0.4257506139131717,-0.0011700549020204633
205.83544600936384,5.0,0.4257506139131717,-0.0012172204847729353
205.9143396219744,5.0,0.4257506139131717,-0.0013148935435090944
205.99590369448933,5.0,0.4257506139131717,-0.0013594012085822093
206.08245155963095,5.0,0.4257506139131717,-0.001442464419027245
206.171498282495,5.0,0.4257506139131717,-0.0014841120477342297
206.26444824805168,5.0,0.4257506139131717,-0.0015491660926109645
206.35942373418,5.0,0.4257506139131717,-0.0015829247688057331
206.4574908838923,5.0,0.4257506139131717,-0.0016344524952048329
206.55764926558712,5.0,0.4257506139131717,-0.001669306361580584
206.66007812898863,5.0,0.4257506139131717,-0.0017071477233584229
206.7643537286614,5.0,0.4257506139131717,-0.0017379266612129961
206.86924315863254,5.5,0.44010999304974696,-0.01251769151861725
206.97400433206602,6.0,0.449408563369186,-0.00871994729680363
207.068340189777,6.0,0.449408563369186,-0.0015722642951827548
207.14161279672166,6.0,0.449408563369186,-0.0012212101157443413
207.1946312357727,6.0,0.449408563369186,-0.0008836406508506725
207.23276072455508,6.0,0.449408563369186,-0.0006354914797060652
207.26311342395536,6.0,0.449408563369186,-0.0005058783233379229
207.28087844671808,6.0,0.449408563369186,-0.0002960837127119034
207.29942291943516,6.0,0.449408563369186,-0.00030907454528462903
207.3215696931621,6.0,0.449408563369186,-0.00036911289544894595
207.34533500932716,6.0,0.449408563369186,-0.0003960886027510108
207.3764654605382,6.0,0.449408563369186,-0.0005188408535173705
207.416338213107,6.0,0.449408563369186,-0.0006645458761464993
207.47021405913517,6.0,0.449408563369186,-0.0008979307671361183
207.53356206768248,6.0,0.449408563369186,-0.0010558001424550985
207.60871429684448,6.0,0.449408563369186,-0.0012525371526999568
207.68728619838726,6.0,0.449408563369186,-0.0013095316923795826
207.76993574359614,6.0,0.449408563369186,-0.0013774924201480291
207.846952046081,6.0,0.449408563369186,-0.0012836050414142912
207.92459632082316,6.0,0.449408563369186,-0.0012940712457030134
207.99399358415633,6.0,0.449408563369186,-0.0011566210555529592
208.06438484333012,6.0,0.449408563369186,-0.001173187652896557
208.12348274448527,6.0,0.449408563369186,-0.0009849650192523646
208.1526381651519,6.0,0.449408563369186,-0.0004859236777770318
208.17789720950074,6.0,0.449408563369186,-0.0004209840724805944
208.21004591182236,6.0,0.449408563369186,-0.0005358117053601415
208.24905503353062,6.0,0.449408563369186,-0.0006501520284708975
208.293370813798,6.0,0.449408563369186,-0.0007385963377894629
208.34337368165728,6.0,0.449408563369186,-0.000833381130988152
208.39705636105174,6.0,0.449408563369186,-0.0008947113232408943
208.455675476247,6.0,0.449408563369186,-0.0009769852532543698
208.51663090285493,6.0,0.449408563369186,-0.00101592377679887
208.58166945689803,6.0,0.449408563369186,-0.0010839759007182028
208.64774558741013,6.0,0.449408563369186,-0.0011012688418684739
208.71719980928788,6.0,0.449408563369186,-0.0011575703646289925
208.78964814294392,6.0,0.449408563369186,-0.0012074722276005547
208.86474823720508,6.0,0.449408563369186,-0.0012516682376860755
208.9391018835253,6.0,0.449408563369186,-0.001239227438670192
209.01600843764587,6.0,0.449408563369186,-0.0012817759020092537
209.09224020485735,6.0,0.449408563369186,-0.0012705294535246977
209.1697685354524,6.0,0.449408563369186,-0.0012921388432507838
209.24618306639098,6.0,0.449408563369186,-0.0012735755156432975
209.32332777500105,6.0,0.449408563369186,-0.001285745143500862
209.3997027861443,6.0,0.449408563369186,-0.0012729168523875401
209.47689164298484,6.0,0.449408563369186,-0.001286480947342349
209.5542058770227,6.0,0.449408563369186,-0.0012885705672977328
209.6320977537687,6.0,0.449408563369186,-0.0012981979457668792
209.71027080419535,6.0,0.449408563369186,-0.0013028841737772099
209.78749635157655,6.0,0.449408563369186,-0.0012870924563536251
209.86346529550565,6.0,0.449408563369186,-0.0012661490654848012
209.92690485618442,6.0,0.449408563369186,-0.0010573260113127512
209.96581840087964,6.0,0.449408563369186,-0.0006485590782534463
209.98554962966602,6.0,0.449408563369186,-0.00032885381310632494
210.003075043824,6.0,0.449408563369186,-0.00029209023596623543
210.0214826296635,6.0,0.449408563369186,-0.0003067930973247245
210.04274277715012,6.0,0.449408563369186,-0.00035433579144374545
210.0647572982265,6.0,0.449408563369186,-0.0003669086846066142
210.09039627559866,6.0,0.449408563369186,-0.0004273162895359972
210.11716745925207,6.0,0.449408563369186,-0.00044618639422342826
210.14962007279024,6.0,0.449408563369186,-0.0005408768923029125
210.18495247701122,6.0,0.449408563369186,-0.0005888734036832092
210.22754120149975,6.0,0.449408563369186,-0.0007098120748087814
210.27180046946532,6.0,0.449408563369186,-0.0007376544660928873
210.32615146947833,6.0,0.449408563369186,-0.0009058500002166769
210.38402154518118,6.0,0.449408563369186,-0.0009645012617143669
210.4499532599214,6.0,0.449408563369186,-0.001098861912336924
210.5158798119611,6.0,0.449408563369186,-0.001098775867328506
210.58777648372705,6.0,0.449408563369186,-0.0011982778627658132
210.6617989887546,6.0,0.449408563369186,-0.001233708417125746
210.73868841128353,6.0,0.449408563369186,-0.00128149037548185
210.81274313062832,6.0,0.449408563369186,-0.0012342453224132707
210.83932126016165,6.0,0.449408563369186,-0.00044296882555554273
210.87056845142894,6.0,0.449408563369186,-0.0005207865211214433
210.89855798970254,6.0,0.449408563369186,-0.00046649230456017747
210.92540626150034,6.0,0.449408563369186,-0.00044747119662996124
210.95112625226102,6.0,0.449408563369186,-0.00042866651267789896
210.97582131652334,6.0,0.449408563369186,-0.0004115844043721657
210.9996676256162,6.0,0.449408563369186,-0.0003974384848810588
211.0224759770582,6.0,0.449408563369186,-0.0003801391906997224
211.04504098674474,6.0,0.449408563369186,-0.0003760834947754144
211.066680419509,6.0,0.449408563369186,-0.0003606572127377961
211.0884116460726,6.0,0.449408563369186,-0.00036218710939334695
211.10929184043448,6.0,0.449408563369186,-0.00034800323936475224
211.13194703895596,6.0,0.449408563369186,-0.0003775866420244762
211.15295455092678,6.0,0.449408563369186,-0.0003501251995138421
211.1746809859617,6.0,0.449408563369186,-0.0003621072505817019
211.19597341999346,6.0,0.449408563369186,-0.00035487390052954873
211.2170532595726,6.0,0.449408563369186,-0.00035133065965211387
211.23984635796074,6.0,0.449408563369186,-0.0003798849731360158
211.26244636867168,6.0,0.449408563369186,-0.0003766668451822984
211.28718827579175,6.0,0.449408563369186,-0.00041236511866787337
211.31246636031838,6.0,0.449408563369186,-0.0004213014087772589
211.33974624262524,6.0,0.449408563369186,-0.00045466470511443247
211.36831127921388,6.0,0.449408563369186,-0.0004760839431441508
211.39847616662618,6.0,0.449408563369186,-0.0005027481235382765
211.42991692297258,6.0,0.449408563369186,-0.0005240126057732117
211.46033658872108,6.0,0.449408563369186,-0.0005069944291415972
211.48616172028613,6.0,0.449408563369186,-0.0004304188594177954
211.50759202157718,6.0,0.449408563369186,-0.00035717168818389614
211.5279633460248,6.0,0.449408563369186,-0.00033952207412672064
211.55475018270585,6.0,0.449408563369186,-0.0004464472780174895
211.5884087413002,6.0,0.449408563369186,-0.0005609759765727688
211.6271303455412,6.0,0.449408563369186,-0.0006453600706827464
211.6759357167567,6.0,0.449408563369186,-0.00081342285359187
211.7294225956486,6.0,0.449408563369186,-0.0008914479815316285
211.79474195204142,6.0,0.449408563369186,-0.0010886559398801097
211.8647361367721,6.0,0.449408563369186,-0.0011665697455114942
211.9415292706467,6.0,0.449408563369186,-0.0012798855645766688
212.02055601062682,6.0,0.449408563369186,-0.001317112333002128
212.10522667157497,6.0,0.449408563369186,-0.001411177682469314
212.19180098913702,6.0,0.449408563369186,-0.0014429052927009548
212.2811813897442,6.0,0.449408563369186,-0.0014896733434529756
212.37204289165655,6.0,0.449408563369186,-0.0015143583652058215
212.46520452317668,6.0,0.449408563369186,-0.001552693858668755
212.5588390060623,6.0,0.449408563369186,-0.0015605747147605096
212.65374325641616,6.0,0.449408563369186,-0.0015817375058975066
212.7490042263041,6.0,0.449408563369186,-0.001587682831465575
212.84517046414643,6.0,0.449408563369186,-0.0016027706307055751
212.9404039398079,6.0,0.449408563369186,-0.00158722459435782
212.99008109288226,6.0,0.449408563369186,-0.0008279525512390751
213.03306426158787,6.0,0.449408563369186,-0.0007163861450933023
213.07248964695333,6.0,0.449408563369186,-0.0006570897560909128
213.1082780554371,6.0,0.449408563369186,-0.0005964734747292614
213.14178570325774,6.0,0.449408563369186,-0.0005584607970107331
213.17295570720208,6.0,0.449408563369186,-0.0005195000657389695
213.2026100430075,6.0,0.449408563369186,-0.000494238930090414
213.23063546201922,6.0,0.449408563369186,-0.0004670903168619366
213.2579432527289,6.0,0.449408563369186,-0.0004551298451612688
213.28385384602709,6.0,0.449408563369186,-0.00043184322163664475
213.30949298276116,6.0,0.449408563369186,-0.00042731894556776427
213.33386928459126,6.0,0.449408563369186,-0.00040627169716836865
213.36012957377403,6.0,0.449408563369186,-0.00043767148637950036
213.38392816857413,6.0,0.449408563369186,-0.0003966432466681108
213.40827472416672,6.0,0.449408563369186,-0.00040577592654298164
213.43102102644025,6.0,0.449408563369186,-0.000379105037892007
213.4540171054133,6.0,0.449408563369186,-0.0003832679828843375
213.4757970101196,6.0,0.449408563369186,-0.0003629984117719172
213.49776213184018,6.0,0.449408563369186,-0.0003660853620097172
213.52299635122054,6.0,0.449408563369186,-0.0004205703230061969
213.5501067480846,6.0,0.449408563369186,-0.000451839947734357
213.58012867559808,6.0,0.449408563369186,-0.000500365458557995
213.61215478946525,6.0,0.449408563369186,-0.0005337685644530782
213.64623015694025,6.0,0.449408563369186,-0.0005679227912498255
213.68162462729268,6.0,0.449408563369186,-0.0005899078392073312
213.71583477222424,6.0,0.449408563369186,-0.0005701690821925038
213.74452700522318,6.0,0.449408563369186,-0.0004782038833155272
213.76523603659157,6.0,0.449408563369186,-0.00034515052280649315
213.78451973283504,6.0,0.449408563369186,-0.00032139493739088667
213.8097930495037,6.0,0.449408563369186,-0.00042122194447782174
213.8421002702631,6.0,0.449408563369186,-0.0005384536793234959
213.87948797882063,6.0,0.449408563369186,-0.0006231284759587301
213.92898198055497,6.0,0.449408563369186,-0.0008249000289057008
213.98665752457845,6.0,0.449408563369186,-0.0009612590670580819
214.05333274699768,6.0,0.449408563369186,-0.001111253706987421
214.12497003772665,6.0,0.449408563369186,-0.0011939548454827284
214.2016857848332,6.0,0.449408563369186,-0.001278595785108745
214.28123299774953,6.0,0.449408563369186,-0.0013257868819387618
214.3640064213357,6.0,0.449408563369186,-0.0013795570597695845
214.44852027733842,6.0,0.449408563369186,-0.001408564266712134
214.535360468578,6.5,0.472014696861196,-0.018401936639667164
214.62346246347417,7.0,0.5097953921292682,-0.029803888032657037
214.71408728099877,7.5,0.558117437975973,-0.0377519480104387
214.8065890512565,8.0,0.5889311659772307,-0.024651992171905796
214.90099490507018,8.5,0.5951934542142077,-0.00627014707462702
214.99647628758134,8.5,0.5951934542142077,-0.0015913563751862253
215.09331623091828,8.5,0.5951934542142077,-0.0016139990556153123
215.19002199606507,8.5,0.5951934542142077,-0.0016117627524465591
215.25283394249738,8.5,0.5951934542142077,-0.0010468657738717635
215.30189148791462,8.5,0.5951934542142077,-0.0008176257569538558
215.3489455454557,8.5,0.5951934542142077,-0.0007842342923517258
215.39053993921868,8.5,0.5951934542142077,-0.0006932398960497835
215.42930540302027,8.5,0.5951934542142077,-0.0006460910633597957
215.4650571363672,8.5,0.5951934542142077,-0.0005958622224490205
215.49862448904608,8.5,0.5951934542142077,-0.000559455877981543
215.52998458551903,8.5,0.5951934542142077,-0.0005226682745493846
215.56002427735726,8.5,0.5951934542142077,-0.0005006615306370281
215.58813916410472,8.5,0.5951934542142077,-0.0004685814457907729
215.61558952040514,8.5,0.5951934542142077,-0.00045750593834037353
215.64129132939658,8.5,0.5951934542142077,-0.0004283634831908779
215.66860750983238,8.5,0.5951934542142077,-0.00045526967393020814
215.69302786081985,8.5,0.5951934542142077,-0.00040700584979118544
215.71785922869194,8.5,0.5951934542142077,-0.00041385613120144764
215.74101205652178,8.5,0.5951934542142077,-0.0003858804638308221
215.764188209582,8.5,0.5951934542142077,-0.00038626921766998285
215.78608767505492,8.5,0.5951934542142077,-0.00036499109121527134
215.8079417066732,8.5,0.5951934542142077,-0.0003642338603047742
215.83144148261118,8.5,0.5951934542142077,-0.0003916629322996305
215.85616327627682,8.5,0.5951934542142077,-0.00041202989442702036
215.8835096677345,8.5,0.5951934542142077,-0.0004557731909612162
215.912507388676,8.5,0.5951934542142077,-0.00048329534902519315
215.9432986220943,8.5,0.5951934542142077,-0.000513187223637853
215.97516295281673,8.5,0.5951934542142077,-0.0005310721787072146
216.0056390413204,8.5,0.5951934542142077,-0.0005079348083941566
216.03045607605128,8.5,0.5951934542142077,-0.0004136172455150123
216.05058615445924,8.5,0.5951934542142077,-0.00033550130679950067
216.07023557345525,8.5,0.5951934542142077,-0.0003274903165999407
216.09613566607416,8.5,0.5951934542142077,-0.0004316682103150504
216.12925336304752,8.5,0.5951934542142077,-0.0005519616162225039
216.16792947677345,8.5,0.5951934542142077,-0.0006446018954323137
216.21853862811454,8.5,0.5951934542142077,-0.0008434858556846551
216.27644392127823,8.5,0.5951934542142077,-0.0009650882193947757
216.3428240677163,8.5,0.5951934542142077,-0.0011063357739679665
216.4138275174092,8.5,0.5951934542142077,-0.001183390828215003
216.48946633524767,8.5,0.5951934542142077,-0.0012606469639743982
216.56810882036027,8.5,0.5951934542142077,-0.0013107080852097714
216.64944319073012,8.5,0.5951934542142077,-0.0013555728394974524
216.73248011687724,9.0,0.6390668907695414,-0.034289026185618944
216.8184471210717,9.5,0.7174450237092778,-0.06021638310804305
216.90591439425904,10.0,0.8095142647137958,-0.0705097186398441
216.9950918571214,10.5,0.8993279785540391,-0.0688465764278884
217.08503610672832,11.0,0.9711650984812419,-0.05537691077218424
217.1765941300408,11.5,1.007044913806718,-0.028435828549314788
217.26957529468626,11.5,1.007044913806718,-0.0015496860774244588
217.36416756847603,11.5,1.007044913806718,-0.0015765378964962566
217.45888176509501,11.5,1.007044913806718,-0.0015785699436498698
217.5224370970723,11.5,1.007044913806718,-0.0010592555329546052
217.57179828156362,11.5,1.007044913806718,-0.0008226864081885031
217.6196709920371,11.5,1.007044913806718,-0.0007978785078916098
217.6619767112458,11.5,1.007044913806718,-0.0007050953201451107
217.70146100650717,11.5,1.007044913806718,-0.0006580715876891858
217.73807258893342,11.5,1.007044913806718,-0.0006101930404374786
217.7723882696811,11.5,1.007044913806718,-0.0005719280124614353
217.80445086673458,11.5,1.007044913806718,-0.0005343766175582213
217.83513503112007,11.5,1.007044913806718,-0.0005114027397582241
217.86385954740325,11.5,1.007044913806718,-0.0004787419380530028
217.89188772831645,11.5,1.007044913806718,-0.0004671363485534575
217.91814020324733,11.5,1.007044913806718,-0.0004375412488480536
217.94626028969378,11.5,1.007044913806718,-0.00046866810744071414
217.9713989220298,11.5,1.007044913806718,-0.0004189772056003056
217.99689032091882,11.5,1.007044913806718,-0.00042485664815026446
218.02063114554508,11.5,1.007044913806718,-0.00039568041043742567
218.04443259978632,11.5,1.007044913806718,-0.00039669090402058376
218.06684398326388,11.5,1.007044913806718,-0.00037352305795940166
218.08916568026683,11.5,1.007044913806718,-0.0003720282833823699
218.1108793188218,11.5,1.007044913806718,-0.0003618939759158917
218.13352814355594,11.5,1.007044913806718,-0.0003774804122359254
218.1595937411187,11.5,1.007044913806718,-0.0004344266260461402
218.18823630061016,11.5,1.007044913806718,-0.00047737599152436006
218.21959040280387,11.5,1.007044913806718,-0.0005225683698953804
218.2531044943991,11.5,1.007044913806718,-0.0005585681932540619
218.28736838926062,11.5,1.007044913806718,-0.0005710649143583934
218.32281996175936,11.5,1.007044913806718,-0.000590859541645568
218.34976538758707,11.5,1.007044913806718,-0.00044909043046171486
218.3670520271964,11.5,1.007044913806718,-0.0002881106601552943
218.38907019963156,11.5,1.007044913806718,-0.0003669695405863482
218.41457674800256,11.5,1.007044913806718,-0.00042510913951653695
218.4439572973148,11.5,1.007044913806718,-0.0004896758218706637
218.48001985522947,11.5,1.007044913806718,-0.0006010426319114907
218.51982085254494,11.5,1.007044913806718,-0.0006633499552579779
218.57049350563835,11.5,1.007044913806718,-0.0008445442182236919
218.62940842699257,11.5,1.007044913806718,-0.000981915355903825
218.70125885092142,11.5,1.007044913806718,-0.0011975070654808122
218.78016044138172,11.5,1.007044913806718,-0.0013150265076716894
218.86629713015373,11.5,1.007044913806718,-0.001435611479533514
218.95553028503082,11.5,1.007044913806718,-0.0014872192479515412
219.0494422152167,11.5,1.007044913806718,-0.0015651988364312622
219.1439589440243,11.5,1.007044913806718,-0.00157527881346017
219.23899698559342,11.5,1.007044913806718,-0.0015839673594854908
219.33371714220877,11.5,1.007044913806718,-0.001578669276922442
219.42929850905824,11.5,1.007044913806718,-0.0015930227808246392
219.52172428340927,11.5,1.007044913806718,-0.0015404295725169469
219.61497644854052,11.5,1.007044913806718,-0.0015542027521873996
219.70195116035484,11.5,1.007044913806718,-0.0014495785302387789
219.73469688308987,11.5,1.007044913806718,-0.0005457620455837882
219.7706796212035,11.5,1.007044913806718,-0.0005997123018939809
219.8013908082142,11.5,1.007044913806718,-0.0005118531168447502
219.82955006766053,11.5,1.007044913806718,-0.0004693209907722933
219.85578512965049,11.5,1.007044913806718,-0.00043725103316602786
219.87989744170667,11.5,1.007044913806718,-0.0004018718676031145
219.9061090024206,11.5,1.007044913806718,-0.00043685934523236055
219.93868894575346,11.5,1.007044913806718,-0.0005429990555474336
219.97577843874163,11.5,1.007044913806718,-0.0006181582164693887
220.01923042106824,11.5,1.007044913806718,-0.0007241997054437972
220.0662262127264,11.5,1.007044913806718,-0.0007832631943027244
220.11922946340206,11.5,1.007044913806718,-0.0008833875112611521
220.17675784483703,11.5,1.007044913806718,-0.0009588063572492579
220.24009504635185,11.5,1.007044913806718,-0.0010556200252472934
220.3056021236452,11.5,1.007044913806718,-0.0010917846215557354
220.37665296522832,11.5,1.007044913806718,-0.0011841806930519125
220.45012873679363,11.5,1.007044913806718,-0.0012245961927553582
220.52866794484106,11.5,1.007044913806718,-0.001308986800790527
220.60991443220766,11.5,1.007044913806718,-0.0013541081227764569
220.6957983384756,11.5,1.007044913806718,-0.0014313984377992601
220.7847257070506,11.5,1.007044913806718,-0.0014821228095831575
220.87790139195118,11.5,1.007044913806718,-0.0015529280816765033
220.97451793580257,11.5,1.007044913806718,-0.0016102757308562444
221.07476277115913,11.5,1.007044913806718,-0.0016707472559427488
221.1784044371002,11.5,1.007044913806718,-0.0017273610990180034
221.28278411326204,12.0,1.0101850048259493,-0.0040947295337877936
221.38447180960955,12.5,1.0132981613324414,-0.004029662318994217
221.47523419146208,12.5,1.0132981613324414,-0.0015127063642088778
221.53602478132694,12.5,1.0132981613324414,-0.001013176497747547
221.56957793145696,12.5,1.0132981613324414,-0.0005592191688336711
221.58908658297207,12.5,1.0132981613324414,-0.0003251441919187272
221.61432563749233,12.5,1.0132981613324414,-0.00042065090867113135
221.64958347887355,12.5,1.0132981613324414,-0.000587630689687036
221.69284744357583,12.5,1.0132981613324414,-0.0007210660783711568
221.75009963285467,12.5,1.0132981613324414,-0.0009542031546472581
221.81728188170015,12.5,1.0132981613324414,-0.0011197041474247463
221.8972126303175,12.5,1.0132981613324414,-0.0013321791436225036
221.98268083426677,12.5,1.0132981613324414,-0.0014244700658210892
222.07540687549857,12.5,1.0132981613324414,-0.001545434020529802
222.17110440991004,12.5,1.0132981613324414,-0.0015949589068580115
222.27115449798353,12.5,1.0132981613324414,-0.0016675014678913897
222.37266315536988,12.5,1.0132981613324414,-0.001691810956439292
222.47660410658224,12.5,1.0132981613324414,-0.0017323491868727235
222.58122919183,12.5,1.0132981613324414,-0.0017437514207961303
222.68751174672514,12.5,1.0132981613324414,-0.0017713759149189771
222.7937289958418,12.5,1.0132981613324414,-0.0017702874852776268
222.90166381675087,12.5,1.0132981613324414,-0.0017989136818177198
223.0069214865523,12.5,1.0132981613324414,-0.0017542944966904173
223.05858130589047,12.5,1.0132981613324414,-0.0008609969889692605
223.10561888151435,12.5,1.0132981613324414,-0.0007839595937310333
223.14635973401792,12.5,1.0132981613324414,-0.0006790142083928661
223.18141917577967,12.5,1.0132981613324414,-0.0005843240293622071
223.21295162194002,12.5,1.0132981613324414,-0.0005255407693393471
223.2409790866948,12.5,1.0132981613324414,-0.0004671244125795243
223.2667153353044,12.5,1.0132981613324414,-0.0004289374768266368
223.2941746527827,12.5,1.0132981613324414,-0.0004576552913045433
223.3267767461758,12.5,1.0132981613324414,-0.0005433682232184115
223.3670301362682,12.5,1.0132981613324414,-0.0006708898348731961
223.41182495268455,12.5,1.0132981613324414,-0.000746580273605895
223.46345689271817,12.5,1.0132981613324414,-0.0008605323338934348
223.52045944149026,12.5,1.0132981613324414,-0.0009500424795346434
223.58395313923748,12.5,1.0132981613324414,-0.0010582282957870104
223.6503462189513,12.5,1.0132981613324414,-0.0011065513285639886
223.7223699942776,12.5,1.0132981613324414,-0.0012003962554384148
223.79661972241988,12.5,1.0132981613324414,-0.0012374954690378757
223.87528392142488,12.5,1.0132981613324414,-0.001311069983416544
223.9556861311633,12.5,1.0132981613324414,-0.001340036828973543
224.0394714772519,12.5,1.0132981613324414,-0.0013964224348098418
224.12498559664718,12.5,1.0132981613324414,-0.0014252353232544644
224.21359237844092,12.5,1.0132981613324414,-0.0014767796965622297
224.3044573506492,12.5,1.0132981613324414,-0.0015144162034711182
224.39761799344723,12.5,1.0132981613324414,-0.001552677379967383
224.49261407848368,12.5,1.0132981613324414,-0.0015832680839408127
224.58723864696924,12.5,1.0132981613324414,-0.0015770761414259252
224.6784484625529,12.5,1.0132981613324414,-0.0015201635930609894
224.75755699022125,12.5,1.0132981613324414,-0.001318475461138988
224.80851211454473,12.5,1.0132981613324414,-0.0008492520720577635
224.83349212517382,12.5,1.0132981613324414,-0.00041633351048506005
224.85344729569368,12.5,1.0132981613324414,-0.00033258617533088133
224.8775401864648,12.5,1.0132981613324414,-0.00040154817951902855
224.91100854171754,12.5,1.0132981613324414,-0.0005578059208788922
224.95099424505563,12.5,1.0132981613324414,-0.0006664283889681058
225.00408039377902,12.5,1.0132981613324414,-0.0008847691453901098
225.06678271799717,12.5,1.0132981613324414,-0.0010450387369692362
225.13811121072533,12.5,1.0132981613324414,-0.0011888082121358158
225.2116630861791,12.5,1.0132981613324414,-0.0012258645908963708
225.2882334457361,12.5,1.0132981613324414,-0.0012761726592833951
225.3670046591511,12.5,1.0132981613324414,-0.001312853556916698
225.44940606831634,12.5,1.0132981613324414,-0.0013733568194204857
225.53418057180716,12.5,1.0132981613324414,-0.0014129083915134849
225.6226511559019,12.5,1.0132981613324414,-0.0014745097349125726
225.71272517923992,12.5,1.0132981613324414,-0.0015012337223004426
225.80596704678047,12.5,1.0132981613324414,-0.0015540311256755314
225.90028282153588,12.5,1.0132981613324414,-0.0015719295792569889
225.99704134344802,12.5,1.0132981613324414,-0.0016126420318687948
226.0926221549389,12.5,1.0132981613324414,-0.0015930135248482717
226.1404384059908,12.5,1.0132981613324414,-0.000796937517531533
226.1835006352988,12.5,1.0132981613324414,-0.0007177038217997558
226.22235708701615,12.5,1.0132981613324414,-0.0006476075286226009
226.25769924976427,12.5,1.0132981613324414,-0.0005890360458021223
226.29052043034568,12.5,1.0132981613324414,-0.0005470196763569521
226.32088586569012,12.5,1.0132981613324414,-0.0005060905890741526
226.34955582375696,12.5,1.0132981613324414,-0.00047783263444732863
226.37641558398144,12.5,1.0132981613324414,-0.00044766267040823846
226.4023400741119,12.5,1.0132981613324414,-0.00043207483550737835
226.4267156481,12.5,1.0132981613324414,-0.0004062595664684074
226.45073042624705,12.5,1.0132981613324414,-0.00040024630245101084
226.47335688032757,12.5,1.0132981613324414,-0.00037710756800885177
226.49516773170112,12.5,1.0132981613324414,-0.00036351418955916736
