lb,ub,Qsg,Tout,Tair_true,sat_true,zat_true,raw_action_sat,raw_action_zat
15.0,28.0,0.0,17.0,24.0,10.000055313110352,23.452472686767578,10.000055,23.452473
15.0,28.0,0.0,18.0,21.522362,10.000041961669922,24.098901748657227,10.000042,24.098902
15.0,28.0,0.0,19.0,21.586018,10.00003719329834,23.971046447753906,10.000037,23.971046
15.0,28.0,0.0,20.0,21.641983,10.00003719329834,23.8876953125,10.000037,23.887695
15.0,28.0,0.0,21.300003,21.708487,10.000033378601074,23.75155258178711,10.000033,23.751553
15.0,28.0,0.0,21.0,21.759132,10.00003433227539,23.68777847290039,10.000034,23.687778
15.0,28.0,0.0,20.7,21.811222,10.000031471252441,23.5982723236084,10.000031,23.598272
15.0,28.0,0.0,20.5,21.850353,10.000032424926758,23.548696517944336,10.000032,23.548697
15.0,28.0,0.0,20.400002,21.889082,10.000029563903809,23.48107147216797,10.00003,23.481071
15.0,28.0,0.0,20.400002,21.919556,10.000030517578125,23.439258575439453,10.0000305,23.439259
15.0,28.0,0.0,20.5,21.950481,10.000027656555176,23.388893127441406,10.000028,23.388893
15.0,28.0,1.8150002,21.100002,21.980934,10.000028610229492,23.338764190673828,10.000029,23.338764
15.0,28.0,55.726196,21.7,22.031038,10.000031471252441,23.25133514404297,10.000031,23.251335
22.0,24.0,22.77,22.399998,22.059937,10.000028610229492,23.207447052001953,10.000029,23.207447
22.0,24.0,117.7943,23.0,22.131683,10.00003719329834,23.08297348022461,10.000037,23.082973
22.0,24.0,65.67802,24.0,22.165709,10.000032424926758,23.03374481201172,10.000032,23.033745
22.0,24.0,177.43163,25.0,22.492228,15.499937057495117,22.925338745117188,15.499937,22.925339
22.0,24.0,129.28983,26.0,22.846169,15.499927520751953,22.69744300842285,15.4999275,22.697443
22.0,24.0,333.23752,27.0,22.96225,15.49996280670166,22.315277099609375,15.499963,22.315277
22.0,24.0,329.36197,27.600006,22.940813,15.499963760375977,22.174592971801758,15.499964,22.174593
22.0,24.0,502.17072,28.300003,23.056328,15.499979019165039,21.792320251464844,15.499979,21.79232
22.0,24.0,518.88434,28.699997,23.045303,15.499979019165039,21.634933471679688,15.499979,21.634933
22.0,24.0,632.8191,29.199997,23.140438,15.499985694885254,21.296167373657227,15.499986,21.296167
22.0,24.0,649.8086,29.400002,23.138416,15.49998664855957,21.152219772338867,15.499987,21.15222
22.0,24.0,701.6351,29.599998,23.20991,15.499988555908203,20.872955322265625,15.499989,20.872955
22.0,24.0,703.0528,29.700005,23.265882,15.499988555908203,20.74241828918457,15.499989,20.742418
22.0,24.0,493.46774,29.800003,23.293333,15.499979019165039,20.560531616210938,15.499979,20.560532
22.0,24.0,89.94651,29.700005,23.192917,15.499921798706055,20.663986206054688,15.499922,20.663986
22.0,24.0,180.2524,29.599998,23.193062,15.499937057495117,20.53622817993164,15.499937,20.536228
22.0,24.0,474.87408,29.400002,23.261251,15.49997615814209,20.458784103393555,15.499976,20.458784
22.0,24.0,426.47385,29.099998,23.281267,15.499969482421875,20.30384063720703,15.4999695,20.30384
22.0,24.0,424.60446,28.699997,23.29729,15.499970436096191,20.28711700439453,15.49997,20.287117
22.0,24.0,269.35406,28.300003,23.261497,15.499945640563965,20.19891357421875,15.499946,20.198914
22.0,24.0,221.86665,27.699997,23.21558,15.4999361038208,20.254058837890625,15.499936,20.254059
22.0,24.0,126.70574,27.099998,23.145945,15.499898910522461,20.217235565185547,15.499899,20.217236
22.0,24.0,96.5028,26.199997,23.072395,15.499885559082031,20.313703536987305,15.499886,20.313704
22.0,24.0,53.955,25.400002,22.757618,10.000055313110352,22.172204971313477,10.000055,22.172205
22.0,24.0,38.445,25.400002,22.827015,10.000051498413086,22.245555877685547,10.0000515,22.245556
22.0,24.0,24.09,23.0,22.786755,10.000049591064453,22.376346588134766,10.00005,22.376347
22.0,24.0,11.385,21.7,22.791473,10.000045776367188,22.482608795166016,10.000046,22.482609
22.0,24.0,14.702731,20.400002,22.779713,10.000046730041504,22.559059143066406,10.000047,22.55906
15.0,28.0,0.0,19.3,22.75086,10.000042915344238,22.669822692871094,10.000043,22.669823
15.0,28.0,0.0,18.2,22.74702,10.000043869018555,22.728891372680664,10.000044,22.728891
15.0,28.0,0.0,17.3,22.713404,10.000041961669922,22.814483642578125,10.000042,22.814484
15.0,28.0,0.0,16.399998,22.649504,10.000041961669922,22.866390228271484,10.000042,22.86639
15.0,28.0,0.0,15.799999,22.57033,10.000040054321289,22.953235626220703,10.00004,22.953236
15.0,28.0,0.0,15.200001,22.499514,10.000041007995605,22.98613739013672,10.000041,22.986137
15.0,28.0,0.0,14.799999,22.423622,10.000039100646973,23.063026428222656,10.000039,23.063026
15.0,28.0,0.0,14.400002,22.359201,10.000060081481934,23.160888671875,10.00006,23.160889
15.0,28.0,0.0,14.200001,22.30442,10.000059127807617,23.239049911499023,10.000059,23.23905
15.0,28.0,0.0,13.899998,22.251446,10.00005054473877,23.253582000732422,10.000051,23.253582
15.0,28.0,0.0,13.800003,22.192345,10.000049591064453,23.323163986206055,10.00005,23.323164
15.0,28.0,0.0,13.699997,22.147484,10.000042915344238,23.33527374267578,10.000043,23.335274
15.0,28.0,0.0,13.600002,22.097734,10.000042915344238,23.393573760986328,10.000043,23.393574
15.0,28.0,0.0,13.5,22.059803,10.00003719329834,23.408620834350586,10.000037,23.40862
15.0,28.0,0.0,13.400002,22.01854,10.000036239624023,23.45745277404785,10.000036,23.457453
15.0,28.0,0.0,13.299999,21.986277,10.000032424926758,23.477209091186523,10.000032,23.47721
15.0,28.0,0.0,13.299999,21.953037,10.000032424926758,23.51582908630371,10.000032,23.51583
15.0,28.0,0.0,13.299999,21.92657,10.000028610229492,23.53822135925293,10.000029,23.538221
15.0,28.0,1.485,13.899998,21.905344,10.000028610229492,23.554229736328125,10.000029,23.55423
15.0,28.0,58.55608,14.599998,21.911076,10.000031471252441,23.523815155029297,10.000031,23.523815
22.0,24.0,23.925,15.799999,21.902699,10.000027656555176,23.520301818847656,10.000028,23.520302
22.0,24.0,119.0684,17.0,21.944744,10.000035285949707,23.43170166015625,10.000035,23.431702
22.0,24.0,118.36056,18.400002,21.973894,10.000035285949707,23.366432189941406,10.000035,23.366432
22.0,24.0,165.05334,19.8,22.265867,15.499933242797852,23.3475341796875,15.499933,23.347534
22.0,24.0,209.381,21.0,22.644875,15.499942779541016,23.091867446899414,15.499943,23.091867
22.0,24.0,297.12015,22.200005,22.761486,15.499958038330078,22.776363372802734,15.499958,22.776363
22.0,24.0,323.3945,23.2,22.848913,15.499961853027344,22.5900936126709,15.499962,22.590094
22.0,24.0,393.49542,24.099998,22.91358,15.499969482421875,22.275806427001953,15.4999695,22.275806
22.0,24.0,418.10742,25.0,22.92094,15.499972343444824,22.113758087158203,15.499972,22.113758
22.0,24.0,496.90625,25.900002,22.998173,15.499977111816406,21.782684326171875,15.499977,21.782684
22.0,24.0,508.5705,26.599998,22.992844,15.499979019165039,21.636199951171875,15.499979,21.6362
22.0,24.0,585.9484,27.300003,23.069622,15.499982833862305,21.319019317626953,15.499983,21.31902
22.0,24.0,626.01184,27.799995,23.070444,15.499984741210938,21.176189422607422,15.499985,21.17619
22.0,24.0,624.2818,28.300003,23.121452,15.499984741210938,20.909069061279297,15.499985,20.90907
22.0,24.0,616.1062,28.5,23.139824,15.499984741210938,20.804214477539062,15.499985,20.804214
22.0,24.0,571.00525,28.699997,23.194176,15.499981880187988,20.580730438232422,15.499982,20.58073
22.0,24.0,591.82025,28.699997,23.252787,15.499982833862305,20.496170043945312,15.499983,20.49617
22.0,24.0,478.3472,28.800003,23.277292,15.499974250793457,20.321016311645508,15.499974,20.321016
22.0,24.0,423.60562,28.900002,23.286686,15.499969482421875,20.29550552368164,15.4999695,20.295506
22.0,24.0,216.36865,28.900002,23.237852,15.499933242797852,20.21391487121582,15.499933,20.213915
22.0,24.0,227.3333,28.800003,23.209732,15.4999361038208,20.24117660522461,15.499936,20.241177
22.0,24.0,122.877495,28.599998,23.151035,15.499895095825195,20.186521530151367,15.499895,20.186522
22.0,24.0,129.81949,28.300003,23.101734,15.499897003173828,20.239337921142578,15.499897,20.239338
22.0,24.0,44.385,28.0,22.797508,10.000055313110352,22.107946395874023,10.000055,22.107946
22.0,24.0,52.59964,28.0,22.838585,10.000055313110352,22.143157958984375,10.000055,22.143158
22.0,24.0,21.12,26.900002,22.796612,10.000051498413086,22.267221450805664,10.0000515,22.267221
22.0,24.0,10.065,25.900002,22.81609,10.000048637390137,22.345386505126953,10.000049,22.345387
22.0,24.0,11.966495,24.899994,22.80425,10.000049591064453,22.404884338378906,10.00005,22.404884
15.0,28.0,0.0,24.0,22.783817,10.000045776367188,22.491146087646484,10.000046,22.491146
15.0,28.0,0.0,23.2,22.782452,10.00004768371582,22.533222198486328,10.000048,22.533222
15.0,28.0,0.0,22.799995,22.757483,10.000045776367188,22.59497833251953,10.000046,22.594978
15.0,28.0,0.0,22.399998,22.750347,10.00004768371582,22.614408493041992,10.000048,22.614408
15.0,28.0,0.0,22.099998,22.720463,10.000045776367188,22.667612075805664,10.000046,22.667612
15.0,28.0,0.0,21.8,22.71584,10.00004768371582,22.667226791381836,10.000048,22.667227
15.0,28.0,0.0,21.599998,22.680775,10.000046730041504,22.71307945251465,10.000047,22.71308
15.0,28.0,0.0,21.399998,22.665022,10.000064849853516,22.633180618286133,10.000065,22.63318
15.0,28.0,0.0,21.300003,22.607065,10.0000638961792,22.691301345825195,10.000064,22.691301
15.0,28.0,0.0,21.199997,22.578186,10.000055313110352,22.671537399291992,10.000055,22.671537
15.0,28.0,0.0,21.300003,22.53915,10.000054359436035,22.71343231201172,10.000054,22.713432
15.0,28.0,0.0,21.300003,22.513859,10.00004768371582,22.697078704833984,10.000048,22.697079
15.0,28.0,0.0,21.100002,22.48064,10.00004768371582,22.73763656616211,10.000048,22.737637
15.0,28.0,0.0,20.900002,22.457909,10.000041961669922,22.735210418701172,10.000042,22.73521
15.0,28.0,0.0,20.400002,22.427097,10.000041961669922,22.77992820739746,10.000042,22.779928
15.0,28.0,0.0,19.899998,22.402416,10.000038146972656,22.799463272094727,10.000038,22.799463
15.0,28.0,0.0,19.3,22.371544,10.00003719329834,22.848831176757812,10.000037,22.848831
15.0,28.0,0.0,18.600002,22.342789,10.00003433227539,22.890811920166016,10.000034,22.890812
15.0,28.0,2.145,18.5,22.314934,10.000033378601074,22.93054962158203,10.000033,22.93055
15.0,28.0,59.837944,18.3,22.308075,10.00003719329834,22.928478240966797,10.000037,22.928478
22.0,24.0,24.255,18.899998,22.282759,10.000033378601074,22.961803436279297,10.000033,22.961803
22.0,24.0,115.40873,19.400002,22.30399,10.000041007995605,22.90607452392578,10.000041,22.906075
22.0,24.0,60.472984,20.299995,22.291088,10.00003433227539,22.923969268798828,10.000034,22.92397
22.0,24.0,172.31528,21.100002,22.575191,15.499940872192383,22.885183334350586,15.499941,22.885183
22.0,24.0,122.26685,21.7,22.889061,15.499930381774902,22.72704315185547,15.49993,22.727043
22.0,24.0,330.8368,22.399998,22.967575,15.499964714050293,22.408403396606445,15.499965,22.408403
22.0,24.0,326.00232,22.900002,22.93387,15.499964714050293,22.316564559936523,15.499965,22.316565
22.0,24.0,509.5403,23.3,23.037556,15.499979019165039,21.97524642944336,15.499979,21.975246
22.0,24.0,540.7645,23.699997,23.019333,15.499981880187988,21.84393310546875,15.499982,21.843933
22.0,24.0,650.15936,24.099998,23.102339,15.49998664855957,21.53359031677246,15.499987,21.53359
22.0,24.0,679.3646,24.400002,23.097103,15.499987602233887,21.40264320373535,15.499988,21.402643
22.0,24.0,729.5835,24.800003,23.161545,15.499988555908203,21.1312313079834,15.499989,21.131231
22.0,24.0,739.38666,25.0,23.1552,15.49998950958252,21.025440216064453,15.4999895,21.02544
22.0,24.0,730.3186,25.299995,23.219643,15.499988555908203,20.791000366210938,15.499989,20.791
22.0,24.0,718.638,25.5,23.25989,15.499988555908203,20.70024871826172,15.499989,20.700249
22.0,24.0,649.78827,25.700005,23.305672,15.49998664855957,20.506330490112305,15.499987,20.50633
22.0,24.0,619.45703,25.800003,23.330801,15.499984741210938,20.456832885742188,15.499985,20.456833
22.0,24.0,494.53467,25.900002,23.329865,15.499977111816406,20.315515518188477,15.499977,20.315516
22.0,24.0,434.22626,25.800003,23.31091,15.499972343444824,20.326047897338867,15.499972,20.326048
22.0,24.0,276.8261,25.700005,23.251148,15.499948501586914,20.256685256958008,15.4999485,20.256685
22.0,24.0,212.85394,25.199997,23.179588,15.499935150146484,20.339054107666016,15.499935,20.339054
22.0,24.0,128.93266,24.700005,23.094803,15.499900817871094,20.31595802307129,15.499901,20.315958
22.0,24.0,90.987526,23.699997,23.001347,15.499885559082031,20.438861846923828,15.499886,20.438862
22.0,24.0,56.595005,22.799995,22.689495,10.000053405761719,22.285669326782227,10.000053,22.28567
22.0,24.0,40.59,22.799995,22.826515,10.000049591064453,22.350669860839844,10.00005,22.35067
22.0,24.0,25.245,20.400002,22.764782,10.00004768371582,22.493457794189453,10.000048,22.493458
22.0,24.0,11.88,19.2,22.77305,10.000043869018555,22.6043701171875,10.000044,22.60437
22.0,24.0,15.524798,18.099998,22.759365,10.000044822692871,22.680755615234375,10.000045,22.680756
15.0,28.0,0.0,17.600002,22.73048,10.000041007995605,22.786243438720703,10.000041,22.786243
15.0,28.0,0.0,17.099998,22.705626,10.000041007995605,22.83932876586914,10.000041,22.839329
15.0,28.0,0.0,16.7,22.630589,10.000039100646973,22.92384910583496,10.000039,22.92385
15.0,28.0,0.0,16.300003,22.563255,10.000040054321289,22.96303939819336,10.00004,22.96304
15.0,28.0,0.0,15.900002,22.492521,10.000038146972656,23.037395477294922,10.000038,23.037395
15.0,28.0,0.0,15.5,22.431473,10.000039100646973,23.056678771972656,10.000039,23.056679
15.0,28.0,0.0,15.100002,22.364517,10.000038146972656,23.123046875,10.000038,23.123047
15.0,28.0,0.0,14.699997,22.308407,10.000059127807617,23.22089958190918,10.000059,23.2209
15.0,28.0,0.0,14.400002,22.262138,10.0000581741333,23.290618896484375,10.000058,23.290619
15.0,28.0,0.0,14.099998,22.215172,10.000049591064453,23.297588348388672,10.00005,23.297588
15.0,28.0,0.0,13.899998,22.160707,10.000048637390137,23.36224365234375,10.000049,23.362244
15.0,28.0,0.0,13.699997,22.119366,10.000042915344238,23.3715763092041,10.000043,23.371576
15.0,28.0,0.0,13.5,22.072111,10.000041961669922,23.42807388305664,10.000042,23.428074
15.0,28.0,0.0,13.299999,22.035595,10.00003719329834,23.442968368530273,10.000037,23.442968
15.0,28.0,0.0,13.0,21.994228,10.000036239624023,23.494823455810547,10.000036,23.494823
15.0,28.0,0.0,12.700001,21.960533,10.000032424926758,23.519550323486328,10.000032,23.51955
15.0,28.0,0.0,12.399998,21.923847,10.000032424926758,23.566944122314453,10.000032,23.566944
15.0,28.0,0.0,12.0,21.891537,10.000028610229492,23.60245132446289,10.000029,23.602451
15.0,28.0,1.98,13.099998,21.868393,10.000028610229492,23.614147186279297,10.000029,23.614147
15.0,28.0,63.894325,14.099998,21.874634,10.000031471252441,23.577190399169922,10.000031,23.57719
22.0,24.0,26.07,15.200001,21.864899,10.000027656555176,23.576337814331055,10.000028,23.576338
22.0,24.0,111.44282,16.300003,21.903135,10.00003433227539,23.498130798339844,10.000034,23.49813
22.0,24.0,57.915,17.200005,21.909496,10.000028610229492,23.486263275146484,10.000029,23.486263
22.0,24.0,169.08887,18.099998,22.20968,15.499933242797852,23.457069396972656,15.499933,23.45707
22.0,24.0,119.57057,18.800003,22.545555,15.499923706054688,23.29097557067871,15.499924,23.290976
22.0,24.0,330.33704,19.400002,22.682764,15.499961853027344,22.9493408203125,15.499962,22.94934
22.0,24.0,324.72836,20.0,22.748459,15.499961853027344,22.808101654052734,15.499962,22.808102
22.0,24.0,510.1312,20.599998,22.900122,15.499979019165039,22.42543601989746,15.499979,22.425436
22.0,24.0,538.3897,21.199997,22.893215,15.499980926513672,22.266199111938477,15.499981,22.2662
22.0,24.0,648.0742,21.8,22.988071,15.499985694885254,21.922237396240234,15.499986,21.922237
22.0,24.0,673.4987,22.3,22.990105,15.49998664855957,21.763809204101562,15.499987,21.76381
22.0,24.0,723.9466,22.799995,23.062874,15.499988555908203,21.462505340576172,15.499989,21.462505
22.0,24.0,735.22235,23.099998,23.062511,15.499988555908203,21.332805633544922,15.499989,21.332806
22.0,24.0,726.2297,23.5,23.111794,15.499988555908203,21.0798282623291,15.499989,21.079828
22.0,24.0,715.3576,23.699997,23.099304,15.499988555908203,20.99140167236328,15.499989,20.991402
22.0,24.0,644.90894,23.899998,23.134293,15.499985694885254,20.785371780395508,15.499986,20.785372
22.0,24.0,614.804,24.0,23.143135,15.499984741210938,20.732324600219727,15.499985,20.732325
22.0,24.0,489.56662,24.099998,23.14349,15.49997615814209,20.579465866088867,15.499976,20.579466
22.0,24.0,432.9949,24.099998,23.124752,15.499971389770508,20.58379364013672,15.499971,20.583794
22.0,24.0,273.3121,24.099998,23.072842,15.499946594238281,20.500869750976562,15.499947,20.50087
22.0,24.0,211.53319,23.899998,23.00831,15.499933242797852,20.57302474975586,15.499933,20.573025
22.0,24.0,128.03357,23.699997,22.941704,15.499897003173828,20.52646255493164,15.499897,20.526463
22.0,24.0,90.46357,23.2,22.864317,15.499879837036133,20.628894805908203,15.49988,20.628895
22.0,24.0,57.42,22.7,22.581993,10.000049591064453,22.4365291595459,10.00005,22.43653
22.0,24.0,41.25,22.7,22.833126,10.000046730041504,22.455440521240234,10.000047,22.45544
22.0,24.0,25.08,20.400002,22.741766,10.000044822692871,22.589832305908203,10.000045,22.589832
22.0,24.0,10.395,19.400002,22.760788,10.000041961669922,22.683942794799805,10.000042,22.683943
22.0,24.0,13.512385,18.400002,22.746815,10.000042915344238,22.747108459472656,10.000043,22.747108
15.0,28.0,0.0,17.900002,22.721079,10.000039100646973,22.8382568359375,10.000039,22.838257
15.0,28.0,0.0,17.5,22.658875,10.000040054321289,22.889482498168945,10.00004,22.889482
15.0,28.0,0.0,17.099998,22.591011,10.000038146972656,22.964717864990234,10.000038,22.964718
15.0,28.0,0.0,16.7,22.530811,10.000039100646973,22.995317459106445,10.000039,22.995317
15.0,28.0,0.0,16.5,22.4678,10.000038146972656,23.059505462646484,10.000038,23.059505
15.0,28.0,0.0,16.399998,22.415821,10.000039100646973,23.066694259643555,10.000039,23.066694
15.0,28.0,0.0,16.300003,22.359354,10.00003719329834,23.11965560913086,10.000037,23.119656
15.0,28.0,0.0,16.199997,22.315083,10.0000581741333,23.18712615966797,10.000058,23.187126
15.0,28.0,0.0,16.100002,22.278343,10.000057220458984,23.239028930664062,10.000057,23.239029
15.0,28.0,0.0,16.0,22.243252,10.000049591064453,23.226900100708008,10.00005,23.2269
15.0,28.0,0.0,15.799999,22.199518,10.000048637390137,23.277667999267578,10.000049,23.277668
15.0,28.0,0.0,15.599998,22.16834,10.000042915344238,23.27391815185547,10.000043,23.273918
15.0,28.0,0.0,15.400002,22.130108,10.000041961669922,23.319499969482422,10.000042,23.3195
15.0,28.0,0.0,15.200001,22.10181,10.00003719329834,23.32414436340332,10.000037,23.324144
15.0,28.0,0.0,15.0,22.068409,10.00003719329834,23.365211486816406,10.000037,23.365211
15.0,28.0,0.0,14.799999,22.042519,10.000033378601074,23.379060745239258,10.000033,23.37906
15.0,28.0,0.0,14.899998,22.015572,10.000032424926758,23.4090633392334,10.000032,23.409063
15.0,28.0,0.0,14.899998,21.994455,10.000029563903809,23.4252986907959,10.00003,23.425299
15.0,28.0,1.485,15.5,21.978277,10.000029563903809,23.435361862182617,10.00003,23.435362
15.0,28.0,41.39498,16.0,21.981318,10.000030517578125,23.414487838745117,10.0000305,23.414488
22.0,24.0,48.45135,16.8,21.985207,10.000031471252441,23.392915725708008,10.000031,23.392916
22.0,24.0,133.79245,17.5,22.02313,10.000038146972656,23.314359664916992,10.000038,23.31436
22.0,24.0,99.41992,18.400002,22.037174,10.00003433227539,23.286792755126953,10.000034,23.286793
22.0,24.0,218.82664,19.3,22.34309,15.499945640563965,23.240726470947266,15.499946,23.240726
22.0,24.0,195.57272,20.299995,22.693668,15.499942779541016,23.034744262695312,15.499943,23.034744
22.0,24.0,301.83176,21.399998,22.806477,15.499958992004395,22.726070404052734,15.499959,22.72607
22.0,24.0,334.032,22.5,22.868156,15.499963760375977,22.553680419921875,15.499964,22.55368
22.0,24.0,437.9453,23.5,22.94057,15.49997329711914,22.224903106689453,15.499973,22.224903
22.0,24.0,509.31342,24.299995,22.955421,15.499979019165039,22.03935432434082,15.499979,22.039354
22.0,24.0,625.05725,25.100006,23.041252,15.499984741210938,21.689525604248047,15.499985,21.689526
22.0,24.0,637.7928,25.800003,23.040306,15.499985694885254,21.5301570892334,15.499986,21.530157
22.0,24.0,598.42834,26.5,23.087414,15.499983787536621,21.262004852294922,15.499984,21.262005
22.0,24.0,603.7679,26.799995,23.084911,15.499984741210938,21.149471282958984,15.499985,21.149471
22.0,24.0,591.0823,27.200005,23.126316,15.499983787536621,20.90854835510254,15.499984,20.908548
22.0,24.0,635.2403,27.300003,23.155054,15.499985694885254,20.808361053466797,15.499986,20.808361
22.0,24.0,566.40094,27.399994,23.194426,15.499981880187988,20.604034423828125,15.499982,20.604034
22.0,24.0,505.16476,27.200005,23.213474,15.499979019165039,20.562715530395508,15.499979,20.562716
22.0,24.0,410.62842,27.099998,23.216465,15.499969482421875,20.419200897216797,15.4999695,20.4192
22.0,24.0,400.67307,26.599998,23.208569,15.499968528747559,20.425052642822266,15.499969,20.425053
22.0,24.0,254.94077,26.099998,23.161507,15.499942779541016,20.350595474243164,15.499943,20.350595
22.0,24.0,221.85252,25.100006,23.104034,15.499937057495117,20.427581787109375,15.499937,20.427582
22.0,24.0,102.98672,24.099998,23.020199,15.499889373779297,20.418315887451172,15.499889,20.418316
22.0,24.0,168.16953,22.7,22.95726,15.49991226196289,20.510910034179688,15.499912,20.51091
22.0,24.0,60.94622,21.300003,22.634184,10.000051498413086,22.365140914916992,10.0000515,22.36514
22.0,24.0,100.74828,21.300003,22.842348,10.000057220458984,22.338260650634766,10.000057,22.33826
22.0,24.0,20.434763,18.3,22.70379,10.000044822692871,22.589752197265625,10.000045,22.589752
22.0,24.0,10.653113,17.200005,22.776196,10.000041961669922,22.68657112121582,10.000042,22.686571
22.0,24.0,4.100338,16.0,22.736368,10.000041007995605,22.78770637512207,10.000041,22.787706
15.0,28.0,0.0,15.400002,22.698338,10.000039100646973,22.88913345336914,10.000039,22.889133
15.0,28.0,0.0,14.799999,22.615114,10.000039100646973,22.96118927001953,10.000039,22.96119
15.0,28.0,0.0,14.5,22.53104,10.00003719329834,23.05294418334961,10.000037,23.052944
15.0,28.0,0.0,14.099998,22.456291,10.00003719329834,23.09671401977539,10.000037,23.096714
15.0,28.0,0.0,13.899998,22.379908,10.000036239624023,23.17392921447754,10.000036,23.17393
15.0,28.0,0.0,13.600002,22.314766,10.000036239624023,23.193580627441406,10.000036,23.19358
15.0,28.0,0.0,13.200001,22.244019,10.000035285949707,23.262027740478516,10.000035,23.262028
15.0,28.0,0.0,12.900002,22.185446,10.000057220458984,23.40565299987793,10.000057,23.405653
15.0,28.0,0.0,12.5,22.144533,10.000056266784668,23.47503662109375,10.000056,23.475037
15.0,28.0,0.0,12.199997,22.09551,10.000048637390137,23.484848022460938,10.000049,23.484848
15.0,28.0,0.0,11.900002,22.038736,10.00004768371582,23.551841735839844,10.000048,23.551842
15.0,28.0,0.0,11.599998,21.994335,10.000041007995605,23.566450119018555,10.000041,23.56645
15.0,28.0,0.0,11.300003,21.943928,10.000041007995605,23.626487731933594,10.000041,23.626488
15.0,28.0,0.0,11.0,21.903435,10.000035285949707,23.64720916748047,10.000035,23.64721
15.0,28.0,0.0,10.700001,21.858658,10.000035285949707,23.70125389099121,10.000035,23.701254
15.0,28.0,0.0,10.5,21.822044,10.000031471252441,23.72659683227539,10.000031,23.726597
15.0,28.0,0.0,10.400002,21.78408,10.000030517578125,23.770244598388672,10.0000305,23.770245
15.0,28.0,0.0,10.200001,21.751745,10.000027656555176,23.800376892089844,10.000028,23.800377
15.0,28.0,2.145,11.199997,21.728127,10.000027656555176,23.81264305114746,10.000028,23.812643
15.0,28.0,64.128876,12.199997,21.734596,10.000030517578125,23.77764129638672,10.0000305,23.777641
22.0,24.0,25.575,13.400002,21.72578,10.00002670288086,23.773746490478516,10.000027,23.773746
22.0,24.0,115.379875,14.599998,21.76653,10.000033378601074,23.69382095336914,10.000033,23.69382
22.0,24.0,58.567352,15.799999,21.776176,10.000027656555176,23.673900604248047,10.000028,23.6739
22.0,24.0,172.72719,17.099998,22.082935,15.499932289123535,23.637178421020508,15.499932,23.637178
22.0,24.0,121.61667,18.0,22.42639,15.499921798706055,23.466890335083008,15.499922,23.46689
22.0,24.0,326.3605,19.0,22.572247,15.499959945678711,23.116649627685547,15.49996,23.11665
22.0,24.0,318.3818,19.8,22.647041,15.499959945678711,22.963401794433594,15.49996,22.963402
22.0,24.0,502.8356,20.7,22.809322,15.499977111816406,22.56377410888672,15.499977,22.563774
22.0,24.0,527.05194,21.399998,22.858631,15.499979019165039,22.37367820739746,15.499979,22.373678
22.0,24.0,638.5913,22.200005,22.95228,15.499984741210938,22.012052536010742,15.499985,22.012053
22.0,24.0,658.9124,22.900002,22.959532,15.49998664855957,21.83695411682129,15.499987,21.836954
22.0,24.0,697.2725,23.600002,23.034058,15.499987602233887,21.5216064453125,15.499988,21.521606
22.0,24.0,681.4563,24.099998,23.03001,15.49998664855957,21.388381958007812,15.499987,21.388382
22.0,24.0,642.4392,24.599998,23.073738,15.499985694885254,21.134647369384766,15.499986,21.134647
22.0,24.0,637.7337,24.899994,23.062557,15.499985694885254,21.042179107666016,15.499986,21.04218
22.0,24.0,585.95856,25.299995,23.088991,15.499982833862305,20.825130462646484,15.499983,20.82513
22.0,24.0,564.1478,25.5,23.100018,15.499981880187988,20.762126922607422,15.499982,20.762127
22.0,24.0,427.37067,25.700005,23.097084,15.499969482421875,20.60360336303711,15.4999695,20.603603
22.0,24.0,404.5249,25.700005,23.090866,15.499967575073242,20.59332275390625,15.499968,20.593323
22.0,24.0,253.80815,25.800003,23.05244,15.499940872192383,20.493270874023438,15.499941,20.49327
22.0,24.0,241.41899,25.599998,23.015673,15.49993896484375,20.531333923339844,15.499939,20.531334
22.0,24.0,121.59039,25.400002,22.953722,15.499892234802246,20.476999282836914,15.499892,20.477
22.0,24.0,111.02979,25.100006,22.892996,15.499886512756348,20.548564910888672,15.4998865,20.548565
22.0,24.0,49.500004,24.700005,22.612812,10.000049591064453,22.376663208007812,10.00005,22.376663
22.0,24.0,84.07869,24.700005,22.85312,10.000054359436035,22.321338653564453,10.000054,22.321339
22.0,24.0,16.5,22.5,22.72195,10.000044822692871,22.522233963012695,10.000045,22.522234
22.0,24.0,19.435774,21.399998,22.792309,10.000044822692871,22.577049255371094,10.000045,22.57705
22.0,24.0,12.69592,20.299995,22.752377,10.000043869018555,22.65639877319336,10.000044,22.656399
15.0,28.0,0.0,19.899998,22.743063,10.000041007995605,22.738574981689453,10.000041,22.738575
15.0,28.0,0.0,19.599998,22.73799,10.000041961669922,22.772457122802734,10.000042,22.772457
15.0,28.0,0.0,19.400002,22.689299,10.000041007995605,22.83514404296875,10.000041,22.835144
15.0,28.0,0.0,19.3,22.639175,10.000041961669922,22.85552406311035,10.000042,22.855524
15.0,28.0,0.0,19.099998,22.585804,10.000040054321289,22.910310745239258,10.00004,22.91031
15.0,28.0,0.0,19.0,22.54248,10.000041961669922,22.91128921508789,10.000042,22.91129
15.0,28.0,0.0,18.699997,22.492859,10.000041007995605,22.959733963012695,10.000041,22.959734
15.0,28.0,0.0,18.400002,22.453053,10.000060081481934,22.969741821289062,10.00006,22.969742
15.0,28.0,0.0,18.2,22.4094,10.000059127807617,23.024852752685547,10.000059,23.024853
15.0,28.0,0.0,17.900002,22.375246,10.000051498413086,23.014301300048828,10.0000515,23.014301
15.0,28.0,0.0,17.7,22.332006,10.00005054473877,23.066131591796875,10.000051,23.066132
15.0,28.0,0.0,17.5,22.301212,10.000044822692871,23.06161880493164,10.000045,23.061619
15.0,28.0,0.0,17.399998,22.263695,10.000043869018555,23.105884552001953,10.000044,23.105885
15.0,28.0,0.0,17.3,22.23687,10.000039100646973,23.10700798034668,10.000039,23.107008
15.0,28.0,0.0,17.200005,22.20533,10.000039100646973,23.145030975341797,10.000039,23.145031
15.0,28.0,0.0,17.099998,22.182068,10.00003433227539,23.154464721679688,10.000034,23.154465
15.0,28.0,0.0,17.099998,22.15681,10.00003433227539,23.184619903564453,10.000034,23.18462
15.0,28.0,0.0,17.200005,22.138313,10.000031471252441,23.197460174560547,10.000031,23.19746
15.0,28.0,1.32,17.900002,22.124802,10.000030517578125,23.202966690063477,10.0000305,23.202967
15.0,28.0,35.151554,18.600002,22.12952,10.000031471252441,23.17768096923828,10.000031,23.177681
22.0,24.0,52.1189,19.400002,22.139189,10.000033378601074,23.144672393798828,10.000033,23.144672
22.0,24.0,103.170586,20.2,22.169369,10.000036239624023,23.081911087036133,10.000036,23.081911
22.0,24.0,118.21191,21.300003,22.201641,10.000039100646973,23.01189422607422,10.000039,23.011894
22.0,24.0,215.51186,22.399998,22.505371,15.499946594238281,22.947948455810547,15.499947,22.947948
22.0,24.0,206.54668,24.0,22.867563,15.499944686889648,22.697303771972656,15.499945,22.697304
22.0,24.0,311.31107,25.599998,22.948044,15.499960899353027,22.36661148071289,15.499961,22.366611
22.0,24.0,325.63916,26.699997,22.942047,15.499963760375977,22.213211059570312,15.499964,22.213211
22.0,24.0,435.52914,27.799995,23.030037,15.49997329711914,21.865570068359375,15.499973,21.86557
22.0,24.0,454.59378,28.400002,23.022715,15.499975204467773,21.713869094848633,15.499975,21.71387
22.0,24.0,580.42065,29.0,23.115051,15.499982833862305,21.37293243408203,15.499983,21.372932
22.0,24.0,619.7804,29.400002,23.115551,15.499984741210938,21.21908187866211,15.499985,21.219082
22.0,24.0,663.726,29.800003,23.18332,15.49998664855957,20.93315315246582,15.499987,20.933153
22.0,24.0,674.8781,30.0,23.222347,15.499987602233887,20.80141258239746,15.499988,20.801413
22.0,24.0,671.7087,30.199997,23.312002,15.49998664855957,20.55146026611328,15.499987,20.55146
22.0,24.0,665.6367,30.199997,23.386814,15.49998664855957,20.445716857910156,15.499987,20.445717
22.0,24.0,586.19415,30.299995,23.445675,15.499982833862305,20.248056411743164,15.499983,20.248056
22.0,24.0,572.1825,30.299995,23.497108,15.499982833862305,20.186586380004883,15.499983,20.186586
22.0,24.0,454.8861,30.299995,23.509354,15.49997329711914,20.0428466796875,15.499973,20.042847
22.0,24.0,414.3495,30.199997,23.50972,15.499970436096191,20.03592872619629,15.49997,20.035929
22.0,24.0,199.23274,30.100006,23.444046,15.499932289123535,19.98051643371582,15.499932,19.980516
22.0,24.0,261.67007,30.0,23.419312,15.499944686889648,20.002395629882812,15.499945,20.002396
22.0,24.0,114.34582,29.899994,23.344357,15.499895095825195,19.96900177001953,15.499895,19.969002
22.0,24.0,115.26994,29.5,23.282433,15.499895095825195,20.03297233581543,15.499895,20.032972
22.0,24.0,50.473793,29.099998,22.9665,10.000061988830566,21.89861297607422,10.000062,21.898613
22.0,24.0,9.822621,29.099998,22.804176,10.000052452087402,22.066503524780273,10.000052,22.066504
22.0,24.0,7.7539005,26.900002,22.850822,10.000052452087402,22.161230087280273,10.000052,22.16123
22.0,24.0,4.8839803,26.0,22.830402,10.00005054473877,22.25362777709961,10.000051,22.253628
22.0,24.0,3.3517797,25.199997,22.821405,10.00005054473877,22.3282470703125,10.000051,22.328247
15.0,28.0,0.0,24.5,22.803782,10.000048637390137,22.409679412841797,10.000049,22.40968
15.0,28.0,0.0,23.699997,22.794163,10.000049591064453,22.460906982421875,10.00005,22.460907
15.0,28.0,0.0,23.0,22.769176,10.00004768371582,22.532268524169922,10.000048,22.532269
15.0,28.0,0.0,22.3,22.759922,10.000048637390137,22.563291549682617,10.000049,22.563292
15.0,28.0,0.0,21.7,22.72831,10.000046730041504,22.62844467163086,10.000047,22.628445
15.0,28.0,0.0,21.199997,22.72174,10.000048637390137,22.639545440673828,10.000049,22.639545
15.0,28.0,0.0,20.8,22.68431,10.000046730041504,22.69692611694336,10.000047,22.696926
15.0,28.0,0.0,20.5,22.678848,10.000065803527832,22.629480361938477,10.000066,22.62948
15.0,28.0,0.0,20.299995,22.606049,10.0000638961792,22.704004287719727,10.000064,22.704004
15.0,28.0,0.0,20.100002,22.575567,10.000055313110352,22.695404052734375,10.000055,22.695404
15.0,28.0,0.0,20.100002,22.528248,10.000054359436035,22.75067710876465,10.000054,22.750677
15.0,28.0,0.0,20.0,22.494884,10.00004768371582,22.747356414794922,10.000048,22.747356
15.0,28.0,0.0,20.2,22.457031,10.00004768371582,22.788333892822266,10.000048,22.788334
15.0,28.0,0.0,20.299995,22.431318,10.000041961669922,22.784305572509766,10.000042,22.784306
15.0,28.0,0.0,20.400002,22.402277,10.000041007995605,22.816429138183594,10.000041,22.81643
15.0,28.0,0.0,20.5,22.382925,10.00003719329834,22.817869186401367,10.000037,22.81787
15.0,28.0,0.0,20.5,22.361263,10.00003719329834,22.843677520751953,10.000037,22.843678
15.0,28.0,0.0,20.5,22.345806,10.000033378601074,22.855501174926758,10.000033,22.855501
15.0,28.0,3.1318254,20.7,22.332544,10.000033378601074,22.868562698364258,10.000033,22.868563
15.0,28.0,23.19405,20.900002,22.329453,10.000033378601074,22.866287231445312,10.000033,22.866287
22.0,24.0,43.7685,21.300003,22.333103,10.000035285949707,22.847183227539062,10.000035,22.847183
22.0,24.0,67.27593,21.7,22.343517,10.000035285949707,22.827838897705078,10.000035,22.827839
22.0,24.0,90.76151,22.099998,22.362385,10.000038146972656,22.785301208496094,10.000038,22.785301
22.0,24.0,185.45193,22.600002,22.64508,15.499943733215332,22.74309539794922,15.499944,22.743095
22.0,24.0,209.78865,23.0,22.975,15.499948501586914,22.534469604492188,15.4999485,22.53447
22.0,24.0,319.87646,23.5,22.98571,15.499963760375977,22.279216766357422,15.499964,22.279217
22.0,24.0,326.44092,24.299995,22.978537,15.49996566772461,22.168914794921875,15.499966,22.168915
22.0,24.0,409.7068,25.0,23.0434,15.49997329711914,21.884321212768555,15.499973,21.884321
22.0,24.0,438.84546,26.099998,23.035019,15.499975204467773,21.74945640563965,15.499975,21.749456
22.0,24.0,510.84717,27.200005,23.09902,15.499979019165039,21.448650360107422,15.499979,21.44865
22.0,24.0,569.06573,27.799995,23.098536,15.499982833862305,21.307846069335938,15.499983,21.307846
22.0,24.0,624.2506,28.400002,23.15957,15.499984741210938,21.027769088745117,15.499985,21.02777
22.0,24.0,640.69745,28.800003,23.167122,15.49998664855957,20.90995216369629,15.499987,20.909952
22.0,24.0,640.4121,29.199997,23.244267,15.499985694885254,20.66106605529785,15.499986,20.661066
22.0,24.0,632.9006,29.599998,23.306324,15.499985694885254,20.553476333618164,15.499986,20.553476
22.0,24.0,560.51996,30.100006,23.359741,15.499981880187988,20.345462799072266,15.499982,20.345463
22.0,24.0,504.6112,30.199997,23.394463,15.499979019165039,20.291170120239258,15.499979,20.29117
22.0,24.0,413.66998,30.299995,23.408882,15.499969482421875,20.143081665039062,15.4999695,20.143082
22.0,24.0,403.9134,30.199997,23.419744,15.499968528747559,20.127906799316406,15.499969,20.127907
22.0,24.0,259.78317,30.0,23.384525,15.499944686889648,20.041515350341797,15.499945,20.041515
22.0,24.0,234.29521,29.800003,23.349197,15.49993896484375,20.076684951782227,15.499939,20.076685
22.0,24.0,81.416016,29.5,23.26969,15.49988079071045,20.05260467529297,15.499881,20.052605
22.0,24.0,144.21533,29.0,23.224293,15.49990463256836,20.098079681396484,15.499905,20.09808
22.0,24.0,47.09719,28.599998,22.905628,10.000059127807617,21.97418975830078,10.000059,21.97419
22.0,24.0,60.120663,28.599998,22.826797,10.000059127807617,22.041767120361328,10.000059,22.041767
22.0,24.0,21.945,26.799995,22.808363,10.000053405761719,22.18744659423828,10.000053,22.187447
22.0,24.0,11.55,25.700005,22.826715,10.00005054473877,22.277740478515625,10.000051,22.27774
22.0,24.0,17.475533,24.599998,22.813711,10.000051498413086,22.344093322753906,10.0000515,22.344093
15.0,28.0,0.0,24.0,22.79007,10.00004768371582,22.4433650970459,10.000048,22.443365
15.0,28.0,0.0,23.3,22.791481,10.000048637390137,22.490232467651367,10.000049,22.490232
15.0,28.0,0.0,22.900002,22.764683,10.000046730041504,22.5572509765625,10.000047,22.557251
15.0,28.0,0.0,22.399998,22.756556,10.00004768371582,22.582683563232422,10.000048,22.582684
15.0,28.0,0.0,22.099998,22.72646,10.000046730041504,22.64013671875,10.000047,22.640137
15.0,28.0,0.0,21.8,22.721012,10.000048637390137,22.64369010925293,10.000049,22.64369
15.0,28.0,0.0,21.599998,22.685474,10.000046730041504,22.692729949951172,10.000047,22.69273
15.0,28.0,0.0,21.300003,22.682032,10.000064849853516,22.61025619506836,10.000065,22.610256
15.0,28.0,0.0,21.199997,22.60345,10.0000638961792,22.67902946472168,10.000064,22.67903
15.0,28.0,0.0,21.0,22.589764,10.000055313110352,22.658756256103516,10.000055,22.658756
15.0,28.0,0.0,20.900002,22.546785,10.000055313110352,22.709508895874023,10.000055,22.709509
15.0,28.0,0.0,20.8,22.51755,10.000048637390137,22.700712203979492,10.000049,22.700712
15.0,28.0,0.0,20.7,22.481155,10.00004768371582,22.744441986083984,10.000048,22.744442
15.0,28.0,0.0,20.599998,22.455894,10.000041961669922,22.743701934814453,10.000042,22.743702
15.0,28.0,0.0,20.599998,22.42622,10.000041961669922,22.77886390686035,10.000042,22.778864
15.0,28.0,0.0,20.599998,22.405367,10.00003719329834,22.784229278564453,10.000037,22.78423
15.0,28.0,0.0,20.599998,22.382288,10.00003719329834,22.812358856201172,10.000037,22.812359
15.0,28.0,0.0,20.5,22.364689,10.00003433227539,22.828746795654297,10.000034,22.828747
15.0,28.0,1.98,20.8,22.349936,10.000033378601074,22.842998504638672,10.000033,22.842999
15.0,28.0,41.216663,21.100002,22.35255,10.000035285949707,22.82498550415039,10.000035,22.824986
22.0,24.0,43.756905,21.7,22.35253,10.000035285949707,22.811965942382812,10.000035,22.811966
22.0,24.0,130.06229,22.3,22.387375,10.000043869018555,22.73169708251953,10.000044,22.731697
22.0,24.0,70.81114,23.3,22.38892,10.000036239624023,22.73074722290039,10.000036,22.730747
22.0,24.0,184.12941,24.400002,22.689737,15.499942779541016,22.641088485717773,15.499943,22.641088
22.0,24.0,157.38728,25.299995,22.98422,15.499937057495117,22.44762420654297,15.499937,22.447624
22.0,24.0,325.1266,26.199997,23.018282,15.499963760375977,22.139986038208008,15.499964,22.139986
22.0,24.0,288.21817,26.699997,22.989143,15.499959945678711,22.05155372619629,15.49996,22.051554
22.0,24.0,261.69366,27.099998,23.029755,15.499956130981445,21.830856323242188,15.499956,21.830856
22.0,24.0,342.9761,27.399994,23.036917,15.499967575073242,21.710233688354492,15.499968,21.710234
22.0,24.0,310.2105,27.600006,23.054806,15.49996280670166,21.502864837646484,15.499963,21.502865
22.0,24.0,144.66454,27.799995,22.986984,15.499937057495117,21.525829315185547,15.499937,21.52583
22.0,24.0,129.22302,27.900002,23.015783,15.499929428100586,21.35550308227539,15.499929,21.355503
22.0,24.0,386.35492,27.900002,23.043526,15.499969482421875,21.23297691345215,15.4999695,21.232977
22.0,24.0,570.93164,27.900002,23.108036,15.499982833862305,20.956573486328125,15.499983,20.956573
22.0,24.0,434.9553,27.799995,23.055096,15.49997329711914,20.926708221435547,15.499973,20.926708
22.0,24.0,417.5912,27.699997,23.09512,15.499971389770508,20.73478126525879,15.499971,20.734781
22.0,24.0,321.1947,27.399994,23.064064,15.499960899353027,20.741291046142578,15.499961,20.741291
22.0,24.0,328.2988,27.099998,23.078941,15.499958038330078,20.591554641723633,15.499958,20.591555
22.0,24.0,401.41953,26.799995,23.093462,15.499967575073242,20.5681209564209,15.499968,20.568121
22.0,24.0,201.46751,26.5,23.043259,15.499929428100586,20.489404678344727,15.499929,20.489405
22.0,24.0,225.41612,26.199997,23.013897,15.499934196472168,20.521902084350586,15.499934,20.521902
22.0,24.0,85.96296,26.0,22.94636,15.499876022338867,20.476608276367188,15.499876,20.476608
22.0,24.0,132.26396,25.599998,22.902138,15.499895095825195,20.527172088623047,15.499895,20.527172
22.0,24.0,44.55,25.299995,22.618103,10.000048637390137,22.366506576538086,10.000049,22.366507
22.0,24.0,47.78803,25.299995,22.847923,10.000049591064453,22.35456657409668,10.00005,22.354567
22.0,24.0,23.43,24.199997,22.757942,10.000046730041504,22.472949981689453,10.000047,22.47295
22.0,24.0,11.055,23.800003,22.787258,10.000043869018555,22.53672981262207,10.000044,22.53673
22.0,24.0,17.344275,23.400002,22.776688,10.000045776367188,22.571338653564453,10.000046,22.571339
15.0,28.0,0.0,23.3,22.754559,10.000042915344238,22.6422119140625,10.000043,22.642212
15.0,28.0,0.0,23.099998,22.760323,10.000043869018555,22.65898895263672,10.000044,22.658989
15.0,28.0,0.0,22.799995,22.734701,10.000042915344238,22.703638076782227,10.000043,22.703638
15.0,28.0,0.0,22.399998,22.730766,10.000044822692871,22.70737648010254,10.000045,22.707376
15.0,28.0,0.0,22.099998,22.702606,10.000043869018555,22.74797821044922,10.000044,22.747978
15.0,28.0,0.0,21.8,22.67816,10.000045776367188,22.74128532409668,10.000046,22.741285
15.0,28.0,0.0,21.5,22.637608,10.000044822692871,22.7813777923584,10.000045,22.781378
15.0,28.0,0.0,21.300003,22.605991,10.000062942504883,22.715309143066406,10.000063,22.71531
15.0,28.0,0.0,21.199997,22.558216,10.000061988830566,22.763954162597656,10.000062,22.763954
15.0,28.0,0.0,21.0,22.531113,10.000054359436035,22.74127960205078,10.000054,22.74128
15.0,28.0,0.0,20.900002,22.494532,10.000053405761719,22.783031463623047,10.000053,22.783031
15.0,28.0,0.0,20.8,22.470757,10.00004768371582,22.766765594482422,10.000048,22.766766
15.0,28.0,0.0,20.599998,22.438667,10.000046730041504,22.80584716796875,10.000047,22.805847
15.0,28.0,0.0,20.5,22.41734,10.000041961669922,22.79990005493164,10.000042,22.7999
15.0,28.0,0.0,20.400002,22.390343,10.000041007995605,22.832700729370117,10.000041,22.8327
15.0,28.0,0.0,20.299995,22.371326,10.00003719329834,22.837190628051758,10.000037,22.83719
15.0,28.0,0.0,20.299995,22.349842,10.000036239624023,22.86321258544922,10.000036,22.863213
15.0,28.0,0.0,20.299995,22.33411,10.000033378601074,22.87532615661621,10.000033,22.875326
15.0,28.0,1.9543443,20.7,22.321537,10.000033378601074,22.884727478027344,10.000033,22.884727
15.0,28.0,4.931707,21.0,22.313892,10.000031471252441,22.89261245727539,10.000031,22.892612
22.0,24.0,6.891127,21.300003,22.310287,10.000031471252441,22.89236068725586,10.000031,22.89236
22.0,24.0,9.896961,21.599998,22.309538,10.000029563903809,22.903120040893555,10.00003,22.90312
22.0,24.0,14.811971,22.0,22.315811,10.000029563903809,22.888668060302734,10.00003,22.888668
22.0,24.0,20.79,22.5,22.558926,15.499899864196777,22.905797958374023,15.4999,22.905798
22.0,24.0,27.68662,23.0,22.874714,15.499902725219727,22.74030303955078,15.499903,22.740303
22.0,24.0,36.63,23.5,22.884201,15.49990463256836,22.565067291259766,15.499905,22.565067
22.0,24.0,45.51401,23.899998,22.8648,15.499908447265625,22.51410675048828,15.499908,22.514107
22.0,24.0,53.46,24.400002,22.8914,15.499908447265625,22.320951461791992,15.499908,22.320951
22.0,24.0,63.33683,24.899994,22.863546,15.49991226196289,22.271041870117188,15.499912,22.271042
22.0,24.0,71.28,25.299995,22.889364,15.499910354614258,22.069862365722656,15.49991,22.069862
22.0,24.0,79.16625,25.599998,22.855326,15.499914169311523,22.030292510986328,15.499914,22.030293
22.0,24.0,145.89265,25.900002,22.899155,15.49992847442627,21.79462432861328,15.499928,21.794624
22.0,24.0,246.56676,26.0,22.885693,15.499950408935547,21.706329345703125,15.49995,21.70633
22.0,24.0,173.07942,26.099998,22.887972,15.499931335449219,21.52215576171875,15.499931,21.522156
22.0,24.0,111.61102,26.199997,22.838547,15.499916076660156,21.523704528808594,15.499916,21.523705
22.0,24.0,82.05311,26.300003,22.852222,15.499897956848145,21.35428810119629,15.499898,21.354288
22.0,24.0,74.19247,26.300003,22.799837,15.499895095825195,21.365001678466797,15.499895,21.365002
22.0,24.0,67.151726,26.300003,22.811466,15.49988079071045,21.202091217041016,15.499881,21.202091
22.0,24.0,56.365948,26.199997,22.753653,15.499876022338867,21.226179122924805,15.499876,21.22618
22.0,24.0,47.31673,26.0,22.76123,15.499856948852539,21.079639434814453,15.499857,21.07964
22.0,24.0,36.564342,25.700005,22.700613,15.499850273132324,21.11858558654785,15.49985,21.118586
22.0,24.0,28.541805,25.5,22.705395,15.499824523925781,20.98334503173828,15.499825,20.983345
22.0,24.0,24.645159,25.0,22.642984,15.499822616577148,21.0323486328125,15.499823,21.032349
22.0,24.0,21.522997,24.5,22.445873,10.000038146972656,22.7734432220459,10.000038,22.773443
22.0,24.0,21.522997,24.5,22.77456,10.000039100646973,22.709239959716797,10.000039,22.70924
22.0,24.0,28.450281,23.3,22.731361,10.000041007995605,22.741130828857422,10.000041,22.74113
22.0,24.0,17.029022,22.7,22.72963,10.000039100646973,22.783653259277344,10.000039,22.783653
22.0,24.0,6.533503,22.0,22.700771,10.000039100646973,22.821863174438477,10.000039,22.821863
15.0,28.0,0.0,21.8,22.669186,10.000038146972656,22.866329193115234,10.000038,22.86633
15.0,28.0,0.0,21.599998,22.641113,10.000039100646973,22.874980926513672,10.000039,22.87498
15.0,28.0,0.0,21.5,22.609196,10.000039100646973,22.907657623291016,10.000039,22.907658
15.0,28.0,0.0,21.300003,22.582844,10.000040054321289,22.90151596069336,10.00004,22.901516
15.0,28.0,0.0,21.300003,22.55238,10.000040054321289,22.929460525512695,10.00004,22.92946
15.0,28.0,0.0,21.199997,22.529667,10.000041007995605,22.908191680908203,10.000041,22.908192
15.0,28.0,0.0,21.199997,22.50087,10.000041007995605,22.932235717773438,10.000041,22.932236
15.0,28.0,0.0,21.199997,22.481863,10.000060081481934,22.883625030517578,10.00006,22.883625
15.0,28.0,0.0,21.100002,22.451775,10.000059127807617,22.91351318359375,10.000059,22.913513
15.0,28.0,0.0,21.0,22.435677,10.000051498413086,22.874725341796875,10.0000515,22.874725
15.0,28.0,0.0,20.900002,22.409065,10.000051498413086,22.902118682861328,10.0000515,22.902119
15.0,28.0,0.0,20.7,22.393555,10.000045776367188,22.87636947631836,10.000046,22.87637
15.0,28.0,0.0,20.5,22.369171,10.000044822692871,22.90475845336914,10.000045,22.904758
15.0,28.0,0.0,20.299995,22.353706,10.000040054321289,22.892345428466797,10.00004,22.892345
15.0,28.0,0.0,20.100002,22.33153,10.000040054321289,22.920013427734375,10.00004,22.920013
15.0,28.0,0.0,19.8,22.315342,10.000036239624023,22.92375946044922,10.000036,22.92376
15.0,28.0,0.0,19.5,22.29449,10.000036239624023,22.953706741333008,10.000036,22.953707
15.0,28.0,0.0,19.3,22.277967,10.000032424926758,22.970216751098633,10.000032,22.970217
15.0,28.0,3.63858,19.400002,22.26286,10.000033378601074,22.987470626831055,10.000033,22.98747
15.0,28.0,25.094818,19.400002,22.256927,10.000032424926758,22.99148178100586,10.000032,22.991482
22.0,24.0,36.906487,19.700005,22.254166,10.000033378601074,22.986143112182617,10.000033,22.986143
22.0,24.0,59.935875,19.899998,22.25909,10.000033378601074,22.978748321533203,10.000033,22.978748
22.0,24.0,27.52226,20.400002,22.254288,10.000030517578125,22.990257263183594,10.0000305,22.990257
22.0,24.0,118.19638,20.900002,22.5262,15.49992847442627,22.972980499267578,15.499928,22.97298
22.0,24.0,167.44063,21.5,22.86763,15.499939918518066,22.761341094970703,15.49994,22.761341
22.0,24.0,118.28038,22.099998,22.881527,15.49992847442627,22.593708038330078,15.499928,22.593708
22.0,24.0,101.953445,22.600002,22.86578,15.49992561340332,22.542346954345703,15.499926,22.542347
22.0,24.0,121.052124,23.2,22.89965,15.49992847442627,22.336536407470703,15.499928,22.336536
22.0,24.0,234.80818,23.5,22.903559,15.49995231628418,22.223529815673828,15.499952,22.22353
22.0,24.0,349.7261,23.899998,22.960201,15.49996566772461,21.941150665283203,15.499966,21.94115
22.0,24.0,412.05048,24.299995,22.950598,15.499972343444824,21.82186508178711,15.499972,21.821865
22.0,24.0,252.37503,24.800003,22.940477,15.49995231628418,21.654329299926758,15.499952,21.65433
22.0,24.0,386.27136,25.199997,22.96495,15.499969482421875,21.534372329711914,15.4999695,21.534372
22.0,24.0,288.37326,25.599998,22.954948,15.499956130981445,21.35039520263672,15.499956,21.350395
22.0,24.0,177.93684,25.800003,22.896461,15.499937057495117,21.36440658569336,15.499937,21.364407
22.0,24.0,210.03146,26.099998,22.930374,15.499938011169434,21.166955947875977,15.499938,21.166956
22.0,24.0,176.43246,26.199997,22.868092,15.499930381774902,21.177566528320312,15.49993,21.177567
22.0,24.0,83.76269,26.300003,22.85931,15.499892234802246,21.05072593688965,15.499892,21.050726
22.0,24.0,226.65495,26.300003,22.850079,15.499935150146484,21.011240005493164,15.499935,21.01124
22.0,24.0,204.10747,26.300003,22.847532,15.499922752380371,20.85143280029297,15.499923,20.851433
22.0,24.0,243.58685,26.099998,22.81277,15.499933242797852,20.845134735107422,15.499933,20.845135
22.0,24.0,151.88046,26.0,22.798779,15.499895095825195,20.72231674194336,15.499895,20.722317
22.0,24.0,158.2016,25.599998,22.751163,15.499897956848145,20.75262451171875,15.499898,20.752625
22.0,24.0,68.78861,25.199997,22.534542,10.00004768371582,22.51102066040039,10.000048,22.51102
22.0,24.0,95.48466,25.199997,22.838886,10.000053405761719,22.423892974853516,10.000053,22.423893
22.0,24.0,18.432262,23.899998,22.70206,10.000042915344238,22.60190773010254,10.000043,22.601908
22.0,24.0,27.027855,23.0,22.78344,10.000043869018555,22.620712280273438,10.000044,22.620712
22.0,24.0,9.786674,22.099998,22.739637,10.000042915344238,22.690216064453125,10.000043,22.690216
15.0,28.0,0.0,22.0,22.744606,10.000041007995605,22.742643356323242,10.000041,22.742643
15.0,28.0,0.0,21.8,22.738323,10.000041961669922,22.758214950561523,10.000042,22.758215
15.0,28.0,0.0,21.7,22.703058,10.000041007995605,22.80031967163086,10.000041,22.80032
15.0,28.0,0.0,21.599998,22.669441,10.000042915344238,22.803325653076172,10.000043,22.803326
15.0,28.0,0.0,21.599998,22.632633,10.000041961669922,22.838764190673828,10.000042,22.838764
15.0,28.0,0.0,21.599998,22.604786,10.000043869018555,22.823688507080078,10.000044,22.823689
15.0,28.0,0.0,21.5,22.570908,10.000042915344238,22.85425567626953,10.000043,22.854256
15.0,28.0,0.0,21.399998,22.546572,10.00006103515625,22.793678283691406,10.000061,22.793678
15.0,28.0,0.0,21.300003,22.508183,10.00006103515625,22.83182716369629,10.000061,22.831827
15.0,28.0,0.0,21.100002,22.487017,10.000053405761719,22.801206588745117,10.000053,22.801207
15.0,28.0,0.0,20.900002,22.455208,10.000052452087402,22.837757110595703,10.000052,22.837757
15.0,28.0,0.0,20.7,22.435093,10.000046730041504,22.818389892578125,10.000047,22.81839
15.0,28.0,0.0,20.599998,22.406954,10.000045776367188,22.85054588317871,10.000046,22.850546
15.0,28.0,0.0,20.400002,22.388052,10.000041007995605,22.842559814453125,10.000041,22.84256
15.0,28.0,0.0,20.2,22.362974,10.000041007995605,22.874374389648438,10.000041,22.874374
15.0,28.0,0.0,20.100002,22.34557,10.000036239624023,22.876815795898438,10.000036,22.876816
15.0,28.0,0.0,20.100002,22.325325,10.000036239624023,22.901012420654297,10.000036,22.901012
15.0,28.0,0.0,20.0,22.310022,10.000033378601074,22.913875579833984,10.000033,22.913876
15.0,28.0,3.5940309,20.299995,22.297855,10.000033378601074,22.923978805541992,10.000033,22.923979
15.0,28.0,21.325626,20.5,22.294535,10.000032424926758,22.9223575592041,10.000032,22.922358
22.0,24.0,40.362778,21.0,22.298834,10.00003433227539,22.901735305786133,10.000034,22.901735
22.0,24.0,77.34788,21.5,22.315132,10.000036239624023,22.867645263671875,10.000036,22.867645
22.0,24.0,131.2925,22.0,22.34727,10.000043869018555,22.792190551757812,10.000044,22.79219
22.0,24.0,125.370476,22.600002,22.602892,15.499930381774902,22.8117733001709,15.49993,22.811773
22.0,24.0,77.88504,23.099998,22.92031,15.499918937683105,22.653533935546875,15.499919,22.653534
22.0,24.0,91.30105,23.600002,22.91229,15.499921798706055,22.476200103759766,15.499922,22.4762
22.0,24.0,186.72475,23.899998,22.924715,15.499944686889648,22.366405487060547,15.499945,22.366405
22.0,24.0,278.53458,24.299995,22.972874,15.499958038330078,22.107303619384766,15.499958,22.107304
22.0,24.0,424.78308,24.400002,22.989983,15.49997329711914,21.94972801208496,15.499973,21.949728
22.0,24.0,491.8702,24.5,23.03822,15.499979019165039,21.679662704467773,15.499979,21.679663
22.0,24.0,440.47263,24.800003,23.009447,15.499975204467773,21.607275009155273,15.499975,21.607275
22.0,24.0,339.7501,25.100006,23.023193,15.49996566772461,21.4246768951416,15.499966,21.424677
22.0,24.0,355.6999,25.400002,23.004383,15.499967575073242,21.370702743530273,15.499968,21.370703
22.0,24.0,231.9797,25.800003,22.991817,15.499948501586914,21.221542358398438,15.4999485,21.221542
22.0,24.0,138.02599,26.0,22.928057,15.49992847442627,21.25766372680664,15.499928,21.257664
22.0,24.0,303.5162,26.199997,22.991804,15.499956130981445,21.02825164794922,15.499956,21.028252
22.0,24.0,436.70782,26.199997,22.971766,15.499971389770508,20.967039108276367,15.499971,20.96704
22.0,24.0,375.58124,26.300003,22.979065,15.49996280670166,20.786100387573242,15.499963,20.7861
22.0,24.0,406.9986,26.199997,22.976994,15.499966621398926,20.75127410888672,15.499967,20.751274
22.0,24.0,199.89572,26.199997,22.936642,15.49992561340332,20.649169921875,15.499926,20.64917
22.0,24.0,267.36404,26.0,22.925535,15.499940872192383,20.649961471557617,15.499941,20.649961
22.0,24.0,139.70319,25.800003,22.883007,15.499895095825195,20.56885528564453,15.499895,20.568855
22.0,24.0,138.96922,25.5,22.838154,15.499895095825195,20.6170597076416,15.499895,20.61706
22.0,24.0,41.91,25.199997,22.568607,10.000046730041504,22.444307327270508,10.000047,22.444307
22.0,24.0,87.58841,25.199997,22.86241,10.000054359436035,22.350719451904297,10.000054,22.35072
22.0,24.0,19.305,24.299995,22.718365,10.000044822692871,22.526458740234375,10.000045,22.526459
22.0,24.0,15.99766,23.800003,22.79333,10.000043869018555,22.56279182434082,10.000044,22.562792
22.0,24.0,17.413437,23.3,22.763964,10.000044822692871,22.6041316986084,10.000045,22.604132
15.0,28.0,0.0,23.099998,22.750378,10.000041961669922,22.67110824584961,10.000042,22.671108
15.0,28.0,0.0,23.0,22.755234,10.000043869018555,22.68426513671875,10.000044,22.684265
15.0,28.0,0.0,22.900002,22.731092,10.000042915344238,22.72336196899414,10.000043,22.723362
15.0,28.0,0.0,22.799995,22.728748,10.000044822692871,22.71930503845215,10.000045,22.719305
15.0,28.0,0.0,22.7,22.701958,10.000043869018555,22.75214958190918,10.000044,22.75215
15.0,28.0,0.0,22.7,22.676367,10.000045776367188,22.736719131469727,10.000046,22.73672
15.0,28.0,0.0,22.600002,22.644096,10.000044822692871,22.76599884033203,10.000045,22.765999
15.0,28.0,0.0,22.5,22.621021,10.000062942504883,22.67433738708496,10.000063,22.674337
15.0,28.0,0.0,22.399998,22.578339,10.000061988830566,22.713441848754883,10.000062,22.713442
15.0,28.0,0.0,22.3,22.558588,10.000054359436035,22.67889404296875,10.000054,22.678894
15.0,28.0,0.0,22.200005,22.528393,10.000054359436035,22.711524963378906,10.000054,22.711525
15.0,28.0,0.0,22.099998,22.510576,10.00004768371582,22.686918258666992,10.000048,22.686918
15.0,28.0,0.0,21.900002,22.4838,10.00004768371582,22.718664169311523,10.000048,22.718664
15.0,28.0,0.0,21.7,22.466578,10.000041961669922,22.708606719970703,10.000042,22.708607
15.0,28.0,0.0,21.5,22.442738,10.000041961669922,22.738935470581055,10.000042,22.738935
15.0,28.0,0.0,21.300003,22.425823,10.000038146972656,22.742490768432617,10.000038,22.74249
15.0,28.0,0.0,21.100002,22.404829,10.00003719329834,22.77129364013672,10.000037,22.771294
15.0,28.0,0.0,21.0,22.388945,10.00003433227539,22.78597640991211,10.000034,22.785976
15.0,28.0,2.9756546,21.599998,22.377676,10.00003433227539,22.790735244750977,10.000034,22.790735
15.0,28.0,32.360374,22.200005,22.381441,10.00003433227539,22.769113540649414,10.000034,22.769114
22.0,24.0,56.65066,22.799995,22.392149,10.00003719329834,22.73381233215332,10.000037,22.733812
22.0,24.0,93.30029,23.400002,22.415031,10.000040054321289,22.686904907226562,10.00004,22.686905
22.0,24.0,127.11804,24.199997,22.448578,10.000044822692871,22.610836029052734,10.000045,22.610836
22.0,24.0,211.9757,24.899994,22.726917,15.499948501586914,22.545269012451172,15.4999485,22.545269
22.0,24.0,183.58362,25.5,23.008797,15.499943733215332,22.361467361450195,15.499944,22.361467
22.0,24.0,297.46002,26.099998,23.027405,15.499961853027344,22.096006393432617,15.499962,22.096006
22.0,24.0,320.95633,26.599998,23.020475,15.499964714050293,21.98220443725586,15.499965,21.982204
22.0,24.0,440.64847,27.099998,23.095285,15.499975204467773,21.680400848388672,15.499975,21.6804
22.0,24.0,401.4353,27.399994,23.060741,15.49997329711914,21.600160598754883,15.499973,21.60016
22.0,24.0,555.3949,27.799995,23.153837,15.499982833862305,21.29046630859375,15.499983,21.290466
22.0,24.0,579.6447,27.900002,23.133762,15.499984741210938,21.184825897216797,15.499985,21.184826
22.0,24.0,596.25964,28.0,23.18438,15.499984741210938,20.94662094116211,15.499985,20.94662
22.0,24.0,563.94257,28.0,23.19482,15.499983787536621,20.871097564697266,15.499984,20.871098
22.0,24.0,510.96338,28.099998,23.230965,15.499979972839355,20.680103302001953,15.49998,20.680103
22.0,24.0,597.8935,28.099998,23.290993,15.499984741210938,20.596790313720703,15.499985,20.59679
22.0,24.0,521.44403,28.200005,23.322552,15.499979019165039,20.420072555541992,15.499979,20.420073
22.0,24.0,512.93317,28.099998,23.347645,15.499979019165039,20.382780075073242,15.499979,20.38278
22.0,24.0,405.23663,28.099998,23.34293,15.499969482421875,20.25166893005371,15.4999695,20.251669
22.0,24.0,403.46054,27.900002,23.34077,15.499969482421875,20.252452850341797,15.4999695,20.252453
22.0,24.0,250.76968,27.699997,23.290108,15.499942779541016,20.178804397583008,15.499943,20.178804
22.0,24.0,208.73006,27.099998,23.23301,15.499934196472168,20.246007919311523,15.499934,20.246008
22.0,24.0,129.4486,26.599998,23.159042,15.499900817871094,20.211851119995117,15.499901,20.211851
22.0,24.0,90.93655,25.700005,23.075378,15.499884605407715,20.31820297241211,15.499885,20.318203
22.0,24.0,59.235,24.800003,22.759277,10.000056266784668,22.170698165893555,10.000056,22.170698
22.0,24.0,43.23,24.800003,22.823174,10.000051498413086,22.24984359741211,10.0000515,22.249844
22.0,24.0,27.885,21.900002,22.780935,10.000049591064453,22.392776489257812,10.00005,22.392776
22.0,24.0,14.025,20.400002,22.785664,10.000045776367188,22.509700775146484,10.000046,22.5097
22.0,24.0,23.925621,18.899998,22.77429,10.00004768371582,22.586132049560547,10.000048,22.586132
15.0,28.0,0.0,18.3,22.740065,10.000041961669922,22.70907211303711,10.000042,22.709072
15.0,28.0,0.0,17.600002,22.742805,10.000042915344238,22.763683319091797,10.000043,22.763683
15.0,28.0,0.0,17.099998,22.695004,10.000041007995605,22.847455978393555,10.000041,22.847456
15.0,28.0,0.0,16.599998,22.624107,10.000041007995605,22.893491744995117,10.000041,22.893492
15.0,28.0,0.0,16.300003,22.550522,10.000040054321289,22.971229553222656,10.00004,22.97123
15.0,28.0,0.0,15.900002,22.486717,10.000040054321289,22.994731903076172,10.00004,22.994732
15.0,28.0,0.0,15.599998,22.418163,10.000039100646973,23.06285858154297,10.000039,23.062859
15.0,28.0,0.0,15.400002,22.361908,10.000060081481934,23.140453338623047,10.00006,23.140453
15.0,28.0,0.0,15.300003,22.31348,10.000059127807617,23.20723533630371,10.000059,23.207235
15.0,28.0,0.0,15.200001,22.268856,10.00005054473877,23.20746612548828,10.000051,23.207466
15.0,28.0,0.0,15.200001,22.217808,10.000049591064453,23.264877319335938,10.00005,23.264877
15.0,28.0,0.0,15.200001,22.181196,10.000042915344238,23.264570236206055,10.000043,23.26457
15.0,28.0,0.0,15.300003,22.140203,10.000042915344238,23.308746337890625,10.000043,23.308746
15.0,28.0,0.0,15.300003,22.110819,10.00003719329834,23.311046600341797,10.000037,23.311047
15.0,28.0,0.0,15.5,22.079468,10.00003719329834,23.343015670776367,10.000037,23.343016
15.0,28.0,0.0,15.599998,22.057323,10.000033378601074,23.346736907958984,10.000033,23.346737
15.0,28.0,0.0,15.700001,22.034195,10.000032424926758,23.371278762817383,10.000032,23.371279
15.0,28.0,0.0,15.799999,22.017796,10.000029563903809,23.380271911621094,10.00003,23.380272
15.0,28.0,0.9881338,16.5,22.006252,10.000029563903809,23.382902145385742,10.00003,23.382902
15.0,28.0,4.943687,17.099998,22.002056,10.000027656555176,23.37871551513672,10.000028,23.378716
22.0,24.0,9.839565,17.900002,22.005579,10.000027656555176,23.360210418701172,10.000028,23.36021
22.0,24.0,103.28284,18.600002,22.04441,10.000035285949707,23.279626846313477,10.000035,23.279627
22.0,24.0,111.72476,19.400002,22.07166,10.000036239624023,23.222335815429688,10.000036,23.222336
22.0,24.0,200.25986,20.299995,22.370712,15.499942779541016,23.18575668334961,15.499943,23.185757
22.0,24.0,150.63553,21.8,22.717445,15.499932289123535,22.979429244995117,15.499932,22.97943
22.0,24.0,308.6016,23.400002,22.84978,15.499959945678711,22.620267868041992,15.49996,22.620268
22.0,24.0,296.32712,24.299995,22.871407,15.499958038330078,22.477617263793945,15.499958,22.477617
22.0,24.0,472.83475,25.100006,22.97819,15.499975204467773,22.101884841918945,15.499975,22.101885
22.0,24.0,466.28687,25.599998,22.959324,15.49997615814209,21.96278953552246,15.499976,21.96279
22.0,24.0,563.3026,26.099998,23.05004,15.499981880187988,21.63193130493164,15.499982,21.631931
22.0,24.0,597.11084,26.5,23.049309,15.499984741210938,21.48249626159668,15.499985,21.482496
22.0,24.0,678.31396,26.799995,23.125584,15.49998664855957,21.18111801147461,15.499987,21.181118
22.0,24.0,661.3555,27.200005,23.114525,15.49998664855957,21.06459617614746,15.499987,21.064596
22.0,24.0,633.3002,27.5,23.160095,15.499985694885254,20.826152801513672,15.499986,20.826153
22.0,24.0,633.51825,27.699997,23.200264,15.499985694885254,20.72826385498047,15.499986,20.728264
22.0,24.0,575.4826,27.900002,23.252218,15.499982833862305,20.521631240844727,15.499983,20.521631
22.0,24.0,540.18317,27.900002,23.281094,15.499980926513672,20.468276977539062,15.499981,20.468277
22.0,24.0,405.77362,28.0,23.277473,15.499968528747559,20.32675552368164,15.499969,20.326756
22.0,24.0,390.96646,27.799995,23.27537,15.499967575073242,20.325231552124023,15.499968,20.325232
22.0,24.0,247.26656,27.600006,23.230453,15.4999418258667,20.24461555480957,15.499942,20.244616
22.0,24.0,254.63498,27.5,23.198065,15.499942779541016,20.277042388916016,15.499943,20.277042
22.0,24.0,144.49908,27.5,23.139774,15.499903678894043,20.21961212158203,15.499904,20.219612
22.0,24.0,171.33272,27.099998,23.09304,15.49991226196289,20.270397186279297,15.499912,20.270397
22.0,24.0,86.70605,26.699997,22.787766,10.00006103515625,22.086158752441406,10.000061,22.086159
22.0,24.0,96.80378,26.699997,22.81914,10.000061988830566,22.12181854248047,10.000062,22.121819
22.0,24.0,15.179999,25.199997,22.76298,10.000049591064453,22.32429313659668,10.00005,22.324293
22.0,24.0,39.20841,24.299995,22.828611,10.000051498413086,22.351383209228516,10.0000515,22.351383
22.0,24.0,15.370315,23.5,22.773863,10.000048637390137,22.45538330078125,10.000049,22.455383
15.0,28.0,0.0,22.600002,22.77848,10.000044822692871,22.54499626159668,10.000045,22.544996
15.0,28.0,0.0,21.7,22.77051,10.000045776367188,22.59347915649414,10.000046,22.59348
15.0,28.0,0.0,21.100002,22.744347,10.000044822692871,22.662710189819336,10.000045,22.66271
15.0,28.0,0.0,20.400002,22.734632,10.000045776367188,22.690635681152344,10.000046,22.690636
15.0,28.0,0.0,20.0,22.702873,10.000043869018555,22.75177764892578,10.000044,22.751778
15.0,28.0,0.0,19.599998,22.673426,10.000045776367188,22.763126373291016,10.000046,22.763126
15.0,28.0,0.0,19.3,22.616137,10.000043869018555,22.82169532775879,10.000044,22.821695
15.0,28.0,0.0,19.0,22.568619,10.000062942504883,22.805461883544922,10.000063,22.805462
15.0,28.0,0.0,18.800003,22.511614,10.000061988830566,22.87334442138672,10.000062,22.873344
15.0,28.0,0.0,18.600002,22.471987,10.000053405761719,22.868322372436523,10.000053,22.868322
15.0,28.0,0.0,18.3,22.422728,10.000053405761719,22.93044662475586,10.000053,22.930447
15.0,28.0,0.0,18.099998,22.387169,10.000046730041504,22.932544708251953,10.000047,22.932545
15.0,28.0,0.0,17.900002,22.344305,10.000045776367188,22.986299514770508,10.000046,22.9863
15.0,28.0,0.0,17.600002,22.31168,10.000040054321289,22.998722076416016,10.00004,22.998722
15.0,28.0,0.0,17.3,22.273571,10.000040054321289,23.04979705810547,10.00004,23.049797
15.0,28.0,0.0,17.099998,22.24373,10.000035285949707,23.07035255432129,10.000035,23.070353
15.0,28.0,0.0,17.0,22.211554,10.000035285949707,23.112018585205078,10.000035,23.112019
15.0,28.0,0.0,16.900002,22.185507,10.000031471252441,23.138469696044922,10.000031,23.13847
15.0,28.0,1.98,17.900002,22.167496,10.000031471252441,23.146068572998047,10.000031,23.146069
15.0,28.0,60.696705,18.899998,22.177685,10.00003433227539,23.101024627685547,10.000034,23.101025
22.0,24.0,23.925,19.8,22.169962,10.000030517578125,23.10247039794922,10.0000305,23.10247
22.0,24.0,118.35723,20.7,22.212742,10.000039100646973,23.01096534729004,10.000039,23.010965
22.0,24.0,96.38677,21.5,22.229359,10.00003719329834,22.975828170776367,10.000037,22.975828
22.0,24.0,214.61679,22.3,22.535742,15.499946594238281,22.907146453857422,15.499947,22.907146
22.0,24.0,133.30762,23.099998,22.862537,15.499931335449219,22.732973098754883,15.499931,22.732973
22.0,24.0,311.5762,23.899998,22.954712,15.499961853027344,22.405338287353516,15.499962,22.405338
22.0,24.0,297.4129,24.5,22.924488,15.499960899353027,22.3035831451416,15.499961,22.303583
22.0,24.0,471.0046,25.199997,23.03064,15.499977111816406,21.949504852294922,15.499977,21.949505
22.0,24.0,480.2392,25.800003,23.009012,15.499977111816406,21.816925048828125,15.499977,21.816925
22.0,24.0,584.03345,26.400002,23.09454,15.499983787536621,21.495864868164062,15.499984,21.495865
22.0,24.0,611.35425,26.699997,23.087921,15.499984741210938,21.362180709838867,15.499985,21.36218
22.0,24.0,643.35297,27.099998,23.148413,15.49998664855957,21.091047286987305,15.499987,21.091047
22.0,24.0,627.7599,27.399994,23.134693,15.499985694885254,20.993083953857422,15.499986,20.993084
22.0,24.0,654.8754,27.600006,23.21135,15.49998664855957,20.747943878173828,15.499987,20.747944
22.0,24.0,655.0646,27.900002,23.259254,15.49998664855957,20.648157119750977,15.499987,20.648157
22.0,24.0,575.87,28.099998,23.30573,15.499982833862305,20.450563430786133,15.499983,20.450563
22.0,24.0,562.7847,28.099998,23.341518,15.499982833862305,20.395843505859375,15.499983,20.395844
22.0,24.0,412.145,28.0,23.333767,15.499969482421875,20.264047622680664,15.4999695,20.264048
22.0,24.0,408.28583,27.699997,23.331936,15.499969482421875,20.2659854888916,15.4999695,20.265985
22.0,24.0,241.06976,27.399994,23.275993,15.499940872192383,20.199024200439453,15.499941,20.199024
22.0,24.0,212.54991,26.900002,23.220604,15.499935150146484,20.263080596923828,15.499935,20.26308
22.0,24.0,121.20648,26.400002,23.143198,15.499897003173828,20.233081817626953,15.499897,20.233082
22.0,24.0,104.07348,26.0,23.066467,15.499889373779297,20.320842742919922,15.499889,20.320843
22.0,24.0,55.275,25.599998,22.75603,10.000055313110352,22.171083450317383,10.000055,22.171083
22.0,24.0,40.095,25.599998,22.827057,10.000051498413086,22.241559982299805,10.0000515,22.24156
22.0,24.0,25.74,24.199997,22.792297,10.000049591064453,22.354572296142578,10.00005,22.354572
22.0,24.0,13.035,23.400002,22.796516,10.000046730041504,22.445581436157227,10.000047,22.445581
22.0,24.0,23.61371,22.600002,22.790474,10.000048637390137,22.494617462158203,10.000049,22.494617
15.0,28.0,0.0,22.399998,22.76051,10.000043869018555,22.592248916625977,10.000044,22.592249
15.0,28.0,0.0,22.3,22.770071,10.000044822692871,22.62106704711914,10.000045,22.621067
15.0,28.0,0.0,22.099998,22.740768,10.000043869018555,22.67673683166504,10.000044,22.676737
15.0,28.0,0.0,22.0,22.736752,10.000045776367188,22.685733795166016,10.000046,22.685734
15.0,28.0,0.0,21.900002,22.707138,10.000043869018555,22.73006248474121,10.000044,22.730062
15.0,28.0,0.0,21.8,22.695845,10.000045776367188,22.721744537353516,10.000046,22.721745
15.0,28.0,0.0,21.8,22.655567,10.000044822692871,22.759647369384766,10.000045,22.759647
15.0,28.0,0.0,21.7,22.624914,10.0000638961792,22.682891845703125,10.000064,22.682892
15.0,28.0,0.0,21.7,22.577372,10.000061988830566,22.72808265686035,10.000062,22.728083
15.0,28.0,0.0,21.7,22.553047,10.000054359436035,22.698028564453125,10.000054,22.698029
15.0,28.0,0.0,21.7,22.519485,10.000053405761719,22.7335147857666,10.000053,22.733515
15.0,28.0,0.0,21.7,22.4994,10.00004768371582,22.710254669189453,10.000048,22.710255
15.0,28.0,0.0,21.7,22.471994,10.000046730041504,22.739482879638672,10.000047,22.739483
15.0,28.0,0.0,21.7,22.455454,10.000041961669922,22.724876403808594,10.000042,22.724876
15.0,28.0,0.0,21.599998,22.43303,10.000041961669922,22.75113296508789,10.000042,22.751133
15.0,28.0,0.0,21.5,22.418324,10.000038146972656,22.74984359741211,10.000038,22.749844
15.0,28.0,0.0,21.5,22.40072,10.00003719329834,22.770591735839844,10.000037,22.770592
15.0,28.0,0.0,21.5,22.388447,10.00003433227539,22.778322219848633,10.000034,22.778322
15.0,28.0,3.549504,22.200005,22.38158,10.00003433227539,22.775049209594727,10.000034,22.77505
15.0,28.0,32.333942,22.900002,22.389679,10.00003433227539,22.745838165283203,10.000034,22.745838
22.0,24.0,54.323235,23.5,22.403725,10.00003719329834,22.706270217895508,10.000037,22.70627
22.0,24.0,123.13933,24.199997,22.44178,10.000043869018555,22.623584747314453,10.000044,22.623585
22.0,24.0,64.93525,24.700005,22.448164,10.00003719329834,22.625057220458984,10.000037,22.625057
22.0,24.0,176.22433,25.299995,22.736279,15.4999418258667,22.53624725341797,15.499942,22.536247
22.0,24.0,128.1882,26.0,22.998672,15.499932289123535,22.371715545654297,15.499932,22.371716
22.0,24.0,305.8811,26.699997,23.038433,15.499961853027344,22.070926666259766,15.499962,22.070927
22.0,24.0,292.04,27.600006,23.014112,15.499960899353027,21.964744567871094,15.499961,21.964745
22.0,24.0,466.84238,28.5,23.112886,15.499977111816406,21.61671257019043,15.499977,21.616713
22.0,24.0,476.59613,29.0,23.088833,15.499978065490723,21.49125862121582,15.499978,21.491259
22.0,24.0,593.61444,29.5,23.175184,15.499984741210938,21.1793270111084,15.499985,21.179327
22.0,24.0,606.8292,30.100006,23.166428,15.499984741210938,21.049015045166016,15.499985,21.049015
22.0,24.0,661.1813,30.599998,23.253216,15.49998664855957,20.771738052368164,15.499987,20.771738
22.0,24.0,666.2653,30.900002,23.32301,15.499987602233887,20.641347885131836,15.499988,20.641348
22.0,24.0,654.1041,31.300003,23.41452,15.49998664855957,20.40152359008789,15.499987,20.401524
22.0,24.0,646.534,31.400002,23.493767,15.49998664855957,20.301403045654297,15.499987,20.301403
22.0,24.0,570.5115,31.5,23.551212,15.499982833862305,20.113765716552734,15.499983,20.113766
22.0,24.0,558.65576,31.400002,23.598679,15.499982833862305,20.06057357788086,15.499983,20.060574
22.0,24.0,442.80862,31.400002,23.610111,15.49997329711914,19.9250545501709,15.499973,19.925055
22.0,24.0,404.81613,31.199997,23.609497,15.499969482421875,19.92233657836914,15.4999695,19.922337
22.0,24.0,245.81299,31.099998,23.560062,15.499942779541016,19.85413932800293,15.499943,19.85414
22.0,24.0,206.91866,30.800003,23.509413,15.499935150146484,19.904260635375977,15.499935,19.90426
22.0,24.0,126.44775,30.5,23.438934,15.499902725219727,19.869171142578125,15.499903,19.869171
22.0,24.0,102.725815,29.899994,23.36705,15.499892234802246,19.946006774902344,15.499892,19.946007
22.0,24.0,54.78,29.199997,23.044773,10.000065803527832,21.806766510009766,10.000066,21.806767
22.0,24.0,40.33404,29.199997,22.799042,10.000059127807617,21.966455459594727,10.000059,21.966455
22.0,24.0,24.255,27.399994,22.849358,10.000057220458984,22.077491760253906,10.000057,22.077492
22.0,24.0,11.88,26.699997,22.834873,10.000052452087402,22.180665969848633,10.000052,22.180666
22.0,24.0,24.26823,26.0,22.834278,10.000055313110352,22.23480224609375,10.000055,22.234802
15.0,28.0,0.0,25.599998,22.80196,10.000049591064453,22.34325408935547,10.00005,22.343254
15.0,28.0,0.0,25.199997,22.811995,10.00005054473877,22.385358810424805,10.000051,22.385359
15.0,28.0,0.0,24.899994,22.784395,10.000049591064453,22.44914436340332,10.00005,22.449144
15.0,28.0,0.0,24.599998,22.77849,10.00005054473877,22.470619201660156,10.000051,22.47062
15.0,28.0,0.0,24.400002,22.750164,10.000049591064453,22.523073196411133,10.00005,22.523073
15.0,28.0,0.0,24.099998,22.745495,10.000051498413086,22.5245418548584,10.0000515,22.524542
15.0,28.0,0.0,23.899998,22.712141,10.000049591064453,22.570186614990234,10.00005,22.570187
15.0,28.0,0.0,23.600002,22.70976,10.000066757202148,22.445924758911133,10.000067,22.445925
15.0,28.0,0.0,23.400002,22.609375,10.000064849853516,22.523128509521484,10.000065,22.523129
15.0,28.0,0.0,23.2,22.636477,10.000057220458984,22.486234664916992,10.000057,22.486235
15.0,28.0,0.0,23.099998,22.585205,10.000056266784668,22.53841781616211,10.000056,22.538418
15.0,28.0,0.0,22.900002,22.596169,10.000049591064453,22.51479721069336,10.00005,22.514797
15.0,28.0,0.0,22.799995,22.558512,10.000049591064453,22.557228088378906,10.00005,22.557228
15.0,28.0,0.0,22.7,22.566336,10.000043869018555,22.542049407958984,10.000044,22.54205
15.0,28.0,0.0,22.600002,22.53764,10.000043869018555,22.57659339904785,10.000044,22.576593
15.0,28.0,0.0,22.5,22.525846,10.000039100646973,22.579326629638672,10.000039,22.579327
15.0,28.0,0.0,22.600002,22.50485,10.000039100646973,22.603586196899414,10.000039,22.603586
15.0,28.0,0.0,22.600002,22.489471,10.000035285949707,22.616004943847656,10.000035,22.616005
15.0,28.0,1.98,23.400002,22.480225,10.000035285949707,22.615243911743164,10.000035,22.615244
15.0,28.0,50.22666,24.199997,22.49358,10.000038146972656,22.570056915283203,10.000038,22.570057
22.0,24.0,21.945,24.899994,22.491688,10.000035285949707,22.567323684692383,10.000035,22.567324
22.0,24.0,118.89846,25.5,22.536797,10.000044822692871,22.469572067260742,10.000045,22.469572
22.0,24.0,68.86913,26.400002,22.517017,10.000039100646973,22.468557357788086,10.000039,22.468557
22.0,24.0,181.41019,27.200005,22.750698,15.499942779541016,22.373146057128906,15.499943,22.373146
22.0,24.0,132.79527,28.300003,23.05045,15.499933242797852,22.178726196289062,15.499933,22.178726
22.0,24.0,304.01144,29.400002,23.080727,15.499961853027344,21.86878776550293,15.499962,21.868788
22.0,24.0,289.99606,30.0,23.05669,15.499960899353027,21.763774871826172,15.499961,21.763775
22.0,24.0,461.31345,30.599998,23.15424,15.49997615814209,21.427648544311523,15.499976,21.427649
22.0,24.0,471.81317,31.0,23.132639,15.499977111816406,21.30545997619629,15.499977,21.30546
22.0,24.0,585.8278,31.400002,23.216309,15.499983787536621,21.005704879760742,15.499984,21.005705
22.0,24.0,591.1422,31.599998,23.234169,15.499984741210938,20.883363723754883,15.499985,20.883364
22.0,24.0,619.3037,31.799995,23.327755,15.499985694885254,20.628433227539062,15.499986,20.628433
22.0,24.0,600.5067,32.0,23.39795,15.499984741210938,20.51837730407715,15.499985,20.518377
22.0,24.0,616.6697,32.1,23.48642,15.499984741210938,20.297836303710938,15.499985,20.297836
22.0,24.0,639.3924,32.1,23.571863,15.49998664855957,20.204341888427734,15.499987,20.204342
22.0,24.0,561.85516,32.200005,23.625378,15.499982833862305,20.0251407623291,15.499983,20.02514
22.0,24.0,549.61115,32.1,23.672112,15.499981880187988,19.97606658935547,15.499982,19.976067
22.0,24.0,404.47144,32.0,23.668953,15.499969482421875,19.856700897216797,15.4999695,19.8567
22.0,24.0,402.13074,31.799995,23.672806,15.499969482421875,19.85422706604004,15.4999695,19.854227
22.0,24.0,190.2189,31.699997,23.604168,15.499931335449219,19.807085037231445,15.499931,19.807085
22.0,24.0,208.62799,31.300003,23.559418,15.499935150146484,19.850679397583008,15.499935,19.85068
22.0,24.0,125.74072,30.900002,23.487293,15.499902725219727,19.81957244873047,15.499903,19.819572
22.0,24.0,116.82957,30.400002,23.420408,15.499898910522461,19.88766098022461,15.499899,19.887661
22.0,24.0,47.52,29.899994,23.092598,10.000066757202148,21.756141662597656,10.000067,21.756142
22.0,24.0,59.042355,29.899994,22.804346,10.000062942504883,21.890819549560547,10.000063,21.89082
22.0,24.0,24.09,28.099998,22.844131,10.0000581741333,22.029802322387695,10.000058,22.029802
22.0,24.0,12.375001,27.399994,22.846094,10.000054359436035,22.12873649597168,10.000054,22.128736
22.0,24.0,23.380827,26.699997,22.840267,10.000056266784668,22.187231063842773,10.000056,22.187231
15.0,28.0,0.0,26.400002,22.811562,10.00005054473877,22.29302406311035,10.000051,22.293024
15.0,28.0,0.0,26.199997,22.821178,10.000052452087402,22.333030700683594,10.000052,22.33303
15.0,28.0,0.0,26.0,22.794632,10.00005054473877,22.393733978271484,10.000051,22.393734
15.0,28.0,0.0,25.800003,22.789413,10.000052452087402,22.412660598754883,10.000052,22.41266
15.0,28.0,0.0,25.599998,22.76193,10.00005054473877,22.462657928466797,10.000051,22.462658
15.0,28.0,0.0,25.400002,22.758408,10.000052452087402,22.461471557617188,10.000052,22.461472
15.0,28.0,0.0,25.299995,22.726448,10.000051498413086,22.50322723388672,10.0000515,22.503227
15.0,28.0,0.0,25.100006,22.72501,10.000067710876465,22.351455688476562,10.000068,22.351456
15.0,28.0,0.0,25.0,22.612717,10.000065803527832,22.42776107788086,10.000066,22.427761
15.0,28.0,0.0,24.899994,22.644289,10.0000581741333,22.383846282958984,10.000058,22.383846
15.0,28.0,0.0,24.800003,22.59168,10.000057220458984,22.433124542236328,10.000057,22.433125
15.0,28.0,0.0,24.700005,22.60442,10.00005054473877,22.403770446777344,10.000051,22.40377
15.0,28.0,0.0,24.5,22.565752,10.00005054473877,22.445598602294922,10.000051,22.445599
15.0,28.0,0.0,24.400002,22.575275,10.000044822692871,22.427932739257812,10.000045,22.427933
15.0,28.0,0.0,24.299995,22.546732,10.000044822692871,22.460630416870117,10.000045,22.46063
15.0,28.0,0.0,24.099998,22.552156,10.000040054321289,22.45768165588379,10.00004,22.457682
15.0,28.0,0.0,24.099998,22.535017,10.000040054321289,22.481422424316406,10.00004,22.481422
15.0,28.0,0.0,24.0,22.537025,10.000036239624023,22.489212036132812,10.000036,22.489212
15.0,28.0,2.145,24.400002,22.532202,10.000036239624023,22.494853973388672,10.000036,22.494854
15.0,28.0,56.43979,24.800003,22.54591,10.000040054321289,22.455524444580078,10.00004,22.455524
22.0,24.0,22.44,25.400002,22.520437,10.000036239624023,22.472238540649414,10.000036,22.472239
22.0,24.0,116.87251,26.099998,22.565382,10.000045776367188,22.379133224487305,10.000046,22.379133
22.0,24.0,65.96003,27.0,22.519066,10.000039100646973,22.394451141357422,10.000039,22.394451
22.0,24.0,175.1155,27.900002,22.759686,15.499942779541016,22.28966522216797,15.499943,22.289665
22.0,24.0,128.17357,28.599998,23.073532,15.499933242797852,22.102991104125977,15.499933,22.102991
22.0,24.0,301.85324,29.299995,23.097628,15.499961853027344,21.811973571777344,15.499962,21.811974
22.0,24.0,288.00333,29.700005,23.07224,15.499961853027344,21.72098159790039,15.499962,21.720982
22.0,24.0,462.21405,30.199997,23.167356,15.499977111816406,21.396732330322266,15.499977,21.396732
22.0,24.0,471.74466,30.599998,23.143055,15.499979019165039,21.283615112304688,15.499979,21.283615
22.0,24.0,587.94653,31.099998,23.225382,15.499984741210938,20.988412857055664,15.499985,20.988413
22.0,24.0,601.1523,31.400002,23.249702,15.499984741210938,20.8637752532959,15.499985,20.863775
22.0,24.0,655.6601,31.699997,23.351065,15.49998664855957,20.60117530822754,15.499987,20.601175
22.0,24.0,661.54034,31.900002,23.436993,15.499987602233887,20.47814178466797,15.499988,20.478142
22.0,24.0,651.51074,32.1,23.53035,15.49998664855957,20.254737854003906,15.499987,20.254738
22.0,24.0,646.78485,32.1,23.610611,15.49998664855957,20.16457748413086,15.499987,20.164577
22.0,24.0,569.17725,32.1,23.661173,15.499982833862305,19.991792678833008,15.499983,19.991793
22.0,24.0,557.3831,32.0,23.70689,15.499982833862305,19.945293426513672,15.499983,19.945293
22.0,24.0,443.2839,31.900002,23.712923,15.49997329711914,19.82139778137207,15.499973,19.821398
22.0,24.0,402.12494,31.599998,23.70793,15.499969482421875,19.82558250427246,15.4999695,19.825583
22.0,24.0,244.21866,31.300003,23.651276,15.499944686889648,19.769756317138672,15.499945,19.769756
22.0,24.0,206.66663,31.0,23.593971,15.4999361038208,19.824254989624023,15.499936,19.824255
22.0,24.0,127.12721,30.700005,23.516855,15.49990463256836,19.796340942382812,15.499905,19.79634
22.0,24.0,102.77228,30.199997,23.438265,15.499894142150879,19.874616622924805,15.499894,19.874617
22.0,24.0,55.44,29.800003,23.11206,10.000068664550781,21.726757049560547,10.000069,21.726757
22.0,24.0,40.425,29.800003,22.791058,10.000060081481934,21.909456253051758,10.00006,21.909456
22.0,24.0,26.07,28.400002,22.864792,10.000059127807617,22.009817123413086,10.000059,22.009817
22.0,24.0,13.53,27.799995,22.842457,10.000054359436035,22.113224029541016,10.000054,22.113224
22.0,24.0,26.57291,27.099998,22.844414,10.000057220458984,22.165605545043945,10.000057,22.165606
15.0,28.0,0.0,26.900002,22.812517,10.000051498413086,22.273632049560547,10.0000515,22.273632
15.0,28.0,0.0,26.699997,22.825283,10.000052452087402,22.3116512298584,10.000052,22.311651
15.0,28.0,0.0,26.599998,22.799107,10.000051498413086,22.3695068359375,10.0000515,22.369507
15.0,28.0,0.0,26.400002,22.794003,10.000052452087402,22.386980056762695,10.000052,22.38698
15.0,28.0,0.0,26.199997,22.767239,10.000051498413086,22.43524169921875,10.0000515,22.435242
15.0,28.0,0.0,26.099998,22.764572,10.000053405761719,22.431629180908203,10.000053,22.43163
15.0,28.0,0.0,25.900002,22.732353,10.000052452087402,22.472917556762695,10.000052,22.472918
15.0,28.0,0.0,25.599998,22.731054,10.000067710876465,22.312889099121094,10.000068,22.31289
15.0,28.0,0.0,25.299995,22.613226,10.000065803527832,22.395709991455078,10.000066,22.39571
15.0,28.0,0.0,25.100006,22.647448,10.0000581741333,22.35444450378418,10.000058,22.354445
15.0,28.0,0.0,24.599998,22.592104,10.000057220458984,22.41568374633789,10.000057,22.415684
15.0,28.0,0.0,24.199997,22.606384,10.000051498413086,22.396825790405273,10.0000515,22.396826
15.0,28.0,0.0,23.699997,22.566622,10.00005054473877,22.45174217224121,10.000051,22.451742
15.0,28.0,0.0,23.099998,22.574549,10.000044822692871,22.452762603759766,10.000045,22.452763
15.0,28.0,0.0,22.7,22.546585,10.000044822692871,22.50168228149414,10.000045,22.501682
15.0,28.0,0.0,22.3,22.550873,10.000040054321289,22.513568878173828,10.00004,22.513569
15.0,28.0,0.0,22.099998,22.532034,10.000040054321289,22.55274772644043,10.00004,22.552748
15.0,28.0,0.0,21.900002,22.52589,10.000036239624023,22.57558822631836,10.000036,22.575588
15.0,28.0,1.8150002,22.200005,22.504522,10.000036239624023,22.59982681274414,10.000036,22.599827
15.0,28.0,51.89083,22.5,22.504807,10.000039100646973,22.580947875976562,10.000039,22.580948
22.0,24.0,22.11,23.2,22.489933,10.000035285949707,22.598033905029297,10.000035,22.598034
22.0,24.0,120.30545,23.899998,22.523964,10.000045776367188,22.514564514160156,10.000046,22.514565
22.0,24.0,70.013855,24.700005,22.5194,10.000039100646973,22.519912719726562,10.000039,22.519913
22.0,24.0,181.05336,25.599998,22.747387,15.499943733215332,22.447219848632812,15.499944,22.44722
22.0,24.0,134.14005,26.400002,23.031757,15.499934196472168,22.276201248168945,15.499934,22.276201
22.0,24.0,313.00656,27.300003,23.064568,15.499963760375977,21.976396560668945,15.499964,21.976397
22.0,24.0,290.0088,28.200005,23.036064,15.499960899353027,21.8780517578125,15.499961,21.878052
22.0,24.0,440.46036,29.199997,23.127396,15.499975204467773,21.546127319335938,15.499975,21.546127
22.0,24.0,377.88623,29.700005,23.081493,15.499971389770508,21.46625328063965,15.499971,21.466253
22.0,24.0,527.67816,30.299995,23.177814,15.499980926513672,21.151918411254883,15.499981,21.151918
22.0,24.0,553.7122,30.599998,23.160172,15.499982833862305,21.037689208984375,15.499983,21.03769
22.0,24.0,629.00037,30.900002,23.25229,15.499985694885254,20.76371955871582,15.499986,20.76372
22.0,24.0,644.52826,31.0,23.320143,15.49998664855957,20.64078140258789,15.499987,20.640781
22.0,24.0,630.9938,31.199997,23.406242,15.499985694885254,20.409870147705078,15.499986,20.40987
22.0,24.0,367.41574,31.300003,23.391403,15.499969482421875,20.39243507385254,15.4999695,20.392435
22.0,24.0,82.91805,31.300003,23.31535,15.49991226196289,20.352832794189453,15.499912,20.352833
22.0,24.0,75.07419,31.199997,23.264624,15.499909400939941,20.408344268798828,15.499909,20.408344
22.0,24.0,245.48929,31.099998,23.284157,15.499944686889648,20.257152557373047,15.499945,20.257153
22.0,24.0,210.38188,30.800003,23.260637,15.49993896484375,20.281574249267578,15.499939,20.281574
22.0,24.0,99.08029,30.5,23.209177,15.499897003173828,20.221904754638672,15.499897,20.221905
22.0,24.0,68.52895,30.100006,23.153116,15.499884605407715,20.28778839111328,15.499885,20.287788
22.0,24.0,65.846306,29.700005,23.10977,15.49986743927002,20.219881057739258,15.499867,20.219881
22.0,24.0,101.99286,29.099998,23.066662,15.499883651733398,20.266708374023438,15.499884,20.266708
22.0,24.0,63.25469,28.5,22.78167,10.000057220458984,22.10135269165039,10.000057,22.101353
22.0,24.0,36.715096,28.5,22.82391,10.000052452087402,22.175783157348633,10.000052,22.175783
22.0,24.0,41.92724,27.0,22.813145,10.000054359436035,22.243743896484375,10.000054,22.243744
22.0,24.0,24.013788,26.400002,22.802517,10.000049591064453,22.327945709228516,10.00005,22.327946
22.0,24.0,10.318581,25.700005,22.80106,10.000049591064453,22.39618682861328,10.00005,22.396187
15.0,28.0,0.0,25.299995,22.791744,10.000046730041504,22.465593338012695,10.000047,22.465593
15.0,28.0,0.0,25.0,22.789452,10.00004768371582,22.494064331054688,10.000048,22.494064
15.0,28.0,0.0,24.700005,22.766768,10.000046730041504,22.544113159179688,10.000047,22.544113
15.0,28.0,0.0,24.5,22.762527,10.000048637390137,22.552282333374023,10.000049,22.552282
15.0,28.0,0.0,24.299995,22.735271,10.00004768371582,22.594572067260742,10.000048,22.594572
15.0,28.0,0.0,24.099998,22.732975,10.000049591064453,22.585235595703125,10.00005,22.585236
15.0,28.0,0.0,23.899998,22.70042,10.000048637390137,22.622760772705078,10.000049,22.62276
15.0,28.0,0.0,23.800003,22.700827,10.000065803527832,22.493223190307617,10.000066,22.493223
15.0,28.0,0.0,23.600002,22.603687,10.0000638961792,22.561100006103516,10.000064,22.5611
15.0,28.0,0.0,23.5,22.631586,10.000056266784668,22.514925003051758,10.000056,22.514925
15.0,28.0,0.0,23.3,22.580051,10.000055313110352,22.562713623046875,10.000055,22.562714
15.0,28.0,0.0,23.2,22.593481,10.000049591064453,22.531009674072266,10.00005,22.53101
15.0,28.0,0.0,23.0,22.554695,10.000048637390137,22.570966720581055,10.000049,22.570967
15.0,28.0,0.0,22.900002,22.561316,10.000043869018555,22.5527286529541,10.000044,22.552729
15.0,28.0,0.0,22.7,22.535614,10.000043869018555,22.585208892822266,10.000044,22.585209
15.0,28.0,0.0,22.600002,22.518545,10.000039100646973,22.58795928955078,10.000039,22.58796
15.0,28.0,0.0,22.399998,22.497103,10.000039100646973,22.617393493652344,10.000039,22.617393
15.0,28.0,0.0,22.200005,22.480364,10.000035285949707,22.635360717773438,10.000035,22.63536
15.0,28.0,0.9797393,22.3,22.46452,10.000035285949707,22.654964447021484,10.000035,22.654964
15.0,28.0,4.9271975,22.399998,22.453049,10.000033378601074,22.672744750976562,10.000033,22.672745
22.0,24.0,60.274895,22.600002,22.463005,10.000039100646973,22.63661766052246,10.000039,22.636618
22.0,24.0,62.56959,22.900002,22.462324,10.00003719329834,22.639461517333984,10.000037,22.639462
22.0,24.0,117.164825,23.400002,22.489689,10.000044822692871,22.57178497314453,10.000045,22.571785
22.0,24.0,212.13988,24.0,22.73556,15.49994945526123,22.527103424072266,15.499949,22.527103
22.0,24.0,180.69438,24.700005,23.020412,15.499944686889648,22.35298728942871,15.499945,22.352987
22.0,24.0,315.4445,25.400002,23.039902,15.499963760375977,22.08405876159668,15.499964,22.084059
22.0,24.0,227.19774,25.900002,22.993984,15.49995231628418,22.044885635375977,15.499952,22.044886
22.0,24.0,294.5525,26.400002,23.059711,15.499961853027344,21.792741775512695,15.499962,21.792742
22.0,24.0,336.19003,26.799995,23.039988,15.499967575073242,21.70006561279297,15.499968,21.700066
22.0,24.0,341.51932,27.300003,23.074501,15.499966621398926,21.472562789916992,15.499967,21.472563
22.0,24.0,321.0267,27.399994,23.041998,15.49996566772461,21.424226760864258,15.499966,21.424227
22.0,24.0,327.98627,27.600006,23.075853,15.499964714050293,21.216604232788086,15.499965,21.216604
22.0,24.0,451.45184,27.600006,23.076778,15.49997615814209,21.127412796020508,15.499976,21.127413
22.0,24.0,605.6613,27.699997,23.146177,15.499984741210938,20.863868713378906,15.499985,20.863869
22.0,24.0,634.7881,27.699997,23.175241,15.499985694885254,20.766925811767578,15.499986,20.766926
22.0,24.0,487.30246,27.699997,23.193678,15.499977111816406,20.58870506286621,15.499977,20.588705
22.0,24.0,537.9107,27.799995,23.237787,15.499980926513672,20.524921417236328,15.499981,20.524921
22.0,24.0,391.7006,27.900002,23.233408,15.499967575073242,20.381362915039062,15.499968,20.381363
22.0,24.0,401.15265,27.900002,23.239666,15.499967575073242,20.36676788330078,15.499968,20.366768
22.0,24.0,191.51994,27.900002,23.181568,15.499927520751953,20.296491622924805,15.4999275,20.296492
22.0,24.0,214.38608,27.600006,23.145176,15.499933242797852,20.33509063720703,15.499933,20.33509
22.0,24.0,84.17723,27.399994,23.07161,15.4998779296875,20.29796600341797,15.499878,20.297966
22.0,24.0,110.701164,27.099998,23.018738,15.49988842010498,20.355918884277344,15.499888,20.355919
22.0,24.0,53.955,26.699997,22.723074,10.000054359436035,22.200809478759766,10.000054,22.20081
22.0,24.0,51.46338,26.699997,22.837002,10.000053405761719,22.230300903320312,10.000053,22.2303
22.0,24.0,17.49,25.5,22.78014,10.000048637390137,22.361188888549805,10.000049,22.361189
22.0,24.0,41.70637,24.700005,22.814999,10.00005054473877,22.385208129882812,10.000051,22.385208
22.0,24.0,14.472141,23.800003,22.768543,10.00004768371582,22.484455108642578,10.000048,22.484455
15.0,28.0,0.0,23.3,22.777216,10.000044822692871,22.560081481933594,10.000045,22.560081
15.0,28.0,0.0,22.799995,22.770348,10.000045776367188,22.595077514648438,10.000046,22.595078
15.0,28.0,0.0,22.3,22.745674,10.000044822692871,22.653257369995117,10.000045,22.653257
15.0,28.0,0.0,21.900002,22.739433,10.000045776367188,22.668359756469727,10.000046,22.66836
15.0,28.0,0.0,21.599998,22.709509,10.000044822692871,22.718523025512695,10.000045,22.718523
15.0,28.0,0.0,21.300003,22.704739,10.000046730041504,22.715126037597656,10.000047,22.715126
15.0,28.0,0.0,21.199997,22.659552,10.000044822692871,22.759777069091797,10.000045,22.759777
15.0,28.0,0.0,21.0,22.62317,10.0000638961792,22.697275161743164,10.000064,22.697275
15.0,28.0,0.0,21.0,22.571651,10.000062942504883,22.7491455078125,10.000063,22.749146
15.0,28.0,0.0,20.900002,22.54213,10.000054359436035,22.727903366088867,10.000054,22.727903
15.0,28.0,0.0,20.900002,22.504086,10.000053405761719,22.769886016845703,10.000053,22.769886
15.0,28.0,0.0,20.900002,22.479761,10.00004768371582,22.752525329589844,10.000048,22.752525
15.0,28.0,0.0,21.0,22.449238,10.000046730041504,22.784503936767578,10.000047,22.784504
15.0,28.0,0.0,21.0,22.429743,10.000041961669922,22.773719787597656,10.000042,22.77372
15.0,28.0,0.0,21.0,22.405567,10.000041007995605,22.80082893371582,10.000041,22.800829
15.0,28.0,0.0,21.0,22.389807,10.00003719329834,22.799137115478516,10.000037,22.799137
15.0,28.0,0.0,20.900002,22.370651,10.00003719329834,22.823232650756836,10.000037,22.823233
15.0,28.0,0.0,20.8,22.35668,10.000033378601074,22.834835052490234,10.000033,22.834835
15.0,28.0,1.9525118,20.900002,22.343632,10.000033378601074,22.849647521972656,10.000033,22.849648
15.0,28.0,11.758186,20.900002,22.336061,10.000032424926758,22.860370635986328,10.000032,22.86037
22.0,24.0,23.18271,21.0,22.33276,10.000033378601074,22.859630584716797,10.000033,22.85963
22.0,24.0,19.715422,21.199997,22.32759,10.000030517578125,22.878925323486328,10.0000305,22.878925
22.0,24.0,35.22511,21.399998,22.33379,10.000032424926758,22.863677978515625,10.000032,22.863678
22.0,24.0,22.77,21.599998,22.565903,15.499902725219727,22.911151885986328,15.499903,22.911152
22.0,24.0,34.556183,22.099998,22.87925,15.499906539916992,22.75266456604004,15.499907,22.752665
22.0,24.0,109.58067,22.5,22.905209,15.499926567077637,22.5484619140625,15.499927,22.548462
22.0,24.0,164.36926,22.900002,22.894995,15.499939918518066,22.46367645263672,15.49994,22.463676
22.0,24.0,211.99234,23.400002,22.93508,15.499948501586914,22.233394622802734,15.4999485,22.233395
22.0,24.0,170.11946,23.899998,22.896093,15.499940872192383,22.190757751464844,15.499941,22.190758
22.0,24.0,133.06357,24.299995,22.918547,15.499930381774902,22.005142211914062,15.49993,22.005142
22.0,24.0,77.21294,24.800003,22.870068,15.499916076660156,21.995925903320312,15.499916,21.995926
22.0,24.0,84.14222,25.199997,22.896248,15.49991226196289,21.803295135498047,15.499912,21.803295
22.0,24.0,113.601616,25.700005,22.859943,15.499921798706055,21.764896392822266,15.499922,21.764896
22.0,24.0,115.52565,26.099998,22.87867,15.499916076660156,21.56542205810547,15.499916,21.565422
22.0,24.0,137.02328,26.400002,22.840664,15.499922752380371,21.533226013183594,15.499923,21.533226
22.0,24.0,249.85767,26.599998,22.893862,15.499943733215332,21.282838821411133,15.499944,21.282839
22.0,24.0,194.62732,26.699997,22.830242,15.499932289123535,21.27338218688965,15.499932,21.273382
22.0,24.0,93.48212,26.900002,22.830193,15.499893188476562,21.12204360961914,15.499893,21.122044
22.0,24.0,159.86157,26.699997,22.802862,15.499916076660156,21.104475021362305,15.499916,21.104475
22.0,24.0,58.020687,26.5,22.782581,15.49986457824707,20.98721694946289,15.499865,20.987217
22.0,24.0,64.821526,26.0,22.735611,15.499868392944336,21.021820068359375,15.499868,21.02182
22.0,24.0,64.13918,25.599998,22.738855,15.499849319458008,20.891416549682617,15.499849,20.891417
22.0,24.0,42.15024,25.100006,22.672697,15.499836921691895,20.948820114135742,15.499837,20.94882
22.0,24.0,65.27042,24.5,22.484173,10.000044822692871,22.654077529907227,10.000045,22.654078
22.0,24.0,98.57279,24.5,22.814322,10.00005054473877,22.54294204711914,10.000051,22.542942
22.0,24.0,38.332592,23.3,22.689064,10.000043869018555,22.681041717529297,10.000044,22.681042
22.0,24.0,23.30964,22.799995,22.753029,10.000041007995605,22.717430114746094,10.000041,22.71743
22.0,24.0,9.971884,22.3,22.732922,10.000041007995605,22.759973526000977,10.000041,22.759974
15.0,28.0,0.0,21.900002,22.715628,10.000039100646973,22.81106948852539,10.000039,22.81107
15.0,28.0,0.0,21.5,22.683245,10.000040054321289,22.828088760375977,10.00004,22.828089
15.0,28.0,0.0,21.199997,22.645222,10.000040054321289,22.869647979736328,10.00004,22.869648
15.0,28.0,0.0,20.900002,22.61236,10.000041007995605,22.872114181518555,10.000041,22.872114
15.0,28.0,0.0,20.7,22.574537,10.000040054321289,22.909839630126953,10.00004,22.90984
15.0,28.0,0.0,20.400002,22.543669,10.000041961669922,22.899057388305664,10.000042,22.899057
15.0,28.0,0.0,20.100002,22.505266,10.000041007995605,22.935699462890625,10.000041,22.9357
15.0,28.0,0.0,19.899998,22.475996,10.000060081481934,22.91361427307129,10.00006,22.913614
15.0,28.0,0.0,19.700005,22.438194,10.000059127807617,22.957796096801758,10.000059,22.957796
15.0,28.0,0.0,19.599998,22.41344,10.000051498413086,22.931175231933594,10.0000515,22.931175
15.0,28.0,0.0,19.400002,22.378223,10.000051498413086,22.971866607666016,10.0000515,22.971867
15.0,28.0,0.0,19.3,22.35581,10.000044822692871,22.954343795776367,10.000045,22.954344
15.0,28.0,0.0,19.2,22.32557,10.000044822692871,22.988826751708984,10.000045,22.988827
15.0,28.0,0.0,19.099998,22.305565,10.000040054321289,22.980817794799805,10.00004,22.980818
15.0,28.0,0.0,19.099998,22.280756,10.000039100646973,23.008596420288086,10.000039,23.008596
15.0,28.0,0.0,19.0,22.263437,10.000035285949707,23.010173797607422,10.000035,23.010174
15.0,28.0,0.0,19.0,22.24372,10.000035285949707,23.033306121826172,10.000035,23.033306
15.0,28.0,0.0,18.899998,22.22886,10.000032424926758,23.04500961303711,10.000032,23.04501
15.0,28.0,3.2324328,19.099998,22.216255,10.000032424926758,23.057052612304688,10.000032,23.057053
15.0,28.0,44.625423,19.3,22.220825,10.000033378601074,23.037673950195312,10.000033,23.037674
22.0,24.0,54.03224,19.8,22.223896,10.00003433227539,23.020164489746094,10.000034,23.020164
22.0,24.0,66.37999,20.299995,22.234415,10.00003433227539,23.00312614440918,10.000034,23.003126
22.0,24.0,80.02211,21.100002,22.254137,10.000035285949707,22.958953857421875,10.000035,22.958954
22.0,24.0,207.00905,21.8,22.55115,15.499946594238281,22.89762306213379,15.499947,22.897623
22.0,24.0,141.9061,22.600002,22.876026,15.499933242797852,22.722728729248047,15.499933,22.722729
22.0,24.0,306.48734,23.400002,22.95491,15.499961853027344,22.411043167114258,15.499962,22.411043
22.0,24.0,318.0742,24.0,22.933544,15.499963760375977,22.298614501953125,15.499964,22.298615
22.0,24.0,327.63885,24.599998,22.98383,15.499964714050293,22.049606323242188,15.499965,22.049606
22.0,24.0,446.75034,25.0,23.006083,15.499975204467773,21.886199951171875,15.499975,21.8862
22.0,24.0,503.16766,25.400002,23.054712,15.499979019165039,21.609004974365234,15.499979,21.609005
22.0,24.0,298.70782,25.5,22.980385,15.499961853027344,21.61742401123047,15.499962,21.617424
22.0,24.0,352.57953,25.599998,23.046188,15.499967575073242,21.385787963867188,15.499968,21.385788
22.0,24.0,581.1323,25.5,23.07071,15.499983787536621,21.24791145324707,15.499984,21.247911
22.0,24.0,451.98096,25.299995,23.057648,15.499975204467773,21.078689575195312,15.499975,21.07869
22.0,24.0,490.56732,25.100006,23.050694,15.499979019165039,21.02801513671875,15.499979,21.028015
22.0,24.0,351.92722,24.899994,23.032959,15.499964714050293,20.893400192260742,15.499965,20.8934
22.0,24.0,108.552185,24.599998,22.930416,15.499918937683105,21.006099700927734,15.499919,21.0061
22.0,24.0,344.85495,24.400002,23.003021,15.499959945678711,20.804731369018555,15.49996,20.804731
22.0,24.0,385.53635,24.099998,22.967236,15.49996566772461,20.80630874633789,15.499966,20.806309
22.0,24.0,259.79654,23.899998,22.938242,15.499940872192383,20.700700759887695,15.499941,20.7007
22.0,24.0,263.4941,23.600002,22.900978,15.4999418258667,20.73614501953125,15.499942,20.736145
22.0,24.0,72.74526,23.400002,22.82799,15.499868392944336,20.701879501342773,15.499868,20.70188
22.0,24.0,37.360184,23.099998,22.753511,15.499847412109375,20.800884246826172,15.499847,20.800884
22.0,24.0,109.45311,22.799995,22.559223,10.000054359436035,22.476022720336914,10.000054,22.476023
22.0,24.0,78.396866,22.799995,22.797474,10.000049591064453,22.495094299316406,10.00005,22.495094
22.0,24.0,11.88,21.8,22.716759,10.000041961669922,22.655834197998047,10.000042,22.655834
22.0,24.0,35.150497,21.199997,22.77561,10.000043869018555,22.668811798095703,10.000044,22.668812
22.0,24.0,18.165,20.5,22.72695,10.000042915344238,22.741113662719727,10.000043,22.741114
15.0,28.0,0.0,20.2,22.725641,10.000040054321289,22.812480926513672,10.00004,22.81248
15.0,28.0,0.0,19.8,22.68102,10.000040054321289,22.845012664794922,10.00004,22.845013
15.0,28.0,0.0,19.5,22.629814,10.000039100646973,22.901290893554688,10.000039,22.90129
15.0,28.0,0.0,19.2,22.58515,10.000040054321289,22.91583251953125,10.00004,22.915833
15.0,28.0,0.0,18.800003,22.535194,10.000039100646973,22.967933654785156,10.000039,22.967934
15.0,28.0,0.0,18.5,22.49347,10.000040054321289,22.967731475830078,10.00004,22.967731
15.0,28.0,0.0,18.2,22.444914,10.000039100646973,23.014747619628906,10.000039,23.014748
15.0,28.0,0.0,17.900002,22.405985,10.000059127807617,23.04017448425293,10.000059,23.040174
15.0,28.0,0.0,17.7,22.366135,10.000059127807617,23.092628479003906,10.000059,23.092628
15.0,28.0,0.0,17.399998,22.332752,10.00005054473877,23.081222534179688,10.000051,23.081223
15.0,28.0,0.0,17.200005,22.290337,10.00005054473877,23.13159942626953,10.000051,23.1316
15.0,28.0,0.0,16.900002,22.259495,10.000043869018555,23.1287899017334,10.000044,23.12879
15.0,28.0,0.0,16.8,22.222172,10.000043869018555,23.172710418701172,10.000044,23.17271
15.0,28.0,0.0,16.599998,22.194542,10.000038146972656,23.176389694213867,10.000038,23.17639
15.0,28.0,0.0,16.5,22.162487,10.000038146972656,23.215017318725586,10.000038,23.215017
15.0,28.0,0.0,16.399998,22.138487,10.00003433227539,23.225208282470703,10.000034,23.225208
15.0,28.0,0.0,16.300003,22.111917,10.000033378601074,23.258283615112305,10.000033,23.258284
15.0,28.0,0.0,16.300003,22.091686,10.000030517578125,23.274709701538086,10.0000305,23.27471
15.0,28.0,1.8150002,16.599998,22.074013,10.000030517578125,23.29153060913086,10.0000305,23.29153
15.0,28.0,51.322456,16.8,22.077232,10.000032424926758,23.272483825683594,10.000032,23.272484
22.0,24.0,21.78,17.3,22.064651,10.000029563903809,23.285934448242188,10.00003,23.285934
22.0,24.0,76.59422,17.7,22.08287,10.000033378601074,23.250625610351562,10.000033,23.250626
22.0,24.0,46.768753,18.600002,22.084646,10.000029563903809,23.24204444885254,10.00003,23.242044
22.0,24.0,63.71236,19.400002,22.340693,15.499910354614258,23.275543212890625,15.49991,23.275543
22.0,24.0,46.29248,20.299995,22.66539,15.49990463256836,23.109495162963867,15.499905,23.109495
22.0,24.0,50.47589,21.199997,22.713963,15.49990463256836,22.91334342956543,15.499905,22.913343
22.0,24.0,143.8159,21.8,22.773613,15.499931335449219,22.77667808532715,15.499931,22.776678
22.0,24.0,260.79523,22.399998,22.867273,15.499953269958496,22.47833824157715,15.499953,22.478338
22.0,24.0,408.0816,22.900002,22.887417,15.499971389770508,22.290042877197266,15.499971,22.290043
22.0,24.0,552.2017,23.400002,22.968605,15.499980926513672,21.942459106445312,15.499981,21.94246
22.0,24.0,440.20892,23.899998,22.924084,15.499974250793457,21.866790771484375,15.499974,21.86679
22.0,24.0,195.476,24.299995,22.911667,15.499942779541016,21.733131408691406,15.499943,21.733131
22.0,24.0,170.24995,24.599998,22.889734,15.499937057495117,21.708219528198242,15.499937,21.70822
22.0,24.0,294.90735,24.899994,22.9453,15.499956130981445,21.456092834472656,15.499956,21.456093
22.0,24.0,301.52524,25.0,22.898472,15.499958038330078,21.418148040771484,15.499958,21.418148
22.0,24.0,318.39127,25.199997,22.933125,15.499958038330078,21.201980590820312,15.499958,21.20198
22.0,24.0,375.68695,25.100006,22.907913,15.499964714050293,21.154006958007812,15.499965,21.154007
22.0,24.0,348.7109,25.100006,22.925205,15.499958038330078,20.963159561157227,15.499958,20.96316
22.0,24.0,324.59158,25.0,22.879173,15.499955177307129,20.95636558532715,15.499955,20.956366
22.0,24.0,137.9709,24.800003,22.844097,15.49990463256836,20.863693237304688,15.499905,20.863693
22.0,24.0,58.086834,24.5,22.772144,15.499871253967285,20.945810317993164,15.499871,20.94581
22.0,24.0,98.72738,24.199997,22.783508,15.499874114990234,20.820833206176758,15.499874,20.820833
22.0,24.0,102.42287,23.699997,22.714188,15.49987506866455,20.881759643554688,15.499875,20.88176
22.0,24.0,75.03985,23.2,22.508121,10.000046730041504,22.602001190185547,10.000047,22.602001
22.0,24.0,79.35394,23.2,22.811543,10.000048637390137,22.550020217895508,10.000049,22.55002
22.0,24.0,32.232666,21.900002,22.703482,10.000042915344238,22.68401527404785,10.000043,22.684015
22.0,24.0,17.195904,21.100002,22.749256,10.000041007995605,22.742097854614258,10.000041,22.742098
22.0,24.0,6.547238,20.299995,22.730797,10.000040054321289,22.797016143798828,10.00004,22.797016
15.0,28.0,0.0,19.899998,22.6866,10.000038146972656,22.863033294677734,10.000038,22.863033
15.0,28.0,0.0,19.599998,22.64148,10.000039100646973,22.891448974609375,10.000039,22.891449
15.0,28.0,0.0,19.3,22.592476,10.000038146972656,22.944698333740234,10.000038,22.944698
15.0,28.0,0.0,19.0,22.550024,10.000039100646973,22.955982208251953,10.000039,22.955982
15.0,28.0,0.0,18.800003,22.503304,10.000038146972656,23.002792358398438,10.000038,23.002792
15.0,28.0,0.0,18.5,22.46463,10.000040054321289,22.998600006103516,10.00004,22.9986
15.0,28.0,0.0,18.3,22.419611,10.000039100646973,23.040924072265625,10.000039,23.040924
15.0,28.0,0.0,18.099998,22.384617,10.000059127807617,23.06472396850586,10.000059,23.064724
15.0,28.0,0.0,17.900002,22.349062,10.0000581741333,23.111907958984375,10.000058,23.111908
15.0,28.0,0.0,17.7,22.319586,10.00005054473877,23.093786239624023,10.000051,23.093786
15.0,28.0,0.0,17.600002,22.281235,10.000049591064453,23.13681983947754,10.00005,23.13682
15.0,28.0,0.0,17.399998,22.254738,10.000043869018555,23.126449584960938,10.000044,23.12645
15.0,28.0,0.0,17.200005,22.220736,10.000043869018555,23.167224884033203,10.000044,23.167225
15.0,28.0,0.0,17.099998,22.1971,10.000038146972656,23.164335250854492,10.000038,23.164335
15.0,28.0,0.0,16.900002,22.1676,10.000038146972656,23.200881958007812,10.000038,23.200882
15.0,28.0,0.0,16.8,22.146248,10.00003433227539,23.2078800201416,10.000034,23.20788
15.0,28.0,0.0,16.8,22.122513,10.000033378601074,23.235767364501953,10.000033,23.235767
15.0,28.0,0.0,16.8,22.104681,10.000030517578125,23.248966217041016,10.0000305,23.248966
15.0,28.0,1.65,17.600002,22.092682,10.000030517578125,23.251062393188477,10.0000305,23.251062
15.0,28.0,51.986446,18.5,22.105309,10.000032424926758,23.207794189453125,10.000032,23.207794
22.0,24.0,22.935,19.400002,22.103905,10.000029563903809,23.199237823486328,10.00003,23.199238
22.0,24.0,117.2379,20.2,22.149178,10.000038146972656,23.106868743896484,10.000038,23.106869
22.0,24.0,62.33368,21.599998,22.161877,10.000032424926758,23.08088493347168,10.000032,23.080885
22.0,24.0,174.84215,22.900002,22.471945,15.499937057495117,22.999767303466797,15.499937,22.999767
22.0,24.0,125.48922,23.800003,22.812063,15.499927520751953,22.79861068725586,15.4999275,22.79861
22.0,24.0,300.21033,24.700005,22.935486,15.499958992004395,22.44870948791504,15.499959,22.44871
22.0,24.0,284.11444,25.400002,22.905348,15.499958038330078,22.334856033325195,15.499958,22.334856
22.0,24.0,464.36874,26.0,23.017616,15.499975204467773,21.9679012298584,15.499975,21.967901
22.0,24.0,473.85257,26.5,22.998686,15.499977111816406,21.827909469604492,15.499977,21.82791
22.0,24.0,595.2131,27.0,23.092407,15.499983787536621,21.49193572998047,15.499984,21.491936
22.0,24.0,609.33655,27.399994,23.084389,15.499984741210938,21.35280990600586,15.499985,21.35281
22.0,24.0,649.30035,27.799995,23.150406,15.49998664855957,21.071868896484375,15.499987,21.071869
22.0,24.0,648.3146,28.099998,23.14407,15.49998664855957,20.96126937866211,15.499987,20.96127
22.0,24.0,608.4869,28.400002,23.209435,15.499984741210938,20.726037979125977,15.499985,20.726038
22.0,24.0,614.43744,28.599998,23.25803,15.499984741210938,20.631479263305664,15.499985,20.63148
22.0,24.0,545.7507,28.699997,23.303827,15.499980926513672,20.43744659423828,15.499981,20.437447
22.0,24.0,534.66705,28.699997,23.338078,15.499980926513672,20.384754180908203,15.499981,20.384754
22.0,24.0,408.772,28.699997,23.338993,15.499969482421875,20.245532989501953,15.4999695,20.245533
22.0,24.0,405.60593,28.5,23.34298,15.499969482421875,20.2394962310791,15.4999695,20.239496
22.0,24.0,211.6622,28.300003,23.2838,15.499934196472168,20.17521858215332,15.499934,20.175219
22.0,24.0,236.7551,27.799995,23.246758,15.499939918518066,20.218673706054688,15.49994,20.218674
22.0,24.0,120.506096,27.200005,23.171118,15.499897003173828,20.189189910888672,15.499897,20.18919
22.0,24.0,158.16432,26.5,23.114727,15.499909400939941,20.255033493041992,15.499909,20.255033
22.0,24.0,74.222176,25.700005,22.797722,10.000060081481934,22.09773063659668,10.00006,22.09773
22.0,24.0,93.98162,25.700005,22.823967,10.00006103515625,22.132402420043945,10.000061,22.132402
22.0,24.0,20.295,23.0,22.75626,10.000049591064453,22.35195541381836,10.00005,22.351955
22.0,24.0,12.87,21.7,22.810097,10.000046730041504,22.444684982299805,10.000047,22.444685
22.0,24.0,28.216818,20.400002,22.783894,10.000049591064453,22.513042449951172,10.00005,22.513042
15.0,28.0,0.0,19.8,22.750494,10.000043869018555,22.637819290161133,10.000044,22.63782
15.0,28.0,0.0,19.099998,22.757391,10.000043869018555,22.689781188964844,10.000044,22.689781
15.0,28.0,0.0,18.600002,22.723068,10.000042915344238,22.767906188964844,10.000043,22.767906
15.0,28.0,0.0,18.099998,22.694515,10.000042915344238,22.80264663696289,10.000043,22.802647
15.0,28.0,0.0,17.7,22.625648,10.000041961669922,22.87737274169922,10.000042,22.877373
15.0,28.0,0.0,17.3,22.565422,10.000042915344238,22.89917755126953,10.000043,22.899178
15.0,28.0,0.0,17.099998,22.500912,10.000041007995605,22.963356018066406,10.000041,22.963356
15.0,28.0,0.0,16.900002,22.448174,10.00006103515625,23.002159118652344,10.000061,23.00216
15.0,28.0,0.0,16.7,22.395847,10.000060081481934,23.070972442626953,10.00006,23.070972
15.0,28.0,0.0,16.599998,22.353369,10.000051498413086,23.068456649780273,10.0000515,23.068457
15.0,28.0,0.0,16.5,22.303074,10.00005054473877,23.127431869506836,10.000051,23.127432
15.0,28.0,0.0,16.399998,22.26687,10.000044822692871,23.12835121154785,10.000045,23.128351
15.0,28.0,0.0,16.5,22.225964,10.000043869018555,23.173484802246094,10.000044,23.173485
15.0,28.0,0.0,16.5,22.196629,10.000039100646973,23.17584228515625,10.000039,23.175842
15.0,28.0,0.0,16.599998,22.164518,10.000038146972656,23.211013793945312,10.000038,23.211014
15.0,28.0,0.0,16.7,22.141962,10.00003433227539,23.2158260345459,10.000034,23.215826
15.0,28.0,0.0,16.900002,22.118847,10.000033378601074,23.239389419555664,10.000033,23.23939
15.0,28.0,0.0,17.099998,22.103062,10.000030517578125,23.24648666381836,10.0000305,23.246487
15.0,28.0,1.65,17.799995,22.092388,10.000030517578125,23.247840881347656,10.0000305,23.24784
15.0,28.0,47.920403,18.400002,22.103352,10.000032424926758,23.212488174438477,10.000032,23.212488
22.0,24.0,21.12,19.2,22.101526,10.000029563903809,23.206323623657227,10.00003,23.206324
22.0,24.0,121.175,19.899998,22.146526,10.000038146972656,23.114137649536133,10.000038,23.114138
22.0,24.0,93.97162,20.8,22.163952,10.000035285949707,23.078588485717773,10.000035,23.078588
22.0,24.0,210.50522,21.7,22.47184,15.499944686889648,23.01367950439453,15.499945,23.01368
22.0,24.0,193.00977,22.5,22.82283,15.499942779541016,22.797739028930664,15.499943,22.797739
22.0,24.0,317.45056,23.400002,22.930168,15.499961853027344,22.47759246826172,15.499962,22.477592
22.0,24.0,313.04852,24.099998,22.90944,15.499961853027344,22.361270904541016,15.499962,22.36127
22.0,24.0,437.4033,24.800003,23.00071,15.499974250793457,22.031293869018555,15.499974,22.031294
22.0,24.0,454.42603,25.299995,22.987175,15.49997615814209,21.89868927001953,15.499976,21.89869
22.0,24.0,550.76654,25.800003,23.067295,15.499981880187988,21.585176467895508,15.499982,21.585176
22.0,24.0,561.2404,26.099998,23.055216,15.499982833862305,21.46343994140625,15.499983,21.46344
22.0,24.0,601.9736,26.5,23.117079,15.499984741210938,21.190526962280273,15.499985,21.190527
22.0,24.0,595.1378,26.699997,23.101063,15.499984741210938,21.096538543701172,15.499985,21.096539
22.0,24.0,616.8672,27.0,23.151001,15.499984741210938,20.856706619262695,15.499985,20.856707
22.0,24.0,612.47144,27.099998,23.178299,15.499984741210938,20.77106285095215,15.499985,20.771063
22.0,24.0,548.93164,27.200005,23.216751,15.499980926513672,20.576475143432617,15.499981,20.576475
22.0,24.0,538.89435,27.200005,23.24678,15.499980926513672,20.524715423583984,15.499981,20.524715
22.0,24.0,412.95178,27.099998,23.242714,15.499969482421875,20.38669776916504,15.4999695,20.386698
22.0,24.0,407.79907,27.0,23.24109,15.499969482421875,20.382251739501953,15.4999695,20.382252
22.0,24.0,203.57515,26.799995,23.178663,15.499931335449219,20.320499420166016,15.499931,20.3205
22.0,24.0,224.55135,26.5,23.13651,15.499937057495117,20.36698341369629,15.499937,20.366983
22.0,24.0,92.12296,26.199997,23.055248,15.499883651733398,20.338359832763672,15.499884,20.33836
22.0,24.0,135.76395,25.700005,23.000916,15.499898910522461,20.401897430419922,15.499899,20.401897
22.0,24.0,48.51,25.199997,22.692093,10.000052452087402,22.26034164428711,10.000052,22.260342
22.0,24.0,77.56919,25.199997,22.847857,10.000056266784668,22.243223190307617,10.000056,22.243223
22.0,24.0,20.955,23.3,22.74737,10.00004768371582,22.427627563476562,10.000048,22.427628
22.0,24.0,22.972153,22.200005,22.801144,10.000046730041504,22.491641998291016,10.000047,22.491642
22.0,24.0,24.386303,21.100002,22.768284,10.00004768371582,22.56327247619629,10.000048,22.563272
15.0,28.0,0.0,20.7,22.74942,10.000042915344238,22.665355682373047,10.000043,22.665356
15.0,28.0,0.0,20.400002,22.7542,10.000043869018555,22.701190948486328,10.000044,22.70119
15.0,28.0,0.0,20.100002,22.723618,10.000041961669922,22.763553619384766,10.000042,22.763554
15.0,28.0,0.0,19.8,22.699654,10.000043869018555,22.78355598449707,10.000044,22.783556
15.0,28.0,0.0,19.700005,22.645447,10.000041961669922,22.839731216430664,10.000042,22.839731
15.0,28.0,0.0,19.599998,22.600735,10.000042915344238,22.84341812133789,10.000043,22.843418
15.0,28.0,0.0,19.5,22.55143,10.000041961669922,22.890697479248047,10.000042,22.890697
15.0,28.0,0.0,19.400002,22.513214,10.00006103515625,22.87286376953125,10.000061,22.872864
15.0,28.0,0.0,19.3,22.467384,10.000060081481934,22.925382614135742,10.00006,22.925383
15.0,28.0,0.0,19.2,22.436445,10.000052452087402,22.90677833557129,10.000052,22.906778
15.0,28.0,0.0,19.099998,22.396498,10.000051498413086,22.952468872070312,10.0000515,22.952469
15.0,28.0,0.0,18.899998,22.36909,10.000045776367188,22.94300079345703,10.000046,22.943
15.0,28.0,0.0,18.899998,22.33538,10.000044822692871,22.980989456176758,10.000045,22.98099
15.0,28.0,0.0,18.800003,22.31193,10.000040054321289,22.97739028930664,10.00004,22.97739
15.0,28.0,0.0,18.800003,22.284231,10.000040054321289,23.00914764404297,10.00004,23.009148
15.0,28.0,0.0,18.699997,22.264343,10.000035285949707,23.01418685913086,10.000035,23.014187
15.0,28.0,0.0,18.800003,22.24298,10.000035285949707,23.03805923461914,10.000035,23.03806
15.0,28.0,0.0,18.800003,22.227184,10.000032424926758,23.049266815185547,10.000032,23.049267
15.0,28.0,1.858299,19.099998,22.214006,10.000032424926758,23.0606689453125,10.000032,23.060669
15.0,28.0,21.317617,19.400002,22.211632,10.000031471252441,23.055736541748047,10.000031,23.055737
22.0,24.0,40.271362,19.700005,22.21482,10.000033378601074,23.039688110351562,10.000033,23.039688
22.0,24.0,35.24574,20.100002,22.215935,10.000030517578125,23.04430389404297,10.0000305,23.044304
22.0,24.0,18.742748,20.5,22.21867,10.000029563903809,23.042909622192383,10.00003,23.04291
22.0,24.0,28.699135,20.8,22.46347,15.49990177154541,23.079689025878906,15.499902,23.079689
22.0,24.0,47.223755,21.5,22.787027,15.499907493591309,22.905445098876953,15.4999075,22.905445
22.0,24.0,41.58,22.200005,22.824743,15.49990463256836,22.721975326538086,15.499905,22.721975
22.0,24.0,44.547268,22.799995,22.826311,15.499906539916992,22.658458709716797,15.499907,22.658459
22.0,24.0,55.44,23.5,22.85286,15.499906539916992,22.45712661743164,15.499907,22.457127
22.0,24.0,65.32269,23.699997,22.825363,15.499911308288574,22.41049575805664,15.499911,22.410496
22.0,24.0,145.72917,24.0,22.87668,15.499931335449219,22.168399810791016,15.499931,22.1684
22.0,24.0,297.89136,24.099998,22.884348,15.499959945678711,22.036396026611328,15.49996,22.036396
22.0,24.0,401.65823,24.299995,22.940598,15.499969482421875,21.748077392578125,15.4999695,21.748077
22.0,24.0,292.33566,24.299995,22.881168,15.499958038330078,21.723600387573242,15.499958,21.7236
22.0,24.0,257.87494,24.299995,22.915073,15.499950408935547,21.522483825683594,15.49995,21.522484
22.0,24.0,216.63202,24.299995,22.864862,15.499943733215332,21.515993118286133,15.499944,21.515993
22.0,24.0,358.7671,24.299995,22.93116,15.49996280670166,21.26535987854004,15.499963,21.26536
22.0,24.0,520.6811,24.299995,22.930113,15.499977111816406,21.16779899597168,15.499977,21.167799
22.0,24.0,411.82367,24.299995,22.929005,15.499966621398926,20.980016708374023,15.499967,20.980017
22.0,24.0,410.64218,24.299995,22.8998,15.499966621398926,20.950214385986328,15.499967,20.950214
22.0,24.0,208.10025,24.199997,22.862555,15.499927520751953,20.84322738647461,15.4999275,20.843227
22.0,24.0,270.3795,24.099998,22.836008,15.499940872192383,20.846446990966797,15.499941,20.846447
22.0,24.0,85.617035,24.0,22.785194,15.499870300292969,20.78108787536621,15.49987,20.781088
22.0,24.0,120.238556,23.800003,22.742199,15.499884605407715,20.823802947998047,15.499885,20.823803
22.0,24.0,54.12,23.600002,22.519062,10.000044822692871,22.584922790527344,10.000045,22.584923
22.0,24.0,53.112698,23.600002,22.824856,10.000045776367188,22.544858932495117,10.000046,22.544859
22.0,24.0,22.44,23.0,22.724745,10.000042915344238,22.65081214904785,10.000043,22.650812
22.0,24.0,12.21,22.900002,22.761665,10.000041007995605,22.692283630371094,10.000041,22.692284
22.0,24.0,22.705719,22.799995,22.75186,10.000043869018555,22.70213508605957,10.000044,22.702135
15.0,28.0,0.0,22.799995,22.726997,10.000040054321289,22.764785766601562,10.00004,22.764786
15.0,28.0,0.0,22.799995,22.72688,10.000041961669922,22.767623901367188,10.000042,22.767624
15.0,28.0,0.0,22.7,22.696003,10.000041007995605,22.799901962280273,10.000041,22.799902
15.0,28.0,0.0,22.5,22.670227,10.000042915344238,22.795066833496094,10.000043,22.795067
15.0,28.0,0.0,22.3,22.639229,10.000041961669922,22.825632095336914,10.000042,22.825632
15.0,28.0,0.0,22.099998,22.61508,10.000043869018555,22.80840301513672,10.000044,22.808403
15.0,28.0,0.0,21.900002,22.583666,10.000042915344238,22.837238311767578,10.000043,22.837238
15.0,28.0,0.0,21.7,22.560621,10.000061988830566,22.7695369720459,10.000062,22.769537
15.0,28.0,0.0,21.399998,22.520744,10.00006103515625,22.811981201171875,10.000061,22.811981
15.0,28.0,0.0,21.100002,22.498783,10.000053405761719,22.78449821472168,10.000053,22.784498
15.0,28.0,0.0,20.599998,22.463932,10.000053405761719,22.830320358276367,10.000053,22.83032
15.0,28.0,0.0,20.2,22.440037,10.000046730041504,22.820051193237305,10.000047,22.820051
15.0,28.0,0.0,20.0,22.407461,10.000045776367188,22.86046600341797,10.000046,22.860466
15.0,28.0,0.0,19.8,22.384327,10.000041007995605,22.858530044555664,10.000041,22.85853
15.0,28.0,0.0,20.0,22.357899,10.000041007995605,22.88604736328125,10.000041,22.886047
15.0,28.0,0.0,20.100002,22.340038,10.000036239624023,22.88504409790039,10.000036,22.885044
15.0,28.0,0.0,20.2,22.320621,10.000036239624023,22.906063079833984,10.000036,22.906063
15.0,28.0,0.0,20.299995,22.307678,10.000033378601074,22.91246795654297,10.000033,22.912468
15.0,28.0,1.65,20.599998,22.296898,10.000033378601074,22.920625686645508,10.000033,22.920626
15.0,28.0,32.304558,21.0,22.301325,10.000033378601074,22.901580810546875,10.000033,22.90158
22.0,24.0,47.6647,21.399998,22.30761,10.000035285949707,22.879226684570312,10.000035,22.879227
22.0,24.0,59.786324,21.900002,22.31945,10.00003433227539,22.861164093017578,10.000034,22.861164
22.0,24.0,36.147305,22.5,22.326885,10.000032424926758,22.851709365844727,10.000032,22.85171
22.0,24.0,74.05074,23.0,22.589657,15.499916076660156,22.840316772460938,15.499916,22.840317
22.0,24.0,90.062584,23.699997,22.919847,15.499921798706055,22.645238876342773,15.499922,22.645239
22.0,24.0,94.10336,24.400002,22.910666,15.499921798706055,22.45849609375,15.499922,22.458496
22.0,24.0,314.55884,24.899994,22.966764,15.49996280670166,22.254528045654297,15.499963,22.254528
22.0,24.0,407.27032,25.5,23.00924,15.499971389770508,21.961503982543945,15.499971,21.961504
22.0,24.0,440.28293,26.0,23.009056,15.499975204467773,21.82477378845215,15.499975,21.824774
22.0,24.0,561.28986,26.400002,23.089336,15.499982833862305,21.508281707763672,15.499983,21.508282
22.0,24.0,582.36847,26.799995,23.079813,15.499983787536621,21.37917709350586,15.499984,21.379177
22.0,24.0,556.70807,27.099998,23.121117,15.499982833862305,21.137027740478516,15.499983,21.137028
22.0,24.0,625.6003,27.300003,23.129635,15.499985694885254,21.022668838500977,15.499986,21.022669
22.0,24.0,651.1914,27.5,23.191803,15.49998664855957,20.77947425842285,15.499987,20.779474
22.0,24.0,334.3149,27.600006,23.135138,15.49996566772461,20.796035766601562,15.499966,20.796036
22.0,24.0,239.41052,27.699997,23.11456,15.499948501586914,20.679519653320312,15.4999485,20.67952
22.0,24.0,485.5289,27.699997,23.17358,15.499977111816406,20.604482650756836,15.499977,20.604483
22.0,24.0,416.20615,27.699997,23.18766,15.499969482421875,20.444704055786133,15.4999695,20.444704
22.0,24.0,403.80286,27.5,23.189869,15.499967575073242,20.43213653564453,15.499968,20.432137
22.0,24.0,233.87076,27.300003,23.146084,15.499937057495117,20.346973419189453,15.499937,20.346973
22.0,24.0,267.38593,27.0,23.121952,15.499944686889648,20.372495651245117,15.499945,20.372496
22.0,24.0,128.53809,26.799995,23.058445,15.499897003173828,20.32193374633789,15.499897,20.321934
22.0,24.0,103.48366,26.400002,22.993805,15.499885559082031,20.398515701293945,15.499886,20.398516
22.0,24.0,55.44,26.0,22.698238,10.000053405761719,22.2372989654541,10.000053,22.237299
22.0,24.0,41.91,26.0,22.834473,10.00005054473877,22.27782440185547,10.000051,22.277824
22.0,24.0,27.39,24.599998,22.781916,10.000049591064453,22.38595962524414,10.00005,22.38596
22.0,24.0,14.355,23.699997,22.792034,10.000045776367188,22.469388961791992,10.000046,22.469389
22.0,24.0,27.67969,22.7,22.78584,10.000048637390137,22.51139259338379,10.000049,22.511393
15.0,28.0,0.0,22.5,22.754658,10.000043869018555,22.610307693481445,10.000044,22.610308
15.0,28.0,0.0,22.200005,22.766666,10.000044822692871,22.638038635253906,10.000045,22.638039
15.0,28.0,0.0,22.099998,22.738201,10.000043869018555,22.69074058532715,10.000044,22.69074
15.0,28.0,0.0,22.0,22.734062,10.000044822692871,22.69782066345215,10.000045,22.69782
15.0,28.0,0.0,21.900002,22.704819,10.000043869018555,22.74048614501953,10.000044,22.740486
15.0,28.0,0.0,21.8,22.686264,10.000045776367188,22.73243522644043,10.000046,22.732435
15.0,28.0,0.0,21.7,22.64616,10.000044822692871,22.770648956298828,10.000045,22.770649
15.0,28.0,0.0,21.5,22.615088,10.000062942504883,22.699554443359375,10.000063,22.699554
15.0,28.0,0.0,21.399998,22.567188,10.000061988830566,22.74767303466797,10.000062,22.747673
15.0,28.0,0.0,21.300003,22.541285,10.000054359436035,22.72170639038086,10.000054,22.721706
15.0,28.0,0.0,21.100002,22.504927,10.000053405761719,22.764497756958008,10.000053,22.764498
15.0,28.0,0.0,20.8,22.480412,10.00004768371582,22.752643585205078,10.000048,22.752644
15.0,28.0,0.0,20.599998,22.447739,10.000046730041504,22.79310417175293,10.000047,22.793104
15.0,28.0,0.0,20.5,22.425457,10.000041961669922,22.788467407226562,10.000042,22.788467
15.0,28.0,0.0,20.299995,22.39693,10.000041007995605,22.824975967407227,10.000041,22.824976
15.0,28.0,0.0,20.100002,22.37604,10.00003719329834,22.833837509155273,10.000037,22.833838
15.0,28.0,0.0,20.100002,22.352797,10.00003719329834,22.862579345703125,10.000037,22.86258
15.0,28.0,0.0,20.0,22.334618,10.000033378601074,22.87953758239746,10.000033,22.879538
15.0,28.0,1.98,20.599998,22.321331,10.000033378601074,22.887210845947266,10.000033,22.88721
15.0,28.0,56.24995,21.100002,22.331299,10.000036239624023,22.850627899169922,10.000036,22.850628
22.0,24.0,22.935,21.8,22.323624,10.000033378601074,22.856618881225586,10.000033,22.856619
22.0,24.0,112.29658,22.5,22.362131,10.000041007995605,22.773056030273438,10.000041,22.773056
22.0,24.0,58.175186,23.800003,22.367764,10.00003433227539,22.760087966918945,10.000034,22.760088
22.0,24.0,168.49684,25.199997,22.671976,15.49993896484375,22.655519485473633,15.499939,22.65552
22.0,24.0,120.27652,25.900002,22.96858,15.499929428100586,22.472064971923828,15.499929,22.472065
22.0,24.0,295.98648,26.599998,23.00689,15.499959945678711,22.164979934692383,15.49996,22.16498
22.0,24.0,280.65054,27.200005,22.984495,15.499958038330078,22.060762405395508,15.499958,22.060762
22.0,24.0,463.05798,27.799995,23.087807,15.49997615814209,21.710342407226562,15.499976,21.710342
22.0,24.0,473.21014,28.200005,23.064465,15.499977111816406,21.584598541259766,15.499977,21.584599
22.0,24.0,596.1161,28.699997,23.154026,15.499984741210938,21.26506996154785,15.499985,21.26507
22.0,24.0,610.8206,29.0,23.143353,15.499984741210938,21.139320373535156,15.499985,21.13932
22.0,24.0,669.6902,29.400002,23.211966,15.49998664855957,20.86630630493164,15.499987,20.866306
22.0,24.0,620.8769,29.599998,23.247437,15.499985694885254,20.76133918762207,15.499986,20.76134
22.0,24.0,600.1187,29.899994,23.322832,15.499984741210938,20.534196853637695,15.499985,20.534197
22.0,24.0,640.0796,30.0,23.393642,15.49998664855957,20.43733787536621,15.499987,20.437338
22.0,24.0,545.0133,30.100006,23.439575,15.499980926513672,20.252973556518555,15.499981,20.252974
22.0,24.0,568.37695,30.100006,23.492268,15.499982833862305,20.194561004638672,15.499983,20.194561
22.0,24.0,414.4304,30.199997,23.490452,15.499969482421875,20.060190200805664,15.4999695,20.06019
22.0,24.0,410.0763,30.0,23.49327,15.499969482421875,20.055566787719727,15.4999695,20.055567
22.0,24.0,259.10657,29.899994,23.448626,15.499944686889648,19.97869110107422,15.499945,19.978691
22.0,24.0,217.26855,29.599998,23.399351,15.499937057495117,20.028953552246094,15.499937,20.028954
22.0,24.0,93.02662,29.400002,23.31923,15.499887466430664,20.003557205200195,15.499887,20.003557
22.0,24.0,134.21863,29.0,23.263931,15.49990177154541,20.05835723876953,15.499902,20.058357
22.0,24.0,46.529995,28.599998,22.942053,10.00006103515625,21.934871673583984,10.000061,21.934872
22.0,24.0,68.61181,28.599998,22.8246,10.00006103515625,22.00377655029297,10.000061,22.003777
22.0,24.0,23.43,26.599998,22.807398,10.000054359436035,22.164716720581055,10.000054,22.164717
22.0,24.0,12.54,25.5,22.830124,10.00005054473877,22.25906753540039,10.000051,22.259068
22.0,24.0,26.038671,24.400002,22.817545,10.000053405761719,22.318788528442383,10.000053,22.318789
15.0,28.0,0.0,24.0,22.787235,10.00004768371582,22.430862426757812,10.000048,22.430862
15.0,28.0,0.0,23.699997,22.797413,10.000048637390137,22.472171783447266,10.000049,22.472172
15.0,28.0,0.0,23.400002,22.767942,10.00004768371582,22.53739356994629,10.000048,22.537394
15.0,28.0,0.0,23.099998,22.761862,10.000048637390137,22.558547973632812,10.000049,22.558548
15.0,28.0,0.0,22.900002,22.732218,10.00004768371582,22.612010955810547,10.000048,22.612011
15.0,28.0,0.0,22.7,22.727879,10.000048637390137,22.611663818359375,10.000049,22.611664
15.0,28.0,0.0,22.399998,22.692507,10.00004768371582,22.65889549255371,10.000048,22.658895
15.0,28.0,0.0,22.200005,22.690971,10.000065803527832,22.559080123901367,10.000066,22.55908
15.0,28.0,0.0,21.8,22.602768,10.0000638961792,22.635841369628906,10.000064,22.635841
15.0,28.0,0.0,21.5,22.620579,10.000056266784668,22.6058349609375,10.000056,22.605835
15.0,28.0,0.0,21.100002,22.575607,10.000055313110352,22.663925170898438,10.000055,22.663925
15.0,28.0,0.0,20.7,22.54376,10.000048637390137,22.66458511352539,10.000049,22.664585
15.0,28.0,0.0,20.400002,22.503168,10.000048637390137,22.718250274658203,10.000049,22.71825
15.0,28.0,0.0,20.100002,22.472507,10.000042915344238,22.728639602661133,10.000043,22.72864
15.0,28.0,0.0,20.0,22.437164,10.000041961669922,22.773893356323242,10.000042,22.773893
15.0,28.0,0.0,19.899998,22.41032,10.000038146972656,22.78931999206543,10.000038,22.78932
15.0,28.0,0.0,20.0,22.382446,10.00003719329834,22.822921752929688,10.000037,22.822922
15.0,28.0,0.0,20.2,22.36223,10.00003433227539,22.83812141418457,10.000034,22.838121
15.0,28.0,1.155,20.900002,22.347284,10.000033378601074,22.846172332763672,10.000033,22.846172
15.0,28.0,34.916615,21.7,22.351463,10.00003433227539,22.819623947143555,10.000034,22.819624
22.0,24.0,20.13,22.399998,22.348885,10.000033378601074,22.813823699951172,10.000033,22.813824
22.0,24.0,115.95008,23.2,22.390127,10.000041961669922,22.72051239013672,10.000042,22.720512
22.0,24.0,63.716537,24.299995,22.397192,10.000036239624023,22.706951141357422,10.000036,22.706951
22.0,24.0,174.7192,25.5,22.70226,15.499940872192383,22.600753784179688,15.499941,22.600754
22.0,24.0,126.85911,26.599998,22.983175,15.499930381774902,22.411174774169922,15.49993,22.411175
22.0,24.0,298.05334,27.699997,23.023342,15.499959945678711,22.091854095458984,15.49996,22.091854
22.0,24.0,310.32962,28.300003,23.008554,15.49996280670166,21.966140747070312,15.499963,21.96614
22.0,24.0,425.8126,29.0,23.09171,15.49997329711914,21.643871307373047,15.499973,21.643871
22.0,24.0,450.01373,29.400002,23.07975,15.49997615814209,21.512399673461914,15.499976,21.5124
22.0,24.0,578.991,29.899994,23.166824,15.499982833862305,21.193620681762695,15.499983,21.19362
22.0,24.0,581.8886,30.199997,23.152987,15.499983787536621,21.0733642578125,15.499984,21.073364
22.0,24.0,630.4618,30.5,23.230846,15.499985694885254,20.804845809936523,15.499986,20.804846
22.0,24.0,649.2993,30.700005,23.295776,15.49998664855957,20.678546905517578,15.499987,20.678547
22.0,24.0,643.5994,30.900002,23.385937,15.49998664855957,20.442241668701172,15.499987,20.442242
22.0,24.0,644.3731,30.900002,23.461147,15.49998664855957,20.345523834228516,15.499987,20.345524
22.0,24.0,577.4444,31.0,23.52014,15.499982833862305,20.15554428100586,15.499983,20.155544
22.0,24.0,565.44446,31.0,23.568735,15.499982833862305,20.09890365600586,15.499983,20.098904
22.0,24.0,451.72507,30.900002,23.578678,15.49997329711914,19.96298599243164,15.499973,19.962986
22.0,24.0,413.68793,30.5,23.578823,15.499970436096191,19.963665008544922,15.49997,19.963665
22.0,24.0,256.29956,30.100006,23.528582,15.499945640563965,19.90011978149414,15.499946,19.90012
22.0,24.0,216.52579,29.700005,23.47276,15.499937057495117,19.956857681274414,15.499937,19.956858
22.0,24.0,129.75064,29.299995,23.393951,15.499903678894043,19.928747177124023,15.499904,19.928747
22.0,24.0,105.1386,28.800003,23.315994,15.499893188476562,20.011375427246094,15.499893,20.011375
22.0,24.0,56.595005,28.300003,22.992916,10.0000638961792,21.870508193969727,10.000064,21.870508
22.0,24.0,41.88985,28.300003,22.803019,10.000057220458984,22.016754150390625,10.000057,22.016754
22.0,24.0,27.06,27.200005,22.842216,10.000056266784668,22.11810302734375,10.000056,22.118103
22.0,24.0,14.19,26.699997,22.828684,10.000052452087402,22.214229583740234,10.000052,22.21423
22.0,24.0,27.389915,26.199997,22.829748,10.000055313110352,22.25853729248047,10.000055,22.258537
15.0,28.0,0.0,26.0,22.79707,10.000049591064453,22.362613677978516,10.00005,22.362614
15.0,28.0,0.0,25.700005,22.810417,10.00005054473877,22.39668083190918,10.000051,22.39668
15.0,28.0,0.0,25.599998,22.784098,10.000048637390137,22.45172119140625,10.000049,22.451721
15.0,28.0,0.0,25.400002,22.779316,10.00005054473877,22.46567153930664,10.000051,22.465672
15.0,28.0,0.0,25.199997,22.752102,10.000049591064453,22.511934280395508,10.00005,22.511934
15.0,28.0,0.0,25.0,22.749166,10.000051498413086,22.506994247436523,10.0000515,22.506994
15.0,28.0,0.0,24.800003,22.716757,10.00005054473877,22.54742431640625,10.000051,22.547424
15.0,28.0,0.0,24.599998,22.716064,10.000066757202148,22.404348373413086,10.000067,22.404348
15.0,28.0,0.0,24.400002,22.609125,10.000064849853516,22.479217529296875,10.000065,22.479218
15.0,28.0,0.0,24.199997,22.639246,10.000057220458984,22.437294006347656,10.000057,22.437294
15.0,28.0,0.0,24.099998,22.587826,10.000056266784668,22.4860782623291,10.000056,22.486078
15.0,28.0,0.0,23.899998,22.599516,10.00005054473877,22.45928955078125,10.000051,22.45929
15.0,28.0,0.0,23.699997,22.561728,10.000049591064453,22.5014591217041,10.00005,22.50146
15.0,28.0,0.0,23.600002,22.570784,10.000044822692871,22.48442268371582,10.000045,22.484423
15.0,28.0,0.0,23.5,22.542131,10.000043869018555,22.517641067504883,10.000044,22.517641
15.0,28.0,0.0,23.400002,22.548035,10.000040054321289,22.512575149536133,10.00004,22.512575
15.0,28.0,0.0,23.3,22.529268,10.000040054321289,22.53875732421875,10.00004,22.538757
15.0,28.0,0.0,23.2,22.530413,10.000036239624023,22.547094345092773,10.000036,22.547094
15.0,28.0,1.8150002,23.699997,22.519289,10.000036239624023,22.553627014160156,10.000036,22.553627
15.0,28.0,53.653206,24.099998,22.529852,10.000039100646973,22.51748275756836,10.000039,22.517483
22.0,24.0,22.11,24.5,22.518349,10.000035285949707,22.53146743774414,10.000035,22.531467
22.0,24.0,111.61669,25.0,22.55516,10.000044822692871,22.451122283935547,10.000045,22.451122
22.0,24.0,59.31427,25.5,22.512892,10.000038146972656,22.47728157043457,10.000038,22.477282
22.0,24.0,170.56142,26.0,22.753492,15.499942779541016,22.400684356689453,15.499943,22.400684
22.0,24.0,122.17133,26.900002,23.04538,15.499932289123535,22.22783660888672,15.499932,22.227837
22.0,24.0,295.99008,27.699997,23.071827,15.499961853027344,21.938720703125,15.499962,21.93872
22.0,24.0,281.11844,28.200005,23.043552,15.499959945678711,21.85150146484375,15.49996,21.851501
22.0,24.0,461.82025,28.800003,23.140572,15.499977111816406,21.520675659179688,15.499977,21.520676
22.0,24.0,472.5067,29.199997,23.113987,15.499979019165039,21.407819747924805,15.499979,21.40782
22.0,24.0,595.0114,29.700005,23.198748,15.499984741210938,21.105363845825195,15.499985,21.105364
22.0,24.0,609.884,30.0,23.1903,15.499985694885254,20.988901138305664,15.499986,20.988901
22.0,24.0,669.2795,30.299995,23.289816,15.499987602233887,20.720457077026367,15.499988,20.720457
22.0,24.0,676.7606,30.5,23.36385,15.499988555908203,20.597475051879883,15.499989,20.597475
22.0,24.0,669.8005,30.700005,23.450356,15.49998664855957,20.370445251464844,15.499987,20.370445
22.0,24.0,665.08844,30.800003,23.529682,15.499987602233887,20.275232315063477,15.499988,20.275232
22.0,24.0,610.99493,30.900002,23.590336,15.499984741210938,20.089027404785156,15.499985,20.089027
22.0,24.0,576.46344,30.900002,23.63161,15.499982833862305,20.037858963012695,15.499983,20.037859
22.0,24.0,470.83694,30.900002,23.644445,15.499975204467773,19.90338134765625,15.499975,19.903381
22.0,24.0,418.21732,30.800003,23.639122,15.499971389770508,19.902141571044922,15.499971,19.902142
22.0,24.0,270.91577,30.599998,23.589872,15.499948501586914,19.83464813232422,15.4999485,19.834648
22.0,24.0,212.49942,30.299995,23.53152,15.499937057495117,19.891502380371094,15.499937,19.891502
22.0,24.0,85.318436,30.100006,23.441505,15.499887466430664,19.878009796142578,15.499887,19.87801
22.0,24.0,121.70389,29.599998,23.375023,15.499899864196777,19.94158363342285,15.4999,19.941584
22.0,24.0,41.80328,29.199997,23.044624,10.0000638961792,21.822031021118164,10.000064,21.822031
22.0,24.0,73.238716,29.199997,22.816849,10.000064849853516,21.91370391845703,10.000065,21.913704
22.0,24.0,23.76,27.600006,22.82406,10.000057220458984,22.075719833374023,10.000057,22.07572
22.0,24.0,15.179999,26.900002,22.844757,10.000053405761719,22.164426803588867,10.000053,22.164427
22.0,24.0,30.296728,26.099998,22.83235,10.000056266784668,22.218242645263672,10.000056,22.218243
15.0,28.0,0.0,25.900002,22.801579,10.000049591064453,22.331424713134766,10.00005,22.331425
15.0,28.0,0.0,25.700005,22.815994,10.000051498413086,22.369094848632812,10.0000515,22.369095
15.0,28.0,0.0,25.5,22.787848,10.000049591064453,22.429550170898438,10.00005,22.42955
15.0,28.0,0.0,25.400002,22.783615,10.000051498413086,22.44594955444336,10.0000515,22.44595
15.0,28.0,0.0,25.199997,22.75543,10.000049591064453,22.49500274658203,10.00005,22.495003
15.0,28.0,0.0,25.0,22.75221,10.000051498413086,22.492454528808594,10.0000515,22.492455
15.0,28.0,0.0,24.899994,22.720058,10.00005054473877,22.533445358276367,10.000051,22.533445
15.0,28.0,0.0,24.700005,22.718758,10.000066757202148,22.388729095458984,10.000067,22.38873
15.0,28.0,0.0,24.5,22.610233,10.000065803527832,22.465185165405273,10.000066,22.465185
15.0,28.0,0.0,24.299995,22.640734,10.000057220458984,22.423961639404297,10.000057,22.423962
15.0,28.0,0.0,24.199997,22.589058,10.000056266784668,22.47359848022461,10.000056,22.473598
15.0,28.0,0.0,24.099998,22.601315,10.00005054473877,22.444984436035156,10.000051,22.444984
15.0,28.0,0.0,23.899998,22.562588,10.000049591064453,22.487356185913086,10.00005,22.487356
15.0,28.0,0.0,23.800003,22.571999,10.000044822692871,22.470104217529297,10.000045,22.470104
15.0,28.0,0.0,23.600002,22.542698,10.000043869018555,22.50568962097168,10.000044,22.50569
15.0,28.0,0.0,23.5,22.549492,10.000040054321289,22.500930786132812,10.00004,22.50093
15.0,28.0,0.0,23.400002,22.530346,10.000040054321289,22.52777862548828,10.00004,22.527779
15.0,28.0,0.0,23.400002,22.534155,10.000036239624023,22.533405303955078,10.000036,22.533405
15.0,28.0,1.32,24.0,22.528637,10.000036239624023,22.53554344177246,10.000036,22.535543
15.0,28.0,38.238823,24.599998,22.536415,10.000038146972656,22.50577163696289,10.000038,22.505772
22.0,24.0,21.285,25.199997,22.522789,10.000035285949707,22.50623893737793,10.000035,22.506239
22.0,24.0,109.30409,25.800003,22.556961,10.000044822692871,22.42216682434082,10.000045,22.422167
22.0,24.0,56.6774,26.699997,22.516865,10.000038146972656,22.436311721801758,10.000038,22.436312
22.0,24.0,166.04788,27.600006,22.756672,15.499940872192383,22.333698272705078,15.499941,22.333698
22.0,24.0,122.197495,28.200005,23.058548,15.499931335449219,22.153358459472656,15.499931,22.153358
22.0,24.0,295.84573,28.800003,23.085096,15.499961853027344,21.86423110961914,15.499962,21.864231
22.0,24.0,282.05267,29.299995,23.060013,15.499959945678711,21.77155303955078,15.49996,21.771553
22.0,24.0,451.4728,29.700005,23.152618,15.49997615814209,21.45139503479004,15.499976,21.451395
22.0,24.0,454.17368,30.0,23.126015,15.499977111816406,21.34580421447754,15.499977,21.345804
22.0,24.0,541.7002,30.400002,23.199429,15.499981880187988,21.065637588500977,15.499982,21.065638
22.0,24.0,550.3607,30.599998,23.197298,15.499982833862305,20.961212158203125,15.499983,20.961212
22.0,24.0,616.07184,30.900002,23.290169,15.499985694885254,20.70076560974121,15.499986,20.700766
22.0,24.0,624.3082,30.900002,23.358513,15.49998664855957,20.591215133666992,15.499987,20.591215
22.0,24.0,631.9324,31.0,23.441349,15.499985694885254,20.37039566040039,15.499986,20.370396
22.0,24.0,623.94434,31.0,23.51297,15.499985694885254,20.284528732299805,15.499986,20.284529
22.0,24.0,555.26874,31.0,23.561108,15.499981880187988,20.109785079956055,15.499982,20.109785
22.0,24.0,544.7326,30.800003,23.599087,15.499981880187988,20.068193435668945,15.499982,20.068193
22.0,24.0,420.02023,30.5,23.59385,15.499971389770508,19.951290130615234,15.499971,19.95129
22.0,24.0,417.0237,30.199997,23.594261,15.499971389770508,19.953828811645508,15.499971,19.953829
22.0,24.0,258.64035,29.800003,23.538769,15.499946594238281,19.894210815429688,15.499947,19.89421
22.0,24.0,231.73917,29.5,23.485012,15.499940872192383,19.947240829467773,15.499941,19.94724
22.0,24.0,103.66656,29.099998,23.393433,15.499895095825195,19.934391021728516,15.499895,19.934391
22.0,24.0,146.04614,28.699997,23.331066,15.499908447265625,19.995121002197266,15.499908,19.995121
22.0,24.0,42.24,28.200005,22.996494,10.000061988830566,21.883909225463867,10.000062,21.88391
22.0,24.0,58.171818,28.200005,22.81675,10.000060081481934,21.987627029418945,10.00006,21.987627
22.0,24.0,26.4,27.300003,22.829124,10.000056266784668,22.11570930480957,10.000056,22.11571
22.0,24.0,12.87,26.900002,22.834217,10.000052452087402,22.206830978393555,10.000052,22.206831
22.0,24.0,22.380068,26.5,22.82995,10.000054359436035,22.255842208862305,10.000054,22.255842
15.0,28.0,0.0,26.300003,22.802422,10.000049591064453,22.351253509521484,10.00005,22.351254
15.0,28.0,0.0,26.099998,22.811934,10.00005054473877,22.383892059326172,10.000051,22.383892
15.0,28.0,0.0,26.0,22.786882,10.000049591064453,22.43700408935547,10.00005,22.437004
15.0,28.0,0.0,25.900002,22.782766,10.000051498413086,22.448333740234375,10.0000515,22.448334
15.0,28.0,0.0,25.700005,22.75577,10.000049591064453,22.492698669433594,10.00005,22.492699
15.0,28.0,0.0,25.599998,22.753868,10.000051498413086,22.48496437072754,10.0000515,22.484964
15.0,28.0,0.0,25.299995,22.72113,10.00005054473877,22.524742126464844,10.000051,22.524742
15.0,28.0,0.0,25.100006,22.72121,10.000066757202148,22.372600555419922,10.000067,22.3726
15.0,28.0,0.0,24.899994,22.610073,10.000065803527832,22.448043823242188,10.000066,22.448044
15.0,28.0,0.0,24.599998,22.641186,10.000057220458984,22.407245635986328,10.000057,22.407246
15.0,28.0,0.0,24.400002,22.589737,10.000057220458984,22.45833969116211,10.000057,22.45834
15.0,28.0,0.0,24.099998,22.601555,10.00005054473877,22.4344482421875,10.000051,22.434448
15.0,28.0,0.0,23.899998,22.564312,10.000049591064453,22.477737426757812,10.00005,22.477737
15.0,28.0,0.0,23.699997,22.572407,10.000044822692871,22.464399337768555,10.000045,22.4644
15.0,28.0,0.0,23.5,22.543972,10.000043869018555,22.50145149230957,10.000044,22.501451
15.0,28.0,0.0,23.3,22.549585,10.000040054321289,22.50080680847168,10.00004,22.500807
15.0,28.0,0.0,23.099998,22.530579,10.000040054321289,22.531829833984375,10.00004,22.53183
15.0,28.0,0.0,22.900002,22.533318,10.000036239624023,22.54452896118164,10.000036,22.544529
15.0,28.0,3.5207806,23.0,22.520494,10.000036239624023,22.562366485595703,10.000036,22.562366
15.0,28.0,25.849825,23.099998,22.514812,10.000036239624023,22.56507110595703,10.000036,22.565071
22.0,24.0,56.517555,23.3,22.517767,10.000040054321289,22.545452117919922,10.00004,22.545452
22.0,24.0,103.31759,23.600002,22.53263,10.000043869018555,22.50984764099121,10.000044,22.509848
22.0,24.0,119.35689,24.099998,22.537056,10.000045776367188,22.473756790161133,10.000046,22.473757
22.0,24.0,196.33238,24.700005,22.731457,15.499946594238281,22.451642990112305,15.499947,22.451643
22.0,24.0,195.40723,25.299995,23.056385,15.499947547912598,22.254343032836914,15.499948,22.254343
22.0,24.0,293.03116,25.900002,23.05199,15.499961853027344,22.01584243774414,15.499962,22.015842
22.0,24.0,302.32446,26.5,23.0413,15.499963760375977,21.92020034790039,15.499964,21.9202
22.0,24.0,459.733,27.0,23.1225,15.499977111816406,21.612071990966797,15.499977,21.612072
22.0,24.0,467.01297,27.399994,23.096077,15.499978065490723,21.50970458984375,15.499978,21.509705
22.0,24.0,560.5588,27.799995,23.168224,15.499982833862305,21.22934341430664,15.499983,21.229343
22.0,24.0,524.50073,28.200005,23.138771,15.499981880187988,21.14679718017578,15.499982,21.146797
22.0,24.0,583.8077,28.599998,23.19952,15.499984741210938,20.897647857666016,15.499985,20.897648
22.0,24.0,642.7485,28.900002,23.24774,15.49998664855957,20.780776977539062,15.499987,20.780777
22.0,24.0,663.21375,29.199997,23.33232,15.49998664855957,20.543445587158203,15.499987,20.543446
22.0,24.0,662.73785,29.299995,23.397305,15.49998664855957,20.44866180419922,15.499987,20.448662
22.0,24.0,602.32184,29.5,23.454716,15.499984741210938,20.254446029663086,15.499985,20.254446
22.0,24.0,575.2064,29.5,23.497643,15.499982833862305,20.200233459472656,15.499983,20.200233
22.0,24.0,463.52258,29.5,23.50532,15.499974250793457,20.061195373535156,15.499974,20.061195
22.0,24.0,421.1238,29.400002,23.50047,15.499971389770508,20.059301376342773,15.499971,20.059301
22.0,24.0,265.88217,29.199997,23.4502,15.499946594238281,19.988489151000977,15.499947,19.98849
22.0,24.0,219.31181,29.0,23.395256,15.499937057495117,20.043001174926758,15.499937,20.043001
22.0,24.0,132.65025,28.699997,23.322876,15.499903678894043,20.00778579711914,15.499904,20.007786
22.0,24.0,102.49539,28.599998,23.248203,15.499890327453613,20.083324432373047,15.49989,20.083324
22.0,24.0,57.585,28.400002,22.932554,10.000061988830566,21.93491554260254,10.000062,21.934916
22.0,24.0,42.24,28.400002,22.81063,10.000056266784668,22.056581497192383,10.000056,22.056581
22.0,24.0,27.39,26.0,22.825047,10.000054359436035,22.176240921020508,10.000054,22.17624
22.0,24.0,14.19,24.800003,22.818157,10.00005054473877,22.28429412841797,10.000051,22.284294
22.0,24.0,26.83656,23.5,22.813635,10.000052452087402,22.348066329956055,10.000052,22.348066
15.0,28.0,0.0,23.099998,22.780975,10.000046730041504,22.465106964111328,10.000047,22.465107
15.0,28.0,0.0,22.7,22.790716,10.00004768371582,22.51032257080078,10.000048,22.510323
15.0,28.0,0.0,22.3,22.759686,10.000045776367188,22.580535888671875,10.000046,22.580536
15.0,28.0,0.0,22.0,22.753204,10.00004768371582,22.604490280151367,10.000048,22.60449
15.0,28.0,0.0,21.8,22.722168,10.000045776367188,22.66118049621582,10.000046,22.66118
15.0,28.0,0.0,21.599998,22.717201,10.00004768371582,22.662799835205078,10.000048,22.6628
15.0,28.0,0.0,21.5,22.681854,10.000046730041504,22.709611892700195,10.000047,22.709612
15.0,28.0,0.0,21.399998,22.668806,10.000064849853516,22.628074645996094,10.000065,22.628075
15.0,28.0,0.0,21.300003,22.606308,10.0000638961792,22.688329696655273,10.000064,22.68833
15.0,28.0,0.0,21.199997,22.580914,10.000055313110352,22.667715072631836,10.000055,22.667715
15.0,28.0,0.0,21.199997,22.540894,10.000054359436035,22.712554931640625,10.000054,22.712555
15.0,28.0,0.0,21.100002,22.514242,10.00004768371582,22.699920654296875,10.000048,22.69992
15.0,28.0,0.0,21.100002,22.481071,10.00004768371582,22.737548828125,10.000048,22.737549
15.0,28.0,0.0,21.100002,22.459192,10.000041961669922,22.730323791503906,10.000042,22.730324
15.0,28.0,0.0,21.100002,22.432629,10.000041961669922,22.760873794555664,10.000042,22.760874
15.0,28.0,0.0,21.100002,22.414764,10.000038146972656,22.762157440185547,10.000038,22.762157
15.0,28.0,0.0,21.300003,22.395716,10.00003719329834,22.781658172607422,10.000037,22.781658
15.0,28.0,0.0,21.399998,22.382755,10.00003433227539,22.788314819335938,10.000034,22.788315
15.0,28.0,0.99,22.3,22.37601,10.00003433227539,22.782339096069336,10.000034,22.78234
15.0,28.0,43.264202,23.3,22.391243,10.000035285949707,22.734086990356445,10.000035,22.734087
22.0,24.0,21.298042,24.0,22.394447,10.000033378601074,22.721576690673828,10.000033,22.721577
22.0,24.0,119.31822,24.800003,22.44421,10.000042915344238,22.614845275878906,10.000043,22.614845
22.0,24.0,74.29238,25.900002,22.46004,10.000038146972656,22.58601951599121,10.000038,22.58602
22.0,24.0,181.12065,27.099998,22.743378,15.4999418258667,22.46915054321289,15.499942,22.46915
22.0,24.0,135.6136,27.900002,23.01258,15.499933242797852,22.283279418945312,15.499933,22.28328
22.0,24.0,301.3232,28.699997,23.052193,15.499960899353027,21.9729061126709,15.499961,21.972906
22.0,24.0,286.97,29.199997,23.029953,15.499959945678711,21.86709976196289,15.49996,21.8671
22.0,24.0,457.29352,29.700005,23.128674,15.49997615814209,21.528825759887695,15.499976,21.528826
22.0,24.0,467.13797,30.100006,23.107357,15.499977111816406,21.405122756958008,15.499977,21.405123
22.0,24.0,583.6845,30.5,23.192427,15.499983787536621,21.099287033081055,15.499984,21.099287
22.0,24.0,592.49274,30.700005,23.1846,15.499984741210938,20.9822998046875,15.499985,20.9823
22.0,24.0,654.3917,30.900002,23.28646,15.49998664855957,20.71188735961914,15.499987,20.711887
22.0,24.0,651.8781,31.0,23.358374,15.49998664855957,20.59243392944336,15.499987,20.592434
22.0,24.0,642.38574,31.099998,23.442427,15.49998664855957,20.3687686920166,15.499987,20.368769
22.0,24.0,645.56116,31.099998,23.521225,15.49998664855957,20.276554107666016,15.499987,20.276554
22.0,24.0,570.99835,31.099998,23.57287,15.499982833862305,20.09803581237793,15.499983,20.098036
22.0,24.0,555.09015,31.0,23.613327,15.499982833862305,20.05176544189453,15.499983,20.051765
22.0,24.0,419.497,30.900002,23.610958,15.499971389770508,19.92974853515625,15.499971,19.929749
22.0,24.0,418.57327,30.599998,23.612188,15.499971389770508,19.930225372314453,15.499971,19.930225
22.0,24.0,211.94633,30.299995,23.543129,15.499937057495117,19.88290786743164,15.499937,19.882908
22.0,24.0,247.18927,29.899994,23.503117,15.499943733215332,19.923954010009766,15.499944,19.923954
22.0,24.0,93.51165,29.5,23.410181,15.499890327453613,19.914886474609375,15.49989,19.914886
22.0,24.0,151.44621,28.900002,23.348942,15.499910354614258,19.973949432373047,15.49991,19.97395
22.0,24.0,44.88,28.400002,23.014786,10.000062942504883,21.85881233215332,10.000063,21.858812
22.0,24.0,56.97383,28.400002,22.812592,10.00006103515625,21.97386360168457,10.000061,21.973864
22.0,24.0,25.905,27.0,22.831047,10.000056266784668,22.107654571533203,10.000056,22.107655
22.0,24.0,13.53,26.5,22.834951,10.000052452087402,22.202743530273438,10.000052,22.202744
22.0,24.0,26.313305,25.900002,22.82954,10.000055313110352,22.253963470458984,10.000055,22.253963
15.0,28.0,0.0,25.700005,22.798794,10.000049591064453,22.359663009643555,10.00005,22.359663
15.0,28.0,0.0,25.5,22.810818,10.00005054473877,22.395471572875977,10.000051,22.395472
15.0,28.0,0.0,25.299995,22.78344,10.000048637390137,22.453954696655273,10.000049,22.453955
15.0,28.0,0.0,25.0,22.77812,10.00005054473877,22.471437454223633,10.000051,22.471437
15.0,28.0,0.0,24.800003,22.750591,10.000049591064453,22.520315170288086,10.00005,22.520315
15.0,28.0,0.0,24.599998,22.747112,10.000051498413086,22.51748275756836,10.0000515,22.517483
15.0,28.0,0.0,24.400002,22.71416,10.000049591064453,22.559900283813477,10.00005,22.5599
15.0,28.0,0.0,24.199997,22.71309,10.000066757202148,22.42403793334961,10.000067,22.424038
15.0,28.0,0.0,24.0,22.60888,10.000064849853516,22.49940299987793,10.000065,22.499403
15.0,28.0,0.0,23.800003,22.637821,10.000057220458984,22.459148406982422,10.000057,22.459148
15.0,28.0,0.0,23.600002,22.585922,10.000056266784668,22.51146697998047,10.000056,22.511467
15.0,28.0,0.0,23.5,22.598814,10.00005054473877,22.483579635620117,10.000051,22.48358
15.0,28.0,0.0,23.3,22.559595,10.000049591064453,22.526968002319336,10.00005,22.526968
15.0,28.0,0.0,23.2,22.56897,10.000044822692871,22.510387420654297,10.000045,22.510387
15.0,28.0,0.0,23.099998,22.540024,10.000043869018555,22.54423713684082,10.000044,22.544237
15.0,28.0,0.0,23.0,22.54555,10.000040054321289,22.539703369140625,10.00004,22.539703
15.0,28.0,0.0,23.0,22.52747,10.000039100646973,22.56382179260254,10.000039,22.563822
15.0,28.0,0.0,23.0,22.512989,10.000036239624023,22.57555389404297,10.000036,22.575554
15.0,28.0,1.155,23.5,22.501923,10.000036239624023,22.582056045532227,10.000036,22.582056
15.0,28.0,45.625225,23.899998,22.510263,10.000038146972656,22.551918029785156,10.000038,22.551918
22.0,24.0,19.47,24.400002,22.50396,10.000035285949707,22.55898094177246,10.000035,22.55898
22.0,24.0,116.9943,24.899994,22.543367,10.000044822692871,22.470918655395508,10.000045,22.470919
22.0,24.0,71.22711,25.5,22.516106,10.000039100646973,22.481380462646484,10.000039,22.48138
22.0,24.0,180.16856,26.199997,22.750147,15.499943733215332,22.403339385986328,15.499944,22.40334
22.0,24.0,134.72966,27.0,23.04488,15.499935150146484,22.225929260253906,15.499935,22.22593
22.0,24.0,302.55698,27.699997,23.070765,15.499961853027344,21.938629150390625,15.499962,21.93863
22.0,24.0,288.22348,28.200005,23.0448,15.499961853027344,21.84869384765625,15.499962,21.848694
22.0,24.0,459.58063,28.699997,23.13861,15.499977111816406,21.524538040161133,15.499977,21.524538
22.0,24.0,469.73935,29.0,23.11277,15.499978065490723,21.415517807006836,15.499978,21.415518
22.0,24.0,586.90594,29.400002,23.195011,15.499984741210938,21.11971092224121,15.499985,21.11971
22.0,24.0,601.23895,29.700005,23.18214,15.499984741210938,21.007963180541992,15.499985,21.007963
22.0,24.0,658.3825,30.0,23.278793,15.49998664855957,20.742555618286133,15.499987,20.742556
22.0,24.0,665.3191,30.199997,23.346407,15.499987602233887,20.624107360839844,15.499988,20.624107
22.0,24.0,658.5267,30.400002,23.430079,15.49998664855957,20.39887046813965,15.499987,20.39887
22.0,24.0,654.35034,30.5,23.50398,15.49998664855957,20.306901931762695,15.499987,20.306902
22.0,24.0,581.9893,30.599998,23.555592,15.499982833862305,20.125873565673828,15.499983,20.125874
22.0,24.0,569.98004,30.599998,23.598087,15.499982833862305,20.07596778869629,15.499983,20.075968
22.0,24.0,429.6024,30.700005,23.594746,15.499971389770508,19.948331832885742,15.499971,19.948332
22.0,24.0,421.404,30.700005,23.598633,15.499971389770508,19.94163703918457,15.499971,19.941637
22.0,24.0,210.9886,30.599998,23.535545,15.499937057495117,19.887290954589844,15.499937,19.887291
22.0,24.0,227.51642,30.5,23.493595,15.49993896484375,19.925029754638672,15.499939,19.92503
22.0,24.0,130.74612,30.299995,23.421646,15.499902725219727,19.888763427734375,15.499903,19.888763
22.0,24.0,109.263695,29.899994,23.349503,15.499895095825195,19.960758209228516,15.499895,19.960758
22.0,24.0,55.44,29.400002,23.032074,10.000065803527832,21.817989349365234,10.000066,21.81799
22.0,24.0,45.773746,29.400002,22.802132,10.000059127807617,21.963714599609375,10.000059,21.963715
22.0,24.0,26.235,28.099998,22.847395,10.000057220458984,22.070350646972656,10.000057,22.07035
22.0,24.0,13.695,27.699997,22.837711,10.000053405761719,22.16249656677246,10.000053,22.162497
22.0,24.0,27.564543,27.200005,22.83786,10.000056266784668,22.205137252807617,10.000056,22.205137
15.0,28.0,0.0,27.0,22.805931,10.00005054473877,22.308006286621094,10.000051,22.308006
15.0,28.0,0.0,26.799995,22.82041,10.000051498413086,22.34001922607422,10.0000515,22.34002
15.0,28.0,0.0,26.599998,22.79403,10.00005054473877,22.39469337463379,10.000051,22.394693
15.0,28.0,0.0,26.400002,22.790035,10.000052452087402,22.408430099487305,10.000052,22.40843
15.0,28.0,0.0,26.099998,22.76292,10.00005054473877,22.45526885986328,10.000051,22.455269
15.0,28.0,0.0,25.900002,22.760483,10.000053405761719,22.450937271118164,10.000053,22.450937
15.0,28.0,0.0,25.5,22.727398,10.000051498413086,22.494094848632812,10.0000515,22.494095
15.0,28.0,0.0,25.199997,22.726707,10.000067710876465,22.340972900390625,10.000068,22.340973
15.0,28.0,0.0,24.899994,22.612152,10.000065803527832,22.423023223876953,10.000066,22.423023
15.0,28.0,0.0,24.599998,22.644617,10.0000581741333,22.384984970092773,10.000058,22.384985
15.0,28.0,0.0,24.299995,22.591568,10.000057220458984,22.44183921813965,10.000057,22.44184
15.0,28.0,0.0,24.0,22.604141,10.00005054473877,22.420787811279297,10.000051,22.420788
15.0,28.0,0.0,23.699997,22.565502,10.00005054473877,22.4696044921875,10.000051,22.469604
15.0,28.0,0.0,23.400002,22.573677,10.000044822692871,22.461467742919922,10.000045,22.461468
15.0,28.0,0.0,23.2,22.545292,10.000044822692871,22.501869201660156,10.000045,22.50187
15.0,28.0,0.0,23.0,22.550318,10.000040054321289,22.50423240661621,10.00004,22.504232
15.0,28.0,0.0,23.0,22.532131,10.000040054321289,22.533048629760742,10.00004,22.533049
15.0,28.0,0.0,23.099998,22.53472,10.000036239624023,22.53999900817871,10.000036,22.539999
15.0,28.0,0.99,23.899998,22.52631,10.000036239624023,22.54117774963379,10.000036,22.541178
15.0,28.0,27.597282,24.599998,22.530308,10.000036239624023,22.518753051757812,10.000036,22.518753
22.0,24.0,40.24469,25.100006,22.531713,10.000038146972656,22.49560546875,10.000038,22.495605
22.0,24.0,114.66128,25.599998,22.54916,10.000045776367188,22.426185607910156,10.000046,22.426186
22.0,24.0,65.905846,26.099998,22.517841,10.000039100646973,22.442577362060547,10.000039,22.442577
22.0,24.0,185.42747,26.599998,22.756165,15.499944686889648,22.355419158935547,15.499945,22.35542
22.0,24.0,202.78351,27.200005,23.078028,15.499948501586914,22.140588760375977,15.4999485,22.140589
22.0,24.0,294.03317,27.699997,23.073242,15.499961853027344,21.897945404052734,15.499962,21.897945
22.0,24.0,309.42087,28.099998,23.067175,15.499963760375977,21.796424865722656,15.499964,21.796425
22.0,24.0,240.71558,28.5,23.081806,15.499954223632812,21.610868453979492,15.499954,21.610868
22.0,24.0,66.19065,28.699997,23.012959,15.499919891357422,21.64913558959961,15.49992,21.649136
22.0,24.0,85.96984,28.800003,23.05114,15.499921798706055,21.474367141723633,15.499922,21.474367
22.0,24.0,79.09145,28.900002,22.9995,15.499919891357422,21.476303100585938,15.49992,21.476303
22.0,24.0,85.049805,29.0,23.017708,15.499916076660156,21.31081199645996,15.499916,21.310812
22.0,24.0,104.69468,29.099998,22.974922,15.499922752380371,21.30343246459961,15.499923,21.303432
22.0,24.0,87.98582,29.199997,22.983543,15.499911308288574,21.145484924316406,15.499911,21.145485
22.0,24.0,87.002785,29.199997,22.93475,15.499911308288574,21.154712677001953,15.499911,21.154713
22.0,24.0,82.97758,29.299995,22.946417,15.49990177154541,20.996768951416016,15.499902,20.996769
22.0,24.0,76.107254,29.199997,22.891678,15.499898910522461,21.017065048217773,15.499899,21.017065
22.0,24.0,68.07953,29.199997,22.90076,15.499885559082031,20.869977951049805,15.499886,20.869978
22.0,24.0,58.28537,29.0,22.843208,15.49988079071045,20.90093421936035,15.499881,20.900934
22.0,24.0,51.174484,28.699997,22.848385,15.499862670898438,20.770658493041992,15.499863,20.770658
22.0,24.0,81.15514,28.400002,22.801031,15.4998779296875,20.792266845703125,15.499878,20.792267
22.0,24.0,93.00024,28.0,22.80703,15.49986743927002,20.65878677368164,15.499867,20.658787
22.0,24.0,127.32546,27.600006,22.775627,15.499883651733398,20.67327117919922,15.499884,20.673271
22.0,24.0,100.01926,27.200005,22.562643,10.000054359436035,22.39507484436035,10.000054,22.395075
22.0,24.0,103.80975,27.200005,22.826876,10.000056266784668,22.335693359375,10.000056,22.335693
22.0,24.0,18.443403,25.900002,22.716074,10.000044822692871,22.513721466064453,10.000045,22.513721
22.0,24.0,32.16546,25.299995,22.802027,10.000046730041504,22.514352798461914,10.000047,22.514353
22.0,24.0,13.516359,24.700005,22.755993,10.000044822692871,22.577064514160156,10.000045,22.577065
15.0,28.0,0.0,24.5,22.763664,10.000042915344238,22.627548217773438,10.000043,22.627548
15.0,28.0,0.0,24.299995,22.761633,10.000044822692871,22.638378143310547,10.000045,22.638378
15.0,28.0,0.0,24.199997,22.741661,10.000043869018555,22.671918869018555,10.000044,22.671919
15.0,28.0,0.0,24.099998,22.739563,10.000045776367188,22.664644241333008,10.000046,22.664644
15.0,28.0,0.0,24.0,22.714165,10.000044822692871,22.693782806396484,10.000045,22.693783
15.0,28.0,0.0,24.0,22.714941,10.000046730041504,22.670093536376953,10.000047,22.670094
15.0,28.0,0.0,23.899998,22.68391,10.000046730041504,22.695770263671875,10.000047,22.69577
15.0,28.0,0.0,23.899998,22.683672,10.0000638961792,22.564891815185547,10.000064,22.564892
15.0,28.0,0.0,23.800003,22.597746,10.000062942504883,22.61638641357422,10.000063,22.616386
15.0,28.0,0.0,23.800003,22.621677,10.000055313110352,22.560476303100586,10.000055,22.560476
15.0,28.0,0.0,23.600002,22.574343,10.000055313110352,22.59794044494629,10.000055,22.59794
15.0,28.0,0.0,23.400002,22.580473,10.000048637390137,22.563983917236328,10.000049,22.563984
15.0,28.0,0.0,23.099998,22.553114,10.000048637390137,22.59621238708496,10.000049,22.596212
15.0,28.0,0.0,22.799995,22.538668,10.000043869018555,22.586151123046875,10.000044,22.586151
15.0,28.0,0.0,22.5,22.51479,10.000042915344238,22.618457794189453,10.000043,22.618458
15.0,28.0,0.0,22.099998,22.496483,10.000039100646973,22.627466201782227,10.000039,22.627466
15.0,28.0,0.0,21.7,22.473,10.000039100646973,22.663524627685547,10.000039,22.663525
15.0,28.0,0.0,21.199997,22.452085,10.000035285949707,22.692079544067383,10.000035,22.69208
15.0,28.0,1.32,20.900002,22.429913,10.000035285949707,22.72710418701172,10.000035,22.727104
15.0,28.0,50.392994,20.599998,22.425322,10.000038146972656,22.726110458374023,10.000038,22.72611
22.0,24.0,21.615,20.8,22.402966,10.00003433227539,22.761457443237305,10.000034,22.761457
22.0,24.0,118.59521,20.900002,22.424831,10.000043869018555,22.707237243652344,10.000044,22.707237
22.0,24.0,63.588856,21.5,22.40883,10.000036239624023,22.735660552978516,10.000036,22.73566
22.0,24.0,163.4746,22.0,22.684792,15.499940872192383,22.702350616455078,15.499941,22.70235
22.0,24.0,116.35744,22.600002,22.966919,15.499930381774902,22.558277130126953,15.49993,22.558277
22.0,24.0,298.40448,23.2,22.99807,15.499961853027344,22.281253814697266,15.499962,22.281254
22.0,24.0,286.25952,23.600002,22.96595,15.499960899353027,22.208818435668945,15.499961,22.208818
22.0,24.0,477.94086,24.0,23.064869,15.499977111816406,21.879886627197266,15.499977,21.879887
22.0,24.0,510.76334,24.299995,23.040533,15.499980926513672,21.763986587524414,15.499981,21.763987
22.0,24.0,622.16064,24.599998,23.11975,15.499985694885254,21.466672897338867,15.499986,21.466673
22.0,24.0,651.96606,24.899994,23.110958,15.49998664855957,21.34617042541504,15.499987,21.34617
22.0,24.0,708.055,25.100006,23.172544,15.499988555908203,21.08612060546875,15.499989,21.08612
22.0,24.0,720.5377,25.299995,23.168337,15.499988555908203,20.986011505126953,15.499989,20.986012
22.0,24.0,705.278,25.400002,23.23325,15.499988555908203,20.762775421142578,15.499989,20.762775
22.0,24.0,687.9939,25.5,23.269691,15.499988555908203,20.683809280395508,15.499989,20.68381
22.0,24.0,628.4335,25.599998,23.309952,15.499985694885254,20.49944496154785,15.499986,20.499445
22.0,24.0,616.1959,25.599998,23.334484,15.499984741210938,20.45529556274414,15.499985,20.455296
22.0,24.0,496.5472,25.599998,23.331928,15.499977111816406,20.3184814453125,15.499977,20.318481
22.0,24.0,439.406,25.5,23.312159,15.49997329711914,20.330615997314453,15.499973,20.330616
22.0,24.0,287.99982,25.400002,23.25297,15.499950408935547,20.26038360595703,15.49995,20.260384
22.0,24.0,223.43321,25.100006,23.182487,15.49993896484375,20.337717056274414,15.499939,20.337717
22.0,24.0,138.33379,24.899994,23.100395,15.49990463256836,20.30565071105957,15.499905,20.30565
22.0,24.0,94.19469,24.299995,23.010218,15.499885559082031,20.417007446289062,15.499886,20.417007
22.0,24.0,62.04,23.800003,22.700705,10.000054359436035,22.251455307006836,10.000054,22.251455
22.0,24.0,45.87,23.800003,22.82587,10.00005054473877,22.313547134399414,10.000051,22.313547
22.0,24.0,30.359999,21.599998,22.770164,10.000048637390137,22.447612762451172,10.000049,22.447613
22.0,24.0,16.17,20.5,22.77854,10.000044822692871,22.552555084228516,10.000045,22.552555
22.0,24.0,30.929667,19.3,22.76924,10.00004768371582,22.610225677490234,10.000048,22.610226
15.0,28.0,0.0,18.899998,22.73131,10.000041961669922,22.73139190673828,10.000042,22.731392
15.0,28.0,0.0,18.5,22.742361,10.000042915344238,22.772293090820312,10.000043,22.772293
15.0,28.0,0.0,18.099998,22.687473,10.000041007995605,22.84788703918457,10.000041,22.847887
15.0,28.0,0.0,17.7,22.625566,10.000041007995605,22.883169174194336,10.000041,22.88317
15.0,28.0,0.0,17.3,22.559797,10.000040054321289,22.953035354614258,10.00004,22.953035
15.0,28.0,0.0,16.900002,22.503052,10.000041007995605,22.969587326049805,10.000041,22.969587
15.0,28.0,0.0,16.5,22.440197,10.000039100646973,23.03260040283203,10.000039,23.0326
15.0,28.0,0.0,16.100002,22.387634,10.000060081481934,23.094928741455078,10.00006,23.094929
15.0,28.0,0.0,15.799999,22.338665,10.000059127807617,23.164108276367188,10.000059,23.164108
15.0,28.0,0.0,15.400002,22.293612,10.00005054473877,23.170114517211914,10.000051,23.170115
15.0,28.0,0.0,15.0,22.239418,10.00005054473877,23.238969802856445,10.000051,23.23897
15.0,28.0,0.0,14.599998,22.197311,10.000043869018555,23.253021240234375,10.000044,23.253021
15.0,28.0,0.0,14.299999,22.14835,10.000042915344238,23.31484031677246,10.000043,23.31484
15.0,28.0,0.0,13.899998,22.108881,10.000038146972656,23.33717918395996,10.000038,23.33718
15.0,28.0,0.0,13.5,22.064121,10.00003719329834,23.396381378173828,10.000037,23.396381
15.0,28.0,0.0,13.200001,22.027243,10.000033378601074,23.425983428955078,10.000033,23.425983
15.0,28.0,0.0,12.900002,21.987415,10.000032424926758,23.478286743164062,10.000032,23.478287
15.0,28.0,0.0,12.700001,21.953716,10.000029563903809,23.51351547241211,10.00003,23.513515
15.0,28.0,1.485,13.600002,21.92758,10.000029563903809,23.531909942626953,10.00003,23.53191
15.0,28.0,55.94392,14.5,21.92861,10.000031471252441,23.5042667388916,10.000031,23.504267
22.0,24.0,23.76,15.599998,21.916973,10.000028610229492,23.505516052246094,10.000029,23.505516
22.0,24.0,104.03812,16.599998,21.949696,10.00003433227539,23.435802459716797,10.000034,23.435802
22.0,24.0,55.44,18.0,21.957273,10.000029563903809,23.414653778076172,10.00003,23.414654
22.0,24.0,158.11108,19.5,22.257862,15.499931335449219,23.370620727539062,15.499931,23.37062
22.0,24.0,109.851814,20.400002,22.596819,15.499920845031738,23.19011688232422,15.499921,23.190117
22.0,24.0,299.9136,21.300003,22.732008,15.499958038330078,22.844711303710938,15.499958,22.844711
22.0,24.0,288.68796,22.0,22.798452,15.499958038330078,22.69851303100586,15.499958,22.698513
22.0,24.0,480.85733,22.7,22.926497,15.49997615814209,22.31423568725586,15.499976,22.314236
22.0,24.0,511.77847,23.3,22.917068,15.499979019165039,22.150964736938477,15.499979,22.150965
22.0,24.0,623.7576,23.899998,23.012796,15.499984741210938,21.801803588867188,15.499985,21.801804
22.0,24.0,652.24786,24.400002,23.015345,15.49998664855957,21.639450073242188,15.499987,21.63945
22.0,24.0,708.5841,24.899994,23.09008,15.499988555908203,21.332881927490234,15.499989,21.332882
22.0,24.0,720.4375,25.199997,23.090225,15.499988555908203,21.200496673583984,15.499989,21.200497
22.0,24.0,718.5105,25.599998,23.142647,15.499988555908203,20.943130493164062,15.499989,20.94313
22.0,24.0,710.6506,25.800003,23.159983,15.499988555908203,20.841278076171875,15.499989,20.841278
22.0,24.0,647.4437,26.0,23.207224,15.499985694885254,20.628162384033203,15.499986,20.628162
22.0,24.0,620.1131,26.0,23.242836,15.499984741210938,20.563705444335938,15.499985,20.563705
22.0,24.0,501.87717,26.099998,23.252224,15.499977111816406,20.40479278564453,15.499977,20.404793
22.0,24.0,463.7497,26.0,23.250637,15.499974250793457,20.395713806152344,15.499974,20.395714
22.0,24.0,293.36356,25.900002,23.203552,15.499950408935547,20.30985450744629,15.49995,20.309855
22.0,24.0,224.91156,25.700005,23.140968,15.499937057495117,20.37492561340332,15.499937,20.374926
22.0,24.0,140.50226,25.400002,23.0706,15.499902725219727,20.332399368286133,15.499903,20.3324
22.0,24.0,92.99468,24.899994,22.987638,15.499883651733398,20.43393325805664,15.499884,20.433933
22.0,24.0,62.37,24.400002,22.690994,10.000054359436035,22.261816024780273,10.000054,22.261816
22.0,24.0,46.2,24.400002,22.827074,10.00005054473877,22.3145751953125,10.000051,22.314575
22.0,24.0,30.525,21.599998,22.765934,10.000048637390137,22.453805923461914,10.000049,22.453806
22.0,24.0,16.17,20.299995,22.777325,10.000044822692871,22.560382843017578,10.000045,22.560383
22.0,24.0,30.859684,18.899998,22.766668,10.000046730041504,22.621850967407227,10.000047,22.621851
15.0,28.0,0.0,18.400002,22.72868,10.000041007995605,22.746074676513672,10.000041,22.746075
15.0,28.0,0.0,18.0,22.73785,10.000041961669922,22.789329528808594,10.000042,22.78933
15.0,28.0,0.0,17.600002,22.672184,10.000040054321289,22.869455337524414,10.00004,22.869455
15.0,28.0,0.0,17.200005,22.607798,10.000041007995605,22.90682601928711,10.000041,22.906826
15.0,28.0,0.0,16.900002,22.540483,10.000039100646973,22.977418899536133,10.000039,22.977419
15.0,28.0,0.0,16.5,22.482435,10.000040054321289,22.994752883911133,10.00004,22.994753
15.0,28.0,0.0,16.199997,22.419096,10.000039100646973,23.057334899902344,10.000039,23.057335
15.0,28.0,0.0,15.799999,22.366184,10.000060081481934,23.12788963317871,10.00006,23.12789
15.0,28.0,0.0,15.5,22.318459,10.000059127807617,23.196483612060547,10.000059,23.196484
15.0,28.0,0.0,15.100002,22.273249,10.00005054473877,23.202709197998047,10.000051,23.20271
15.0,28.0,0.0,14.799999,22.219648,10.000049591064453,23.26892852783203,10.00005,23.268929
15.0,28.0,0.0,14.5,22.178532,10.000043869018555,23.279857635498047,10.000044,23.279858
15.0,28.0,0.0,14.200001,22.13058,10.000042915344238,23.339866638183594,10.000043,23.339867
15.0,28.0,0.0,13.899998,22.092855,10.000038146972656,23.358341217041016,10.000038,23.358341
15.0,28.0,0.0,13.600002,22.050222,10.00003719329834,23.41284942626953,10.000037,23.41285
15.0,28.0,0.0,13.400002,22.015968,10.000033378601074,23.43730354309082,10.000033,23.437304
15.0,28.0,0.0,13.400002,21.98061,10.000032424926758,23.47916030883789,10.000032,23.47916
15.0,28.0,0.0,13.400002,21.952068,10.000029563903809,23.504409790039062,10.00003,23.50441
15.0,28.0,0.0,14.599998,21.932482,10.000028610229492,23.510101318359375,10.000029,23.510101
15.0,28.0,53.541542,15.799999,21.941368,10.000031471252441,23.467830657958984,10.000031,23.46783
22.0,24.0,22.935,16.8,21.936974,10.000028610229492,23.460674285888672,10.000029,23.460674
22.0,24.0,105.38886,17.799995,21.977348,10.00003433227539,23.379974365234375,10.000034,23.379974
22.0,24.0,54.285,19.2,21.990202,10.000029563903809,23.352855682373047,10.00003,23.352856
22.0,24.0,159.31091,20.5,22.295782,15.499932289123535,23.299463272094727,15.499932,23.299463
22.0,24.0,110.15988,22.200005,22.642849,15.499920845031738,23.08940887451172,15.499921,23.089409
22.0,24.0,299.41583,23.899998,22.788858,15.499957084655762,22.70616912841797,15.499957,22.70617
22.0,24.0,288.5834,24.700005,22.847853,15.499956130981445,22.542461395263672,15.499956,22.542461
22.0,24.0,479.277,25.5,22.958723,15.499975204467773,22.148494720458984,15.499975,22.148495
22.0,24.0,512.1412,26.0,22.955864,15.499979019165039,21.973052978515625,15.499979,21.973053
22.0,24.0,622.1627,26.599998,23.053041,15.499984741210938,21.617107391357422,15.499985,21.617107
22.0,24.0,651.92426,27.0,23.058119,15.49998664855957,21.450258255004883,15.499987,21.450258
22.0,24.0,707.1788,27.399994,23.133953,15.499988555908203,21.144868850708008,15.499989,21.144869
22.0,24.0,719.10675,27.699997,23.136812,15.499988555908203,21.010211944580078,15.499989,21.010212
22.0,24.0,716.6577,28.099998,23.211203,15.499988555908203,20.74742317199707,15.499989,20.747423
22.0,24.0,707.22406,28.200005,23.270935,15.499988555908203,20.633848190307617,15.499989,20.633848
22.0,24.0,645.5673,28.400002,23.336502,15.499985694885254,20.41769027709961,15.499986,20.41769
22.0,24.0,618.0924,28.5,23.3847,15.499984741210938,20.346012115478516,15.499985,20.346012
22.0,24.0,500.85757,28.599998,23.40455,15.499977111816406,20.18600082397461,15.499977,20.186
22.0,24.0,441.71027,28.599998,23.406166,15.499972343444824,20.173324584960938,15.499972,20.173325
22.0,24.0,294.5191,28.599998,23.36767,15.499951362609863,20.082965850830078,15.499951,20.082966
22.0,24.0,227.71802,28.400002,23.31576,15.49993896484375,20.135095596313477,15.499939,20.135096
22.0,24.0,141.27762,28.200005,23.249048,15.49990463256836,20.090028762817383,15.499905,20.090029
22.0,24.0,95.20399,28.200005,23.174595,15.499885559082031,20.16671371459961,15.499886,20.166714
22.0,24.0,60.39,28.200005,22.8706,10.000060081481934,22.006025314331055,10.00006,22.006025
22.0,24.0,44.22,28.200005,22.816246,10.000055313110352,22.104591369628906,10.000055,22.104591
22.0,24.0,28.545,26.5,22.817078,10.000053405761719,22.212318420410156,10.000053,22.212318
22.0,24.0,14.85,26.099998,22.8179,10.000049591064453,22.297901153564453,10.00005,22.297901
22.0,24.0,29.233341,25.700005,22.81705,10.000053405761719,22.332609176635742,10.000053,22.33261
15.0,28.0,0.0,25.100006,22.781487,10.00004768371582,22.439085006713867,10.000048,22.439085
15.0,28.0,0.0,24.599998,22.79718,10.000048637390137,22.471961975097656,10.000049,22.471962
15.0,28.0,0.0,24.099998,22.76783,10.00004768371582,22.53239631652832,10.000048,22.532396
15.0,28.0,0.0,23.5,22.762003,10.000048637390137,22.552631378173828,10.000049,22.552631
15.0,28.0,0.0,22.7,22.730593,10.00004768371582,22.611940383911133,10.000048,22.61194
15.0,28.0,0.0,21.900002,22.72462,10.000048637390137,22.621244430541992,10.000049,22.621244
15.0,28.0,0.0,21.300003,22.688072,10.00004768371582,22.67780303955078,10.000048,22.677803
15.0,28.0,0.0,20.7,22.683352,10.000065803527832,22.608043670654297,10.000066,22.608044
15.0,28.0,0.0,20.299995,22.604671,10.000064849853516,22.690059661865234,10.000065,22.69006
15.0,28.0,0.0,20.0,22.587059,10.000056266784668,22.680879592895508,10.000056,22.68088
15.0,28.0,0.0,19.8,22.536568,10.000055313110352,22.743980407714844,10.000055,22.74398
15.0,28.0,0.0,19.700005,22.500587,10.000048637390137,22.744794845581055,10.000049,22.744795
15.0,28.0,0.0,19.700005,22.458586,10.00004768371582,22.79473304748535,10.000048,22.794733
15.0,28.0,0.0,19.8,22.429493,10.000041961669922,22.79586410522461,10.000042,22.795864
15.0,28.0,0.0,20.0,22.397633,10.000041007995605,22.83036994934082,10.000041,22.83037
15.0,28.0,0.0,20.2,22.37629,10.00003719329834,22.832733154296875,10.000037,22.832733
15.0,28.0,0.0,20.299995,22.353573,10.000036239624023,22.85822296142578,10.000036,22.858223
15.0,28.0,0.0,20.400002,22.337914,10.000033378601074,22.8685245513916,10.000033,22.868525
15.0,28.0,0.0,21.300003,22.328156,10.000033378601074,22.86688232421875,10.000033,22.866882
15.0,28.0,47.746735,22.200005,22.342117,10.000035285949707,22.820453643798828,10.000035,22.820454
22.0,24.0,20.955,23.0,22.342213,10.000032424926758,22.81195831298828,10.000032,22.811958
22.0,24.0,108.07579,23.899998,22.387142,10.000041007995605,22.716218948364258,10.000041,22.716219
22.0,24.0,54.823036,24.899994,22.397583,10.00003433227539,22.700807571411133,10.000034,22.700808
22.0,24.0,165.57079,25.900002,22.70417,15.49993896484375,22.591012954711914,15.499939,22.591013
22.0,24.0,117.76169,26.799995,22.981771,15.49992847442627,22.406667709350586,15.499928,22.406668
22.0,24.0,301.08847,27.600006,23.025133,15.499960899353027,22.0889892578125,15.499961,22.08899
22.0,24.0,291.40173,28.0,23.002201,15.499959945678711,21.983360290527344,15.49996,21.98336
22.0,24.0,469.54404,28.400002,23.104504,15.499977111816406,21.639602661132812,15.499977,21.639603
22.0,24.0,485.39,28.800003,23.08491,15.499979019165039,21.51041603088379,15.499979,21.510416
22.0,24.0,586.4588,29.199997,23.166428,15.499983787536621,21.20604705810547,15.499984,21.206047
22.0,24.0,550.3162,29.5,23.143105,15.499982833862305,21.106237411499023,15.499983,21.106237
22.0,24.0,591.79193,29.899994,23.20859,15.499984741210938,20.848737716674805,15.499985,20.848738
22.0,24.0,622.4912,30.100006,23.267647,15.499985694885254,20.72981834411621,15.499986,20.729818
22.0,24.0,642.20654,30.400002,23.354494,15.49998664855957,20.490562438964844,15.499987,20.490562
22.0,24.0,581.29205,30.5,23.4044,15.499983787536621,20.409513473510742,15.499984,20.409513
22.0,24.0,544.69916,30.599998,23.45924,15.499980926513672,20.222850799560547,15.499981,20.22285
22.0,24.0,556.5316,30.599998,23.510483,15.499981880187988,20.165206909179688,15.499982,20.165207
22.0,24.0,478.76028,30.599998,23.533752,15.499975204467773,20.015621185302734,15.499975,20.015621
22.0,24.0,437.60364,30.400002,23.53957,15.499972343444824,20.004491806030273,15.499972,20.004492
22.0,24.0,286.2196,30.299995,23.500456,15.499950408935547,19.921667098999023,15.49995,19.921667
22.0,24.0,233.8833,30.199997,23.456413,15.499940872192383,19.96371078491211,15.499941,19.96371
22.0,24.0,138.58414,30.100006,23.38858,15.499905586242676,19.92107391357422,15.499906,19.921074
22.0,24.0,101.16908,29.800003,23.317398,15.499890327453613,19.994565963745117,15.49989,19.994566
22.0,24.0,57.915,29.400002,23.004637,10.000064849853516,21.845294952392578,10.000065,21.845295
22.0,24.0,42.24,29.400002,22.803074,10.0000581741333,21.988719940185547,10.000058,21.98872
22.0,24.0,27.225,27.099998,22.840446,10.000056266784668,22.103111267089844,10.000056,22.103111
22.0,24.0,14.19,26.0,22.828377,10.000052452087402,22.21087074279785,10.000052,22.21087
22.0,24.0,27.062334,24.899994,22.826498,10.000054359436035,22.27118682861328,10.000054,22.271187
15.0,28.0,0.0,24.5,22.793581,10.000048637390137,22.38718032836914,10.000049,22.38718
15.0,28.0,0.0,24.099998,22.80452,10.000049591064453,22.43183135986328,10.00005,22.431831
15.0,28.0,0.0,23.800003,22.775234,10.00004768371582,22.499032974243164,10.000048,22.499033
15.0,28.0,0.0,23.5,22.768864,10.000049591064453,22.522417068481445,10.00005,22.522417
15.0,28.0,0.0,23.2,22.738762,10.00004768371582,22.57879638671875,10.000048,22.578796
15.0,28.0,0.0,23.0,22.734497,10.000049591064453,22.580656051635742,10.00005,22.580656
15.0,28.0,0.0,22.799995,22.69957,10.000048637390137,22.62816047668457,10.000049,22.62816
15.0,28.0,0.0,22.7,22.698122,10.000065803527832,22.518692016601562,10.000066,22.518692
15.0,28.0,0.0,22.600002,22.606365,10.000064849853516,22.590049743652344,10.000065,22.59005
15.0,28.0,0.0,22.5,22.630415,10.000056266784668,22.55106544494629,10.000056,22.551065
15.0,28.0,0.0,22.399998,22.57954,10.000055313110352,22.601451873779297,10.000055,22.601452
15.0,28.0,0.0,22.3,22.586325,10.000049591064453,22.57593536376953,10.00005,22.575935
15.0,28.0,0.0,22.3,22.553831,10.000048637390137,22.61232566833496,10.000049,22.612326
15.0,28.0,0.0,22.200005,22.532589,10.000043869018555,22.60603141784668,10.000044,22.606031
15.0,28.0,0.0,22.0,22.505203,10.000042915344238,22.641281127929688,10.000043,22.641281
15.0,28.0,0.0,21.900002,22.486055,10.000039100646973,22.64661979675293,10.000039,22.64662
15.0,28.0,0.0,21.8,22.46357,10.000038146972656,22.675952911376953,10.000038,22.675953
15.0,28.0,0.0,21.7,22.446432,10.000035285949707,22.692514419555664,10.000035,22.692514
15.0,28.0,16.882246,22.399998,22.43967,10.000036239624023,22.685840606689453,10.000036,22.68584
15.0,28.0,44.496414,23.099998,22.44458,10.00003719329834,22.65928840637207,10.000037,22.659288
22.0,24.0,19.8,23.899998,22.442171,10.00003433227539,22.656217575073242,10.000034,22.656218
22.0,24.0,110.3772,24.700005,22.483368,10.000042915344238,22.564167022705078,10.000043,22.564167
22.0,24.0,58.786823,25.800003,22.490862,10.00003719329834,22.551342010498047,10.000037,22.551342
22.0,24.0,169.30482,26.900002,22.74746,15.499940872192383,22.44603157043457,15.499941,22.446032
22.0,24.0,122.06616,27.799995,23.021746,15.499930381774902,22.26402473449707,15.49993,22.264025
22.0,24.0,302.77094,28.699997,23.061407,15.499961853027344,21.95009422302246,15.499962,21.950094
22.0,24.0,291.92953,29.299995,23.03763,15.499960899353027,21.84242057800293,15.499961,21.84242
22.0,24.0,469.67532,29.899994,23.138163,15.499977111816406,21.49876594543457,15.499977,21.498766
22.0,24.0,481.4455,30.299995,23.116854,15.499979019165039,21.372732162475586,15.499979,21.372732
22.0,24.0,603.3129,30.700005,23.204174,15.499984741210938,21.0645694732666,15.499985,21.06457
22.0,24.0,583.5755,30.900002,23.19857,15.499984741210938,20.953636169433594,15.499985,20.953636
22.0,24.0,566.2989,31.099998,23.273033,15.499982833862305,20.71444320678711,15.499983,20.714443
22.0,24.0,605.1927,31.199997,23.34541,15.499984741210938,20.60092544555664,15.499985,20.600925
22.0,24.0,565.295,31.199997,23.410748,15.499982833862305,20.39496421813965,15.499983,20.394964
22.0,24.0,571.59265,31.099998,23.473244,15.499983787536621,20.32006072998047,15.499984,20.32006
22.0,24.0,273.63785,31.0,23.433668,15.499956130981445,20.223508834838867,15.499956,20.223509
22.0,24.0,75.0976,30.800003,23.348948,15.49991226196289,20.31966209411621,15.499912,20.319662
22.0,24.0,156.03961,30.700005,23.324097,15.499926567077637,20.220645904541016,15.499927,20.220646
22.0,24.0,405.79172,30.299995,23.369644,15.499968528747559,20.17922592163086,15.499969,20.179226
22.0,24.0,238.26247,29.899994,23.331541,15.49993896484375,20.0974178314209,15.499939,20.097418
22.0,24.0,247.13934,29.5,23.305902,15.499940872192383,20.126506805419922,15.499941,20.126507
22.0,24.0,88.10515,29.099998,23.228664,15.499883651733398,20.10013198852539,15.499884,20.100132
22.0,24.0,118.65548,28.5,23.17374,15.499895095825195,20.16049575805664,15.499895,20.160496
22.0,24.0,52.965,27.799995,22.862858,10.000059127807617,22.02632713317871,10.000059,22.026327
22.0,24.0,58.488934,27.799995,22.825512,10.000057220458984,22.09337615966797,10.000057,22.093376
22.0,24.0,25.905,25.700005,22.800089,10.000053405761719,22.237014770507812,10.000053,22.237015
22.0,24.0,13.695,24.5,22.815622,10.000049591064453,22.33362579345703,10.00005,22.333626
22.0,24.0,25.749273,23.400002,22.805855,10.000051498413086,22.392202377319336,10.0000515,22.392202
15.0,28.0,0.0,22.600002,22.772806,10.000045776367188,22.508651733398438,10.000046,22.508652
15.0,28.0,0.0,21.8,22.781046,10.000046730041504,22.557567596435547,10.000047,22.557568
15.0,28.0,0.0,21.100002,22.74905,10.000044822692871,22.633317947387695,10.000045,22.633318
15.0,28.0,0.0,20.5,22.74094,10.000045776367188,22.663715362548828,10.000046,22.663715
15.0,28.0,0.0,20.100002,22.707985,10.000044822692871,22.727855682373047,10.000045,22.727856
15.0,28.0,0.0,19.700005,22.695446,10.000045776367188,22.73780632019043,10.000046,22.737806
15.0,28.0,0.0,19.400002,22.637012,10.000044822692871,22.798093795776367,10.000045,22.798094
15.0,28.0,0.0,19.099998,22.588173,10.0000638961792,22.777420043945312,10.000064,22.77742
15.0,28.0,0.0,18.899998,22.528889,10.000061988830566,22.847503662109375,10.000062,22.847504
15.0,28.0,0.0,18.600002,22.487541,10.000054359436035,22.846410751342773,10.000054,22.84641
15.0,28.0,0.0,18.400002,22.437523,10.000053405761719,22.908370971679688,10.000053,22.908371
15.0,28.0,0.0,18.099998,22.400269,10.000046730041504,22.914104461669922,10.000047,22.914104
15.0,28.0,0.0,17.900002,22.356241,10.000045776367188,22.969818115234375,10.000046,22.969818
15.0,28.0,0.0,17.7,22.323046,10.000040054321289,22.981487274169922,10.00004,22.981487
15.0,28.0,0.0,17.600002,22.285597,10.000040054321289,23.028417587280273,10.00004,23.028418
15.0,28.0,0.0,17.5,22.256954,10.000035285949707,23.045433044433594,10.000035,23.045433
15.0,28.0,0.0,17.5,22.22681,10.000035285949707,23.082698822021484,10.000035,23.082699
15.0,28.0,0.0,17.600002,22.203999,10.000032424926758,23.101802825927734,10.000032,23.101803
15.0,28.0,4.51878,18.600002,22.189705,10.000032424926758,23.103450775146484,10.000032,23.10345
15.0,28.0,43.814823,19.599998,22.196556,10.000033378601074,23.067899703979492,10.000033,23.0679
22.0,24.0,19.8,20.5,22.194094,10.000030517578125,23.060302734375,10.0000305,23.060303
22.0,24.0,111.59226,21.399998,22.236984,10.000039100646973,22.96825408935547,10.000039,22.968254
22.0,24.0,57.843975,22.600002,22.246883,10.000033378601074,22.949174880981445,10.000033,22.949175
22.0,24.0,169.63168,23.800003,22.554054,15.499937057495117,22.861846923828125,15.499937,22.861847
22.0,24.0,120.75977,24.700005,22.889347,15.499927520751953,22.661197662353516,15.4999275,22.661198
22.0,24.0,309.41214,25.599998,22.967827,15.499960899353027,22.32228660583496,15.499961,22.322287
22.0,24.0,305.36636,26.099998,22.94444,15.499961853027344,22.206039428710938,15.499962,22.20604
22.0,24.0,456.69077,26.699997,23.044636,15.499975204467773,21.859907150268555,15.499975,21.859907
22.0,24.0,476.93872,27.200005,23.03046,15.499977111816406,21.719886779785156,15.499977,21.719887
22.0,24.0,588.3023,27.600006,23.116133,15.499983787536621,21.399646759033203,15.499984,21.399647
22.0,24.0,583.52795,28.0,23.10284,15.499983787536621,21.27593994140625,15.499984,21.27594
22.0,24.0,632.80554,28.300003,23.168592,15.499985694885254,21.003887176513672,15.499986,21.003887
22.0,24.0,641.144,28.5,23.180325,15.49998664855957,20.89401626586914,15.499987,20.894016
22.0,24.0,659.56665,28.699997,23.25896,15.49998664855957,20.65056610107422,15.499987,20.650566
22.0,24.0,675.1299,28.800003,23.328648,15.499987602233887,20.545379638671875,15.499988,20.54538
22.0,24.0,606.82434,28.900002,23.38187,15.499984741210938,20.34672737121582,15.499985,20.346727
22.0,24.0,598.43713,28.900002,23.43277,15.499983787536621,20.283475875854492,15.499984,20.283476
22.0,24.0,444.01688,28.900002,23.43301,15.49997329711914,20.144662857055664,15.499973,20.144663
22.0,24.0,428.89542,28.800003,23.43451,15.499971389770508,20.138593673706055,15.499971,20.138594
22.0,24.0,244.46735,28.599998,23.377651,15.499942779541016,20.071819305419922,15.499943,20.07182
22.0,24.0,255.83437,28.599998,23.340595,15.499944686889648,20.105937957763672,15.499945,20.105938
22.0,24.0,89.68795,28.5,23.253242,15.499885559082031,20.084819793701172,15.499886,20.08482
22.0,24.0,119.33099,28.200005,23.19236,15.499895095825195,20.14623260498047,15.499895,20.146233
22.0,24.0,54.945,27.900002,22.87735,10.000060081481934,22.005149841308594,10.00006,22.00515
22.0,24.0,41.745,27.900002,22.818329,10.000055313110352,22.105091094970703,10.000055,22.105091
22.0,24.0,26.895,25.100006,22.81166,10.000053405761719,22.23296356201172,10.000053,22.232964
22.0,24.0,13.53,24.099998,22.81253,10.000049591064453,22.336896896362305,10.00005,22.336897
22.0,24.0,23.617186,23.0,22.805561,10.000051498413086,22.40047264099121,10.0000515,22.400473
15.0,28.0,0.0,22.5,22.774538,10.000045776367188,22.512226104736328,10.000046,22.512226
15.0,28.0,0.0,22.0,22.781382,10.000046730041504,22.557594299316406,10.000047,22.557594
15.0,28.0,0.0,21.599998,22.750902,10.000044822692871,22.627227783203125,10.000045,22.627228
15.0,28.0,0.0,21.100002,22.7429,10.000046730041504,22.653167724609375,10.000047,22.653168
15.0,28.0,0.0,20.7,22.710793,10.000044822692871,22.713642120361328,10.000045,22.713642
15.0,28.0,0.0,20.299995,22.704445,10.000046730041504,22.7194766998291,10.000047,22.719477
15.0,28.0,0.0,20.0,22.653534,10.000044822692871,22.775333404541016,10.000045,22.775333
15.0,28.0,0.0,19.599998,22.607159,10.0000638961792,22.743026733398438,10.000064,22.743027
15.0,28.0,0.0,19.400002,22.54822,10.000062942504883,22.81124496459961,10.000063,22.811245
15.0,28.0,0.0,19.099998,22.508533,10.000054359436035,22.807830810546875,10.000054,22.80783
15.0,28.0,0.0,18.899998,22.459957,10.000053405761719,22.867961883544922,10.000053,22.867962
15.0,28.0,0.0,18.699997,22.424706,10.000046730041504,22.869373321533203,10.000047,22.869373
15.0,28.0,0.0,18.5,22.382284,10.000045776367188,22.922809600830078,10.000046,22.92281
15.0,28.0,0.0,18.3,22.350786,10.000041007995605,22.9322509765625,10.000041,22.932251
15.0,28.0,0.0,18.2,22.314838,10.000040054321289,22.977340698242188,10.00004,22.97734
15.0,28.0,0.0,18.099998,22.287567,10.000036239624023,22.992691040039062,10.000036,22.992691
15.0,28.0,0.0,18.099998,22.258654,10.000035285949707,23.02851104736328,10.000035,23.028511
15.0,28.0,0.0,18.0,22.235611,10.000032424926758,23.051223754882812,10.000032,23.051224
15.0,28.0,4.796772,18.699997,22.219498,10.000032424926758,23.0603084564209,10.000032,23.060308
15.0,28.0,38.872704,19.400002,22.220846,10.000033378601074,23.038692474365234,10.000033,23.038692
22.0,24.0,17.82,20.100002,22.213936,10.000030517578125,23.040374755859375,10.0000305,23.040375
22.0,24.0,116.81348,20.8,22.252697,10.000040054321289,22.95441436767578,10.00004,22.954414
22.0,24.0,68.91114,21.8,22.258038,10.00003433227539,22.94180679321289,10.000034,22.941807
22.0,24.0,180.60484,22.900002,22.559551,15.499940872192383,22.869264602661133,15.499941,22.869265
22.0,24.0,133.10165,24.199997,22.894186,15.499931335449219,22.663969039916992,15.499931,22.663969
22.0,24.0,310.42044,25.400002,22.96818,15.499960899353027,22.32634162902832,15.499961,22.326342
22.0,24.0,300.4455,26.0,22.943045,15.499960899353027,22.212608337402344,15.499961,22.212608
22.0,24.0,462.84738,26.599998,23.046196,15.49997615814209,21.861515045166016,15.499976,21.861515
22.0,24.0,464.62558,27.0,23.02454,15.499977111816406,21.73475456237793,15.499977,21.734755
22.0,24.0,578.9511,27.399994,23.113106,15.499982833862305,21.41495132446289,15.499983,21.414951
22.0,24.0,606.10846,27.699997,23.106293,15.499984741210938,21.28213882446289,15.499985,21.282139
22.0,24.0,636.65796,28.0,23.165688,15.499985694885254,21.015926361083984,15.499986,21.015926
22.0,24.0,631.0392,28.200005,23.171787,15.49998664855957,20.9124813079834,15.499987,20.912481
22.0,24.0,645.8412,28.400002,23.247105,15.49998664855957,20.672834396362305,15.499987,20.672834
22.0,24.0,679.9961,28.5,23.316269,15.499987602233887,20.567237854003906,15.499988,20.567238
22.0,24.0,612.2346,28.599998,23.369835,15.499984741210938,20.36764907836914,15.499985,20.36765
22.0,24.0,590.5593,28.599998,23.41446,15.499983787536621,20.30777931213379,15.499984,20.30778
22.0,24.0,442.55072,28.599998,23.414053,15.499972343444824,20.16973876953125,15.499972,20.169739
22.0,24.0,431.12717,28.5,23.415733,15.499971389770508,20.163787841796875,15.499971,20.163788
22.0,24.0,249.42644,28.400002,23.360312,15.499942779541016,20.09316062927246,15.499943,20.09316
22.0,24.0,258.73935,28.300003,23.323006,15.499944686889648,20.129356384277344,15.499945,20.129356
22.0,24.0,131.75554,28.200005,23.249046,15.49990177154541,20.09067153930664,15.499902,20.090672
22.0,24.0,107.619545,28.0,23.178413,15.49989128112793,20.164966583251953,15.499891,20.164967
22.0,24.0,56.76,27.799995,22.86824,10.000059127807617,22.01641082763672,10.000059,22.01641
22.0,24.0,54.530632,27.799995,22.82104,10.000057220458984,22.096860885620117,10.000057,22.09686
22.0,24.0,25.905,25.5,22.803337,10.000053405761719,22.236961364746094,10.000053,22.236961
22.0,24.0,13.53,24.700005,22.816738,10.000049591064453,22.330068588256836,10.00005,22.330069
22.0,24.0,22.70474,23.800003,22.8068,10.000051498413086,22.388662338256836,10.0000515,22.388662
15.0,28.0,0.0,23.3,22.778091,10.000046730041504,22.49380111694336,10.000047,22.493801
15.0,28.0,0.0,22.799995,22.784922,10.00004768371582,22.535327911376953,10.000048,22.535328
15.0,28.0,0.0,22.3,22.755222,10.000045776367188,22.602474212646484,10.000046,22.602474
15.0,28.0,0.0,21.7,22.747602,10.000046730041504,22.627586364746094,10.000047,22.627586
15.0,28.0,0.0,21.199997,22.715967,10.000045776367188,22.687786102294922,10.000046,22.687786
15.0,28.0,0.0,20.599998,22.709187,10.000046730041504,22.69593048095703,10.000047,22.69593
15.0,28.0,0.0,20.100002,22.672596,10.000045776367188,22.75179100036621,10.000046,22.751791
15.0,28.0,0.0,19.599998,22.62618,10.000064849853516,22.717180252075195,10.000065,22.71718
15.0,28.0,0.0,19.2,22.56319,10.000062942504883,22.79355812072754,10.000063,22.793558
15.0,28.0,0.0,18.800003,22.520275,10.000055313110352,22.796701431274414,10.000055,22.796701
15.0,28.0,0.0,18.5,22.467802,10.000054359436035,22.86416244506836,10.000054,22.864162
15.0,28.0,0.0,18.2,22.428358,10.00004768371582,22.873157501220703,10.000048,22.873158
15.0,28.0,0.0,17.900002,22.381424,10.000046730041504,22.93467140197754,10.000047,22.934671
15.0,28.0,0.0,17.7,22.345835,10.000041007995605,22.94991683959961,10.000041,22.949917
15.0,28.0,0.0,17.5,22.305313,10.000040054321289,23.002779006958008,10.00004,23.002779
15.0,28.0,0.0,17.200005,22.272766,10.000036239624023,23.028470993041992,10.000036,23.028471
15.0,28.0,0.0,17.200005,22.239176,10.000035285949707,23.071035385131836,10.000035,23.071035
15.0,28.0,0.0,17.099998,22.211525,10.000032424926758,23.099655151367188,10.000032,23.099655
15.0,28.0,4.6824913,18.099998,22.19321,10.000032424926758,23.10720443725586,10.000032,23.107204
15.0,28.0,41.28987,19.099998,22.195107,10.000033378601074,23.079072952270508,10.000033,23.079073
22.0,24.0,18.975,20.0,22.189325,10.000030517578125,23.075639724731445,10.0000305,23.07564
22.0,24.0,112.44382,20.900002,22.229296,10.000039100646973,22.987133026123047,10.000039,22.987133
22.0,24.0,60.39924,21.900002,22.235641,10.000033378601074,22.97482681274414,10.000033,22.974827
22.0,24.0,173.50165,23.0,22.539345,15.49993896484375,22.899124145507812,15.499939,22.899124
22.0,24.0,124.48079,24.599998,22.87677,15.499927520751953,22.684520721435547,15.4999275,22.68452
22.0,24.0,309.4706,26.099998,22.965597,15.499959945678711,22.325653076171875,15.49996,22.325653
22.0,24.0,299.89648,26.900002,22.940088,15.499959945678711,22.198837280273438,15.49996,22.198837
22.0,24.0,477.29028,27.600006,23.051033,15.499977111816406,21.827144622802734,15.499977,21.827145
22.0,24.0,492.35776,28.099998,23.035526,15.499979019165039,21.678878784179688,15.499979,21.678879
22.0,24.0,613.8542,28.5,23.128958,15.499984741210938,21.34541130065918,15.499985,21.345411
22.0,24.0,631.9038,28.900002,23.12524,15.499985694885254,21.20172691345215,15.499986,21.201727
22.0,24.0,691.8626,29.299995,23.197582,15.499987602233887,20.915630340576172,15.499988,20.91563
22.0,24.0,700.0012,29.5,23.241405,15.499988555908203,20.78437614440918,15.499989,20.784376
22.0,24.0,696.1729,29.800003,23.33432,15.499988555908203,20.534238815307617,15.499989,20.534239
22.0,24.0,690.7829,29.899994,23.409866,15.499988555908203,20.426599502563477,15.499989,20.4266
22.0,24.0,633.1328,30.100006,23.480032,15.499984741210938,20.22124671936035,15.499985,20.221247
22.0,24.0,603.97955,30.100006,23.53286,15.499984741210938,20.156734466552734,15.499985,20.156734
22.0,24.0,494.82764,30.199997,23.551071,15.499977111816406,20.006763458251953,15.499977,20.006763
22.0,24.0,449.57672,30.100006,23.557278,15.49997329711914,19.994665145874023,15.499973,19.994665
22.0,24.0,296.04623,30.0,23.516422,15.49995231628418,19.91294288635254,15.499952,19.912943
22.0,24.0,246.9288,29.800003,23.468296,15.499943733215332,19.958017349243164,15.499944,19.958017
22.0,24.0,138.71687,29.700005,23.394848,15.499906539916992,19.921152114868164,15.499907,19.921152
22.0,24.0,105.57248,29.299995,23.320274,15.499893188476562,19.999174118041992,15.499893,19.999174
22.0,24.0,56.43,28.900002,23.001831,10.000064849853516,21.85501480102539,10.000065,21.855015
22.0,24.0,42.93204,28.900002,22.803558,10.0000581741333,21.99820899963379,10.000058,21.998209
22.0,24.0,26.235,26.199997,22.835232,10.000056266784668,22.12482452392578,10.000056,22.124825
22.0,24.0,13.2,25.100006,22.826033,10.000051498413086,22.237201690673828,10.0000515,22.237202
22.0,24.0,21.688835,24.099998,22.821665,10.000053405761719,22.30683708190918,10.000053,22.306837
15.0,28.0,0.0,23.699997,22.79211,10.000048637390137,22.418323516845703,10.000049,22.418324
15.0,28.0,0.0,23.3,22.797718,10.000048637390137,22.466156005859375,10.000049,22.466156
15.0,28.0,0.0,23.099998,22.769377,10.00004768371582,22.533933639526367,10.000048,22.533934
15.0,28.0,0.0,22.799995,22.761917,10.000048637390137,22.5582332611084,10.000049,22.558233
15.0,28.0,0.0,22.5,22.73132,10.000046730041504,22.615732192993164,10.000047,22.615732
15.0,28.0,0.0,22.3,22.726742,10.000048637390137,22.618057250976562,10.000049,22.618057
15.0,28.0,0.0,22.0,22.690605,10.00004768371582,22.667831420898438,10.000048,22.667831
15.0,28.0,0.0,21.7,22.68801,10.000065803527832,22.577835083007812,10.000066,22.577835
15.0,28.0,0.0,21.399998,22.603718,10.0000638961792,22.653467178344727,10.000064,22.653467
15.0,28.0,0.0,21.199997,22.609516,10.000056266784668,22.62725067138672,10.000056,22.62725
15.0,28.0,0.0,20.900002,22.564417,10.000055313110352,22.684062957763672,10.000055,22.684063
15.0,28.0,0.0,20.7,22.533113,10.000048637390137,22.680221557617188,10.000049,22.680222
15.0,28.0,0.0,20.599998,22.494549,10.00004768371582,22.727327346801758,10.000048,22.727327
15.0,28.0,0.0,20.400002,22.466484,10.000042915344238,22.732036590576172,10.000043,22.732037
15.0,28.0,0.0,20.2,22.4331,10.000041961669922,22.775794982910156,10.000042,22.775795
15.0,28.0,0.0,20.100002,22.40836,10.000038146972656,22.788562774658203,10.000038,22.788563
15.0,28.0,0.0,19.8,22.379488,10.00003719329834,22.829605102539062,10.000037,22.829605
15.0,28.0,0.0,19.5,22.355614,10.00003433227539,22.858259201049805,10.000034,22.85826
15.0,28.0,3.8248522,20.400002,22.339485,10.00003433227539,22.865535736083984,10.000034,22.865536
15.0,28.0,22.99058,21.300003,22.336493,10.000033378601074,22.85135841369629,10.000033,22.851358
22.0,24.0,43.86345,22.200005,22.344389,10.000035285949707,22.817218780517578,10.000035,22.817219
22.0,24.0,112.5972,23.2,22.378561,10.000041007995605,22.736621856689453,10.000041,22.736622
22.0,24.0,60.973766,24.099998,22.38672,10.000035285949707,22.726137161254883,10.000035,22.726137
22.0,24.0,173.5245,25.0,22.689724,15.499940872192383,22.63040542602539,15.499941,22.630405
22.0,24.0,127.07444,26.199997,22.979345,15.499930381774902,22.437694549560547,15.49993,22.437695
22.0,24.0,310.64175,27.5,23.021967,15.499961853027344,22.107013702392578,15.499962,22.107014
22.0,24.0,302.81708,28.0,22.998886,15.499961853027344,21.994346618652344,15.499962,21.994347
22.0,24.0,470.80853,28.5,23.100077,15.499977111816406,21.648895263671875,15.499977,21.648895
22.0,24.0,435.65994,28.699997,23.065773,15.499975204467773,21.5500545501709,15.499975,21.550055
22.0,24.0,303.83096,28.900002,23.081106,15.49996280670166,21.367677688598633,15.499963,21.367678
22.0,24.0,116.353355,29.099998,23.013332,15.499930381774902,21.40081024169922,15.49993,21.40081
22.0,24.0,107.65368,29.299995,23.04235,15.499923706054688,21.233182907104492,15.499924,21.233183
22.0,24.0,143.87285,29.599998,23.004387,15.499933242797852,21.211912155151367,15.499933,21.211912
22.0,24.0,186.65858,29.899994,23.030876,15.49993896484375,21.017120361328125,15.499939,21.01712
22.0,24.0,132.1075,30.100006,22.968845,15.49992561340332,21.02724838256836,15.499926,21.027248
22.0,24.0,155.17825,30.299995,22.99582,15.49992561340332,20.848506927490234,15.499926,20.848507
22.0,24.0,128.94016,30.199997,22.949429,15.499917984008789,20.86081886291504,15.499918,20.860819
22.0,24.0,240.10994,30.199997,22.995821,15.49993896484375,20.659286499023438,15.499939,20.659286
22.0,24.0,314.46634,30.0,23.006664,15.499953269958496,20.614458084106445,15.499953,20.614458
22.0,24.0,261.67755,29.899994,23.022324,15.49993896484375,20.45599365234375,15.499939,20.455994
22.0,24.0,266.7558,29.599998,23.025385,15.499940872192383,20.44308090209961,15.499941,20.44308
22.0,24.0,94.637115,29.299995,22.981195,15.499876022338867,20.371868133544922,15.499876,20.371868
22.0,24.0,143.90018,28.5,22.96011,15.499897003173828,20.39975357055664,15.499897,20.399754
22.0,24.0,44.715,27.699997,22.678265,10.000051498413086,22.258678436279297,10.0000515,22.258678
22.0,24.0,71.07871,27.699997,22.85485,10.000055313110352,22.219694137573242,10.000055,22.219694
22.0,24.0,21.615,25.800003,22.755867,10.000048637390137,22.37884521484375,10.000049,22.378845
22.0,24.0,11.785479,25.400002,22.80996,10.000046730041504,22.433176040649414,10.000047,22.433176
22.0,24.0,18.630035,24.899994,22.791138,10.000048637390137,22.471439361572266,10.000049,22.47144
15.0,28.0,0.0,24.700005,22.771582,10.000044822692871,22.545467376708984,10.000045,22.545467
15.0,28.0,0.0,24.5,22.778233,10.000045776367188,22.56436538696289,10.000046,22.564365
15.0,28.0,0.0,24.299995,22.753933,10.000044822692871,22.608234405517578,10.000045,22.608234
15.0,28.0,0.0,24.099998,22.750874,10.000046730041504,22.610462188720703,10.000047,22.610462
15.0,28.0,0.0,24.0,22.724504,10.000045776367188,22.646883010864258,10.000046,22.646883
15.0,28.0,0.0,24.0,22.723896,10.000048637390137,22.629833221435547,10.000049,22.629833
15.0,28.0,0.0,23.899998,22.691948,10.00004768371582,22.660924911499023,10.000048,22.660925
15.0,28.0,0.0,23.800003,22.69326,10.000064849853516,22.53134536743164,10.000065,22.531345
15.0,28.0,0.0,23.5,22.599323,10.0000638961792,22.595455169677734,10.000064,22.595455
15.0,28.0,0.0,23.2,22.626442,10.000056266784668,22.55077362060547,10.000056,22.550774
15.0,28.0,0.0,23.0,22.57714,10.000055313110352,22.59607696533203,10.000055,22.596077
15.0,28.0,0.0,22.799995,22.586018,10.000049591064453,22.567014694213867,10.00005,22.567015
15.0,28.0,0.0,22.399998,22.552835,10.000048637390137,22.608909606933594,10.000049,22.60891
15.0,28.0,0.0,22.099998,22.533606,10.000043869018555,22.605867385864258,10.000044,22.605867
15.0,28.0,0.0,21.900002,22.505793,10.000042915344238,22.642227172851562,10.000043,22.642227
15.0,28.0,0.0,21.7,22.485178,10.000039100646973,22.651121139526367,10.000039,22.651121
15.0,28.0,0.0,21.7,22.462198,10.000038146972656,22.679906845092773,10.000038,22.679907
15.0,28.0,0.0,21.7,22.444931,10.000035285949707,22.694896697998047,10.000035,22.694897
15.0,28.0,1.3512313,22.099998,22.430847,10.000035285949707,22.70689582824707,10.000035,22.706896
15.0,28.0,4.9184465,22.600002,22.423443,10.000032424926758,22.712329864501953,10.000032,22.71233
22.0,24.0,10.737375,23.099998,22.4224,10.000033378601074,22.70386505126953,10.000033,22.703865
22.0,24.0,44.590805,23.699997,22.435625,10.00003433227539,22.677270889282227,10.000034,22.67727
22.0,24.0,99.35511,24.099998,22.464684,10.000041007995605,22.604961395263672,10.000041,22.604961
22.0,24.0,192.77995,24.5,22.729921,15.499945640563965,22.548864364624023,15.499946,22.548864
22.0,24.0,143.66335,25.5,23.004307,15.4999361038208,22.376453399658203,15.499936,22.376453
22.0,24.0,315.99326,26.5,23.04008,15.499963760375977,22.07234764099121,15.499964,22.072348
22.0,24.0,315.119,27.300003,23.018764,15.499963760375977,21.96076774597168,15.499964,21.960768
22.0,24.0,438.79657,28.200005,23.102074,15.499975204467773,21.639801025390625,15.499975,21.639801
22.0,24.0,398.66718,28.800003,23.067638,15.499972343444824,21.544601440429688,15.499972,21.544601
22.0,24.0,469.28134,29.400002,23.138828,15.499977111816406,21.261587142944336,15.499977,21.261587
22.0,24.0,575.0528,29.700005,23.147972,15.499983787536621,21.11971664428711,15.499984,21.119717
22.0,24.0,664.58685,30.0,23.21621,15.49998664855957,20.842784881591797,15.499987,20.842785
22.0,24.0,630.8205,30.0,23.266268,15.49998664855957,20.732131958007812,15.499987,20.732132
22.0,24.0,623.3944,30.0,23.345123,15.499985694885254,20.506649017333984,15.499986,20.506649
22.0,24.0,580.6758,29.800003,23.39415,15.499983787536621,20.435359954833984,15.499984,20.43536
22.0,24.0,551.25214,29.700005,23.443039,15.499981880187988,20.256772994995117,15.499982,20.256773
22.0,24.0,589.4693,29.599998,23.49807,15.499983787536621,20.199695587158203,15.499984,20.199696
22.0,24.0,491.91406,29.599998,23.515358,15.499977111816406,20.052379608154297,15.499977,20.05238
22.0,24.0,454.0598,29.5,23.519144,15.49997329711914,20.041671752929688,15.499973,20.041672
22.0,24.0,297.42566,29.400002,23.47636,15.49995231628418,19.959976196289062,15.499952,19.959976
22.0,24.0,255.12576,29.199997,23.429813,15.499944686889648,20.004680633544922,15.499945,20.00468
22.0,24.0,137.15045,29.0,23.354572,15.499905586242676,19.97133445739746,15.499906,19.971334
22.0,24.0,109.38001,28.599998,23.2793,15.499894142150879,20.051029205322266,15.499894,20.05103
22.0,24.0,55.275,28.200005,22.957897,10.000062942504883,21.911544799804688,10.000063,21.911545
22.0,24.0,45.114365,28.200005,22.80923,10.000057220458984,22.037633895874023,10.000057,22.037634
22.0,24.0,25.575,26.599998,22.83031,10.000055313110352,22.153961181640625,10.000055,22.153961
22.0,24.0,12.705,25.900002,22.825188,10.00005054473877,22.2520694732666,10.000051,22.25207
22.0,24.0,20.73151,25.100006,22.8209,10.000053405761719,22.310894012451172,10.000053,22.310894
15.0,28.0,0.0,24.800003,22.793818,10.000048637390137,22.410320281982422,10.000049,22.41032
15.0,28.0,0.0,24.5,22.800358,10.000049591064453,22.44879913330078,10.00005,22.4488
15.0,28.0,0.0,24.299995,22.773735,10.00004768371582,22.50845718383789,10.000048,22.508457
15.0,28.0,0.0,24.0,22.76767,10.000049591064453,22.526473999023438,10.00005,22.526474
15.0,28.0,0.0,23.800003,22.739363,10.00004768371582,22.576499938964844,10.000048,22.5765
15.0,28.0,0.0,23.5,22.73502,10.000049591064453,22.57526397705078,10.00005,22.575264
15.0,28.0,0.0,23.400002,22.70211,10.000048637390137,22.61774253845215,10.000049,22.617743
15.0,28.0,0.0,23.2,22.70034,10.000065803527832,22.49997901916504,10.000066,22.499979
15.0,28.0,0.0,23.0,22.605682,10.000064849853516,22.57212257385254,10.000065,22.572123
15.0,28.0,0.0,22.799995,22.631273,10.000056266784668,22.533367156982422,10.000056,22.533367
15.0,28.0,0.0,22.7,22.58089,10.000056266784668,22.582977294921875,10.000056,22.582977
15.0,28.0,0.0,22.5,22.591677,10.000049591064453,22.557601928710938,10.00005,22.557602
15.0,28.0,0.0,22.399998,22.55452,10.000048637390137,22.59817123413086,10.000049,22.598171
15.0,28.0,0.0,22.200005,22.542725,10.000043869018555,22.591392517089844,10.000044,22.591393
15.0,28.0,0.0,22.099998,22.51507,10.000042915344238,22.625686645507812,10.000043,22.625687
15.0,28.0,0.0,21.900002,22.494732,10.000039100646973,22.633983612060547,10.000039,22.633984
15.0,28.0,0.0,21.900002,22.472214,10.000039100646973,22.662145614624023,10.000039,22.662146
15.0,28.0,0.0,21.8,22.454687,10.000035285949707,22.679054260253906,10.000035,22.679054
15.0,28.0,3.848181,22.7,22.444717,10.000035285949707,22.677490234375,10.000035,22.67749
15.0,28.0,33.477455,23.5,22.450418,10.000035285949707,22.649303436279297,10.000035,22.649303
22.0,24.0,19.65911,24.299995,22.451603,10.00003433227539,22.637182235717773,10.000034,22.637182
22.0,24.0,115.714165,25.199997,22.49641,10.000043869018555,22.535064697265625,10.000044,22.535065
22.0,24.0,99.981,26.099998,22.517372,10.000041961669922,22.489110946655273,10.000042,22.48911
22.0,24.0,129.03152,27.099998,22.721552,15.499931335449219,22.44801139831543,15.499931,22.448011
22.0,24.0,192.56343,27.799995,23.058086,15.499944686889648,22.200828552246094,15.499945,22.200829
22.0,24.0,311.14,28.400002,23.059784,15.49996280670166,21.928356170654297,15.499963,21.928356
22.0,24.0,314.35135,28.900002,23.053425,15.499963760375977,21.814477920532227,15.499964,21.814478
22.0,24.0,441.2809,29.299995,23.132603,15.499975204467773,21.508560180664062,15.499975,21.50856
22.0,24.0,490.9695,29.700005,23.12627,15.499979019165039,21.373939514160156,15.499979,21.37394
22.0,24.0,616.2756,30.0,23.206688,15.499984741210938,21.0734920501709,15.499985,21.073492
22.0,24.0,635.4908,30.299995,23.213577,15.49998664855957,20.94704246520996,15.499987,20.947042
22.0,24.0,659.68066,30.5,23.303652,15.49998664855957,20.691020965576172,15.499987,20.691021
22.0,24.0,657.5872,30.700005,23.378433,15.49998664855957,20.57322120666504,15.499987,20.573221
22.0,24.0,487.68695,30.800003,23.404907,15.499979019165039,20.39982795715332,15.499979,20.399828
22.0,24.0,555.03357,30.800003,23.468489,15.499982833862305,20.32881736755371,15.499983,20.328817
22.0,24.0,573.7483,30.800003,23.532267,15.499982833862305,20.145458221435547,15.499983,20.145458
22.0,24.0,596.5309,30.800003,23.58915,15.499983787536621,20.085405349731445,15.499984,20.085405
22.0,24.0,497.18585,30.800003,23.60881,15.499977111816406,19.93996238708496,15.499977,19.939962
22.0,24.0,453.72314,30.599998,23.616592,15.499974250793457,19.92913818359375,15.499974,19.929138
22.0,24.0,251.1007,30.400002,23.557974,15.499944686889648,19.8668270111084,15.499945,19.866827
22.0,24.0,259.9128,30.100006,23.518635,15.499946594238281,19.9056396484375,15.499947,19.90564
22.0,24.0,88.940765,29.800003,23.423437,15.499889373779297,19.89769744873047,15.499889,19.897697
22.0,24.0,113.23109,29.400002,23.352695,15.499897003173828,19.965246200561523,15.499897,19.965246
22.0,24.0,51.315,29.0,23.029125,10.000064849853516,21.829967498779297,10.000065,21.829967
22.0,24.0,96.71859,29.0,22.817892,10.000068664550781,21.895526885986328,10.000069,21.895527
22.0,24.0,17.325,27.300003,22.80334,10.000055313110352,22.103015899658203,10.000055,22.103016
22.0,24.0,14.1400585,26.400002,22.850561,10.000053405761719,22.18222427368164,10.000053,22.182224
22.0,24.0,15.431927,25.5,22.823174,10.000053405761719,22.26211166381836,10.000053,22.262112
15.0,28.0,0.0,25.199997,22.808239,10.000049591064453,22.356529235839844,10.00005,22.35653
15.0,28.0,0.0,24.899994,22.80747,10.00005054473877,22.40085792541504,10.000051,22.400858
15.0,28.0,0.0,24.599998,22.782063,10.000048637390137,22.464672088623047,10.000049,22.464672
15.0,28.0,0.0,24.199997,22.77481,10.00005054473877,22.487977981567383,10.000051,22.487978
15.0,28.0,0.0,23.800003,22.745491,10.000048637390137,22.54431915283203,10.000049,22.54432
15.0,28.0,0.0,23.400002,22.740446,10.00005054473877,22.5489559173584,10.000051,22.548956
15.0,28.0,0.0,22.900002,22.704699,10.000049591064453,22.601428985595703,10.00005,22.601429
15.0,28.0,0.0,22.5,22.701927,10.000066757202148,22.497556686401367,10.000067,22.497557
15.0,28.0,0.0,22.0,22.607216,10.000064849853516,22.583980560302734,10.000065,22.58398
15.0,28.0,0.0,21.5,22.631874,10.000057220458984,22.560596466064453,10.000057,22.560596
15.0,28.0,0.0,21.0,22.579819,10.000056266784668,22.629249572753906,10.000056,22.62925
15.0,28.0,0.0,20.599998,22.572365,10.000049591064453,22.625986099243164,10.00005,22.625986
15.0,28.0,0.0,20.2,22.527119,10.000048637390137,22.68766212463379,10.000049,22.687662
15.0,28.0,0.0,19.8,22.492046,10.000042915344238,22.706050872802734,10.000043,22.70605
15.0,28.0,0.0,19.700005,22.452652,10.000042915344238,22.757368087768555,10.000043,22.757368
15.0,28.0,0.0,19.5,22.421326,10.000038146972656,22.78057861328125,10.000038,22.780579
15.0,28.0,0.0,19.400002,22.388224,10.000038146972656,22.824840545654297,10.000038,22.82484
15.0,28.0,0.0,19.400002,22.362091,10.00003433227539,22.851638793945312,10.000034,22.851639
15.0,28.0,2.3801312,20.299995,22.343424,10.00003433227539,22.862079620361328,10.000034,22.86208
15.0,28.0,38.488056,21.199997,22.344826,10.000035285949707,22.836448669433594,10.000035,22.836449
22.0,24.0,18.645,22.0,22.338552,10.000032424926758,22.835479736328125,10.000032,22.83548
22.0,24.0,107.02666,22.799995,22.37528,10.000041007995605,22.75198745727539,10.000041,22.751987
22.0,24.0,54.160633,24.0,22.380314,10.00003433227539,22.740995407104492,10.000034,22.740995
22.0,24.0,164.77794,25.199997,22.682777,15.49993896484375,22.639543533325195,15.499939,22.639544
22.0,24.0,116.49132,26.0,22.972395,15.499927520751953,22.457942962646484,15.4999275,22.457943
22.0,24.0,314.20102,26.900002,23.018436,15.499961853027344,22.132598876953125,15.499962,22.132599
22.0,24.0,309.18213,27.399994,22.99553,15.49996280670166,22.02138900756836,15.499963,22.021389
22.0,24.0,490.59576,27.799995,23.09924,15.499979019165039,21.67310333251953,15.499979,21.673103
22.0,24.0,508.50613,28.099998,23.080524,15.499979972839355,21.54267120361328,15.49998,21.542671
22.0,24.0,631.58405,28.5,23.169983,15.499985694885254,21.226184844970703,15.499986,21.226185
22.0,24.0,651.7486,28.699997,23.1628,15.49998664855957,21.099016189575195,15.499987,21.099016
22.0,24.0,713.16425,29.0,23.242037,15.499988555908203,20.826704025268555,15.499989,20.826704
22.0,24.0,719.4361,29.099998,23.30653,15.499988555908203,20.70096778869629,15.499989,20.700968
22.0,24.0,715.90967,29.199997,23.399158,15.499988555908203,20.466903686523438,15.499989,20.466904
22.0,24.0,684.6494,29.199997,23.464737,15.499988555908203,20.376646041870117,15.499989,20.376646
22.0,24.0,588.43616,29.199997,23.507484,15.499983787536621,20.20122718811035,15.499984,20.201227
22.0,24.0,558.81586,29.099998,23.537281,15.499982833862305,20.1629638671875,15.499983,20.162964
22.0,24.0,415.8429,28.900002,23.52106,15.499971389770508,20.05049705505371,15.499971,20.050497
22.0,24.0,427.69025,28.699997,23.515251,15.499972343444824,20.056312561035156,15.499972,20.056313
22.0,24.0,259.08316,28.400002,23.453747,15.499946594238281,19.997848510742188,15.499947,19.997849
22.0,24.0,279.2207,27.900002,23.410507,15.499950408935547,20.045827865600586,15.49995,20.045828
22.0,24.0,141.93987,27.399994,23.323114,15.499908447265625,20.0277099609375,15.499908,20.02771
22.0,24.0,146.63425,26.599998,23.246437,15.499908447265625,20.114761352539062,15.499908,20.114761
22.0,24.0,53.46,25.800003,22.90364,10.000060081481934,21.99710464477539,10.00006,21.997105
22.0,24.0,42.82261,25.800003,22.81194,10.000055313110352,22.121257781982422,10.000055,22.121258
22.0,24.0,25.245,23.400002,22.811033,10.000052452087402,22.260644912719727,10.000052,22.260645
22.0,24.0,12.87,22.3,22.807148,10.000048637390137,22.377304077148438,10.000049,22.377304
22.0,24.0,20.084154,21.199997,22.79788,10.000049591064453,22.454681396484375,10.00005,22.454681
15.0,28.0,0.0,20.5,22.76609,10.000044822692871,22.573551177978516,10.000045,22.573551
15.0,28.0,0.0,19.8,22.767673,10.000045776367188,22.630136489868164,10.000046,22.630136
15.0,28.0,0.0,19.2,22.734556,10.000043869018555,22.711637496948242,10.000044,22.711637
15.0,28.0,0.0,18.699997,22.724945,10.000044822692871,22.74500274658203,10.000045,22.745003
15.0,28.0,0.0,18.2,22.675083,10.000042915344238,22.81813621520996,10.000043,22.818136
15.0,28.0,0.0,17.7,22.613491,10.000043869018555,22.843669891357422,10.000044,22.84367
15.0,28.0,0.0,17.3,22.546158,10.000041961669922,22.912912368774414,10.000042,22.912912
15.0,28.0,0.0,16.900002,22.489277,10.000061988830566,22.947696685791016,10.000062,22.947697
15.0,28.0,0.0,16.5,22.429756,10.00006103515625,23.02815055847168,10.000061,23.02815
15.0,28.0,0.0,16.100002,22.38077,10.000052452087402,23.039627075195312,10.000052,23.039627
15.0,28.0,0.0,15.799999,22.323212,10.000051498413086,23.112531661987305,10.0000515,23.112532
15.0,28.0,0.0,15.5,22.278873,10.000044822692871,23.127906799316406,10.000045,23.127907
15.0,28.0,0.0,15.200001,22.227795,10.000043869018555,23.193382263183594,10.000044,23.193382
15.0,28.0,0.0,14.899998,22.187527,10.000039100646973,23.2156982421875,10.000039,23.215698
15.0,28.0,0.0,14.699997,22.14312,10.000038146972656,23.272274017333984,10.000038,23.272274
15.0,28.0,0.0,14.400002,22.106651,10.00003433227539,23.301719665527344,10.000034,23.30172
15.0,28.0,0.0,14.299999,22.068914,10.000033378601074,23.349496841430664,10.000033,23.349497
15.0,28.0,0.0,14.099998,22.03691,10.000030517578125,23.383377075195312,10.0000305,23.383377
15.0,28.0,2.057922,15.100002,22.013617,10.000029563903809,23.39727020263672,10.00003,23.39727
15.0,28.0,40.26076,16.100002,22.012047,10.000030517578125,23.374353408813477,10.0000305,23.374353
22.0,24.0,19.8,17.099998,22.004297,10.000028610229492,23.370662689208984,10.000029,23.370663
22.0,24.0,104.98395,18.2,22.040316,10.000035285949707,23.291393280029297,10.000035,23.291393
22.0,24.0,50.82,19.599998,22.047848,10.000029563903809,23.271930694580078,10.00003,23.27193
22.0,24.0,160.6105,21.100002,22.352905,15.499933242797852,23.209440231323242,15.499933,23.20944
22.0,24.0,110.816666,22.099998,22.692085,15.499921798706055,23.017654418945312,15.499922,23.017654
22.0,24.0,318.5322,23.099998,22.835108,15.499960899353027,22.64813804626465,15.499961,22.648138
22.0,24.0,315.16174,23.800003,22.867945,15.499961853027344,22.500471115112305,15.499962,22.500471
22.0,24.0,503.21408,24.5,22.977407,15.499978065490723,22.118850708007812,15.499978,22.11885
22.0,24.0,538.7664,25.0,22.972364,15.499980926513672,21.950788497924805,15.499981,21.950788
22.0,24.0,650.78656,25.599998,23.06704,15.499985694885254,21.603132247924805,15.499986,21.603132
22.0,24.0,682.14856,26.0,23.070993,15.499987602233887,21.441537857055664,15.499988,21.441538
22.0,24.0,739.704,26.400002,23.145758,15.499988555908203,21.142295837402344,15.499989,21.142296
22.0,24.0,752.99036,26.699997,23.148468,15.49998950958252,21.010732650756836,15.4999895,21.010733
22.0,24.0,751.4821,27.0,23.223999,15.49998950958252,20.754337310791016,15.4999895,20.754337
22.0,24.0,743.8894,27.200005,23.284294,15.49998950958252,20.640460968017578,15.4999895,20.640461
22.0,24.0,684.6825,27.300003,23.348856,15.49998664855957,20.42885971069336,15.499987,20.42886
22.0,24.0,655.56464,27.399994,23.395712,15.49998664855957,20.358722686767578,15.499987,20.358723
22.0,24.0,538.5319,27.399994,23.413452,15.499979019165039,20.202098846435547,15.499979,20.202099
22.0,24.0,479.91965,27.399994,23.41316,15.49997615814209,20.19075584411621,15.499976,20.190756
22.0,24.0,331.05325,27.300003,23.371572,15.499958038330078,20.102371215820312,15.499958,20.102371
22.0,24.0,262.165,27.099998,23.316044,15.499946594238281,20.157312393188477,15.499947,20.157312
22.0,24.0,147.45825,26.900002,23.23655,15.499908447265625,20.124235153198242,15.499908,20.124235
22.0,24.0,96.73818,26.699997,23.150257,15.499887466430664,20.21774673461914,15.499887,20.217747
22.0,24.0,57.255,26.400002,22.830854,10.0000581741333,22.07041358947754,10.000058,22.070414
22.0,24.0,42.57,26.400002,22.819605,10.000053405761719,22.165191650390625,10.000053,22.165192
22.0,24.0,26.895,23.099998,22.796217,10.000051498413086,22.309219360351562,10.0000515,22.30922
22.0,24.0,13.035,21.900002,22.800308,10.00004768371582,22.423133850097656,10.000048,22.423134
22.0,24.0,17.908625,20.599998,22.788685,10.000048637390137,22.503782272338867,10.000049,22.503782
15.0,28.0,0.0,20.2,22.761637,10.000043869018555,22.613414764404297,10.000044,22.613415
15.0,28.0,0.0,19.899998,22.762104,10.000044822692871,22.661474227905273,10.000045,22.661474
15.0,28.0,0.0,19.5,22.72994,10.000042915344238,22.734987258911133,10.000043,22.734987
15.0,28.0,0.0,19.099998,22.721203,10.000043869018555,22.76125144958496,10.000044,22.761251
15.0,28.0,0.0,18.800003,22.661606,10.000042915344238,22.828752517700195,10.000043,22.828753
15.0,28.0,0.0,18.400002,22.60638,10.000043869018555,22.846179962158203,10.000044,22.84618
15.0,28.0,0.0,18.099998,22.545898,10.000041961669922,22.90719223022461,10.000042,22.907192
15.0,28.0,0.0,17.799995,22.495972,10.000061988830566,22.92331314086914,10.000062,22.923313
15.0,28.0,0.0,17.5,22.441616,10.00006103515625,22.99365234375,10.000061,22.993652
15.0,28.0,0.0,17.3,22.399885,10.000052452087402,22.991893768310547,10.000052,22.991894
15.0,28.0,0.0,17.099998,22.349377,10.000051498413086,23.0534725189209,10.0000515,23.053473
15.0,28.0,0.0,17.0,22.313042,10.000044822692871,23.05480194091797,10.000045,23.054802
15.0,28.0,0.0,16.8,22.269684,10.000044822692871,23.108322143554688,10.000045,23.108322
15.0,28.0,0.0,16.7,22.238033,10.000039100646973,23.116113662719727,10.000039,23.116114
15.0,28.0,0.0,16.599998,22.201923,10.000039100646973,23.160259246826172,10.000039,23.16026
15.0,28.0,0.0,16.5,22.174583,10.00003433227539,23.175037384033203,10.000034,23.175037
15.0,28.0,0.0,16.5,22.145649,10.00003433227539,23.21002197265625,10.000034,23.210022
15.0,28.0,0.0,16.5,22.123198,10.000030517578125,23.229394912719727,10.0000305,23.229395
15.0,28.0,2.1628947,17.399998,22.107874,10.000030517578125,23.234363555908203,10.0000305,23.234364
15.0,28.0,14.589822,18.3,22.104448,10.000029563903809,23.222335815429688,10.00003,23.222336
22.0,24.0,42.36108,19.2,22.115555,10.000032424926758,23.184280395507812,10.000032,23.18428
22.0,24.0,83.08758,20.0,22.140354,10.00003433227539,23.132387161254883,10.000034,23.132387
22.0,24.0,85.45943,21.399998,22.168747,10.00003433227539,23.06942367553711,10.000034,23.069424
22.0,24.0,182.10194,22.7,22.471577,15.49993896484375,23.000804901123047,15.499939,23.000805
22.0,24.0,195.63922,24.099998,22.838013,15.499942779541016,22.74343490600586,15.499943,22.743435
22.0,24.0,318.4676,25.599998,22.940891,15.499961853027344,22.39583969116211,15.499962,22.39584
22.0,24.0,316.23788,26.400002,22.925419,15.499961853027344,22.257781982421875,15.499962,22.257782
22.0,24.0,494.7528,27.099998,23.037497,15.499977111816406,21.87966537475586,15.499977,21.879665
22.0,24.0,517.504,27.5,23.026196,15.499979019165039,21.724084854125977,15.499979,21.724085
22.0,24.0,623.44037,28.0,23.117592,15.499984741210938,21.390085220336914,15.499985,21.390085
22.0,24.0,652.257,28.300003,23.118584,15.49998664855957,21.240955352783203,15.499987,21.240955
22.0,24.0,720.75244,28.599998,23.193584,15.499988555908203,20.951143264770508,15.499989,20.951143
22.0,24.0,730.5127,28.800003,23.231201,15.499988555908203,20.817943572998047,15.499989,20.817944
22.0,24.0,700.9075,29.0,23.313393,15.499988555908203,20.57563591003418,15.499989,20.575636
22.0,24.0,679.511,29.099998,23.381071,15.499987602233887,20.474876403808594,15.499988,20.474876
22.0,24.0,663.111,29.099998,23.453936,15.49998664855957,20.27076530456543,15.499987,20.270765
22.0,24.0,630.6267,28.900002,23.505808,15.499985694885254,20.209476470947266,15.499986,20.209476
22.0,24.0,507.5733,28.699997,23.516127,15.499978065490723,20.068490982055664,15.499978,20.068491
22.0,24.0,444.6991,28.300003,23.505089,15.49997329711914,20.07512664794922,15.499973,20.075127
22.0,24.0,278.60315,27.900002,23.445465,15.499950408935547,20.0146541595459,15.49995,20.014654
22.0,24.0,286.95633,27.399994,23.39944,15.499951362609863,20.0656681060791,15.499951,20.065668
22.0,24.0,124.72742,26.900002,23.302082,15.499902725219727,20.05821990966797,15.499903,20.05822
22.0,24.0,175.61946,26.199997,23.235355,15.499917984008789,20.131717681884766,15.499918,20.131718
22.0,24.0,87.3068,25.5,22.90194,10.000065803527832,21.965715408325195,10.000066,21.965715
22.0,24.0,97.32997,25.5,22.801971,10.0000638961792,22.05878257751465,10.000064,22.058783
22.0,24.0,18.072458,24.099998,22.780476,10.000051498413086,22.267807006835938,10.0000515,22.267807
22.0,24.0,23.850431,23.600002,22.828945,10.00005054473877,22.33408546447754,10.000051,22.334085
22.0,24.0,10.809275,23.2,22.791822,10.000049591064453,22.4269962310791,10.00005,22.426996
15.0,28.0,0.0,22.900002,22.786285,10.000045776367188,22.51180076599121,10.000046,22.5118
15.0,28.0,0.0,22.600002,22.779179,10.000046730041504,22.554115295410156,10.000047,22.554115
15.0,28.0,0.0,22.399998,22.75419,10.000045776367188,22.615345001220703,10.000046,22.615345
15.0,28.0,0.0,22.200005,22.747274,10.000046730041504,22.632400512695312,10.000047,22.6324
15.0,28.0,0.0,22.099998,22.717812,10.000045776367188,22.682113647460938,10.000046,22.682114
15.0,28.0,0.0,22.0,22.714094,10.00004768371582,22.676982879638672,10.000048,22.676983
15.0,28.0,0.0,22.0,22.680147,10.000045776367188,22.717147827148438,10.000046,22.717148
15.0,28.0,0.0,21.900002,22.662067,10.0000638961792,22.62875747680664,10.000064,22.628757
15.0,28.0,0.0,21.8,22.60655,10.000062942504883,22.68177604675293,10.000063,22.681776
15.0,28.0,0.0,21.8,22.582827,10.000055313110352,22.6541690826416,10.000055,22.65417
15.0,28.0,0.0,21.7,22.54613,10.000054359436035,22.695690155029297,10.000054,22.69569
15.0,28.0,0.0,21.7,22.523474,10.00004768371582,22.67618751525879,10.000048,22.676188
15.0,28.0,0.0,21.7,22.493505,10.00004768371582,22.709077835083008,10.000048,22.709078
15.0,28.0,0.0,21.599998,22.47404,10.000042915344238,22.7000732421875,10.000043,22.700073
15.0,28.0,0.0,21.5,22.449127,10.000041961669922,22.73014259338379,10.000042,22.730143
15.0,28.0,0.0,21.300003,22.43133,10.000038146972656,22.734689712524414,10.000038,22.73469
15.0,28.0,0.0,21.0,22.409086,10.000038146972656,22.76677703857422,10.000038,22.766777
15.0,28.0,0.0,20.8,22.391565,10.00003433227539,22.785476684570312,10.000034,22.785477
15.0,28.0,1.154148,20.900002,22.37479,10.00003433227539,22.80605697631836,10.000034,22.806057
15.0,28.0,10.738877,21.0,22.36443,10.000032424926758,22.819538116455078,10.000032,22.819538
22.0,24.0,41.198082,21.599998,22.368307,10.000035285949707,22.794925689697266,10.000035,22.794926
22.0,24.0,82.02745,22.200005,22.382729,10.000038146972656,22.75889778137207,10.000038,22.758898
22.0,24.0,108.89547,23.099998,22.406757,10.000041007995605,22.697948455810547,10.000041,22.697948
22.0,24.0,171.99156,24.099998,22.687042,15.499940872192383,22.64882469177246,15.499941,22.648825
22.0,24.0,123.238075,25.100006,22.977102,15.499930381774902,22.471487045288086,15.49993,22.471487
22.0,24.0,321.8903,26.099998,23.019766,15.499963760375977,22.150592803955078,15.499964,22.150593
22.0,24.0,319.1241,26.900002,22.99715,15.499963760375977,22.03473472595215,15.499964,22.034735
22.0,24.0,496.4784,27.699997,23.099457,15.499979019165039,21.679384231567383,15.499979,21.679384
22.0,24.0,516.8374,28.099998,23.080772,15.499980926513672,21.544029235839844,15.499981,21.54403
22.0,24.0,637.59015,28.599998,23.170425,15.499985694885254,21.22403335571289,15.499986,21.224033
22.0,24.0,585.3041,28.599998,23.141727,15.499984741210938,21.131669998168945,15.499985,21.13167
22.0,24.0,442.82443,28.599998,23.152939,15.49997615814209,20.954771041870117,15.499976,20.954771
22.0,24.0,236.37209,28.300003,23.096943,15.499954223632812,20.995052337646484,15.499954,20.995052
22.0,24.0,368.65494,28.0,23.15128,15.499968528747559,20.802284240722656,15.499969,20.802284
22.0,24.0,569.47925,27.5,23.208357,15.499982833862305,20.719322204589844,15.499983,20.719322
22.0,24.0,585.4349,26.900002,23.25876,15.499982833862305,20.532621383666992,15.499983,20.532621
22.0,24.0,409.80737,26.300003,23.230984,15.499971389770508,20.54671287536621,15.499971,20.546713
22.0,24.0,344.55237,25.599998,23.210205,15.49996280670166,20.448837280273438,15.499963,20.448837
22.0,24.0,413.73093,25.100006,23.203852,15.499969482421875,20.461162567138672,15.4999695,20.461163
22.0,24.0,290.66577,24.599998,23.155838,15.499950408935547,20.38734245300293,15.49995,20.387342
22.0,24.0,276.57025,24.299995,23.106096,15.499947547912598,20.443017959594727,15.499948,20.443018
22.0,24.0,165.49544,24.099998,23.035017,15.49991226196289,20.399127960205078,15.499912,20.399128
22.0,24.0,158.78868,23.800003,22.966198,15.499908447265625,20.479284286499023,15.499908,20.479284
22.0,24.0,91.53341,23.5,22.664394,10.000057220458984,22.27029800415039,10.000057,22.270298
22.0,24.0,49.78132,23.5,22.809414,10.00005054473877,22.353633880615234,10.000051,22.353634
22.0,24.0,24.255,22.5,22.76973,10.00004768371582,22.47510528564453,10.000048,22.475105
22.0,24.0,11.715,22.0,22.781097,10.000043869018555,22.5585994720459,10.000044,22.5586
22.0,24.0,15.8998995,21.599998,22.77224,10.000045776367188,22.60702896118164,10.000046,22.607029
15.0,28.0,0.0,21.399998,22.747318,10.000041961669922,22.688688278198242,10.000042,22.688688
15.0,28.0,0.0,21.100002,22.749735,10.000042915344238,22.716154098510742,10.000043,22.716154
15.0,28.0,0.0,21.0,22.72307,10.000041961669922,22.767227172851562,10.000042,22.767227
15.0,28.0,0.0,20.8,22.696775,10.000042915344238,22.778961181640625,10.000043,22.778961
15.0,28.0,0.0,20.7,22.650545,10.000041961669922,22.82605743408203,10.000042,22.826057
15.0,28.0,0.0,20.599998,22.6132,10.000043869018555,22.822120666503906,10.000044,22.82212
15.0,28.0,0.0,20.400002,22.569942,10.000042915344238,22.86366081237793,10.000043,22.86366
15.0,28.0,0.0,20.299995,22.537071,10.000061988830566,22.825420379638672,10.000062,22.82542
15.0,28.0,0.0,20.100002,22.49261,10.00006103515625,22.875438690185547,10.000061,22.875439
15.0,28.0,0.0,20.0,22.465155,10.000053405761719,22.852210998535156,10.000053,22.852211
15.0,28.0,0.0,19.8,22.427364,10.000052452087402,22.896678924560547,10.000052,22.896679
15.0,28.0,0.0,19.700005,22.402771,10.000045776367188,22.881973266601562,10.000046,22.881973
15.0,28.0,0.0,19.599998,22.370485,10.000045776367188,22.919479370117188,10.000046,22.91948
15.0,28.0,0.0,19.5,22.348736,10.000040054321289,22.913833618164062,10.00004,22.913834
15.0,28.0,0.0,19.400002,22.321638,10.000040054321289,22.946483612060547,10.00004,22.946484
15.0,28.0,0.0,19.400002,22.303143,10.000036239624023,22.948495864868164,10.000036,22.948496
15.0,28.0,0.0,19.400002,22.281986,10.000035285949707,22.973526000976562,10.000035,22.973526
15.0,28.0,0.0,19.400002,22.266745,10.000032424926758,22.98450469970703,10.000032,22.984505
15.0,28.0,1.1116909,19.5,22.252281,10.000032424926758,23.000932693481445,10.000032,23.000933
15.0,28.0,10.745749,19.700005,22.245148,10.000030517578125,23.007686614990234,10.0000305,23.007687
22.0,24.0,24.690952,20.100002,22.24475,10.000032424926758,22.99747085571289,10.000032,22.99747
22.0,24.0,61.403957,20.5,22.25674,10.000033378601074,22.972875595092773,10.000033,22.972876
22.0,24.0,65.94662,21.100002,22.268766,10.00003433227539,22.943931579589844,10.000034,22.943932
22.0,24.0,46.175568,21.7,22.512085,15.499908447265625,22.98367691040039,15.499908,22.983677
22.0,24.0,140.96234,22.5,22.868408,15.499933242797852,22.7471923828125,15.499933,22.747192
22.0,24.0,238.04796,23.400002,22.926516,15.499951362609863,22.475622177124023,15.499951,22.475622
22.0,24.0,275.25803,24.0,22.918724,15.499958038330078,22.356372833251953,15.499958,22.356373
22.0,24.0,250.27443,24.700005,22.951504,15.499954223632812,22.131378173828125,15.499954,22.131378
22.0,24.0,339.08286,25.100006,22.965511,15.49996566772461,21.995899200439453,15.499966,21.9959
22.0,24.0,357.45102,25.599998,23.001083,15.499967575073242,21.74599266052246,15.499968,21.745993
22.0,24.0,272.33426,26.0,22.957815,15.499958038330078,21.70502471923828,15.499958,21.705025
22.0,24.0,605.8867,26.300003,23.096855,15.499983787536621,21.328359603881836,15.499984,21.32836
22.0,24.0,465.6886,26.400002,23.013577,15.499977111816406,21.289199829101562,15.499977,21.2892
22.0,24.0,402.2534,26.5,23.0508,15.499970436096191,21.08538818359375,15.49997,21.085388
22.0,24.0,326.70966,26.400002,22.997337,15.499963760375977,21.08124542236328,15.499964,21.081245
22.0,24.0,243.30945,26.400002,22.999092,15.499947547912598,20.937244415283203,15.499948,20.937244
22.0,24.0,366.0116,26.099998,22.988018,15.49996566772461,20.905841827392578,15.499966,20.905842
22.0,24.0,446.74655,25.900002,23.03351,15.499971389770508,20.708660125732422,15.499971,20.70866
22.0,24.0,469.16147,25.599998,23.03695,15.49997329711914,20.67638397216797,15.499973,20.676384
22.0,24.0,277.58862,25.299995,23.000744,15.499944686889648,20.57187271118164,15.499945,20.571873
22.0,24.0,287.10938,25.100006,22.976746,15.499946594238281,20.59299659729004,15.499947,20.592997
22.0,24.0,115.89138,24.800003,22.90876,15.499889373779297,20.546268463134766,15.499889,20.546268
22.0,24.0,117.14684,24.5,22.853146,15.49988842010498,20.613901138305664,15.499888,20.613901
22.0,24.0,45.703712,24.099998,22.577713,10.00004768371582,22.438146591186523,10.000048,22.438147
22.0,24.0,96.8229,24.099998,22.859692,10.000055313110352,22.349103927612305,10.000055,22.349104
22.0,24.0,23.595,22.799995,22.71017,10.000045776367188,22.545013427734375,10.000046,22.545013
22.0,24.0,35.631912,22.200005,22.792397,10.000045776367188,22.569847106933594,10.000046,22.569847
22.0,24.0,11.68428,21.599998,22.742373,10.000043869018555,22.656356811523438,10.000044,22.656357
15.0,28.0,0.0,21.199997,22.748045,10.000041007995605,22.723543167114258,10.000041,22.723543
15.0,28.0,0.0,20.900002,22.740871,10.000042915344238,22.749664306640625,10.000043,22.749664
15.0,28.0,0.0,20.599998,22.70953,10.000041007995605,22.801902770996094,10.000041,22.801903
15.0,28.0,0.0,20.299995,22.665638,10.000042915344238,22.817855834960938,10.000043,22.817856
15.0,28.0,0.0,20.100002,22.61776,10.000041007995605,22.867080688476562,10.000041,22.86708
15.0,28.0,0.0,19.899998,22.578428,10.000042915344238,22.865310668945312,10.000043,22.86531
15.0,28.0,0.0,19.899998,22.534494,10.000041961669922,22.906021118164062,10.000042,22.906021
15.0,28.0,0.0,19.899998,22.501753,10.00006103515625,22.87958526611328,10.000061,22.879585
15.0,28.0,0.0,19.8,22.460636,10.000060081481934,22.92538833618164,10.00006,22.925388
15.0,28.0,0.0,19.8,22.434738,10.000052452087402,22.898345947265625,10.000052,22.898346
15.0,28.0,0.0,19.8,22.399837,10.000051498413086,22.935279846191406,10.0000515,22.93528
15.0,28.0,0.0,19.899998,22.379005,10.000045776367188,22.911869049072266,10.000046,22.91187
15.0,28.0,0.0,19.899998,22.350952,10.000044822692871,22.941375732421875,10.000045,22.941376
15.0,28.0,0.0,20.0,22.334566,10.000040054321289,22.925094604492188,10.00004,22.925095
15.0,28.0,0.0,19.899998,22.312225,10.000040054321289,22.950626373291016,10.00004,22.950626
15.0,28.0,0.0,19.8,22.297718,10.000036239624023,22.948747634887695,10.000036,22.948748
15.0,28.0,0.0,19.700005,22.279634,10.000035285949707,22.97128677368164,10.000035,22.971287
15.0,28.0,0.0,19.5,22.265717,10.000032424926758,22.983718872070312,10.000032,22.983719
15.0,28.0,1.1073661,19.8,22.253857,10.000032424926758,22.994102478027344,10.000032,22.994102
15.0,28.0,11.697165,20.100002,22.249348,10.000030517578125,22.995107650756836,10.0000305,22.995108
22.0,24.0,6.8711405,20.5,22.245035,10.000030517578125,22.995786666870117,10.0000305,22.995787
22.0,24.0,12.833678,21.0,22.247866,10.000028610229492,22.997303009033203,10.000029,22.997303
22.0,24.0,54.88176,21.599998,22.26997,10.000033378601074,22.942869186401367,10.000033,22.94287
22.0,24.0,120.32036,22.200005,22.54042,15.499927520751953,22.922073364257812,15.4999275,22.922073
22.0,24.0,123.89201,22.799995,22.87563,15.499929428100586,22.726512908935547,15.499929,22.726513
22.0,24.0,123.936516,23.400002,22.89736,15.499929428100586,22.52922821044922,15.499929,22.529228
22.0,24.0,143.85335,23.899998,22.88981,15.499935150146484,22.4472599029541,15.499935,22.44726
22.0,24.0,90.79851,24.5,22.903149,15.499919891357422,22.267845153808594,15.49992,22.267845
22.0,24.0,214.37785,24.800003,22.9192,15.499948501586914,22.147947311401367,15.4999485,22.147947
22.0,24.0,458.60892,25.100006,23.01174,15.499975204467773,21.79633331298828,15.499975,21.796333
22.0,24.0,415.64972,25.199997,22.963394,15.49997329711914,21.72088050842285,15.499973,21.72088
22.0,24.0,413.07013,25.299995,23.014908,15.499972343444824,21.480899810791016,15.499972,21.4809
22.0,24.0,360.39407,25.400002,22.975368,15.499967575073242,21.438495635986328,15.499968,21.438496
22.0,24.0,407.50787,25.5,23.024239,15.499971389770508,21.208049774169922,15.499971,21.20805
22.0,24.0,510.75592,25.700005,23.019058,15.499979019165039,21.118083953857422,15.499979,21.118084
22.0,24.0,599.9325,26.0,23.075443,15.499982833862305,20.86543846130371,15.499983,20.865438
22.0,24.0,600.3235,26.099998,23.07938,15.499982833862305,20.787702560424805,15.499983,20.787703
22.0,24.0,288.52087,26.300003,23.034449,15.49995231628418,20.669322967529297,15.499952,20.669323
22.0,24.0,384.25253,26.199997,23.050032,15.49996566772461,20.64258575439453,15.499966,20.642586
22.0,24.0,287.8466,26.099998,23.0287,15.499946594238281,20.522180557250977,15.499947,20.52218
22.0,24.0,285.0684,25.599998,23.002789,15.499946594238281,20.548946380615234,15.499947,20.548946
22.0,24.0,144.36652,25.100006,22.94341,15.499900817871094,20.494232177734375,15.499901,20.494232
22.0,24.0,151.02023,24.299995,22.889423,15.499902725219727,20.566471099853516,15.499903,20.566471
22.0,24.0,96.46254,23.5,22.61426,10.000056266784668,22.33917236328125,10.000056,22.339172
22.0,24.0,92.42512,23.5,22.820518,10.000055313110352,22.345321655273438,10.000055,22.345322
22.0,24.0,23.723604,22.099998,22.727327,10.000045776367188,22.530729293823242,10.000046,22.53073
22.0,24.0,15.217719,21.599998,22.78447,10.000043869018555,22.594852447509766,10.000044,22.594852
22.0,24.0,4.250721,21.100002,22.75607,10.000042915344238,22.66585922241211,10.000043,22.66586
15.0,28.0,0.0,20.599998,22.747166,10.000041007995605,22.73293685913086,10.000041,22.732937
15.0,28.0,0.0,20.2,22.737885,10.000041961669922,22.764291763305664,10.000042,22.764292
15.0,28.0,0.0,19.8,22.69564,10.000041007995605,22.824359893798828,10.000041,22.82436
15.0,28.0,0.0,19.400002,22.646238,10.000041961669922,22.846586227416992,10.000042,22.846586
15.0,28.0,0.0,19.0,22.591906,10.000041007995605,22.90421485900879,10.000041,22.904215
15.0,28.0,0.0,18.5,22.544682,10.000041961669922,22.91238021850586,10.000042,22.91238
15.0,28.0,0.0,18.2,22.491213,10.000041007995605,22.96530532836914,10.000041,22.965305
15.0,28.0,0.0,17.799995,22.446938,10.00006103515625,22.98805809020996,10.000061,22.988058
15.0,28.0,0.0,17.399998,22.399204,10.000060081481934,23.0529727935791,10.00006,23.052973
15.0,28.0,0.0,16.900002,22.359318,10.000051498413086,23.053855895996094,10.0000515,23.053856
15.0,28.0,0.0,16.7,22.31083,10.00005054473877,23.11307716369629,10.000051,23.113077
15.0,28.0,0.0,16.5,22.274849,10.000044822692871,23.115509033203125,10.000045,23.115509
15.0,28.0,0.0,16.399998,22.23272,10.000043869018555,23.165706634521484,10.000044,23.165707
15.0,28.0,0.0,16.300003,22.201715,10.000039100646973,23.172306060791016,10.000039,23.172306
15.0,28.0,0.0,16.399998,22.167799,10.000038146972656,23.21014976501465,10.000038,23.21015
15.0,28.0,0.0,16.399998,22.142752,10.00003433227539,23.219745635986328,10.000034,23.219746
15.0,28.0,0.0,16.5,22.116865,10.000033378601074,23.24871253967285,10.000033,23.248713
15.0,28.0,0.0,16.599998,22.097857,10.000030517578125,23.26166534423828,10.0000305,23.261665
15.0,28.0,0.0,17.5,22.084974,10.000030517578125,23.263525009155273,10.0000305,23.263525
15.0,28.0,17.376486,18.5,22.086689,10.000029563903809,23.24222183227539,10.00003,23.242222
22.0,24.0,21.962502,19.2,22.092037,10.000029563903809,23.22067642211914,10.00003,23.220676
22.0,24.0,24.547016,20.0,22.10405,10.000027656555176,23.203258514404297,10.000028,23.203259
22.0,24.0,30.32567,20.8,22.124584,10.000028610229492,23.16269302368164,10.000029,23.162693
22.0,24.0,78.67295,21.599998,22.397696,15.499914169311523,23.150739669799805,15.499914,23.15074
22.0,24.0,191.2389,22.3,22.774622,15.4999418258667,22.88283920288086,15.499942,22.88284
22.0,24.0,313.45822,22.900002,22.887333,15.499960899353027,22.566879272460938,15.499961,22.56688
22.0,24.0,330.6577,23.400002,22.89365,15.499963760375977,22.43283462524414,15.499964,22.432835
22.0,24.0,401.362,23.800003,22.963535,15.499971389770508,22.141868591308594,15.499971,22.141869
22.0,24.0,377.80484,24.099998,22.94476,15.499969482421875,22.045150756835938,15.4999695,22.04515
22.0,24.0,481.74716,24.5,23.025566,15.499977111816406,21.74187469482422,15.499977,21.741875
22.0,24.0,580.7508,24.700005,23.0317,15.499983787536621,21.590900421142578,15.499984,21.5909
22.0,24.0,627.52734,24.899994,23.08741,15.499985694885254,21.317380905151367,15.499986,21.31738
22.0,24.0,482.65475,25.100006,23.035023,15.499979019165039,21.278703689575195,15.499979,21.278704
22.0,24.0,425.05286,25.299995,23.063347,15.49997329711914,21.084840774536133,15.499973,21.08484
22.0,24.0,297.33862,25.299995,22.99311,15.499959945678711,21.108013153076172,15.49996,21.108013
22.0,24.0,231.98077,25.299995,22.997158,15.499946594238281,20.97268295288086,15.499947,20.972683
22.0,24.0,171.09221,25.199997,22.927704,15.499933242797852,21.024736404418945,15.499933,21.024736
22.0,24.0,145.09769,25.100006,22.92754,15.499918937683105,20.90635108947754,15.499919,20.906351
22.0,24.0,134.47958,24.899994,22.862839,15.49991512298584,20.959728240966797,15.499915,20.959728
22.0,24.0,223.89612,24.700005,22.88975,15.499931335449219,20.801027297973633,15.499931,20.801027
22.0,24.0,268.22433,24.599998,22.840961,15.499940872192383,20.81241798400879,15.499941,20.812418
22.0,24.0,139.32713,24.5,22.810665,15.499893188476562,20.719865798950195,15.499893,20.719866
22.0,24.0,130.03964,24.099998,22.75461,15.499889373779297,20.776697158813477,15.499889,20.776697
22.0,24.0,49.995,23.800003,22.532104,10.000045776367188,22.55445098876953,10.000046,22.554451
22.0,24.0,72.79324,23.800003,22.839424,10.000049591064453,22.48514175415039,10.00005,22.485142
22.0,24.0,11.055,22.399998,22.707054,10.000041961669922,22.652339935302734,10.000042,22.65234
22.0,24.0,15.196183,21.7,22.774456,10.000041961669922,22.685588836669922,10.000042,22.685589
22.0,24.0,4.238291,21.0,22.737543,10.000041007995605,22.747365951538086,10.000041,22.747366
15.0,28.0,0.0,20.7,22.734058,10.000040054321289,22.80042266845703,10.00004,22.800423
15.0,28.0,0.0,20.5,22.69183,10.000041007995605,22.82707405090332,10.000041,22.827074
15.0,28.0,0.0,20.2,22.644855,10.000040054321289,22.878515243530273,10.00004,22.878515
15.0,28.0,0.0,19.899998,22.604164,10.000041007995605,22.889238357543945,10.000041,22.889238
15.0,28.0,0.0,19.8,22.559887,10.000040054321289,22.933216094970703,10.00004,22.933216
15.0,28.0,0.0,19.599998,22.52397,10.000041007995605,22.926576614379883,10.000041,22.926577
15.0,28.0,0.0,19.5,22.4824,10.000040054321289,22.964988708496094,10.00004,22.964989
15.0,28.0,0.0,19.3,22.450512,10.000060081481934,22.957679748535156,10.00006,22.95768
15.0,28.0,0.0,19.099998,22.412743,10.000059127807617,23.00366973876953,10.000059,23.00367
15.0,28.0,0.0,18.899998,22.385542,10.000051498413086,22.982114791870117,10.0000515,22.982115
15.0,28.0,0.0,18.699997,22.348362,10.00005054473877,23.025583267211914,10.000051,23.025583
15.0,28.0,0.0,18.400002,22.322567,10.000044822692871,23.015880584716797,10.000045,23.01588
15.0,28.0,0.0,18.0,22.287647,10.000044822692871,23.061731338500977,10.000045,23.061731
15.0,28.0,0.0,17.7,22.262074,10.000039100646973,23.065048217773438,10.000039,23.065048
15.0,28.0,0.0,17.5,22.230602,10.000039100646973,23.105195999145508,10.000039,23.105196
15.0,28.0,0.0,17.3,22.206474,10.000035285949707,23.117658615112305,10.000035,23.117659
15.0,28.0,0.0,17.099998,22.179018,10.00003433227539,23.154190063476562,10.000034,23.15419
15.0,28.0,0.0,17.0,22.157295,10.000031471252441,23.174884796142578,10.000031,23.174885
15.0,28.0,0.0,18.0,22.142292,10.000030517578125,23.178756713867188,10.0000305,23.178757
15.0,28.0,21.944792,19.0,22.143078,10.000030517578125,23.15714454650879,10.0000305,23.157145
22.0,24.0,14.520001,20.0,22.144806,10.000029563903809,23.139034271240234,10.00003,23.139034
22.0,24.0,112.63916,21.0,22.189592,10.000038146972656,23.04071807861328,10.000038,23.040718
22.0,24.0,88.689415,22.099998,22.210737,10.000035285949707,22.995555877685547,10.000035,22.995556
22.0,24.0,185.08624,23.3,22.516802,15.499940872192383,22.921398162841797,15.499941,22.921398
22.0,24.0,132.1176,24.199997,22.856804,15.499929428100586,22.719940185546875,15.499929,22.71994
22.0,24.0,331.8427,25.100006,22.961115,15.499963760375977,22.363330841064453,15.499964,22.36333
22.0,24.0,333.69058,25.800003,22.937853,15.499964714050293,22.233715057373047,15.499965,22.233715
22.0,24.0,505.98767,26.5,23.047182,15.499979019165039,21.86493682861328,15.499979,21.864937
22.0,24.0,530.8288,27.0,23.035793,15.499980926513672,21.71110725402832,15.499981,21.711107
22.0,24.0,651.62085,27.600006,23.12977,15.49998664855957,21.37238311767578,15.499987,21.372383
22.0,24.0,676.0614,28.0,23.128695,15.499987602233887,21.222946166992188,15.499988,21.222946
22.0,24.0,738.7071,28.400002,23.202972,15.499988555908203,20.934402465820312,15.499989,20.934402
22.0,24.0,750.57776,28.800003,23.248894,15.499990463256836,20.79369354248047,15.49999,20.793694
22.0,24.0,743.20746,29.099998,23.344276,15.49998950958252,20.541189193725586,15.4999895,20.54119
22.0,24.0,737.1413,29.299995,23.42458,15.49998950958252,20.426652908325195,15.4999895,20.426653
22.0,24.0,659.5745,29.5,23.492878,15.49998664855957,20.221904754638672,15.499987,20.221905
22.0,24.0,630.67584,29.5,23.54575,15.499985694885254,20.157291412353516,15.499986,20.157291
22.0,24.0,535.97034,29.5,23.568295,15.499979019165039,20.00605583190918,15.499979,20.006056
22.0,24.0,495.92563,29.5,23.579062,15.499977111816406,19.987545013427734,15.499977,19.987545
22.0,24.0,344.4848,29.400002,23.54271,15.499959945678711,19.89846420288086,15.49996,19.898464
22.0,24.0,286.16827,29.099998,23.496431,15.499951362609863,19.94267463684082,15.499951,19.942675
22.0,24.0,146.29623,28.800003,23.410538,15.499910354614258,19.91927719116211,15.49991,19.919277
22.0,24.0,106.55173,28.200005,23.324646,15.499895095825195,20.01209831237793,15.499895,20.012098
22.0,24.0,54.285,27.699997,22.994486,10.0000638961792,21.877391815185547,10.000064,21.877392
22.0,24.0,43.812553,27.699997,22.803604,10.0000581741333,22.02300453186035,10.000058,22.023005
22.0,24.0,23.76,25.0,22.82891,10.000055313110352,22.162086486816406,10.000055,22.162086
22.0,24.0,10.725,24.099998,22.823038,10.00005054473877,22.276979446411133,10.000051,22.27698
22.0,24.0,11.736324,23.2,22.814457,10.00005054473877,22.359899520874023,10.000051,22.3599
15.0,28.0,0.0,22.900002,22.792377,10.00004768371582,22.458269119262695,10.000048,22.45827
15.0,28.0,0.0,22.5,22.788395,10.00004768371582,22.508895874023438,10.000048,22.508896
15.0,28.0,0.0,22.3,22.761711,10.000046730041504,22.57734489440918,10.000047,22.577345
15.0,28.0,0.0,22.099998,22.753912,10.00004768371582,22.600669860839844,10.000048,22.60067
15.0,28.0,0.0,22.099998,22.724205,10.000045776367188,22.654125213623047,10.000046,22.654125
15.0,28.0,0.0,22.0,22.719324,10.00004768371582,22.653057098388672,10.000048,22.653057
15.0,28.0,0.0,22.099998,22.685556,10.000046730041504,22.69504165649414,10.000047,22.695042
15.0,28.0,0.0,22.200005,22.683805,10.000064849853516,22.593814849853516,10.000065,22.593815
15.0,28.0,0.0,22.0,22.600506,10.0000638961792,22.659727096557617,10.000064,22.659727
15.0,28.0,0.0,21.8,22.600151,10.000055313110352,22.629331588745117,10.000055,22.629332
15.0,28.0,0.0,21.399998,22.559864,10.000055313110352,22.681015014648438,10.000055,22.681015
15.0,28.0,0.0,21.0,22.531567,10.000048637390137,22.676410675048828,10.000049,22.67641
15.0,28.0,0.0,20.7,22.494473,10.00004768371582,22.72509765625,10.000048,22.725098
15.0,28.0,0.0,20.299995,22.466244,10.000042915344238,22.733657836914062,10.000043,22.733658
15.0,28.0,0.0,20.0,22.431913,10.000041961669922,22.780803680419922,10.000042,22.780804
15.0,28.0,0.0,19.700005,22.404709,10.000038146972656,22.800264358520508,10.000038,22.800264
15.0,28.0,0.0,19.400002,22.373703,10.00003719329834,22.84477996826172,10.000037,22.84478
15.0,28.0,0.0,19.099998,22.347502,10.00003433227539,22.876548767089844,10.000034,22.876549
15.0,28.0,0.0,20.0,22.327969,10.000033378601074,22.889450073242188,10.000033,22.88945
15.0,28.0,26.306534,20.900002,22.325111,10.000033378601074,22.873266220092773,10.000033,22.873266
22.0,24.0,15.675,21.8,22.320768,10.000032424926758,22.866018295288086,10.000032,22.866018
22.0,24.0,105.73218,22.7,22.357649,10.000040054321289,22.77965545654297,10.00004,22.779655
22.0,24.0,55.545963,24.099998,22.36554,10.00003433227539,22.760238647460938,10.000034,22.760239
22.0,24.0,167.42569,25.5,22.671692,15.49993896484375,22.649959564208984,15.499939,22.64996
22.0,24.0,117.38913,26.199997,22.96814,15.499927520751953,22.464937210083008,15.4999275,22.464937
22.0,24.0,333.74902,27.0,23.020641,15.499963760375977,22.127124786376953,15.499964,22.127125
22.0,24.0,338.18045,27.5,23.000818,15.49996566772461,22.00438690185547,15.499966,22.004387
22.0,24.0,517.11597,27.900002,23.1054,15.499979019165039,21.651573181152344,15.499979,21.651573
22.0,24.0,543.25836,28.300003,23.092676,15.499981880187988,21.507911682128906,15.499982,21.507912
22.0,24.0,665.51263,28.699997,23.18266,15.49998664855957,21.188234329223633,15.499987,21.188234
22.0,24.0,691.7179,28.900002,23.180897,15.499988555908203,21.052730560302734,15.499989,21.05273
22.0,24.0,754.3675,29.199997,23.276535,15.499990463256836,20.77363395690918,15.49999,20.773634
22.0,24.0,764.8843,29.400002,23.356953,15.499990463256836,20.63577651977539,15.49999,20.635777
22.0,24.0,767.63525,29.700005,23.459661,15.499990463256836,20.392494201660156,15.49999,20.392494
22.0,24.0,747.5363,29.800003,23.5467,15.499990463256836,20.285648345947266,15.49999,20.285648
22.0,24.0,700.8202,29.899994,23.619963,15.499988555908203,20.089496612548828,15.499989,20.089497
22.0,24.0,664.61005,29.899994,23.67395,15.49998664855957,20.02660369873047,15.499987,20.026604
22.0,24.0,558.5843,29.899994,23.69292,15.499980926513672,19.883075714111328,15.499981,19.883076
22.0,24.0,502.667,29.700005,23.696842,15.499979019165039,19.87409019470215,15.499979,19.87409
22.0,24.0,351.65015,29.5,23.652803,15.499961853027344,19.796947479248047,15.499962,19.796947
22.0,24.0,290.18805,29.199997,23.598223,15.49995231628418,19.84703254699707,15.499952,19.847033
22.0,24.0,147.91429,28.900002,23.5038,15.49991226196289,19.832813262939453,15.499912,19.832813
22.0,24.0,105.503456,28.099998,23.409525,15.499897003173828,19.934850692749023,15.499897,19.93485
22.0,24.0,54.45,27.300003,23.062666,10.000066757202148,21.80618667602539,10.000067,21.806187
22.0,24.0,42.998425,27.300003,22.793282,10.000059127807617,21.984283447265625,10.000059,21.984283
22.0,24.0,20.625,24.899994,22.840494,10.000055313110352,22.12633514404297,10.000055,22.126335
22.0,24.0,10.725,24.299995,22.83049,10.000051498413086,22.239978790283203,10.0000515,22.239979
22.0,24.0,10.680675,23.600002,22.820211,10.000051498413086,22.32547378540039,10.0000515,22.325474
15.0,28.0,0.0,23.5,22.800133,10.000048637390137,22.420700073242188,10.000049,22.4207
15.0,28.0,0.0,23.400002,22.796238,10.000048637390137,22.467634201049805,10.000049,22.467634
15.0,28.0,0.0,23.099998,22.769026,10.00004768371582,22.535531997680664,10.000048,22.535532
15.0,28.0,0.0,22.7,22.761068,10.000048637390137,22.5610408782959,10.000049,22.56104
15.0,28.0,0.0,22.099998,22.729004,10.000046730041504,22.623281478881836,10.000047,22.623281
15.0,28.0,0.0,21.5,22.72272,10.000048637390137,22.633197784423828,10.000049,22.633198
15.0,28.0,0.0,20.8,22.684343,10.000046730041504,22.69304084777832,10.000047,22.69304
15.0,28.0,0.0,20.100002,22.678839,10.000065803527832,22.63494873046875,10.000066,22.634949
15.0,28.0,0.0,19.599998,22.605972,10.000064849853516,22.719667434692383,10.000065,22.719667
15.0,28.0,0.0,19.2,22.566988,10.000056266784668,22.723669052124023,10.000056,22.72367
15.0,28.0,0.0,18.800003,22.511774,10.000055313110352,22.796836853027344,10.000055,22.796837
15.0,28.0,0.0,18.5,22.47018,10.00004768371582,22.8090877532959,10.000048,22.809088
15.0,28.0,0.0,18.3,22.42169,10.00004768371582,22.871519088745117,10.000048,22.87152
15.0,28.0,0.0,18.2,22.3853,10.000041961669922,22.886188507080078,10.000042,22.886189
15.0,28.0,0.0,18.2,22.345423,10.000041007995605,22.935136795043945,10.000041,22.935137
15.0,28.0,0.0,18.3,22.316093,10.000036239624023,22.950124740600586,10.000036,22.950125
15.0,28.0,0.0,18.400002,22.2859,10.000036239624023,22.98587417602539,10.000036,22.985874
15.0,28.0,0.0,18.600002,22.264027,10.000032424926758,23.002517700195312,10.000032,23.002518
15.0,28.0,0.0,19.0,22.245129,10.000032424926758,23.02031707763672,10.000032,23.020317
15.0,28.0,20.077698,19.5,22.239826,10.000031471252441,23.016319274902344,10.000031,23.01632
22.0,24.0,35.112232,20.100002,22.24079,10.000033378601074,22.999488830566406,10.000033,22.999489
22.0,24.0,111.730064,20.7,22.269737,10.000039100646973,22.932527542114258,10.000039,22.932528
22.0,24.0,59.209503,21.599998,22.271023,10.000033378601074,22.931049346923828,10.000033,22.93105
22.0,24.0,173.05428,22.600002,22.568401,15.499939918518066,22.864471435546875,15.49994,22.864471
22.0,24.0,146.25194,23.600002,22.903332,15.499934196472168,22.661128997802734,15.499934,22.661129
22.0,24.0,331.62885,24.700005,22.973837,15.499963760375977,22.326217651367188,15.499964,22.326218
22.0,24.0,332.09595,25.400002,22.951939,15.499964714050293,22.20530128479004,15.499965,22.205301
22.0,24.0,442.02838,26.099998,23.037853,15.499975204467773,21.883108139038086,15.499975,21.883108
22.0,24.0,459.19293,26.599998,23.025368,15.49997615814209,21.7515869140625,15.499976,21.751587
22.0,24.0,536.5966,27.200005,23.098705,15.499980926513672,21.449323654174805,15.499981,21.449324
22.0,24.0,588.43787,27.600006,23.099548,15.499984741210938,21.30971908569336,15.499985,21.30972
22.0,24.0,583.1842,27.900002,23.143906,15.499983787536621,21.05948257446289,15.499984,21.059483
22.0,24.0,563.83777,28.099998,23.130997,15.499982833862305,20.973960876464844,15.499983,20.97396
22.0,24.0,590.8544,28.200005,23.202938,15.499983787536621,20.739112854003906,15.499984,20.739113
22.0,24.0,575.9709,28.300003,23.236767,15.499983787536621,20.660175323486328,15.499984,20.660175
22.0,24.0,560.43866,28.300003,23.29144,15.499981880187988,20.46245002746582,15.499982,20.46245
22.0,24.0,540.36926,28.200005,23.324879,15.499980926513672,20.41217803955078,15.499981,20.412178
22.0,24.0,475.04266,28.099998,23.341572,15.499975204467773,20.259605407714844,15.499975,20.259605
22.0,24.0,474.8622,27.900002,23.357616,15.499975204467773,20.24067497253418,15.499975,20.240675
22.0,24.0,296.30164,27.600006,23.313686,15.499951362609863,20.15640640258789,15.499951,20.156406
22.0,24.0,297.81848,27.099998,23.280325,15.499951362609863,20.195816040039062,15.499951,20.195816
22.0,24.0,109.13905,26.599998,23.186157,15.499893188476562,20.184423446655273,15.499893,20.184423
22.0,24.0,152.41759,25.800003,23.121292,15.499908447265625,20.260601043701172,15.499908,20.260601
22.0,24.0,42.405003,24.899994,22.786526,10.000054359436035,22.15393829345703,10.000054,22.153938
22.0,24.0,66.037476,24.899994,22.838318,10.000056266784668,22.187192916870117,10.000056,22.187193
22.0,24.0,20.460001,22.3,22.76697,10.000049591064453,22.37479019165039,10.00005,22.37479
22.0,24.0,9.24,21.300003,22.802305,10.000045776367188,22.475196838378906,10.000046,22.475197
22.0,24.0,8.36157,20.2,22.778902,10.000045776367188,22.561914443969727,10.000046,22.561914
15.0,28.0,0.0,19.8,22.760176,10.000042915344238,22.655437469482422,10.000043,22.655437
15.0,28.0,0.0,19.400002,22.75188,10.000043869018555,22.70389175415039,10.000044,22.703892
15.0,28.0,0.0,19.0,22.72216,10.000041961669922,22.77535629272461,10.000042,22.775356
15.0,28.0,0.0,18.600002,22.688217,10.000042915344238,22.805904388427734,10.000043,22.805904
15.0,28.0,0.0,18.3,22.624386,10.000041007995605,22.874073028564453,10.000041,22.874073
15.0,28.0,0.0,18.0,22.5696,10.000042915344238,22.889385223388672,10.000043,22.889385
15.0,28.0,0.0,17.7,22.509493,10.000041007995605,22.949493408203125,10.000041,22.949493
15.0,28.0,0.0,17.399998,22.460068,10.00006103515625,22.977754592895508,10.000061,22.977755
15.0,28.0,0.0,17.099998,22.40851,10.000060081481934,23.046157836914062,10.00006,23.046158
15.0,28.0,0.0,16.8,22.36657,10.000052452087402,23.046340942382812,10.000052,23.04634
15.0,28.0,0.0,16.5,22.31546,10.000051498413086,23.110218048095703,10.0000515,23.110218
15.0,28.0,0.0,16.199997,22.277082,10.000044822692871,23.11766242980957,10.000045,23.117662
15.0,28.0,0.0,16.0,22.232048,10.000043869018555,23.173551559448242,10.000044,23.173552
15.0,28.0,0.0,15.700001,22.197035,10.000039100646973,23.188758850097656,10.000039,23.188759
15.0,28.0,0.0,15.5,22.15758,10.000038146972656,23.238956451416016,10.000038,23.238956
15.0,28.0,0.0,15.300003,22.126223,10.00003433227539,23.260419845581055,10.000034,23.26042
15.0,28.0,0.0,15.100002,22.092281,10.000033378601074,23.30477523803711,10.000033,23.304775
15.0,28.0,0.0,14.899998,22.064035,10.000030517578125,23.334436416625977,10.0000305,23.334436
15.0,28.0,0.0,15.599998,22.041231,10.000029563903809,23.352664947509766,10.00003,23.352665
15.0,28.0,24.598425,16.399998,22.034859,10.000029563903809,23.343130111694336,10.00003,23.34313
22.0,24.0,15.675,17.399998,22.028822,10.000028610229492,23.335811614990234,10.000029,23.335812
22.0,24.0,106.28678,18.400002,22.06417,10.000035285949707,23.25607681274414,10.000035,23.256077
22.0,24.0,54.928696,19.8,22.071688,10.000030517578125,23.235557556152344,10.0000305,23.235558
22.0,24.0,168.70172,21.100002,22.376411,15.499935150146484,23.17418670654297,15.499935,23.174187
22.0,24.0,120.04722,21.8,22.713161,15.49992561340332,22.99022674560547,15.499926,22.990227
22.0,24.0,343.50394,22.600002,22.858261,15.499963760375977,22.61846160888672,15.499964,22.618462
22.0,24.0,349.93503,23.099998,22.880392,15.49996566772461,22.475866317749023,15.499966,22.475866
22.0,24.0,526.3777,23.699997,22.986864,15.499979019165039,22.10598373413086,15.499979,22.105984
22.0,24.0,553.50824,24.199997,22.979778,15.499981880187988,21.947160720825195,15.499982,21.94716
22.0,24.0,674.2679,24.700005,23.075193,15.49998664855957,21.60419464111328,15.499987,21.604195
22.0,24.0,700.1822,25.100006,23.075935,15.499988555908203,21.44965934753418,15.499989,21.44966
22.0,24.0,760.2,25.5,23.150562,15.49998950958252,21.15485191345215,15.4999895,21.154852
22.0,24.0,748.073,25.700005,23.144226,15.49998950958252,21.03907012939453,15.4999895,21.03907
22.0,24.0,719.28253,26.0,23.203249,15.499988555908203,20.800615310668945,15.499989,20.800615
22.0,24.0,710.6172,26.099998,23.24617,15.499988555908203,20.705524444580078,15.499989,20.705524
22.0,24.0,683.73517,26.300003,23.310688,15.49998664855957,20.494441986083984,15.499987,20.494442
22.0,24.0,643.32434,26.300003,23.34356,15.49998664855957,20.435462951660156,15.499987,20.435463
22.0,24.0,507.217,26.300003,23.348465,15.499977111816406,20.289472579956055,15.499977,20.289473
22.0,24.0,436.30453,26.099998,23.32983,15.499972343444824,20.299823760986328,15.499972,20.299824
22.0,24.0,301.27744,25.900002,23.27838,15.49995231628418,20.224180221557617,15.499952,20.22418
22.0,24.0,301.12772,25.599998,23.235395,15.49995231628418,20.271345138549805,15.499952,20.271345
22.0,24.0,141.12009,25.299995,23.144821,15.499905586242676,20.249540328979492,15.499906,20.24954
22.0,24.0,126.32327,24.599998,23.063051,15.499898910522461,20.349231719970703,15.499899,20.349232
22.0,24.0,53.13,24.0,22.737116,10.000054359436035,22.21222496032715,10.000054,22.212225
22.0,24.0,50.086433,24.0,22.83005,10.000052452087402,22.270008087158203,10.000052,22.270008
22.0,24.0,20.955,21.5,22.769047,10.000048637390137,22.431612014770508,10.000049,22.431612
22.0,24.0,10.065,20.5,22.78949,10.000044822692871,22.533872604370117,10.000045,22.533873
22.0,24.0,9.3424835,19.400002,22.7698,10.000044822692871,22.617408752441406,10.000045,22.617409
15.0,28.0,0.0,19.099998,22.749569,10.000041961669922,22.709957122802734,10.000042,22.709957
15.0,28.0,0.0,18.800003,22.742386,10.000042915344238,22.754653930664062,10.000043,22.754654
15.0,28.0,0.0,18.600002,22.705502,10.000041007995605,22.823272705078125,10.000041,22.823273
15.0,28.0,0.0,18.400002,22.647036,10.000041961669922,22.853933334350586,10.000042,22.853933
15.0,28.0,0.0,18.3,22.586514,10.000040054321289,22.9160213470459,10.00004,22.916021
15.0,28.0,0.0,18.3,22.53738,10.000041961669922,22.922260284423828,10.000042,22.92226
15.0,28.0,0.0,18.2,22.483932,10.000040054321289,22.973283767700195,10.00004,22.973284
15.0,28.0,0.0,18.2,22.442892,10.000060081481934,22.98686981201172,10.00006,22.98687
15.0,28.0,0.0,18.099998,22.399912,10.000059127807617,23.039844512939453,10.000059,23.039845
15.0,28.0,0.0,18.0,22.367113,10.000051498413086,23.024072647094727,10.0000515,23.024073
15.0,28.0,0.0,17.799995,22.325033,10.00005054473877,23.073774337768555,10.000051,23.073774
15.0,28.0,0.0,17.5,22.295033,10.000044822692871,23.069786071777344,10.000045,23.069786
15.0,28.0,0.0,17.200005,22.25705,10.000043869018555,23.117996215820312,10.000044,23.117996
15.0,28.0,0.0,16.900002,22.228533,10.000039100646973,23.124942779541016,10.000039,23.124943
15.0,28.0,0.0,16.399998,22.192663,10.000039100646973,23.17531967163086,10.000039,23.17532
15.0,28.0,0.0,16.0,22.16365,10.00003433227539,23.197750091552734,10.000034,23.19775
15.0,28.0,0.0,15.599998,22.130102,10.00003433227539,23.245485305786133,10.000034,23.245485
15.0,28.0,0.0,15.200001,22.100748,10.000030517578125,23.280475616455078,10.0000305,23.280476
15.0,28.0,0.0,15.900002,22.076807,10.000030517578125,23.30091667175293,10.0000305,23.300917
15.0,28.0,21.894938,16.599998,22.067394,10.000029563903809,23.297550201416016,10.00003,23.29755
22.0,24.0,14.355,17.600002,22.059721,10.000028610229492,23.292484283447266,10.000029,23.292484
22.0,24.0,108.48964,18.699997,22.094845,10.000036239624023,23.209705352783203,10.000036,23.209705
22.0,24.0,60.892624,20.299995,22.10389,10.000031471252441,23.182514190673828,10.000031,23.182514
22.0,24.0,172.89543,21.900002,22.41093,15.499937057495117,23.10885238647461,15.499937,23.108852
22.0,24.0,125.104454,22.799995,22.751177,15.499926567077637,22.912126541137695,15.499927,22.912127
22.0,24.0,344.53668,23.699997,22.898825,15.499963760375977,22.53211212158203,15.499964,22.532112
22.0,24.0,352.79974,24.299995,22.898312,15.49996566772461,22.38920021057129,15.499966,22.3892
22.0,24.0,528.6655,24.800003,23.00822,15.499979019165039,22.01732635498047,15.499979,22.017326
22.0,24.0,547.99225,25.299995,22.999382,15.499981880187988,21.86058807373047,15.499982,21.860588
22.0,24.0,646.8849,25.700005,23.08826,15.499985694885254,21.532325744628906,15.499986,21.532326
22.0,24.0,698.31744,26.099998,23.097656,15.499988555908203,21.369709014892578,15.499989,21.369709
22.0,24.0,644.165,26.5,23.135708,15.49998664855957,21.12295913696289,15.499987,21.12296
22.0,24.0,648.60394,26.699997,23.135193,15.49998664855957,21.01959228515625,15.499987,21.019592
22.0,24.0,573.65753,27.0,23.171482,15.499982833862305,20.80839729309082,15.499983,20.808397
22.0,24.0,539.62524,27.099998,23.18466,15.499981880187988,20.748811721801758,15.499982,20.748812
22.0,24.0,528.9123,27.300003,23.230453,15.499979972839355,20.554967880249023,15.49998,20.554968
22.0,24.0,471.71243,27.200005,23.238132,15.49997615814209,20.527381896972656,15.499976,20.527382
22.0,24.0,349.12924,27.200005,23.221928,15.49996280670166,20.404884338378906,15.499963,20.404884
22.0,24.0,407.0802,27.0,23.22533,15.499969482421875,20.397998809814453,15.4999695,20.397999
22.0,24.0,304.59482,26.699997,23.19622,15.49995231628418,20.30008316040039,15.499952,20.300083
22.0,24.0,304.3629,26.300003,23.16866,15.49995231628418,20.33246612548828,15.499952,20.332466
22.0,24.0,88.37302,25.900002,23.073156,15.499882698059082,20.321571350097656,15.499883,20.321571
22.0,24.0,160.49655,25.199997,23.022758,15.499908447265625,20.383651733398438,15.499908,20.383652
22.0,24.0,91.84376,24.400002,22.716028,10.000059127807617,22.19146156311035,10.000059,22.191462
22.0,24.0,91.98642,24.400002,22.81777,10.0000581741333,22.229541778564453,10.000058,22.229542
22.0,24.0,14.85,23.0,22.748184,10.00004768371582,22.43149757385254,10.000048,22.431498
22.0,24.0,10.699474,22.600002,22.806173,10.000045776367188,22.496442794799805,10.000046,22.496443
22.0,24.0,6.3308687,22.200005,22.77597,10.000045776367188,22.565156936645508,10.000046,22.565157
15.0,28.0,0.0,22.0,22.76482,10.000042915344238,22.634849548339844,10.000043,22.63485
15.0,28.0,0.0,21.7,22.757305,10.000043869018555,22.66712188720703,10.000044,22.667122
15.0,28.0,0.0,21.300003,22.73176,10.000042915344238,22.723649978637695,10.000043,22.72365
15.0,28.0,0.0,21.0,22.725876,10.000043869018555,22.735462188720703,10.000044,22.735462
15.0,28.0,0.0,20.5,22.684547,10.000042915344238,22.78933334350586,10.000043,22.789333
15.0,28.0,0.0,20.100002,22.64065,10.000044822692871,22.795635223388672,10.000045,22.795635
15.0,28.0,0.0,19.700005,22.589619,10.000042915344238,22.84746551513672,10.000043,22.847466
15.0,28.0,0.0,19.3,22.547367,10.000061988830566,22.82866096496582,10.000062,22.828661
15.0,28.0,0.0,19.099998,22.495445,10.00006103515625,22.89012908935547,10.000061,22.89013
15.0,28.0,0.0,18.800003,22.45902,10.000053405761719,22.882368087768555,10.000053,22.882368
15.0,28.0,0.0,18.5,22.412836,10.000052452087402,22.940439224243164,10.000052,22.94044
15.0,28.0,0.0,18.099998,22.37843,10.000045776367188,22.944129943847656,10.000046,22.94413
15.0,28.0,0.0,17.900002,22.336937,10.000045776367188,22.9964599609375,10.000046,22.99646
15.0,28.0,0.0,17.600002,22.305073,10.000040054321289,23.007831573486328,10.00004,23.007832
15.0,28.0,0.0,17.399998,22.26833,10.000040054321289,23.055450439453125,10.00004,23.05545
15.0,28.0,0.0,17.099998,22.238884,10.000035285949707,23.076736450195312,10.000035,23.076736
15.0,28.0,0.0,16.8,22.206093,10.000035285949707,23.122465133666992,10.000035,23.122465
15.0,28.0,0.0,16.5,22.178219,10.000031471252441,23.15472984313965,10.000031,23.15473
15.0,28.0,0.0,16.7,22.152384,10.000031471252441,23.185470581054688,10.000031,23.18547
15.0,28.0,11.68948,16.900002,22.135296,10.000029563903809,23.203838348388672,10.00003,23.203838
22.0,24.0,36.693047,17.7,22.13202,10.000032424926758,23.188888549804688,10.000032,23.188889
22.0,24.0,73.10195,18.600002,22.142368,10.000033378601074,23.157094955444336,10.000033,23.157095
22.0,24.0,95.63859,19.700005,22.16311,10.000036239624023,23.102169036865234,10.000036,23.102169
22.0,24.0,161.16447,20.900002,22.44391,15.499935150146484,23.079912185668945,15.499935,23.079912
22.0,24.0,50.942562,22.7,22.759861,15.499906539916992,22.915029525756836,15.499907,22.91503
22.0,24.0,94.20933,24.400002,22.836555,15.499917984008789,22.652217864990234,15.499918,22.652218
22.0,24.0,133.54599,25.100006,22.853024,15.499929428100586,22.53122329711914,15.499929,22.531223
22.0,24.0,122.07264,25.800003,22.8827,15.49992561340332,22.303918838500977,15.499926,22.303919
22.0,24.0,110.36537,25.800003,22.86091,15.499923706054688,22.24431610107422,15.499924,22.244316
22.0,24.0,99.82813,25.900002,22.892273,15.499918937683105,22.039226531982422,15.499919,22.039227
22.0,24.0,84.07911,25.800003,22.856049,15.499916076660156,22.011716842651367,15.499916,22.011717
22.0,24.0,91.025665,25.800003,22.88515,15.499913215637207,21.814634323120117,15.499913,21.814634
22.0,24.0,91.02207,26.099998,22.84523,15.499914169311523,21.78630828857422,15.499914,21.786308
22.0,24.0,86.081955,26.5,22.866255,15.499905586242676,21.58774185180664,15.499906,21.587742
22.0,24.0,90.02607,26.5,22.820652,15.499907493591309,21.574670791625977,15.4999075,21.57467
22.0,24.0,87.00582,26.400002,22.838696,15.499898910522461,21.39432144165039,15.499899,21.394321
22.0,24.0,92.915634,26.0,22.789762,15.49990177154541,21.402591705322266,15.499902,21.402592
22.0,24.0,74.079285,25.599998,22.799118,15.499883651733398,21.249906539916992,15.499884,21.249907
22.0,24.0,59.34453,25.100006,22.740736,15.4998779296875,21.287607192993164,15.499878,21.287607
22.0,24.0,57.15969,24.599998,22.749287,15.499862670898438,21.148988723754883,15.499863,21.148989
22.0,24.0,64.97075,24.099998,22.691303,15.499866485595703,21.18990707397461,15.4998665,21.189907
22.0,24.0,79.17401,23.699997,22.700134,15.499856948852539,21.049299240112305,15.499857,21.0493
22.0,24.0,46.967426,23.2,22.628044,15.499837875366211,21.11270523071289,15.499838,21.112705
22.0,24.0,65.89622,22.7,22.437737,10.000041961669922,22.782913208007812,10.000042,22.782913
22.0,24.0,65.89622,22.7,22.733158,10.000042915344238,22.72714614868164,10.000043,22.727146
22.0,24.0,8.745,21.7,22.69498,10.000038146972656,22.83538055419922,10.000038,22.83538
22.0,24.0,20.79058,21.100002,22.676016,10.000038146972656,22.8619441986084,10.000038,22.861944
22.0,24.0,4.1787906,20.599998,22.63622,10.000038146972656,22.91051483154297,10.000038,22.910515
15.0,28.0,0.0,20.100002,22.599045,10.000036239624023,22.961383819580078,10.000036,22.961384
15.0,28.0,0.0,19.700005,22.563375,10.000038146972656,22.977779388427734,10.000038,22.97778
15.0,28.0,0.0,19.400002,22.523003,10.000036239624023,23.02078628540039,10.000036,23.020786
15.0,28.0,0.0,19.099998,22.488388,10.000038146972656,23.02225685119629,10.000038,23.022257
15.0,28.0,0.0,18.899998,22.44859,10.00003719329834,23.0610408782959,10.000037,23.06104
15.0,28.0,0.0,18.699997,22.416916,10.000039100646973,23.047882080078125,10.000039,23.047882
15.0,28.0,0.0,18.5,22.378159,10.000038146972656,23.0831356048584,10.000038,23.083136
15.0,28.0,0.0,18.3,22.34895,10.0000581741333,23.10761833190918,10.000058,23.107618
15.0,28.0,0.0,18.2,22.320536,10.000057220458984,23.144851684570312,10.000057,23.144852
15.0,28.0,0.0,18.0,22.295994,10.000049591064453,23.120086669921875,10.00005,23.120087
15.0,28.0,0.0,17.900002,22.262379,10.000049591064453,23.156681060791016,10.00005,23.156681
15.0,28.0,0.0,17.799995,22.240719,10.000043869018555,23.13839340209961,10.000044,23.138393
15.0,28.0,0.0,17.7,22.21162,10.000042915344238,23.170761108398438,10.000043,23.170761
15.0,28.0,0.0,17.600002,22.192408,10.000038146972656,23.16179656982422,10.000038,23.161797
15.0,28.0,0.0,17.600002,22.168457,10.000038146972656,23.18787956237793,10.000038,23.18788
15.0,28.0,0.0,17.5,22.151768,10.00003433227539,23.188308715820312,10.000034,23.188309
15.0,28.0,0.0,17.5,22.132666,10.000033378601074,23.210092544555664,10.000033,23.210093
15.0,28.0,0.0,17.399998,22.1183,10.000030517578125,23.22037696838379,10.0000305,23.220377
15.0,28.0,0.0,17.5,22.104324,10.000030517578125,23.23599624633789,10.0000305,23.235996
15.0,28.0,1.98,17.5,22.093742,10.000028610229492,23.251440048217773,10.000029,23.25144
22.0,24.0,5.8983874,17.7,22.087122,10.000028610229492,23.256502151489258,10.000029,23.256502
22.0,24.0,9.898512,17.799995,22.081999,10.00002670288086,23.27298355102539,10.000027,23.272984
22.0,24.0,50.25254,18.099998,22.095192,10.000030517578125,23.239173889160156,10.0000305,23.239174
22.0,24.0,49.1431,18.400002,22.333708,15.499906539916992,23.305585861206055,15.499907,23.305586
22.0,24.0,140.36356,18.699997,22.684025,15.499931335449219,23.100576400756836,15.499931,23.100576
22.0,24.0,60.280468,19.099998,22.703053,15.499910354614258,22.966968536376953,15.49991,22.966969
22.0,24.0,151.96495,19.400002,22.753939,15.499935150146484,22.857044219970703,15.499935,22.857044
22.0,24.0,112.48633,19.700005,22.783863,15.499924659729004,22.687191009521484,15.499925,22.687191
22.0,24.0,117.366936,20.0,22.784624,15.499926567077637,22.63385772705078,15.499927,22.633858
22.0,24.0,147.07097,20.299995,22.814404,15.499931335449219,22.42987060546875,15.499931,22.42987
22.0,24.0,174.45508,20.599998,22.789385,15.49993896484375,22.374555587768555,15.499939,22.374556
22.0,24.0,186.44136,20.8,22.817013,15.499937057495117,22.167827606201172,15.499937,22.167828
22.0,24.0,260.57568,21.0,22.80383,15.49995231628418,22.091602325439453,15.499952,22.091602
22.0,24.0,380.48944,21.100002,22.86241,15.49996566772461,21.81817626953125,15.499966,21.818176
22.0,24.0,354.19965,21.5,22.818426,15.499963760375977,21.763338088989258,15.499964,21.763338
22.0,24.0,447.893,21.8,22.883307,15.499971389770508,21.490829467773438,15.499971,21.49083
22.0,24.0,374.10785,22.099998,22.82474,15.499963760375977,21.458816528320312,15.499964,21.458817
22.0,24.0,399.96414,22.5,22.869406,15.499963760375977,21.224803924560547,15.499964,21.224804
22.0,24.0,383.99088,22.7,22.82368,15.49996280670166,21.192913055419922,15.499963,21.192913
22.0,24.0,311.92502,23.0,22.83071,15.499947547912598,21.01331901550293,15.499948,21.013319
22.0,24.0,285.96622,22.900002,22.778255,15.499942779541016,21.021968841552734,15.499943,21.021969
22.0,24.0,99.54094,22.799995,22.739073,15.499874114990234,20.939374923706055,15.499874,20.939375
22.0,24.0,48.90431,22.5,22.670918,15.499845504760742,21.019289016723633,15.4998455,21.019289
22.0,24.0,80.71258,22.200005,22.478037,10.000045776367188,22.690946578979492,10.000046,22.690947
22.0,24.0,47.9173,22.200005,22.772675,10.000042915344238,22.68651580810547,10.000043,22.686516
22.0,24.0,22.182323,20.599998,22.71008,10.000040054321289,22.784469604492188,10.00004,22.78447
22.0,24.0,17.91375,20.0,22.704594,10.000039100646973,22.838958740234375,10.000039,22.838959
22.0,24.0,4.142256,19.3,22.655312,10.000038146972656,22.900585174560547,10.000038,22.900585
15.0,28.0,0.0,19.099998,22.607815,10.000036239624023,22.960670471191406,10.000036,22.96067
15.0,28.0,0.0,18.899998,22.564438,10.000038146972656,22.983585357666016,10.000038,22.983585
15.0,28.0,0.0,18.699997,22.518084,10.000036239624023,23.032188415527344,10.000036,23.032188
15.0,28.0,0.0,18.600002,22.479685,10.000038146972656,23.03588104248047,10.000038,23.035881
15.0,28.0,0.0,18.400002,22.436575,10.00003719329834,23.077926635742188,10.000037,23.077927
15.0,28.0,0.0,18.3,22.402817,10.000038146972656,23.065942764282227,10.000038,23.065943
15.0,28.0,0.0,18.099998,22.362175,10.00003719329834,23.10296058654785,10.000037,23.10296
15.0,28.0,0.0,18.0,22.332062,10.000057220458984,23.134647369384766,10.000057,23.134647
15.0,28.0,0.0,17.900002,22.30415,10.000057220458984,23.172149658203125,10.000057,23.17215
15.0,28.0,0.0,17.7,22.27908,10.000049591064453,23.148216247558594,10.00005,23.148216
15.0,28.0,0.0,17.600002,22.245043,10.000049591064453,23.185266494750977,10.00005,23.185266
15.0,28.0,0.0,17.5,22.222961,10.000042915344238,23.167627334594727,10.000043,23.167627
15.0,28.0,0.0,17.399998,22.193521,10.000042915344238,23.200345993041992,10.000043,23.200346
15.0,28.0,0.0,17.3,22.173967,10.000038146972656,23.191856384277344,10.000038,23.191856
15.0,28.0,0.0,17.200005,22.149067,10.000038146972656,23.220630645751953,10.000038,23.22063
15.0,28.0,0.0,17.099998,22.131641,10.000033378601074,23.22220230102539,10.000033,23.222202
15.0,28.0,0.0,17.0,22.111006,10.000033378601074,23.247411727905273,10.000033,23.247412
15.0,28.0,0.0,16.900002,22.095392,10.000030517578125,23.259380340576172,10.0000305,23.25938
15.0,28.0,0.0,17.200005,22.08141,10.000030517578125,23.27195930480957,10.0000305,23.27196
15.0,28.0,2.97,17.600002,22.073587,10.000027656555176,23.277084350585938,10.000028,23.277084
22.0,24.0,6.867347,18.0,22.070469,10.000028610229492,23.273664474487305,10.000029,23.273664
22.0,24.0,9.894156,18.400002,22.070805,10.00002670288086,23.278589248657227,10.000027,23.27859
22.0,24.0,34.15788,18.899998,22.085007,10.000028610229492,23.245540618896484,10.000029,23.24554
22.0,24.0,44.26916,19.5,22.333857,15.499903678894043,23.286659240722656,15.499904,23.28666
22.0,24.0,75.881935,20.2,22.671595,15.499914169311523,23.098997116088867,15.499914,23.098997
22.0,24.0,100.15585,21.0,22.729322,15.499919891357422,22.887035369873047,15.49992,22.887035
22.0,24.0,46.489075,21.8,22.74711,15.49990463256836,22.825576782226562,15.499905,22.825577
22.0,24.0,130.97433,22.5,22.822834,15.499927520751953,22.568492889404297,15.4999275,22.568493
22.0,24.0,79.07988,23.099998,22.787413,15.499914169311523,22.52306365966797,15.499914,22.523064
22.0,24.0,67.32,23.800003,22.82185,15.499906539916992,22.310928344726562,15.499907,22.310928
22.0,24.0,77.197,24.400002,22.794043,15.499910354614258,22.251461029052734,15.49991,22.251461
22.0,24.0,109.767456,25.0,22.831543,15.499916076660156,22.014062881469727,15.499916,22.014063
22.0,24.0,225.45277,25.199997,22.828068,15.499944686889648,21.906749725341797,15.499945,21.90675
22.0,24.0,208.80821,25.5,22.84886,15.499938011169434,21.67838478088379,15.499938,21.678385
22.0,24.0,244.87595,25.400002,22.828606,15.499946594238281,21.61568832397461,15.499947,21.615688
22.0,24.0,374.4934,25.400002,22.896385,15.49996280670166,21.337329864501953,15.499963,21.33733
22.0,24.0,129.27922,25.199997,22.784512,15.499916076660156,21.397756576538086,15.499916,21.397757
22.0,24.0,93.701,25.0,22.811728,15.499893188476562,21.24064064025879,15.499893,21.24064
22.0,24.0,87.83262,24.700005,22.7524,15.49989128112793,21.271804809570312,15.499891,21.271805
22.0,24.0,125.614494,24.400002,22.773092,15.499895095825195,21.106836318969727,15.499895,21.106836
22.0,24.0,156.79263,24.0,22.72215,15.499906539916992,21.123497009277344,15.499907,21.123497
22.0,24.0,167.31956,23.699997,22.734774,15.499897956848145,20.967485427856445,15.499898,20.967485
22.0,24.0,166.89116,23.2,22.67801,15.499898910522461,20.999839782714844,15.499899,20.99984
22.0,24.0,74.45519,22.7,22.460617,10.000044822692871,22.707233428955078,10.000045,22.707233
22.0,24.0,35.802986,22.7,22.769373,10.000041007995605,22.70328140258789,10.000041,22.703281
22.0,24.0,23.382797,21.100002,22.718313,10.000040054321289,22.778831481933594,10.00004,22.778831
22.0,24.0,11.429435,20.599998,22.704638,10.000038146972656,22.839351654052734,10.000038,22.839352
22.0,24.0,2.078755,20.100002,22.662653,10.000038146972656,22.888242721557617,10.000038,22.888243
15.0,28.0,0.0,19.899998,22.620115,10.00003719329834,22.939960479736328,10.000037,22.93996
15.0,28.0,0.0,19.599998,22.580753,10.000038146972656,22.95941925048828,10.000038,22.95942
15.0,28.0,0.0,19.3,22.537754,10.00003719329834,23.00537109375,10.000037,23.005371
15.0,28.0,0.0,19.0,22.500854,10.000038146972656,23.009552001953125,10.000038,23.009552
15.0,28.0,0.0,18.699997,22.45835,10.00003719329834,23.052059173583984,10.000037,23.05206
15.0,28.0,0.0,18.5,22.42419,10.000039100646973,23.041706085205078,10.000039,23.041706
15.0,28.0,0.0,18.3,22.383112,10.000038146972656,23.079452514648438,10.000038,23.079453
15.0,28.0,0.0,18.099998,22.351807,10.0000581741333,23.107336044311523,10.000058,23.107336
15.0,28.0,0.0,17.799995,22.320383,10.000057220458984,23.151865005493164,10.000057,23.151865
15.0,28.0,0.0,17.5,22.292675,10.000049591064453,23.13338851928711,10.00005,23.133389
15.0,28.0,0.0,17.200005,22.254591,10.000049591064453,23.17926597595215,10.00005,23.179266
15.0,28.0,0.0,17.0,22.22833,10.000043869018555,23.16915512084961,10.000044,23.169155
15.0,28.0,0.0,16.900002,22.194828,10.000042915344238,23.207523345947266,10.000043,23.207523
15.0,28.0,0.0,16.900002,22.172106,10.000038146972656,23.20165252685547,10.000038,23.201653
15.0,28.0,0.0,16.900002,22.14488,10.000038146972656,23.231719970703125,10.000038,23.23172
15.0,28.0,0.0,16.8,22.125456,10.000033378601074,23.235652923583984,10.000033,23.235653
15.0,28.0,0.0,16.7,22.103233,10.000033378601074,23.262914657592773,10.000033,23.262915
15.0,28.0,0.0,16.599998,22.086203,10.000030517578125,23.27665138244629,10.0000305,23.276651
15.0,28.0,0.0,17.099998,22.072273,10.000030517578125,23.28618049621582,10.0000305,23.28618
15.0,28.0,4.921502,17.7,22.06625,10.000028610229492,23.28502655029297,10.000029,23.285027
22.0,24.0,14.485191,18.400002,22.06845,10.000028610229492,23.26817512512207,10.000029,23.268175
22.0,24.0,28.396845,19.099998,22.078304,10.000028610229492,23.25102996826172,10.000029,23.25103
22.0,24.0,63.054455,20.100002,22.106146,10.000031471252441,23.18729019165039,10.000031,23.18729
22.0,24.0,121.306244,21.0,22.384169,15.49992561340332,23.172176361083984,15.499926,23.172176
22.0,24.0,188.18887,21.900002,22.753693,15.499940872192383,22.920940399169922,15.499941,22.92094
22.0,24.0,268.78253,22.900002,22.855587,15.499954223632812,22.623950958251953,15.499954,22.623951
22.0,24.0,312.04156,23.800003,22.887228,15.499961853027344,22.46255874633789,15.499962,22.462559
22.0,24.0,330.6348,24.700005,22.935629,15.499963760375977,22.188491821289062,15.499964,22.188492
22.0,24.0,440.7808,25.299995,22.964092,15.499974250793457,22.00364112854004,15.499974,22.003641
22.0,24.0,631.0198,26.0,23.061123,15.499984741210938,21.627559661865234,15.499985,21.62756
22.0,24.0,644.98444,26.400002,23.05204,15.499985694885254,21.47455406188965,15.499986,21.474554
22.0,24.0,642.4353,26.799995,23.112156,15.499985694885254,21.19701385498047,15.499986,21.197014
22.0,24.0,559.12506,27.0,23.084171,15.499982833862305,21.118196487426758,15.499983,21.118196
22.0,24.0,649.0525,27.200005,23.156796,15.49998664855957,20.857086181640625,15.499987,20.857086
22.0,24.0,732.3843,27.300003,23.212162,15.499988555908203,20.734895706176758,15.499989,20.734896
22.0,24.0,715.28094,27.399994,23.29257,15.499988555908203,20.50186538696289,15.499989,20.501865
22.0,24.0,684.7019,27.399994,23.34682,15.499987602233887,20.41840362548828,15.499988,20.418404
22.0,24.0,574.2826,27.399994,23.377792,15.499981880187988,20.245080947875977,15.499982,20.24508
22.0,24.0,526.5323,27.300003,23.393257,15.499979019165039,20.2191162109375,15.499979,20.219116
22.0,24.0,370.815,27.200005,23.36234,15.49996280670166,20.115989685058594,15.499963,20.11599
22.0,24.0,317.0105,27.0,23.32196,15.499955177307129,20.154233932495117,15.499955,20.154234
22.0,24.0,146.49165,26.699997,23.234856,15.499908447265625,20.12934112548828,15.499908,20.129341
22.0,24.0,110.98174,26.300003,23.150665,15.499894142150879,20.222997665405273,15.499894,20.222998
22.0,24.0,51.48,25.800003,22.82342,10.000057220458984,22.091360092163086,10.000057,22.09136
22.0,24.0,46.2309,25.800003,22.82427,10.000054359436035,22.174400329589844,10.000054,22.1744
22.0,24.0,20.955,22.799995,22.789686,10.00005054473877,22.33230972290039,10.000051,22.33231
22.0,24.0,8.58,21.8,22.803019,10.000046730041504,22.44044303894043,10.000047,22.440443
22.0,24.0,5.2121115,20.900002,22.78706,10.000046730041504,22.527141571044922,10.000047,22.527142
15.0,28.0,0.0,20.5,22.768703,10.000043869018555,22.61618995666504,10.000044,22.61619
15.0,28.0,0.0,20.100002,22.7588,10.000044822692871,22.66495132446289,10.000045,22.664951
15.0,28.0,0.0,19.8,22.730911,10.000042915344238,22.734119415283203,10.000043,22.73412
15.0,28.0,0.0,19.5,22.722033,10.000043869018555,22.756845474243164,10.000044,22.756845
15.0,28.0,0.0,19.3,22.666437,10.000042915344238,22.819469451904297,10.000043,22.81947
15.0,28.0,0.0,19.0,22.61525,10.000043869018555,22.831987380981445,10.000044,22.831987
15.0,28.0,0.0,18.699997,22.55857,10.000042915344238,22.888904571533203,10.000043,22.888905
15.0,28.0,0.0,18.400002,22.51212,10.000061988830566,22.89144515991211,10.000062,22.891445
15.0,28.0,0.0,18.2,22.459763,10.00006103515625,22.956043243408203,10.000061,22.956043
15.0,28.0,0.0,17.900002,22.420414,10.000052452087402,22.952362060546875,10.000052,22.952362
15.0,28.0,0.0,17.7,22.372375,10.000051498413086,23.01105499267578,10.0000515,23.011055
15.0,28.0,0.0,17.5,22.337404,10.000045776367188,23.012117385864258,10.000046,23.012117
15.0,28.0,0.0,17.399998,22.296055,10.000044822692871,23.061840057373047,10.000045,23.06184
15.0,28.0,0.0,17.200005,22.265205,10.000040054321289,23.06993865966797,10.00004,23.069939
15.0,28.0,0.0,17.099998,22.230158,10.000039100646973,23.113143920898438,10.000039,23.113144
15.0,28.0,0.0,16.900002,22.202915,10.000035285949707,23.129493713378906,10.000035,23.129494
15.0,28.0,0.0,16.8,22.173532,10.00003433227539,23.167062759399414,10.000034,23.167063
15.0,28.0,0.0,16.7,22.14995,10.000031471252441,23.189899444580078,10.000031,23.1899
15.0,28.0,0.0,17.399998,22.13147,10.000030517578125,23.20279312133789,10.0000305,23.202793
15.0,28.0,17.245312,18.099998,22.12595,10.000029563903809,23.195873260498047,10.00003,23.195873
22.0,24.0,12.705,19.2,22.124363,10.000029563903809,23.18096351623535,10.00003,23.180964
22.0,24.0,106.029816,20.2,22.162962,10.00003719329834,23.093069076538086,10.000037,23.09307
22.0,24.0,63.490837,21.5,22.175169,10.000032424926758,23.064701080322266,10.000032,23.064701
22.0,24.0,181.96094,22.799995,22.484648,15.49993896484375,22.981985092163086,15.499939,22.981985
22.0,24.0,144.31264,24.099998,22.830431,15.499931335449219,22.762319564819336,15.499931,22.76232
22.0,24.0,353.4419,25.299995,22.957441,15.49996566772461,22.378814697265625,15.499966,22.378815
22.0,24.0,367.7172,25.900002,22.935463,15.499967575073242,22.235254287719727,15.499968,22.235254
22.0,24.0,534.4225,26.599998,23.047329,15.499980926513672,21.859445571899414,15.499981,21.859446
22.0,24.0,566.57764,27.099998,23.042393,15.499982833862305,21.692636489868164,15.499983,21.692636
22.0,24.0,681.60693,27.600006,23.136055,15.49998664855957,21.353818893432617,15.499987,21.353819
22.0,24.0,710.9188,27.900002,23.140148,15.499988555908203,21.19926643371582,15.499989,21.199266
22.0,24.0,769.9638,28.200005,23.21445,15.499990463256836,20.913219451904297,15.49999,20.91322
22.0,24.0,782.67914,28.400002,23.26991,15.499990463256836,20.772523880004883,15.49999,20.772524
22.0,24.0,781.1903,28.599998,23.372093,15.499990463256836,20.521137237548828,15.49999,20.521137
22.0,24.0,774.124,28.599998,23.45549,15.499990463256836,20.409713745117188,15.49999,20.409714
22.0,24.0,709.7196,28.699997,23.527542,15.499988555908203,20.20675277709961,15.499989,20.206753
22.0,24.0,685.76025,28.599998,23.58355,15.499987602233887,20.141613006591797,15.499988,20.141613
22.0,24.0,575.8821,28.5,23.60225,15.499982833862305,19.994102478027344,15.499983,19.994102
22.0,24.0,527.93164,28.200005,23.607262,15.499979019165039,19.985416412353516,15.499979,19.985416
22.0,24.0,371.84018,28.0,23.563305,15.499963760375977,19.903684616088867,15.499964,19.903685
22.0,24.0,320.11618,27.600006,23.511185,15.499958038330078,19.954790115356445,15.499958,19.95479
22.0,24.0,144.32393,27.200005,23.404022,15.499911308288574,19.95066261291504,15.499911,19.950663
22.0,24.0,115.54082,26.5,23.306997,15.499900817871094,20.056541442871094,15.499901,20.056541
22.0,24.0,49.500004,25.800003,22.959478,10.000061988830566,21.940204620361328,10.000062,21.940205
22.0,24.0,53.01786,25.800003,22.809895,10.0000581741333,22.066587448120117,10.000058,22.066587
22.0,24.0,18.15,23.5,22.811012,10.000052452087402,22.23270034790039,10.000052,22.2327
22.0,24.0,26.02875,22.799995,22.824814,10.000051498413086,22.31663703918457,10.0000515,22.316637
22.0,24.0,3.1436613,22.099998,22.79042,10.000048637390137,22.435070037841797,10.000049,22.43507
15.0,28.0,0.0,21.900002,22.791687,10.000045776367188,22.517284393310547,10.000046,22.517284
15.0,28.0,0.0,21.7,22.776058,10.000046730041504,22.567256927490234,10.000047,22.567257
15.0,28.0,0.0,21.5,22.751179,10.000044822692871,22.63422966003418,10.000045,22.63423
15.0,28.0,0.0,21.399998,22.743374,10.000045776367188,22.654621124267578,10.000046,22.654621
15.0,28.0,0.0,21.100002,22.711224,10.000044822692871,22.71112060546875,10.000045,22.71112
15.0,28.0,0.0,20.900002,22.706818,10.000046730041504,22.711231231689453,10.000047,22.711231
15.0,28.0,0.0,20.599998,22.661413,10.000044822692871,22.762075424194336,10.000045,22.762075
15.0,28.0,0.0,20.299995,22.61967,10.0000638961792,22.714052200317383,10.000064,22.714052
15.0,28.0,0.0,20.0,22.562435,10.000062942504883,22.77991485595703,10.000063,22.779915
15.0,28.0,0.0,19.700005,22.525894,10.000054359436035,22.77239418029785,10.000054,22.772394
15.0,28.0,0.0,19.400002,22.479206,10.000053405761719,22.831615447998047,10.000053,22.831615
15.0,28.0,0.0,19.0,22.444496,10.00004768371582,22.8356990814209,10.000048,22.8357
15.0,28.0,0.0,18.600002,22.401287,10.000046730041504,22.894023895263672,10.000047,22.894024
15.0,28.0,0.0,18.3,22.368315,10.000041007995605,22.907590866088867,10.000041,22.90759
15.0,28.0,0.0,17.900002,22.328726,10.000041007995605,22.962709426879883,10.000041,22.96271
15.0,28.0,0.0,17.600002,22.297117,10.000036239624023,22.9877986907959,10.000036,22.987799
15.0,28.0,0.0,17.399998,22.262592,10.000036239624023,23.034879684448242,10.000036,23.03488
15.0,28.0,0.0,17.099998,22.233067,10.000032424926758,23.069730758666992,10.000032,23.06973
15.0,28.0,0.0,17.799995,22.209335,10.000032424926758,23.090656280517578,10.000032,23.090656
15.0,28.0,15.383056,18.600002,22.198698,10.000030517578125,23.089921951293945,10.0000305,23.089922
22.0,24.0,13.035,19.5,22.19215,10.000030517578125,23.083919525146484,10.0000305,23.08392
22.0,24.0,106.35156,20.400002,22.225521,10.000038146972656,23.0034236907959,10.000038,23.003424
22.0,24.0,102.336784,21.5,22.244389,10.000038146972656,22.954566955566406,10.000038,22.954567
22.0,24.0,190.24004,22.5,22.539446,15.499942779541016,22.901897430419922,15.499943,22.901897
22.0,24.0,149.72824,23.899998,22.881248,15.499934196472168,22.68805503845215,15.499934,22.688055
22.0,24.0,351.33,25.299995,22.974344,15.49996566772461,22.321884155273438,15.499966,22.321884
22.0,24.0,373.4441,26.099998,22.957582,15.499968528747559,22.17348861694336,15.499969,22.173489
22.0,24.0,465.40198,27.0,23.04249,15.49997615814209,21.84171485900879,15.499976,21.841715
22.0,24.0,579.24567,27.600006,23.065964,15.499982833862305,21.639657974243164,15.499983,21.639658
22.0,24.0,695.189,28.200005,23.148232,15.499987602233887,21.301334381103516,15.499988,21.301334
22.0,24.0,724.74786,28.699997,23.157276,15.499988555908203,21.13788604736328,15.499989,21.137886
22.0,24.0,782.8667,29.199997,23.232517,15.499990463256836,20.846118927001953,15.49999,20.846119
22.0,24.0,784.934,29.599998,23.311472,15.499990463256836,20.692312240600586,15.49999,20.692312
22.0,24.0,766.2559,29.899994,23.41822,15.499990463256836,20.439098358154297,15.49999,20.439098
22.0,24.0,736.2064,30.100006,23.503319,15.49998950958252,20.325801849365234,15.4999895,20.325802
22.0,24.0,644.28546,30.400002,23.566544,15.499985694885254,20.127140045166016,15.499986,20.12714
22.0,24.0,605.36707,30.5,23.613123,15.499984741210938,20.067401885986328,15.499985,20.067402
22.0,24.0,497.15363,30.5,23.628998,15.499977111816406,19.926694869995117,15.499977,19.926695
22.0,24.0,487.3602,30.5,23.643965,15.499977111816406,19.90850257873535,15.499977,19.908503
22.0,24.0,332.7292,30.5,23.608768,15.499958038330078,19.82036781311035,15.499958,19.820368
22.0,24.0,317.97925,30.299995,23.579794,15.499956130981445,19.84724998474121,15.499956,19.84725
22.0,24.0,102.15275,30.199997,23.481041,15.499895095825195,19.837984085083008,15.499895,19.837984
22.0,24.0,120.45487,29.700005,23.41008,15.499900817871094,19.90688705444336,15.499901,19.906887
22.0,24.0,47.52,29.199997,23.0778,10.000065803527832,21.779081344604492,10.000066,21.779081
22.0,24.0,55.80392,29.199997,22.803844,10.000061988830566,21.918485641479492,10.000062,21.918486
22.0,24.0,18.48,27.0,22.83836,10.000056266784668,22.0709171295166,10.000056,22.070917
22.0,24.0,6.8202095,26.400002,22.843803,10.000052452087402,22.17338752746582,10.000052,22.173388
22.0,24.0,3.1933968,25.800003,22.832134,10.000052452087402,22.256107330322266,10.000052,22.256107
15.0,28.0,0.0,25.100006,22.815813,10.000049591064453,22.341609954833984,10.00005,22.34161
15.0,28.0,0.0,24.299995,22.80519,10.00005054473877,22.39779281616211,10.000051,22.397793
15.0,28.0,0.0,23.699997,22.78105,10.000048637390137,22.470972061157227,10.000049,22.470972
15.0,28.0,0.0,23.0,22.771006,10.000049591064453,22.505157470703125,10.00005,22.505157
15.0,28.0,0.0,22.600002,22.741032,10.000048637390137,22.569278717041016,10.000049,22.569279
15.0,28.0,0.0,22.099998,22.73364,10.000049591064453,22.58165740966797,10.00005,22.581657
15.0,28.0,0.0,21.900002,22.698269,10.000048637390137,22.63643455505371,10.000049,22.636435
15.0,28.0,0.0,21.7,22.694477,10.000065803527832,22.546035766601562,10.000066,22.546036
15.0,28.0,0.0,21.5,22.607443,10.000064849853516,22.624473571777344,10.000065,22.624474
15.0,28.0,0.0,21.300003,22.627409,10.000056266784668,22.5954647064209,10.000056,22.595465
15.0,28.0,0.0,21.199997,22.579414,10.000055313110352,22.65086555480957,10.000055,22.650866
15.0,28.0,0.0,21.0,22.554111,10.000048637390137,22.644981384277344,10.000049,22.644981
15.0,28.0,0.0,20.900002,22.515472,10.000048637390137,22.692224502563477,10.000049,22.692225
15.0,28.0,0.0,20.7,22.48741,10.000042915344238,22.69696807861328,10.000043,22.696968
15.0,28.0,0.0,20.5,22.454014,10.000042915344238,22.74083709716797,10.000043,22.740837
15.0,28.0,0.0,20.400002,22.429277,10.000038146972656,22.753694534301758,10.000038,22.753695
15.0,28.0,0.0,20.2,22.401077,10.000038146972656,22.792383193969727,10.000038,22.792383
15.0,28.0,0.0,20.0,22.378334,10.00003433227539,22.817930221557617,10.000034,22.81793
15.0,28.0,0.0,20.599998,22.36,10.000033378601074,22.833524703979492,10.000033,22.833525
15.0,28.0,10.668667,21.199997,22.351505,10.000032424926758,22.835622787475586,10.000032,22.835623
22.0,24.0,20.05687,22.0,22.35131,10.000033378601074,22.819543838500977,10.000033,22.819544
22.0,24.0,104.14221,22.900002,22.384026,10.000040054321289,22.739110946655273,10.00004,22.73911
22.0,24.0,72.87862,23.800003,22.393747,10.00003719329834,22.7170352935791,10.000037,22.717035
22.0,24.0,188.55005,24.800003,22.696163,15.499943733215332,22.621511459350586,15.499944,22.621511
22.0,24.0,158.33614,26.400002,22.991213,15.499937057495117,22.406661987304688,15.499937,22.406662
22.0,24.0,353.05215,28.099998,23.037775,15.49996566772461,22.050722122192383,15.499966,22.050722
22.0,24.0,370.9454,29.299995,23.027645,15.499968528747559,21.88995933532715,15.499969,21.88996
22.0,24.0,530.2733,30.5,23.129942,15.499980926513672,21.514266967773438,15.499981,21.514267
22.0,24.0,565.9869,31.099998,23.12613,15.499982833862305,21.344751358032227,15.499983,21.344751
22.0,24.0,678.21204,31.599998,23.21738,15.49998664855957,21.017498016357422,15.499987,21.017498
22.0,24.0,709.09503,31.900002,23.254179,15.499988555908203,20.856538772583008,15.499989,20.856539
22.0,24.0,766.0717,32.200005,23.380764,15.499990463256836,20.566654205322266,15.49999,20.566654
22.0,24.0,782.3666,32.300003,23.499271,15.499990463256836,20.413692474365234,15.49999,20.413692
22.0,24.0,785.6158,32.5,23.625353,15.499990463256836,20.16800308227539,15.49999,20.168003
22.0,24.0,778.2457,32.4,23.731989,15.499990463256836,20.056026458740234,15.49999,20.056026
22.0,24.0,715.1863,32.4,23.815937,15.499988555908203,19.864160537719727,15.499989,19.86416
22.0,24.0,689.9822,32.200005,23.885567,15.499988555908203,19.799421310424805,15.499989,19.799421
22.0,24.0,563.9189,32.0,23.906927,15.499981880187988,19.665441513061523,15.499982,19.665442
22.0,24.0,532.9419,31.699997,23.919956,15.499980926513672,19.653242111206055,15.499981,19.653242
22.0,24.0,382.46518,31.400002,23.881357,15.49996566772461,19.578283309936523,15.499966,19.578283
22.0,24.0,326.21716,30.900002,23.831892,15.499959945678711,19.621421813964844,15.49996,19.621422
22.0,24.0,148.49033,30.400002,23.727371,15.499916076660156,19.621126174926758,15.499916,19.621126
22.0,24.0,112.951904,29.700005,23.626148,15.499903678894043,19.716285705566406,15.499904,19.716286
22.0,24.0,48.84,28.900002,23.268173,10.000073432922363,21.578372955322266,10.000073,21.578373
22.0,24.0,49.525658,28.900002,22.774666,10.000064849853516,21.807003021240234,10.000065,21.807003
22.0,24.0,18.645,26.199997,22.86952,10.000060081481934,21.964214324951172,10.00006,21.964214
22.0,24.0,6.765,25.400002,22.851307,10.000055313110352,22.096359252929688,10.000055,22.09636
22.0,24.0,4.220174,24.5,22.842031,10.000054359436035,22.200559616088867,10.000054,22.20056
15.0,28.0,0.0,24.199997,22.823925,10.000051498413086,22.30044937133789,10.0000515,22.30045
15.0,28.0,0.0,23.899998,22.813206,10.000051498413086,22.362911224365234,10.0000515,22.362911
15.0,28.0,0.0,23.699997,22.788067,10.000049591064453,22.438793182373047,10.00005,22.438793
15.0,28.0,0.0,23.400002,22.778399,10.00005054473877,22.47207260131836,10.000051,22.472073
15.0,28.0,0.0,23.2,22.748304,10.000049591064453,22.53462791442871,10.00005,22.534628
15.0,28.0,0.0,23.0,22.742365,10.00005054473877,22.542917251586914,10.000051,22.542917
15.0,28.0,0.0,22.799995,22.706833,10.000049591064453,22.59551429748535,10.00005,22.595514
15.0,28.0,0.0,22.7,22.704443,10.000066757202148,22.48619842529297,10.000067,22.486198
15.0,28.0,0.0,22.5,22.60897,10.000064849853516,22.56540870666504,10.000065,22.565409
15.0,28.0,0.0,22.3,22.633717,10.000057220458984,22.5325870513916,10.000057,22.532587
15.0,28.0,0.0,22.099998,22.581917,10.000056266784668,22.590015411376953,10.000056,22.590015
15.0,28.0,0.0,21.900002,22.592472,10.000049591064453,22.569625854492188,10.00005,22.569626
15.0,28.0,0.0,21.8,22.555635,10.000048637390137,22.61440086364746,10.000049,22.6144
15.0,28.0,0.0,21.599998,22.533566,10.000043869018555,22.615142822265625,10.000044,22.615143
15.0,28.0,0.0,21.5,22.502527,10.000042915344238,22.654272079467773,10.000043,22.654272
15.0,28.0,0.0,21.300003,22.479124,10.000039100646973,22.66677474975586,10.000039,22.666775
15.0,28.0,0.0,21.100002,22.452505,10.000038146972656,22.703704833984375,10.000038,22.703705
15.0,28.0,0.0,20.900002,22.43095,10.000035285949707,22.728017807006836,10.000035,22.728018
15.0,28.0,0.0,21.300003,22.412397,10.00003433227539,22.747116088867188,10.000034,22.747116
15.0,28.0,11.599397,21.599998,22.402264,10.000033378601074,22.75637435913086,10.000033,22.756374
22.0,24.0,22.805643,22.399998,22.401043,10.00003433227539,22.74170684814453,10.000034,22.741707
22.0,24.0,103.236664,23.099998,22.429276,10.000041007995605,22.67091941833496,10.000041,22.67092
22.0,24.0,67.565285,24.099998,22.435259,10.00003719329834,22.655546188354492,10.000037,22.655546
22.0,24.0,191.20894,25.100006,22.73261,15.499944686889648,22.553926467895508,15.499945,22.553926
22.0,24.0,170.73303,26.599998,23.008541,15.499940872192383,22.344947814941406,15.499941,22.344948
22.0,24.0,346.18716,28.0,23.048716,15.49996566772461,22.010982513427734,15.499966,22.010983
22.0,24.0,381.01068,29.0,23.043814,15.499969482421875,21.85280418395996,15.4999695,21.852804
22.0,24.0,545.49164,30.100006,23.14309,15.499980926513672,21.48463249206543,15.499981,21.484632
22.0,24.0,574.68616,30.599998,23.135973,15.499982833862305,21.32583999633789,15.499983,21.32584
22.0,24.0,642.53613,31.099998,23.213516,15.49998664855957,21.023534774780273,15.499987,21.023535
22.0,24.0,655.48456,31.400002,23.241245,15.49998664855957,20.882169723510742,15.499987,20.88217
22.0,24.0,703.667,31.699997,23.34982,15.499988555908203,20.60812759399414,15.499989,20.608128
22.0,24.0,772.15735,31.900002,23.467712,15.499990463256836,20.454607009887695,15.49999,20.454607
22.0,24.0,799.14954,32.0,23.598125,15.499990463256836,20.206554412841797,15.49999,20.206554
22.0,24.0,790.0526,32.0,23.706755,15.499990463256836,20.089771270751953,15.49999,20.089771
22.0,24.0,726.2312,32.0,23.790524,15.499988555908203,19.895122528076172,15.499989,19.895123
22.0,24.0,698.9396,31.799995,23.86092,15.499988555908203,19.828598022460938,15.499989,19.828598
22.0,24.0,589.74164,31.699997,23.889738,15.499982833862305,19.687685012817383,15.499983,19.687685
22.0,24.0,538.64453,31.400002,23.901487,15.499980926513672,19.673662185668945,15.499981,19.673662
22.0,24.0,385.721,31.199997,23.863054,15.49996566772461,19.595951080322266,15.499966,19.595951
22.0,24.0,330.21234,30.800003,23.81517,15.499959945678711,19.636695861816406,15.49996,19.636696
22.0,24.0,147.8906,30.5,23.712097,15.499916076660156,19.63231086730957,15.499916,19.63231
22.0,24.0,114.90548,29.899994,23.614624,15.499903678894043,19.723098754882812,15.499904,19.723099
22.0,24.0,47.19,29.199997,23.259588,10.000073432922363,21.586410522460938,10.000073,21.58641
22.0,24.0,52.993584,29.199997,22.778637,10.000065803527832,21.801536560058594,10.000066,21.801537
22.0,24.0,17.654999,26.900002,22.868217,10.000060081481934,21.95759391784668,10.00006,21.957594
22.0,24.0,6.435,26.300003,22.85543,10.000055313110352,22.079721450805664,10.000055,22.079721
22.0,24.0,2.1184604,25.700005,22.845917,10.000054359436035,22.177194595336914,10.000054,22.177195
15.0,28.0,0.0,25.5,22.83096,10.000051498413086,22.265512466430664,10.0000515,22.265512
15.0,28.0,0.0,25.400002,22.820414,10.000052452087402,22.319520950317383,10.000052,22.31952
15.0,28.0,0.0,25.199997,22.796875,10.00005054473877,22.38818359375,10.000051,22.388184
15.0,28.0,0.0,25.0,22.789072,10.000052452087402,22.414823532104492,10.000052,22.414824
15.0,28.0,0.0,24.800003,22.76049,10.00005054473877,22.471397399902344,10.000051,22.471397
15.0,28.0,0.0,24.599998,22.755768,10.000052452087402,22.475566864013672,10.000052,22.475567
15.0,28.0,0.0,24.199997,22.72082,10.00005054473877,22.526472091674805,10.000051,22.526472
15.0,28.0,0.0,23.899998,22.718687,10.000067710876465,22.396793365478516,10.000068,22.396793
15.0,28.0,0.0,23.5,22.611588,10.000065803527832,22.484346389770508,10.000066,22.484346
15.0,28.0,0.0,23.2,22.641249,10.0000581741333,22.45290756225586,10.000058,22.452908
15.0,28.0,0.0,23.0,22.588507,10.000057220458984,22.512292861938477,10.000057,22.512293
15.0,28.0,0.0,22.900002,22.600548,10.00005054473877,22.490345001220703,10.000051,22.490345
15.0,28.0,0.0,22.799995,22.561089,10.000049591064453,22.53658676147461,10.00005,22.536587
15.0,28.0,0.0,22.799995,22.5696,10.000044822692871,22.521583557128906,10.000045,22.521584
15.0,28.0,0.0,22.600002,22.538969,10.000043869018555,22.56071662902832,10.000044,22.560717
15.0,28.0,0.0,22.5,22.538618,10.000040054321289,22.561159133911133,10.00004,22.56116
15.0,28.0,0.0,22.3,22.514162,10.000039100646973,22.594745635986328,10.000039,22.594746
15.0,28.0,0.0,22.200005,22.495571,10.000036239624023,22.613901138305664,10.000036,22.613901
15.0,28.0,0.0,22.5,22.478922,10.000035285949707,22.63177490234375,10.000035,22.631775
15.0,28.0,11.578004,22.799995,22.470787,10.00003433227539,22.63896369934082,10.000034,22.638964
22.0,24.0,11.449257,23.400002,22.466032,10.00003433227539,22.63625717163086,10.000034,22.636257
22.0,24.0,101.746574,24.099998,22.497086,10.000041961669922,22.55865478515625,10.000042,22.558655
22.0,24.0,65.26692,25.199997,22.502415,10.000038146972656,22.542692184448242,10.000038,22.542692
22.0,24.0,187.81642,26.199997,22.749805,15.499944686889648,22.446121215820312,15.499945,22.446121
22.0,24.0,160.61604,27.200005,23.034592,15.49993896484375,22.25063133239746,15.499939,22.250631
22.0,24.0,352.77103,28.099998,23.074127,15.499967575073242,21.928983688354492,15.499968,21.928984
22.0,24.0,359.32986,28.900002,23.057728,15.499968528747559,21.80085563659668,15.499969,21.800856
22.0,24.0,472.1367,29.599998,23.138998,15.499977111816406,21.48442840576172,15.499977,21.484428
22.0,24.0,475.98782,30.199997,23.12359,15.499979019165039,21.358911514282227,15.499979,21.358912
22.0,24.0,499.93277,30.700005,23.179234,15.499979019165039,21.09556007385254,15.499979,21.09556
22.0,24.0,568.8689,31.0,23.191334,15.499983787536621,20.96748161315918,15.499984,20.967482
22.0,24.0,586.3125,31.199997,23.272398,15.499984741210938,20.717174530029297,15.499985,20.717175
22.0,24.0,594.2739,31.300003,23.337742,15.499984741210938,20.6076602935791,15.499985,20.60766
22.0,24.0,641.45966,31.300003,23.431805,15.49998664855957,20.378154754638672,15.499987,20.378155
22.0,24.0,579.6475,31.099998,23.48816,15.499983787536621,20.304664611816406,15.499984,20.304665
22.0,24.0,396.8004,30.900002,23.487896,15.499970436096191,20.172544479370117,15.49997,20.172544
22.0,24.0,406.71707,30.700005,23.499477,15.499971389770508,20.15967559814453,15.499971,20.159676
22.0,24.0,448.2098,30.5,23.526703,15.49997329711914,20.02081298828125,15.499973,20.020813
22.0,24.0,462.4417,30.100006,23.542725,15.499974250793457,20.00848960876465,15.499974,20.00849
22.0,24.0,326.51495,29.800003,23.511105,15.499956130981445,19.920385360717773,15.499956,19.920385
22.0,24.0,311.25873,29.199997,23.480698,15.499954223632812,19.956336975097656,15.499954,19.956337
22.0,24.0,117.50789,28.699997,23.384863,15.499899864196777,19.94764518737793,15.4999,19.947645
22.0,24.0,138.87845,28.0,23.314049,15.499906539916992,20.023550033569336,15.499907,20.02355
22.0,24.0,44.55,27.300003,22.97525,10.00006103515625,21.913423538208008,10.000061,21.913424
22.0,24.0,76.196785,27.300003,22.820705,10.000062942504883,21.992401123046875,10.000063,21.992401
22.0,24.0,12.705,26.099998,22.80512,10.000053405761719,22.176925659179688,10.000053,22.176926
22.0,24.0,21.977846,25.800003,22.845095,10.000052452087402,22.23346710205078,10.000052,22.233467
22.0,24.0,2.1116877,25.5,22.8075,10.00005054473877,22.33150863647461,10.000051,22.331509
15.0,28.0,0.0,25.299995,22.811817,10.000048637390137,22.39685821533203,10.000049,22.396858
15.0,28.0,0.0,25.199997,22.799068,10.000049591064453,22.434389114379883,10.00005,22.43439
15.0,28.0,0.0,25.0,22.77812,10.000048637390137,22.488943099975586,10.000049,22.488943
15.0,28.0,0.0,24.800003,22.772087,10.000049591064453,22.50274658203125,10.00005,22.502747
15.0,28.0,0.0,24.700005,22.745312,10.000048637390137,22.54766082763672,10.000049,22.54766
15.0,28.0,0.0,24.5,22.741964,10.00005054473877,22.54182243347168,10.000051,22.541822
15.0,28.0,0.0,24.400002,22.710005,10.000049591064453,22.58037567138672,10.00005,22.580376
15.0,28.0,0.0,24.299995,22.709675,10.000065803527832,22.442001342773438,10.000066,22.442001
15.0,28.0,0.0,24.099998,22.606651,10.000064849853516,22.513599395751953,10.000065,22.5136
15.0,28.0,0.0,24.0,22.636316,10.000057220458984,22.46805191040039,10.000057,22.468052
15.0,28.0,0.0,23.899998,22.58461,10.000056266784668,22.51483917236328,10.000056,22.51484
15.0,28.0,0.0,23.800003,22.597292,10.000049591064453,22.483705520629883,10.00005,22.483706
15.0,28.0,0.0,23.600002,22.558794,10.000049591064453,22.523868560791016,10.00005,22.523869
15.0,28.0,0.0,23.400002,22.567848,10.000043869018555,22.50716781616211,10.000044,22.507168
15.0,28.0,0.0,23.3,22.540154,10.000043869018555,22.5390625,10.000044,22.539062
15.0,28.0,0.0,23.3,22.546474,10.000040054321289,22.530773162841797,10.00004,22.530773
15.0,28.0,0.0,23.2,22.527061,10.000039100646973,22.555757522583008,10.000039,22.555758
15.0,28.0,0.0,23.099998,22.517698,10.000036239624023,22.56690216064453,10.000036,22.566902
15.0,28.0,0.0,23.099998,22.503304,10.000036239624023,22.585988998413086,10.000036,22.585989
15.0,28.0,3.9474323,23.099998,22.493011,10.000033378601074,22.604333877563477,10.000033,22.604334
22.0,24.0,13.415725,23.3,22.488396,10.00003433227539,22.60512924194336,10.000034,22.60513
22.0,24.0,26.367533,23.5,22.48719,10.000033378601074,22.614103317260742,10.000033,22.614103
22.0,24.0,66.335815,23.800003,22.502697,10.000038146972656,22.571352005004883,10.000038,22.571352
22.0,24.0,83.34548,24.099998,22.714195,15.499922752380371,22.5815372467041,15.499923,22.581537
22.0,24.0,192.13138,24.599998,23.036886,15.499946594238281,22.352128982543945,15.499947,22.352129
22.0,24.0,349.75577,25.0,23.041416,15.499967575073242,22.082313537597656,15.499968,22.082314
22.0,24.0,348.1099,25.400002,23.025883,15.499967575073242,21.987075805664062,15.499968,21.987076
22.0,24.0,477.5312,25.800003,23.1054,15.499979019165039,21.68829917907715,15.499979,21.6883
22.0,24.0,473.03403,26.199997,23.079365,15.499979019165039,21.590839385986328,15.499979,21.59084
22.0,24.0,475.3053,26.599998,23.1248,15.499979019165039,21.355060577392578,15.499979,21.35506
22.0,24.0,655.0224,26.900002,23.158905,15.49998664855957,21.192974090576172,15.499987,21.192974
22.0,24.0,662.6647,27.200005,23.192421,15.49998664855957,20.953397750854492,15.499987,20.953398
22.0,24.0,666.61127,27.300003,23.223978,15.499987602233887,20.851581573486328,15.499988,20.851582
22.0,24.0,590.6865,27.5,23.268795,15.499984741210938,20.65094566345215,15.499985,20.650946
22.0,24.0,529.2184,27.5,23.287277,15.499981880187988,20.60479164123535,15.499982,20.604792
22.0,24.0,591.77,27.5,23.345863,15.499983787536621,20.414194107055664,15.499984,20.414194
22.0,24.0,591.1346,27.300003,23.38127,15.499983787536621,20.367616653442383,15.499984,20.367617
22.0,24.0,277.88568,27.099998,23.314726,15.499954223632812,20.294326782226562,15.499954,20.294327
22.0,24.0,233.18445,26.900002,23.259556,15.499946594238281,20.353647232055664,15.499947,20.353647
22.0,24.0,325.3565,26.699997,23.252312,15.499956130981445,20.24093246459961,15.499956,20.240932
22.0,24.0,285.75833,26.5,23.21014,15.499948501586914,20.282318115234375,15.4999485,20.282318
22.0,24.0,156.75195,26.199997,23.140785,15.499909400939941,20.240230560302734,15.499909,20.24023
22.0,24.0,152.771,25.900002,23.073624,15.499906539916992,20.312143325805664,15.499907,20.312143
22.0,24.0,57.676018,25.5,22.75655,10.000055313110352,22.168184280395508,10.000055,22.168184
22.0,24.0,64.4867,25.5,22.831772,10.000055313110352,22.20743179321289,10.000055,22.207432
22.0,24.0,8.085,24.5,22.772842,10.00004768371582,22.375795364379883,10.000048,22.375795
22.0,24.0,14.335916,24.099998,22.817324,10.000046730041504,22.426115036010742,10.000047,22.426115
22.0,24.0,2.091795,23.699997,22.783377,10.000045776367188,22.502933502197266,10.000046,22.502934
15.0,28.0,0.0,23.600002,22.781944,10.000044822692871,22.560466766357422,10.000045,22.560467
15.0,28.0,0.0,23.400002,22.770714,10.000045776367188,22.589759826660156,10.000046,22.58976
15.0,28.0,0.0,23.400002,22.750355,10.000044822692871,22.635894775390625,10.000045,22.635895
15.0,28.0,0.0,23.400002,22.745602,10.000046730041504,22.639087677001953,10.000047,22.639088
15.0,28.0,0.0,23.3,22.71805,10.000045776367188,22.67771339416504,10.000046,22.677713
15.0,28.0,0.0,23.2,22.716545,10.00004768371582,22.663394927978516,10.000048,22.663395
15.0,28.0,0.0,23.0,22.683535,10.000046730041504,22.698062896728516,10.000047,22.698063
15.0,28.0,0.0,22.7,22.679081,10.000064849853516,22.5914363861084,10.000065,22.591436
15.0,28.0,0.0,22.399998,22.59965,10.000062942504883,22.65382957458496,10.000063,22.65383
15.0,28.0,0.0,22.099998,22.601345,10.000055313110352,22.6218318939209,10.000055,22.621832
15.0,28.0,0.0,21.900002,22.564697,10.000055313110352,22.665504455566406,10.000055,22.665504
15.0,28.0,0.0,21.599998,22.539766,10.000048637390137,22.65410614013672,10.000049,22.654106
15.0,28.0,0.0,21.300003,22.505985,10.00004768371582,22.69788932800293,10.000048,22.69789
15.0,28.0,0.0,21.0,22.4816,10.000042915344238,22.69957733154297,10.000043,22.699577
15.0,28.0,0.0,20.7,22.45057,10.000041961669922,22.74188232421875,10.000042,22.741882
15.0,28.0,0.0,20.400002,22.426529,10.000038146972656,22.7570743560791,10.000038,22.757074
15.0,28.0,0.0,20.2,22.399048,10.000038146972656,22.79525375366211,10.000038,22.795254
15.0,28.0,0.0,20.0,22.376513,10.00003433227539,22.82049560546875,10.000034,22.820496
15.0,28.0,0.0,20.0,22.354355,10.00003433227539,22.850303649902344,10.000034,22.850304
15.0,28.0,9.70226,20.100002,22.339611,10.000032424926758,22.869972229003906,10.000032,22.869972
22.0,24.0,10.395,20.400002,22.327126,10.000032424926758,22.88243293762207,10.000032,22.882433
22.0,24.0,102.02972,20.7,22.348846,10.000040054321289,22.826383590698242,10.00004,22.826384
22.0,24.0,74.51675,21.300003,22.345724,10.000036239624023,22.82564926147461,10.000036,22.82565
22.0,24.0,189.08397,21.900002,22.632318,15.499944686889648,22.778528213500977,15.499945,22.778528
22.0,24.0,196.72806,23.099998,22.964367,15.499945640563965,22.560832977294922,15.499946,22.560833
22.0,24.0,256.43027,24.299995,22.965197,15.499955177307129,22.31641387939453,15.499955,22.316414
22.0,24.0,386.17352,25.199997,22.997614,15.499970436096191,22.128190994262695,15.49997,22.128191
22.0,24.0,480.97208,26.199997,23.05661,15.499977111816406,21.812883377075195,15.499977,21.812883
22.0,24.0,478.21906,26.699997,23.044792,15.499978065490723,21.68785285949707,15.499978,21.687853
22.0,24.0,597.3644,27.200005,23.130667,15.499984741210938,21.37127113342285,15.499985,21.371271
22.0,24.0,450.02615,27.5,23.071499,15.499977111816406,21.324743270874023,15.499977,21.324743
22.0,24.0,486.52356,27.900002,23.136164,15.499979019165039,21.07738494873047,15.499979,21.077385
22.0,24.0,682.18915,28.0,23.166327,15.499987602233887,20.936830520629883,15.499988,20.93683
22.0,24.0,812.97284,28.200005,23.283949,15.499990463256836,20.652692794799805,15.49999,20.652693
22.0,24.0,740.8864,28.300003,23.34845,15.49998950958252,20.53890609741211,15.4999895,20.538906
22.0,24.0,701.26404,28.300003,23.424232,15.499988555908203,20.32649040222168,15.499989,20.32649
22.0,24.0,717.9166,28.300003,23.495804,15.499988555908203,20.24396514892578,15.499989,20.243965
22.0,24.0,609.084,28.300003,23.530174,15.499983787536621,20.075185775756836,15.499984,20.075186
22.0,24.0,553.6009,28.099998,23.543571,15.499980926513672,20.052186965942383,15.499981,20.052187
22.0,24.0,402.52853,27.900002,23.51207,15.499967575073242,19.954750061035156,15.499968,19.95475
22.0,24.0,346.22107,27.5,23.471298,15.499960899353027,19.99550437927246,15.499961,19.995504
22.0,24.0,147.9165,27.200005,23.368988,15.499911308288574,19.984954833984375,15.499911,19.984955
22.0,24.0,139.23984,26.699997,23.28463,15.499907493591309,20.074472427368164,15.4999075,20.074472
22.0,24.0,36.31235,26.199997,22.935581,10.000059127807617,21.97753143310547,10.000059,21.977531
22.0,24.0,52.98495,26.199997,22.823198,10.0000581741333,22.07221221923828,10.000058,22.072212
22.0,24.0,17.16,24.199997,22.80729,10.000052452087402,22.23494529724121,10.000052,22.234945
22.0,24.0,5.775,23.600002,22.822054,10.000048637390137,22.337690353393555,10.000049,22.33769
22.0,24.0,2.0822854,23.0,22.806114,10.000048637390137,22.421422958374023,10.000049,22.421423
15.0,28.0,0.0,22.7,22.790703,10.000045776367188,22.501617431640625,10.000046,22.501617
15.0,28.0,0.0,22.399998,22.77987,10.000046730041504,22.547752380371094,10.000047,22.547752
15.0,28.0,0.0,22.099998,22.75468,10.000045776367188,22.612924575805664,10.000046,22.612925
15.0,28.0,0.0,21.8,22.746828,10.000046730041504,22.63420867919922,10.000047,22.634209
15.0,28.0,0.0,21.7,22.71701,10.000045776367188,22.68703269958496,10.000046,22.687033
15.0,28.0,0.0,21.599998,22.7126,10.000046730041504,22.68448257446289,10.000047,22.684483
15.0,28.0,0.0,21.5,22.67743,10.000045776367188,22.728404998779297,10.000046,22.728405
15.0,28.0,0.0,21.399998,22.65139,10.0000638961792,22.652006149291992,10.000064,22.652006
15.0,28.0,0.0,21.300003,22.59753,10.000062942504883,22.706972122192383,10.000063,22.706972
15.0,28.0,0.0,21.199997,22.567736,10.000055313110352,22.686279296875,10.000055,22.68628
15.0,28.0,0.0,21.0,22.527822,10.000054359436035,22.73413848876953,10.000054,22.734138
15.0,28.0,0.0,20.900002,22.501522,10.00004768371582,22.7215576171875,10.000048,22.721558
15.0,28.0,0.0,20.8,22.467564,10.00004768371582,22.76180648803711,10.000048,22.761806
15.0,28.0,0.0,20.7,22.444456,10.000041961669922,22.758075714111328,10.000042,22.758076
15.0,28.0,0.0,20.5,22.41539,10.000041961669922,22.79541778564453,10.000042,22.795418
15.0,28.0,0.0,20.400002,22.3947,10.00003719329834,22.80254554748535,10.000037,22.802546
15.0,28.0,0.0,20.100002,22.369476,10.00003719329834,22.838415145874023,10.000037,22.838415
15.0,28.0,0.0,19.899998,22.349518,10.000033378601074,22.860151290893555,10.000033,22.860151
15.0,28.0,0.0,20.0,22.330118,10.000033378601074,22.884502410888672,10.000033,22.884502
15.0,28.0,9.6937895,20.2,22.318373,10.000031471252441,22.898197174072266,10.000031,22.898197
22.0,24.0,10.56,21.0,22.31205,10.000031471252441,22.894506454467773,10.000031,22.894506
22.0,24.0,100.31344,21.8,22.341494,10.000039100646973,22.819963455200195,10.000039,22.819963
22.0,24.0,61.53602,22.799995,22.344906,10.000035285949707,22.80801773071289,10.000035,22.808018
22.0,24.0,194.13303,23.899998,22.64966,15.499944686889648,22.712013244628906,15.499945,22.712013
22.0,24.0,173.13216,25.100006,22.97065,15.499940872192383,22.495758056640625,15.499941,22.495758
22.0,24.0,377.3819,26.300003,23.018726,15.499968528747559,22.1484375,15.499969,22.148438
22.0,24.0,405.558,27.099998,23.010735,15.499971389770508,21.995153427124023,15.499971,21.995153
22.0,24.0,566.9651,27.799995,23.11127,15.499982833862305,21.63451385498047,15.499983,21.634514
22.0,24.0,609.31635,28.400002,23.110462,15.499984741210938,21.4658203125,15.499985,21.46582
22.0,24.0,720.19476,28.900002,23.199032,15.499988555908203,21.141706466674805,15.499989,21.141706
22.0,24.0,755.40247,29.400002,23.208305,15.499990463256836,20.98503875732422,15.49999,20.985039
22.0,24.0,799.77216,29.800003,23.32161,15.499990463256836,20.69817352294922,15.49999,20.698174
22.0,24.0,826.293,30.100006,23.427832,15.499991416931152,20.5421085357666,15.499991,20.542109
22.0,24.0,823.03656,30.5,23.54532,15.499991416931152,20.2911434173584,15.499991,20.291143
22.0,24.0,810.6346,30.599998,23.651241,15.499991416931152,20.172374725341797,15.499991,20.172375
22.0,24.0,752.6731,30.800003,23.73366,15.49998950958252,19.971384048461914,15.4999895,19.971384
22.0,24.0,723.25684,30.900002,23.805235,15.499988555908203,19.89641761779785,15.499989,19.896418
22.0,24.0,613.2367,31.0,23.838215,15.499984741210938,19.74522590637207,15.499985,19.745226
22.0,24.0,537.99146,30.900002,23.847359,15.499980926513672,19.72684097290039,15.499981,19.726841
22.0,24.0,361.98972,30.700005,23.800978,15.499963760375977,19.652647018432617,15.499964,19.652647
22.0,24.0,342.32288,30.400002,23.760925,15.499960899353027,19.688005447387695,15.499961,19.688005
22.0,24.0,102.057625,30.0,23.641731,15.499899864196777,19.701581954956055,15.4999,19.701582
22.0,24.0,143.10475,29.099998,23.557568,15.49991226196289,19.78111457824707,15.499912,19.781115
22.0,24.0,43.23,28.200005,23.198833,10.000069618225098,21.66636848449707,10.00007,21.666368
22.0,24.0,49.53224,28.200005,22.786106,10.0000638961792,21.865358352661133,10.000064,21.865358
22.0,24.0,15.84,25.100006,22.852554,10.0000581741333,22.036556243896484,10.000058,22.036556
22.0,24.0,6.8295355,24.299995,22.845383,10.000053405761719,22.163063049316406,10.000053,22.163063
22.0,24.0,0.0,23.600002,22.830692,10.000052452087402,22.27117347717285,10.000052,22.271173
15.0,28.0,0.0,23.3,22.816452,10.000049591064453,22.363975524902344,10.00005,22.363976
15.0,28.0,0.0,22.900002,22.801102,10.00005054473877,22.42708396911621,10.000051,22.427084
15.0,28.0,0.0,22.5,22.775484,10.000048637390137,22.505678176879883,10.000049,22.505678
15.0,28.0,0.0,22.099998,22.765339,10.000049591064453,22.540592193603516,10.00005,22.540592
15.0,28.0,0.0,21.7,22.7331,10.00004768371582,22.607868194580078,10.000048,22.607868
15.0,28.0,0.0,21.300003,22.726013,10.000048637390137,22.620624542236328,10.000049,22.620625
15.0,28.0,0.0,21.0,22.68872,10.00004768371582,22.67838478088379,10.000048,22.678385
15.0,28.0,0.0,20.7,22.684355,10.000065803527832,22.606781005859375,10.000066,22.606781
15.0,28.0,0.0,20.400002,22.605097,10.000064849853516,22.686817169189453,10.000065,22.686817
15.0,28.0,0.0,20.2,22.589489,10.000056266784668,22.674009323120117,10.000056,22.67401
15.0,28.0,0.0,19.899998,22.539303,10.000055313110352,22.738008499145508,10.000055,22.738008
15.0,28.0,0.0,19.700005,22.503325,10.000048637390137,22.74066734313965,10.000049,22.740667
15.0,28.0,0.0,19.5,22.459915,10.00004768371582,22.795989990234375,10.000048,22.79599
15.0,28.0,0.0,19.3,22.427652,10.000041961669922,22.806678771972656,10.000042,22.806679
15.0,28.0,0.0,19.099998,22.390284,10.000041007995605,22.855798721313477,10.000041,22.855799
15.0,28.0,0.0,19.0,22.361969,10.00003719329834,22.87323760986328,10.000037,22.873238
15.0,28.0,0.0,18.800003,22.330542,10.000036239624023,22.916053771972656,10.000036,22.916054
15.0,28.0,0.0,18.600002,22.304909,10.000033378601074,22.944900512695312,10.000033,22.9449
15.0,28.0,0.0,18.899998,22.281908,10.000033378601074,22.971010208129883,10.000033,22.97101
15.0,28.0,7.7936754,19.3,22.267393,10.000030517578125,22.98522186279297,10.0000305,22.985222
22.0,24.0,14.492538,20.0,22.26038,10.000031471252441,22.98166275024414,10.000031,22.981663
22.0,24.0,100.51262,20.7,22.286537,10.000038146972656,22.915063858032227,10.000038,22.915064
22.0,24.0,70.2771,21.599998,22.290543,10.000035285949707,22.90059471130371,10.000035,22.900595
22.0,24.0,199.39798,22.5,22.59084,15.499944686889648,22.82730484008789,15.499945,22.827305
22.0,24.0,196.7607,23.899998,22.937393,15.499944686889648,22.59299087524414,15.499945,22.59299
22.0,24.0,349.21338,25.400002,22.985085,15.49996566772461,22.262720108032227,15.499966,22.26272
22.0,24.0,338.4156,26.5,22.969654,15.49996566772461,22.129222869873047,15.499966,22.129223
22.0,24.0,142.81168,27.600006,22.964048,15.499933242797852,21.96776008605957,15.499933,21.96776
22.0,24.0,186.63857,28.400002,22.978113,15.499943733215332,21.858341217041016,15.499944,21.858341
22.0,24.0,560.72644,29.199997,23.114613,15.499981880187988,21.432430267333984,15.499982,21.43243
22.0,24.0,726.4025,29.700005,23.124653,15.499988555908203,21.221378326416016,15.499989,21.221378
22.0,24.0,814.9583,30.299995,23.211477,15.499990463256836,20.893217086791992,15.49999,20.893217
22.0,24.0,828.5077,30.599998,23.281765,15.499991416931152,20.719608306884766,15.499991,20.719608
22.0,24.0,825.33923,31.0,23.412836,15.499990463256836,20.4365234375,15.49999,20.436523
22.0,24.0,816.0264,31.199997,23.528036,15.499990463256836,20.292667388916016,15.49999,20.292667
22.0,24.0,753.21814,31.400002,23.62815,15.49998950958252,20.066486358642578,15.4999895,20.066486
22.0,24.0,721.6376,31.400002,23.708736,15.499988555908203,19.977783203125,15.499989,19.977783
22.0,24.0,511.5753,31.400002,23.719467,15.499979019165039,19.830411911010742,15.499979,19.830412
22.0,24.0,443.2468,31.199997,23.71798,15.49997329711914,19.825958251953125,15.499973,19.825958
22.0,24.0,221.18823,31.0,23.645744,15.499939918518066,19.779651641845703,15.49994,19.779652
22.0,24.0,222.14505,30.5,23.591732,15.499939918518066,19.833267211914062,15.49994,19.833267
22.0,24.0,160.97598,30.100006,23.519962,15.499916076660156,19.79964256286621,15.499916,19.799643
22.0,24.0,30.382034,29.199997,23.404749,15.499862670898438,19.929096221923828,15.499863,19.929096
22.0,24.0,58.959087,28.300003,23.078468,10.000067710876465,21.774131774902344,10.000068,21.774132
22.0,24.0,87.0499,28.300003,22.801739,10.000067710876465,21.890928268432617,10.000068,21.890928
22.0,24.0,8.25,25.800003,22.810844,10.000054359436035,22.113615036010742,10.000054,22.113615
22.0,24.0,13.034339,25.199997,22.854805,10.000053405761719,22.192434310913086,10.000053,22.192434
22.0,24.0,0.0,24.599998,22.81768,10.000051498413086,22.298938751220703,10.0000515,22.298939
15.0,28.0,0.0,24.199997,22.815271,10.000049591064453,22.378372192382812,10.00005,22.378372
15.0,28.0,0.0,23.699997,22.798643,10.000049591064453,22.433767318725586,10.00005,22.433767
15.0,28.0,0.0,23.3,22.775627,10.00004768371582,22.504207611083984,10.000048,22.504208
15.0,28.0,0.0,22.900002,22.766453,10.000049591064453,22.532747268676758,10.00005,22.532747
15.0,28.0,0.0,22.600002,22.736254,10.00004768371582,22.592731475830078,10.000048,22.592731
15.0,28.0,0.0,22.200005,22.729908,10.000049591064453,22.60036849975586,10.00005,22.600368
15.0,28.0,0.0,21.900002,22.694117,10.00004768371582,22.653228759765625,10.000048,22.653229
15.0,28.0,0.0,21.599998,22.690699,10.000065803527832,22.565170288085938,10.000066,22.56517
15.0,28.0,0.0,21.300003,22.605444,10.000064849853516,22.643795013427734,10.000065,22.643795
15.0,28.0,0.0,21.0,22.617313,10.000056266784668,22.619701385498047,10.000056,22.619701
15.0,28.0,0.0,20.8,22.570747,10.000055313110352,22.677217483520508,10.000055,22.677217
15.0,28.0,0.0,20.599998,22.537828,10.000048637390137,22.675355911254883,10.000049,22.675356
15.0,28.0,0.0,20.400002,22.497364,10.00004768371582,22.726726531982422,10.000048,22.726727
15.0,28.0,0.0,20.2,22.467764,10.000042915344238,22.733821868896484,10.000043,22.733822
15.0,28.0,0.0,20.100002,22.43344,10.000041961669922,22.777362823486328,10.000042,22.777363
15.0,28.0,0.0,19.899998,22.40705,10.000038146972656,22.793682098388672,10.000038,22.793682
15.0,28.0,0.0,19.8,22.378397,10.00003719329834,22.831640243530273,10.000037,22.83164
15.0,28.0,0.0,19.599998,22.354883,10.00003433227539,22.857803344726562,10.000034,22.857803
15.0,28.0,0.0,19.899998,22.33405,10.000033378601074,22.881210327148438,10.000033,22.88121
15.0,28.0,6.8269973,20.2,22.320438,10.000031471252441,22.896482467651367,10.000031,22.896482
22.0,24.0,11.714909,20.8,22.313349,10.000031471252441,22.895450592041016,10.000031,22.89545
22.0,24.0,99.24672,21.399998,22.339436,10.000039100646973,22.829452514648438,10.000039,22.829453
22.0,24.0,67.19996,22.200005,22.341434,10.000035285949707,22.820262908935547,10.000035,22.820263
22.0,24.0,66.37056,23.099998,22.5965,15.499914169311523,22.82648468017578,15.499914,22.826485
22.0,24.0,98.49369,24.0,22.932682,15.499923706054688,22.617324829101562,15.499924,22.617325
22.0,24.0,175.21332,25.0,22.941525,15.499940872192383,22.375947952270508,15.499941,22.375948
22.0,24.0,234.47624,25.900002,22.946505,15.499951362609863,22.24273109436035,15.499951,22.242731
22.0,24.0,359.98203,26.799995,23.018353,15.499967575073242,21.924774169921875,15.499968,21.924774
22.0,24.0,469.48184,27.300003,23.02855,15.499977111816406,21.750226974487305,15.499977,21.750227
22.0,24.0,589.7659,27.799995,23.106459,15.499983787536621,21.422393798828125,15.499984,21.422394
22.0,24.0,755.846,28.200005,23.14583,15.49998950958252,21.213878631591797,15.4999895,21.213879
22.0,24.0,822.3429,28.599998,23.215542,15.499990463256836,20.91280746459961,15.49999,20.912807
22.0,24.0,832.73157,28.800003,23.280304,15.499991416931152,20.755979537963867,15.499991,20.75598
22.0,24.0,824.5068,29.0,23.393959,15.499991416931152,20.493879318237305,15.499991,20.49388
22.0,24.0,815.88654,29.099998,23.490614,15.499991416931152,20.36823272705078,15.499991,20.368233
22.0,24.0,758.89294,29.299995,23.577818,15.49998950958252,20.15286636352539,15.4999895,20.152866
22.0,24.0,729.75885,29.199997,23.644726,15.499988555908203,20.076738357543945,15.499989,20.076738
22.0,24.0,622.76556,29.199997,23.67722,15.499984741210938,19.918188095092773,15.499985,19.918188
22.0,24.0,572.13965,29.099998,23.694857,15.499982833862305,19.893905639648438,15.499983,19.893906
22.0,24.0,420.95517,28.900002,23.663696,15.499969482421875,19.800552368164062,15.4999695,19.800552
22.0,24.0,359.9172,28.5,23.620182,15.49996280670166,19.8400821685791,15.499963,19.840082
22.0,24.0,168.55788,28.099998,23.517813,15.499919891357422,19.83098602294922,15.49992,19.830986
22.0,24.0,128.85582,27.300003,23.419071,15.499906539916992,19.93523597717285,15.499907,19.935236
22.0,24.0,45.54,26.5,23.059902,10.000064849853516,21.827239990234375,10.000065,21.82724
22.0,24.0,48.53468,26.5,22.799587,10.000060081481934,21.989803314208984,10.00006,21.989803
22.0,24.0,15.51,23.3,22.826248,10.000054359436035,22.167484283447266,10.000054,22.167484
22.0,24.0,4.376728,22.600002,22.828665,10.000049591064453,22.291584014892578,10.00005,22.291584
22.0,24.0,0.0,21.900002,22.812593,10.000049591064453,22.393009185791016,10.00005,22.39301
15.0,28.0,0.0,21.7,22.796219,10.000046730041504,22.48302459716797,10.000047,22.483025
15.0,28.0,0.0,21.599998,22.782585,10.00004768371582,22.537689208984375,10.000048,22.53769
15.0,28.0,0.0,21.599998,22.757124,10.000045776367188,22.6068172454834,10.000046,22.606817
15.0,28.0,0.0,21.599998,22.748812,10.000046730041504,22.629013061523438,10.000047,22.629013
15.0,28.0,0.0,21.7,22.71865,10.000045776367188,22.68156623840332,10.000046,22.681566
15.0,28.0,0.0,21.8,22.714693,10.00004768371582,22.677099227905273,10.000048,22.6771
15.0,28.0,0.0,21.8,22.679653,10.000045776367188,22.71906280517578,10.000046,22.719063
15.0,28.0,0.0,21.8,22.66087,10.0000638961792,22.632213592529297,10.000064,22.632214
15.0,28.0,0.0,21.599998,22.605785,10.000062942504883,22.687957763671875,10.000063,22.687958
15.0,28.0,0.0,21.5,22.578852,10.000055313110352,22.66505241394043,10.000055,22.665052
15.0,28.0,0.0,20.900002,22.537264,10.000054359436035,22.721622467041016,10.000054,22.721622
15.0,28.0,0.0,20.299995,22.506788,10.000048637390137,22.723751068115234,10.000049,22.723751
15.0,28.0,0.0,19.8,22.466291,10.00004768371582,22.7807674407959,10.000048,22.780767
15.0,28.0,0.0,19.400002,22.434868,10.000041961669922,22.794193267822266,10.000042,22.794193
15.0,28.0,0.0,18.899998,22.395899,10.000041961669922,22.850744247436523,10.000042,22.850744
15.0,28.0,0.0,18.400002,22.363503,10.00003719329834,22.88068389892578,10.000037,22.880684
15.0,28.0,0.0,18.099998,22.327679,10.00003719329834,22.932126998901367,10.000037,22.932127
15.0,28.0,0.0,17.7,22.296074,10.000033378601074,22.972244262695312,10.000033,22.972244
15.0,28.0,0.0,18.2,22.269096,10.000032424926758,23.001258850097656,10.000032,23.001259
15.0,28.0,6.831144,18.600002,22.25002,10.000030517578125,23.021268844604492,10.0000305,23.021269
22.0,24.0,9.276376,19.899998,22.24207,10.000030517578125,23.011661529541016,10.0000305,23.011662
22.0,24.0,98.55159,21.300003,22.273224,10.000038146972656,22.926301956176758,10.000038,22.926302
22.0,24.0,65.32222,22.5,22.282074,10.00003433227539,22.90019989013672,10.000034,22.9002
22.0,24.0,201.36897,23.699997,22.592926,15.499944686889648,22.799989700317383,15.499945,22.79999
22.0,24.0,189.15834,25.299995,22.943048,15.499942779541016,22.552738189697266,15.499943,22.552738
22.0,24.0,386.74612,27.0,23.004536,15.499969482421875,22.17856216430664,15.4999695,22.178562
22.0,24.0,418.7485,27.699997,22.999084,15.499972343444824,22.011701583862305,15.499972,22.011702
22.0,24.0,567.907,28.5,23.102188,15.499982833862305,21.641965866088867,15.499983,21.641966
22.0,24.0,614.7337,29.0,23.106352,15.499984741210938,21.46385955810547,15.499985,21.46386
22.0,24.0,721.55963,29.599998,23.197208,15.499988555908203,21.13123321533203,15.499989,21.131233
22.0,24.0,760.3306,30.0,23.209293,15.499990463256836,20.969289779663086,15.49999,20.96929
22.0,24.0,816.11945,30.400002,23.332676,15.499990463256836,20.672935485839844,15.49999,20.672935
22.0,24.0,832.0543,30.700005,23.444424,15.499992370605469,20.51198387145996,15.499992,20.511984
22.0,24.0,830.8681,30.900002,23.568197,15.499991416931152,20.26140785217285,15.499991,20.261408
22.0,24.0,821.169,31.0,23.678429,15.499991416931152,20.139862060546875,15.499991,20.139862
22.0,24.0,762.29987,31.099998,23.765339,15.499990463256836,19.93923568725586,15.49999,19.939236
22.0,24.0,730.81287,31.0,23.837177,15.499988555908203,19.867334365844727,15.499989,19.867334
22.0,24.0,611.3368,31.0,23.866144,15.499984741210938,19.720989227294922,15.499985,19.72099
22.0,24.0,569.8,30.700005,23.882421,15.499982833862305,19.703813552856445,15.499983,19.703814
22.0,24.0,417.55118,30.400002,23.847012,15.499969482421875,19.622053146362305,15.4999695,19.622053
22.0,24.0,359.40594,30.0,23.800539,15.499963760375977,19.661161422729492,15.499964,19.661161
22.0,24.0,168.68253,29.5,23.694672,15.499921798706055,19.65873146057129,15.499922,19.658731
22.0,24.0,136.23798,28.400002,23.591534,15.49991226196289,19.762264251708984,15.499912,19.762264
22.0,24.0,43.065,27.300003,23.222988,10.000070571899414,21.650836944580078,10.000071,21.650837
22.0,24.0,53.061626,27.300003,22.781483,10.0000638961792,21.8613224029541,10.000064,21.861322
22.0,24.0,13.365,24.0,22.849318,10.000057220458984,22.050640106201172,10.000057,22.05064
22.0,24.0,5.382231,23.2,22.844883,10.000052452087402,22.183616638183594,10.000052,22.183617
22.0,24.0,0.0,22.5,22.827534,10.000051498413086,22.296926498413086,10.0000515,22.296926
15.0,28.0,0.0,22.099998,22.81066,10.000049591064453,22.39771270751953,10.00005,22.397713
15.0,28.0,0.0,21.7,22.79485,10.000049591064453,22.465871810913086,10.00005,22.465872
15.0,28.0,0.0,21.300003,22.767471,10.00004768371582,22.549713134765625,10.000048,22.549713
15.0,28.0,0.0,21.0,22.757017,10.000048637390137,22.58673095703125,10.000049,22.586731
15.0,28.0,0.0,20.7,22.723583,10.000046730041504,22.655811309814453,10.000047,22.655811
15.0,28.0,0.0,20.400002,22.71624,10.00004768371582,22.668521881103516,10.000048,22.668522
15.0,28.0,0.0,20.2,22.67833,10.000045776367188,22.726036071777344,10.000046,22.726036
15.0,28.0,0.0,19.899998,22.651524,10.000064849853516,22.677457809448242,10.000065,22.677458
15.0,28.0,0.0,19.8,22.58875,10.0000638961792,22.747344970703125,10.000064,22.747345
15.0,28.0,0.0,19.599998,22.54823,10.000055313110352,22.743133544921875,10.000055,22.743134
15.0,28.0,0.0,19.5,22.49955,10.000054359436035,22.80181884765625,10.000054,22.801819
15.0,28.0,0.0,19.400002,22.465014,10.00004768371582,22.80038833618164,10.000048,22.800388
15.0,28.0,0.0,19.400002,22.424583,10.000046730041504,22.84793472290039,10.000047,22.847935
15.0,28.0,0.0,19.400002,22.396175,10.000041007995605,22.849624633789062,10.000041,22.849625
15.0,28.0,0.0,19.2,22.362434,10.000041007995605,22.892995834350586,10.000041,22.892996
15.0,28.0,0.0,19.099998,22.33776,10.000036239624023,22.90533447265625,10.000036,22.905334
15.0,28.0,0.0,18.899998,22.30962,10.000036239624023,22.943449020385742,10.000036,22.943449
15.0,28.0,0.0,18.699997,22.286901,10.000033378601074,22.968175888061523,10.000033,22.968176
15.0,28.0,0.0,18.899998,22.265854,10.000032424926758,22.992982864379883,10.000032,22.992983
15.0,28.0,5.864081,19.099998,22.251228,10.000030517578125,23.010997772216797,10.0000305,23.010998
22.0,24.0,10.388587,20.100002,22.245842,10.000030517578125,23.002155303955078,10.0000305,23.002155
22.0,24.0,97.78965,21.100002,22.27545,10.000038146972656,22.925827026367188,10.000038,22.925827
22.0,24.0,66.503555,22.200005,22.283358,10.00003433227539,22.902790069580078,10.000034,22.90279
22.0,24.0,203.74272,23.3,22.591866,15.499944686889648,22.809171676635742,15.499945,22.809172
22.0,24.0,194.8408,25.0,22.942436,15.499943733215332,22.56040382385254,15.499944,22.560404
22.0,24.0,389.0068,26.699997,23.003078,15.499969482421875,22.189353942871094,15.4999695,22.189354
22.0,24.0,422.29233,27.300003,22.997307,15.49997329711914,22.026119232177734,15.499973,22.02612
22.0,24.0,567.1064,28.0,23.098309,15.499982833862305,21.66342544555664,15.499983,21.663425
22.0,24.0,615.48676,28.5,23.102951,15.499984741210938,21.487228393554688,15.499985,21.487228
22.0,24.0,700.1759,29.0,23.185425,15.499988555908203,21.168983459472656,15.499989,21.168983
22.0,24.0,648.4615,29.400002,23.171192,15.49998664855957,21.049945831298828,15.499987,21.049946
22.0,24.0,764.5346,29.700005,23.284908,15.499990463256836,20.754791259765625,15.49999,20.754791
22.0,24.0,816.1011,30.0,23.384739,15.499991416931152,20.596166610717773,15.499991,20.596167
22.0,24.0,781.0773,30.299995,23.48759,15.499990463256836,20.35075569152832,15.49999,20.350756
22.0,24.0,765.81964,30.400002,23.585306,15.499990463256836,20.23720359802246,15.49999,20.237204
22.0,24.0,651.0266,30.5,23.641197,15.49998664855957,20.050161361694336,15.499987,20.050161
22.0,24.0,652.6668,30.5,23.699087,15.49998664855957,19.990262985229492,15.499987,19.990263
22.0,24.0,560.5135,30.400002,23.723614,15.499981880187988,19.847614288330078,15.499982,19.847614
22.0,24.0,520.17017,30.299995,23.736143,15.499979019165039,19.831195831298828,15.499979,19.831196
22.0,24.0,386.0794,30.199997,23.705341,15.49996566772461,19.74220085144043,15.499966,19.7422
22.0,24.0,361.13614,29.899994,23.674326,15.49996280670166,19.770666122436523,15.499963,19.770666
22.0,24.0,120.41672,29.599998,23.56417,15.49990463256836,19.771812438964844,15.499905,19.771812
22.0,24.0,142.11635,29.199997,23.485031,15.499910354614258,19.84397315979004,15.49991,19.843973
22.0,24.0,42.508858,28.800003,23.134933,10.000066757202148,21.726381301879883,10.000067,21.726381
22.0,24.0,55.34742,28.800003,22.798782,10.000062942504883,21.88548469543457,10.000063,21.885485
22.0,24.0,12.705,26.699997,22.84495,10.000056266784668,22.049564361572266,10.000056,22.049564
22.0,24.0,13.149711,25.900002,22.851181,10.000054359436035,22.14499855041504,10.000054,22.144999
22.0,24.0,0.0,25.100006,22.82703,10.000052452087402,22.25269317626953,10.000052,22.252693
15.0,28.0,0.0,24.400002,22.8204,10.00005054473877,22.339191436767578,10.000051,22.339191
15.0,28.0,0.0,23.600002,22.803629,10.00005054473877,22.402681350708008,10.000051,22.402681
15.0,28.0,0.0,23.099998,22.780277,10.000048637390137,22.479570388793945,10.000049,22.47957
15.0,28.0,0.0,22.600002,22.769838,10.000049591064453,22.514751434326172,10.00005,22.514751
15.0,28.0,0.0,22.3,22.73917,10.00004768371582,22.579702377319336,10.000048,22.579702
15.0,28.0,0.0,21.900002,22.731869,10.000049591064453,22.591686248779297,10.00005,22.591686
15.0,28.0,0.0,21.599998,22.69534,10.00004768371582,22.64826774597168,10.000048,22.648268
15.0,28.0,0.0,21.300003,22.691221,10.000065803527832,22.565744400024414,10.000066,22.565744
15.0,28.0,0.0,21.0,22.606674,10.000064849853516,22.64703941345215,10.000065,22.64704
15.0,28.0,0.0,20.7,22.616753,10.000056266784668,22.626060485839844,10.000056,22.62606
15.0,28.0,0.0,20.400002,22.567375,10.000055313110352,22.689115524291992,10.000055,22.689116
15.0,28.0,0.0,20.0,22.530777,10.000048637390137,22.695798873901367,10.000049,22.695799
15.0,28.0,0.0,19.700005,22.486431,10.00004768371582,22.754688262939453,10.000048,22.754688
15.0,28.0,0.0,19.3,22.45174,10.000042915344238,22.772174835205078,10.000043,22.772175
15.0,28.0,0.0,19.0,22.411594,10.000041961669922,22.827392578125,10.000042,22.827393
15.0,28.0,0.0,18.699997,22.3792,10.00003719329834,22.853857040405273,10.000037,22.853857
15.0,28.0,0.0,18.400002,22.34351,10.00003719329834,22.90473175048828,10.000037,22.904732
15.0,28.0,0.0,18.2,22.313799,10.000033378601074,22.9394474029541,10.000033,22.939447
15.0,28.0,0.0,18.600002,22.287579,10.000033378601074,22.968549728393555,10.000033,22.96855
15.0,28.0,3.9563766,18.899998,22.268085,10.000030517578125,22.991962432861328,10.0000305,22.991962
22.0,24.0,15.067212,20.100002,22.26257,10.000031471252441,22.97826385498047,10.000031,22.978264
22.0,24.0,95.93523,21.300003,22.289629,10.000038146972656,22.903427124023438,10.000038,22.903427
22.0,24.0,72.7681,22.3,22.299267,10.000035285949707,22.876392364501953,10.000035,22.876392
22.0,24.0,204.99866,23.3,22.60527,15.499945640563965,22.788036346435547,15.499946,22.788036
22.0,24.0,201.18547,25.199997,22.955557,15.499944686889648,22.53215789794922,15.499945,22.532158
22.0,24.0,384.668,27.099998,23.007515,15.499969482421875,22.163394927978516,15.4999695,22.163395
22.0,24.0,424.25836,28.0,23.007002,15.49997329711914,21.986614227294922,15.499973,21.986614
22.0,24.0,575.0433,28.900002,23.108898,15.499982833862305,21.61274528503418,15.499983,21.612745
22.0,24.0,625.8631,29.400002,23.115076,15.499984741210938,21.430091857910156,15.499985,21.430092
22.0,24.0,731.9158,29.800003,23.2052,15.499988555908203,21.102041244506836,15.499989,21.102041
22.0,24.0,770.9829,30.100006,23.227556,15.499990463256836,20.938892364501953,15.49999,20.938892
22.0,24.0,824.1798,30.5,23.349901,15.499991416931152,20.645357131958008,15.499991,20.645357
22.0,24.0,829.7351,30.599998,23.462097,15.499992370605469,20.49152183532715,15.499992,20.491522
22.0,24.0,787.55347,30.700005,23.570162,15.499990463256836,20.25570297241211,15.49999,20.255703
22.0,24.0,760.93176,30.800003,23.661526,15.499990463256836,20.150367736816406,15.49999,20.150368
22.0,24.0,707.2437,30.800003,23.732113,15.499988555908203,19.964345932006836,15.499989,19.964346
22.0,24.0,648.388,30.700005,23.780956,15.49998664855957,19.909530639648438,15.499987,19.90953
22.0,24.0,542.12994,30.599998,23.794247,15.499980926513672,19.779346466064453,15.499981,19.779346
22.0,24.0,500.93405,30.299995,23.795326,15.499979019165039,19.7763671875,15.499979,19.776367
22.0,24.0,345.22574,30.0,23.74489,15.499961853027344,19.70909881591797,15.499962,19.709099
22.0,24.0,333.0528,29.599998,23.701057,15.499959945678711,19.750598907470703,15.49996,19.750599
22.0,24.0,135.53543,29.099998,23.591663,15.499910354614258,19.75377655029297,15.49991,19.753777
22.0,24.0,152.96954,28.200005,23.50438,15.499916076660156,19.840715408325195,15.499916,19.840715
22.0,24.0,39.266144,27.300003,23.137009,10.000066757202148,21.742076873779297,10.000067,21.742077
22.0,24.0,69.47931,27.300003,22.801037,10.000065803527832,21.88875961303711,10.000066,21.88876
22.0,24.0,10.065,24.5,22.825571,10.000055313110352,22.099266052246094,10.000055,22.099266
22.0,24.0,10.970379,23.899998,22.849598,10.000052452087402,22.200666427612305,10.000052,22.200666
22.0,24.0,0.0,23.2,22.818226,10.000051498413086,22.314708709716797,10.0000515,22.314709
15.0,28.0,0.0,22.900002,22.811205,10.000048637390137,22.403583526611328,10.000049,22.403584
15.0,28.0,0.0,22.7,22.79527,10.000049591064453,22.4616756439209,10.00005,22.461676
15.0,28.0,0.0,22.5,22.770521,10.00004768371582,22.534379959106445,10.000048,22.53438
15.0,28.0,0.0,22.3,22.761436,10.000048637390137,22.5623836517334,10.000049,22.562384
15.0,28.0,0.0,22.200005,22.731005,10.000046730041504,22.620750427246094,10.000047,22.62075
15.0,28.0,0.0,22.0,22.725216,10.000048637390137,22.62496566772461,10.000049,22.624966
15.0,28.0,0.0,21.900002,22.69001,10.00004768371582,22.67350196838379,10.000048,22.673502
15.0,28.0,0.0,21.7,22.687122,10.000065803527832,22.583005905151367,10.000066,22.583006
15.0,28.0,0.0,21.599998,22.60432,10.0000638961792,22.652816772460938,10.000064,22.652817
15.0,28.0,0.0,21.5,22.608877,10.000056266784668,22.622846603393555,10.000056,22.622847
15.0,28.0,0.0,21.300003,22.566515,10.000055313110352,22.67397689819336,10.000055,22.673977
15.0,28.0,0.0,21.199997,22.538359,10.000048637390137,22.663921356201172,10.000049,22.663921
15.0,28.0,0.0,21.100002,22.502687,10.00004768371582,22.706710815429688,10.000048,22.70671
15.0,28.0,0.0,21.100002,22.478762,10.000042915344238,22.702590942382812,10.000043,22.70259
15.0,28.0,0.0,21.0,22.449453,10.000041961669922,22.738603591918945,10.000042,22.738604
15.0,28.0,0.0,20.900002,22.428638,10.000038146972656,22.745792388916016,10.000038,22.745792
15.0,28.0,0.0,20.8,22.404858,10.00003719329834,22.77676010131836,10.000037,22.77676
15.0,28.0,0.0,20.7,22.386566,10.00003433227539,22.794496536254883,10.000034,22.794497
15.0,28.0,0.0,20.900002,22.369652,10.00003433227539,22.813827514648438,10.000034,22.813828
15.0,28.0,1.9754627,21.100002,22.357548,10.000031471252441,22.830791473388672,10.000031,22.830791
22.0,24.0,29.016027,21.8,22.361004,10.00003433227539,22.806852340698242,10.000034,22.806852
22.0,24.0,86.14102,22.5,22.381432,10.000038146972656,22.755369186401367,10.000038,22.75537
22.0,24.0,93.524284,23.600002,22.401915,10.000039100646973,22.70264434814453,10.000039,22.702644
22.0,24.0,133.88225,24.599998,22.676857,15.499932289123535,22.66075897216797,15.499932,22.660759
22.0,24.0,176.4774,25.400002,22.996344,15.4999418258667,22.43311309814453,15.499942,22.433113
22.0,24.0,158.36777,26.199997,22.962666,15.499938011169434,22.243112564086914,15.499938,22.243113
22.0,24.0,236.35072,26.300003,22.983097,15.49995231628418,22.12359619140625,15.499952,22.123596
22.0,24.0,264.0687,26.5,23.016426,15.499956130981445,21.89365577697754,15.499956,21.893656
22.0,24.0,260.1987,26.099998,22.992008,15.499958038330078,21.8416805267334,15.499958,21.84168
22.0,24.0,289.14432,25.800003,23.033394,15.499960899353027,21.632301330566406,15.499961,21.632301
22.0,24.0,350.70758,25.5,23.018898,15.499967575073242,21.566089630126953,15.499968,21.56609
22.0,24.0,364.98294,25.299995,23.047844,15.499968528747559,21.364673614501953,15.499969,21.364674
22.0,24.0,392.55362,25.100006,23.023285,15.499971389770508,21.320457458496094,15.499971,21.320457
22.0,24.0,229.44331,25.0,23.00013,15.499948501586914,21.20310401916504,15.4999485,21.203104
22.0,24.0,206.73048,24.899994,22.957466,15.499944686889648,21.224699020385742,15.499945,21.224699
22.0,24.0,224.08467,24.899994,22.971607,15.499943733215332,21.068288803100586,15.499944,21.068289
22.0,24.0,125.596695,24.800003,22.88703,15.499919891357422,21.135818481445312,15.49992,21.135818
22.0,24.0,189.773,24.599998,22.915953,15.499929428100586,20.97907257080078,15.499929,20.979073
22.0,24.0,338.86096,24.5,22.89532,15.499958038330078,20.949947357177734,15.499958,20.949947
22.0,24.0,150.12062,24.299995,22.848314,15.499910354614258,20.863101959228516,15.49991,20.863102
22.0,24.0,74.8196,24.199997,22.77969,15.499879837036133,20.93893051147461,15.49988,20.93893
22.0,24.0,35.329796,24.0,22.766098,15.49984073638916,20.8510799407959,15.499841,20.85108
22.0,24.0,28.528255,23.800003,22.69689,15.499834060668945,20.92290496826172,15.499834,20.922905
22.0,24.0,37.39733,23.600002,22.495085,10.000041961669922,22.667205810546875,10.000042,22.667206
22.0,24.0,19.505274,23.600002,22.810265,10.000041007995605,22.642932891845703,10.000041,22.642933
22.0,24.0,8.41585,23.099998,22.734837,10.000040054321289,22.712478637695312,10.00004,22.712479
22.0,24.0,3.9253087,22.900002,22.753649,10.000039100646973,22.747066497802734,10.000039,22.747066
22.0,24.0,0.0,22.799995,22.74258,10.000040054321289,22.770967483520508,10.00004,22.770967
15.0,28.0,0.0,22.7,22.717384,10.000039100646973,22.80414581298828,10.000039,22.804146
15.0,28.0,0.0,22.5,22.690289,10.000041007995605,22.811838150024414,10.000041,22.811838
15.0,28.0,0.0,22.399998,22.660578,10.000040054321289,22.84242057800293,10.00004,22.84242
15.0,28.0,0.0,22.3,22.63673,10.000041961669922,22.834007263183594,10.000042,22.834007
15.0,28.0,0.0,22.099998,22.607395,10.000041007995605,22.862424850463867,10.000041,22.862425
15.0,28.0,0.0,21.900002,22.584911,10.000042915344238,22.842836380004883,10.000043,22.842836
15.0,28.0,0.0,21.8,22.55559,10.000041961669922,22.868541717529297,10.000042,22.868542
15.0,28.0,0.0,21.599998,22.534527,10.00006103515625,22.8062744140625,10.000061,22.806274
15.0,28.0,0.0,21.5,22.499256,10.000060081481934,22.84050750732422,10.00006,22.840508
15.0,28.0,0.0,21.300003,22.480484,10.000052452087402,22.806644439697266,10.000052,22.806644
15.0,28.0,0.0,21.199997,22.451511,10.000052452087402,22.837663650512695,10.000052,22.837664
15.0,28.0,0.0,21.100002,22.43443,10.000045776367188,22.81230926513672,10.000046,22.81231
15.0,28.0,0.0,21.100002,22.409752,10.000045776367188,22.83782958984375,10.000046,22.83783
15.0,28.0,0.0,21.0,22.394672,10.000041007995605,22.822795867919922,10.000041,22.822796
15.0,28.0,0.0,21.0,22.374434,10.000041007995605,22.844566345214844,10.000041,22.844566
15.0,28.0,0.0,20.900002,22.361265,10.000036239624023,22.84076499938965,10.000036,22.840765
15.0,28.0,0.0,20.900002,22.345268,10.000036239624023,22.859111785888672,10.000036,22.859112
15.0,28.0,0.0,20.900002,22.334417,10.000033378601074,22.86457061767578,10.000033,22.86457
15.0,28.0,0.0,21.0,22.323576,10.000033378601074,22.876487731933594,10.000033,22.876488
15.0,28.0,3.9496624,21.100002,22.31725,10.000031471252441,22.886241912841797,10.000031,22.886242
22.0,24.0,13.28501,21.5,22.317366,10.000031471252441,22.877361297607422,10.000031,22.877361
22.0,24.0,93.20518,22.0,22.34532,10.000038146972656,22.812976837158203,10.000038,22.812977
22.0,24.0,93.12919,22.600002,22.360188,10.000039100646973,22.776927947998047,10.000039,22.776928
22.0,24.0,76.98746,23.3,22.612606,15.499917984008789,22.79317855834961,15.499918,22.793179
22.0,24.0,77.92097,23.899998,22.936798,15.499918937683105,22.61009979248047,15.499919,22.6101
22.0,24.0,150.81326,24.599998,22.939173,15.4999361038208,22.388309478759766,15.499936,22.38831
22.0,24.0,150.79077,25.299995,22.92331,15.499937057495117,22.308073043823242,15.499937,22.308073
22.0,24.0,214.60883,26.0,22.975937,15.499948501586914,22.05220603942871,15.4999485,22.052206
22.0,24.0,288.56104,26.699997,22.97163,15.499959945678711,21.926006317138672,15.49996,21.926006
22.0,24.0,231.23494,27.399994,22.986628,15.499950408935547,21.711833953857422,15.49995,21.711834
22.0,24.0,179.95045,28.0,22.954094,15.499940872192383,21.663265228271484,15.499941,21.663265
22.0,24.0,213.7529,28.699997,22.99696,15.499944686889648,21.423397064208984,15.499945,21.423397
22.0,24.0,407.40567,29.099998,23.016043,15.499971389770508,21.279382705688477,15.499971,21.279383
22.0,24.0,475.29437,29.400002,23.061674,15.499975204467773,21.01101303100586,15.499975,21.011013
22.0,24.0,369.04047,29.599998,23.012394,15.499966621398926,20.966232299804688,15.499967,20.966232
22.0,24.0,638.9799,29.700005,23.141588,15.499984741210938,20.665712356567383,15.499985,20.665712
22.0,24.0,611.45636,29.599998,23.187471,15.499983787536621,20.564035415649414,15.499984,20.564035
22.0,24.0,514.0999,29.400002,23.234825,15.499977111816406,20.366361618041992,15.499977,20.366362
22.0,24.0,362.43964,29.199997,23.224728,15.49996280670166,20.356740951538086,15.499963,20.35674
22.0,24.0,282.39993,28.900002,23.211424,15.499946594238281,20.244461059570312,15.499947,20.244461
22.0,24.0,313.65787,28.599998,23.20617,15.49995231628418,20.24961280822754,15.499952,20.249613
22.0,24.0,137.38339,28.300003,23.14252,15.499900817871094,20.19952964782715,15.499901,20.19953
22.0,24.0,155.09135,27.799995,23.097687,15.499906539916992,20.25087547302246,15.499907,20.250875
22.0,24.0,41.604965,27.300003,22.785604,10.000054359436035,22.131851196289062,10.000054,22.131851
22.0,24.0,54.254986,27.300003,22.8409,10.000055313110352,22.16146469116211,10.000055,22.161465
22.0,24.0,11.88,25.5,22.7843,10.000049591064453,22.317007064819336,10.00005,22.317007
22.0,24.0,2.64,25.0,22.818756,10.000046730041504,22.3902530670166,10.000047,22.390253
22.0,24.0,0.0,24.599998,22.800758,10.00004768371582,22.4521484375,10.000048,22.452148
15.0,28.0,0.0,24.299995,22.788967,10.000045776367188,22.511653900146484,10.000046,22.511654
15.0,28.0,0.0,24.099998,22.779982,10.000046730041504,22.54171371459961,10.000047,22.541714
15.0,28.0,0.0,23.899998,22.758343,10.000045776367188,22.59139060974121,10.000046,22.59139
15.0,28.0,0.0,23.800003,22.753757,10.00004768371582,22.59808921813965,10.000048,22.59809
15.0,28.0,0.0,23.699997,22.726364,10.000045776367188,22.638795852661133,10.000046,22.638796
15.0,28.0,0.0,23.600002,22.724447,10.000048637390137,22.62674331665039,10.000049,22.626743
15.0,28.0,0.0,23.5,22.69204,10.00004768371582,22.661561965942383,10.000048,22.661562
15.0,28.0,0.0,23.5,22.693104,10.000064849853516,22.536785125732422,10.000065,22.536785
15.0,28.0,0.0,23.400002,22.601105,10.0000638961792,22.597885131835938,10.000064,22.597885
15.0,28.0,0.0,23.3,22.62699,10.000056266784668,22.54964828491211,10.000056,22.549648
15.0,28.0,0.0,23.099998,22.57664,10.000055313110352,22.594444274902344,10.000055,22.594444
15.0,28.0,0.0,23.0,22.587395,10.000049591064453,22.561695098876953,10.00005,22.561695
15.0,28.0,0.0,22.900002,22.55341,10.000048637390137,22.595754623413086,10.000049,22.595755
15.0,28.0,0.0,22.7,22.54118,10.000043869018555,22.584636688232422,10.000044,22.584637
15.0,28.0,0.0,22.7,22.518064,10.000042915344238,22.610992431640625,10.000043,22.610992
15.0,28.0,0.0,22.600002,22.502245,10.000039100646973,22.611248016357422,10.000039,22.611248
15.0,28.0,0.0,22.7,22.484539,10.000039100646973,22.63085174560547,10.000039,22.630852
15.0,28.0,0.0,22.7,22.472027,10.000035285949707,22.639175415039062,10.000035,22.639175
15.0,28.0,0.0,22.7,22.459328,10.000035285949707,22.65554428100586,10.000035,22.655544
15.0,28.0,1.9731386,22.7,22.450068,10.000032424926758,22.6728572845459,10.000032,22.672857
22.0,24.0,20.52501,22.900002,22.449848,10.00003433227539,22.66435432434082,10.000034,22.664354
22.0,24.0,54.39274,23.099998,22.457596,10.000036239624023,22.64984703063965,10.000036,22.649847
22.0,24.0,93.43567,23.400002,22.476543,10.000041007995605,22.6008243560791,10.000041,22.600824
22.0,24.0,189.67773,23.600002,22.731705,15.499945640563965,22.561891555786133,15.499946,22.561892
22.0,24.0,209.06512,24.0,23.022463,15.499948501586914,22.373031616210938,15.4999485,22.373032
22.0,24.0,297.2506,24.400002,23.02224,15.499961853027344,22.141855239868164,15.499962,22.141855
22.0,24.0,305.47647,25.0,23.012802,15.499963760375977,22.047887802124023,15.499964,22.047888
22.0,24.0,445.01794,25.5,23.088734,15.499975204467773,21.749248504638672,15.499975,21.749249
22.0,24.0,535.5516,26.199997,23.089394,15.499981880187988,21.595369338989258,15.499982,21.59537
22.0,24.0,610.20435,26.900002,23.150959,15.499984741210938,21.305442810058594,15.499985,21.305443
22.0,24.0,363.6338,27.399994,23.068192,15.499970436096191,21.306291580200195,15.49997,21.306292
22.0,24.0,195.03328,27.900002,23.070522,15.499946594238281,21.170913696289062,15.499947,21.170914
22.0,24.0,90.09033,28.300003,23.004715,15.499921798706055,21.211946487426758,15.499922,21.211946
22.0,24.0,98.0065,28.599998,23.02108,15.499917984008789,21.06049919128418,15.499918,21.0605
22.0,24.0,244.4855,28.800003,23.006802,15.499950408935547,21.01186752319336,15.49995,21.011868
22.0,24.0,568.90326,29.0,23.108215,15.499980926513672,20.721006393432617,15.499981,20.721006
22.0,24.0,731.7922,29.0,23.19443,15.499988555908203,20.585966110229492,15.499989,20.585966
22.0,24.0,639.3492,29.0,23.266655,15.499983787536621,20.356016159057617,15.499984,20.356016
22.0,24.0,426.26413,28.800003,23.259954,15.499969482421875,20.329898834228516,15.4999695,20.329899
22.0,24.0,310.63806,28.5,23.240524,15.49995231628418,20.219335556030273,15.499952,20.219336
22.0,24.0,208.85315,28.200005,23.19175,15.499932289123535,20.271385192871094,15.499932,20.271385
22.0,24.0,158.2737,27.900002,23.146576,15.499908447265625,20.203781127929688,15.499908,20.203781
22.0,24.0,164.84618,27.300003,23.095757,15.499909400939941,20.261632919311523,15.499909,20.261633
22.0,24.0,41.394558,26.799995,22.77874,10.000054359436035,22.14533233642578,10.000054,22.145332
22.0,24.0,60.87397,26.799995,22.842525,10.000055313110352,22.166091918945312,10.000055,22.166092
22.0,24.0,10.395,24.800003,22.775288,10.000048637390137,22.33956527709961,10.000049,22.339565
22.0,24.0,7.615575,24.199997,22.818907,10.000046730041504,22.406909942626953,10.000047,22.40691
22.0,24.0,0.0,23.600002,22.791212,10.000046730041504,22.483074188232422,10.000047,22.483074
15.0,28.0,0.0,23.2,22.783897,10.000044822692871,22.547454833984375,10.000045,22.547455
15.0,28.0,0.0,22.799995,22.771582,10.000045776367188,22.58477020263672,10.000046,22.58477
15.0,28.0,0.0,22.5,22.748928,10.000044822692871,22.641162872314453,10.000045,22.641163
15.0,28.0,0.0,22.099998,22.741564,10.000045776367188,22.656583786010742,10.000046,22.656584
15.0,28.0,0.0,21.8,22.712112,10.000044822692871,22.706581115722656,10.000045,22.706581
15.0,28.0,0.0,21.5,22.707947,10.000046730041504,22.703102111816406,10.000047,22.703102
15.0,28.0,0.0,21.199997,22.669327,10.000045776367188,22.748706817626953,10.000046,22.748707
15.0,28.0,0.0,20.900002,22.631603,10.0000638961792,22.68748664855957,10.000064,22.687487
15.0,28.0,0.0,20.7,22.57696,10.000062942504883,22.74677276611328,10.000063,22.746773
15.0,28.0,0.0,20.5,22.544476,10.000054359436035,22.731739044189453,10.000054,22.731739
15.0,28.0,0.0,20.400002,22.502796,10.000054359436035,22.780649185180664,10.000054,22.78065
15.0,28.0,0.0,20.299995,22.474503,10.00004768371582,22.770606994628906,10.000048,22.770607
15.0,28.0,0.0,20.299995,22.439678,10.000046730041504,22.810394287109375,10.000047,22.810394
15.0,28.0,0.0,20.2,22.415611,10.000041961669922,22.80770492553711,10.000042,22.807705
15.0,28.0,0.0,20.2,22.387264,10.000041007995605,22.840850830078125,10.000041,22.84085
15.0,28.0,0.0,20.2,22.36756,10.00003719329834,22.844491958618164,10.000037,22.844492
15.0,28.0,0.0,20.100002,22.34485,10.000036239624023,22.87346076965332,10.000036,22.87346
15.0,28.0,0.0,20.0,22.327719,10.000033378601074,22.889184951782227,10.000033,22.889185
15.0,28.0,0.0,20.299995,22.312473,10.000033378601074,22.90447235107422,10.000033,22.904472
15.0,28.0,2.9632719,20.5,22.302088,10.000030517578125,22.91799545288086,10.0000305,22.917995
22.0,24.0,11.914466,21.199997,22.30089,10.000031471252441,22.906585693359375,10.000031,22.906586
22.0,24.0,91.27664,22.0,22.329342,10.000038146972656,22.83704948425293,10.000038,22.83705
22.0,24.0,73.535,22.900002,22.34102,10.000036239624023,22.807645797729492,10.000036,22.807646
22.0,24.0,210.12007,23.899998,22.64844,15.499946594238281,22.70962142944336,15.499947,22.709621
22.0,24.0,220.46835,24.800003,22.980904,15.499948501586914,22.476734161376953,15.4999485,22.476734
22.0,24.0,392.83414,25.700005,23.016914,15.499970436096191,22.151721954345703,15.49997,22.151722
22.0,24.0,440.91367,26.400002,23.021095,15.499975204467773,21.988779067993164,15.499975,21.98878
22.0,24.0,561.11017,27.099998,23.10588,15.499982833862305,21.653301239013672,15.499983,21.653301
22.0,24.0,617.2778,27.600006,23.11249,15.499984741210938,21.485164642333984,15.499985,21.485165
22.0,24.0,665.5762,28.200005,23.179457,15.49998664855957,21.191431045532227,15.499987,21.191431
22.0,24.0,719.2884,28.5,23.192636,15.499988555908203,21.044414520263672,15.499989,21.044415
22.0,24.0,726.00543,28.900002,23.270859,15.499988555908203,20.78257942199707,15.499989,20.78258
22.0,24.0,777.6877,28.900002,23.357159,15.499990463256836,20.64591407775879,15.49999,20.645914
22.0,24.0,774.0084,28.900002,23.454693,15.499990463256836,20.41307258605957,15.49999,20.413073
22.0,24.0,750.8978,29.0,23.535322,15.499990463256836,20.312000274658203,15.49999,20.312
22.0,24.0,679.2349,29.0,23.594185,15.499987602233887,20.12717628479004,15.499988,20.127176
22.0,24.0,647.5637,29.0,23.636335,15.49998664855957,20.074729919433594,15.499987,20.07473
22.0,24.0,586.83655,29.0,23.663074,15.499982833862305,19.92917251586914,15.499983,19.929173
22.0,24.0,525.9384,28.800003,23.666267,15.499979019165039,19.91913604736328,15.499979,19.919136
22.0,24.0,373.84875,28.599998,23.62232,15.499964714050293,19.839067459106445,15.499965,19.839067
22.0,24.0,351.95676,28.300003,23.58162,15.499961853027344,19.87782859802246,15.499962,19.877829
22.0,24.0,152.05798,27.900002,23.476057,15.499914169311523,19.872684478759766,15.499914,19.872684
22.0,24.0,165.23009,27.0,23.391983,15.499917984008789,19.9621524810791,15.499918,19.962152
22.0,24.0,33.592144,26.099998,23.027077,10.00006103515625,21.880727767944336,10.000061,21.880728
22.0,24.0,69.08627,26.099998,22.816923,10.000062942504883,21.985652923583984,10.000063,21.985653
22.0,24.0,5.775,24.0,22.806479,10.000052452087402,22.1953067779541,10.000052,22.195307
22.0,24.0,4.351875,23.5,22.840193,10.000049591064453,22.28920555114746,10.00005,22.289206
22.0,24.0,0.0,23.0,22.811062,10.000049591064453,22.383499145507812,10.00005,22.3835
15.0,28.0,0.0,22.7,22.799053,10.00004768371582,22.46589469909668,10.000048,22.465895
15.0,28.0,0.0,22.3,22.784447,10.00004768371582,22.519245147705078,10.000048,22.519245
15.0,28.0,0.0,22.0,22.759773,10.000045776367188,22.588966369628906,10.000046,22.588966
15.0,28.0,0.0,21.599998,22.750288,10.00004768371582,22.616046905517578,10.000048,22.616047
15.0,28.0,0.0,21.300003,22.7191,10.000045776367188,22.675851821899414,10.000046,22.675852
15.0,28.0,0.0,20.900002,22.712606,10.00004768371582,22.682228088378906,10.000048,22.682228
15.0,28.0,0.0,20.599998,22.675873,10.000045776367188,22.73496437072754,10.000046,22.734964
15.0,28.0,0.0,20.400002,22.644184,10.000064849853516,22.678997039794922,10.000065,22.678997
15.0,28.0,0.0,20.100002,22.584011,10.0000638961792,22.747835159301758,10.000064,22.747835
15.0,28.0,0.0,19.8,22.545963,10.000055313110352,22.74234962463379,10.000055,22.74235
15.0,28.0,0.0,19.599998,22.498543,10.000054359436035,22.801118850708008,10.000054,22.801119
15.0,28.0,0.0,19.400002,22.464397,10.00004768371582,22.800994873046875,10.000048,22.800995
15.0,28.0,0.0,19.2,22.422913,10.000046730041504,22.853397369384766,10.000047,22.853397
15.0,28.0,0.0,19.0,22.392315,10.000041007995605,22.861711502075195,10.000041,22.861712
15.0,28.0,0.0,18.800003,22.356472,10.000041007995605,22.908485412597656,10.000041,22.908485
15.0,28.0,0.0,18.600002,22.328815,10.000036239624023,22.926376342773438,10.000036,22.926376
15.0,28.0,0.0,18.400002,22.298138,10.000036239624023,22.968181610107422,10.000036,22.968182
15.0,28.0,0.0,18.2,22.272942,10.000033378601074,22.996126174926758,10.000033,22.996126
15.0,28.0,0.0,18.5,22.25032,10.000032424926758,23.021514892578125,10.000032,23.021515
15.0,28.0,0.9890033,18.699997,22.23251,10.000029563903809,23.044925689697266,10.00003,23.044926
22.0,24.0,23.038809,19.700005,22.231386,10.000031471252441,23.025279998779297,10.000031,23.02528
22.0,24.0,85.22813,20.7,22.252386,10.000036239624023,22.968215942382812,10.000036,22.968216
22.0,24.0,81.391014,21.7,22.267803,10.000036239624023,22.928077697753906,10.000036,22.928078
22.0,24.0,207.62878,22.799995,22.5715,15.499945640563965,22.847604751586914,15.499946,22.847605
22.0,24.0,223.91591,24.199997,22.931593,15.499948501586914,22.59181022644043,15.4999485,22.59181
22.0,24.0,387.50348,25.5,22.988903,15.499969482421875,22.247577667236328,15.4999695,22.247578
22.0,24.0,449.17493,26.400002,22.997486,15.499975204467773,22.063199996948242,15.499975,22.0632
22.0,24.0,609.5212,27.200005,23.097248,15.499984741210938,21.689966201782227,15.499985,21.689966
22.0,24.0,670.05804,27.799995,23.1074,15.49998664855957,21.498966217041016,15.499987,21.498966
22.0,24.0,714.7355,28.400002,23.179985,15.499988555908203,21.19179916381836,15.499989,21.1918
22.0,24.0,680.3239,28.699997,23.174694,15.499988555908203,21.06702423095703,15.499989,21.067024
22.0,24.0,637.08386,29.099998,23.23404,15.49998664855957,20.8251895904541,15.499987,20.82519
22.0,24.0,695.9796,29.299995,23.305416,15.499988555908203,20.6970272064209,15.499989,20.697027
22.0,24.0,876.9582,29.5,23.456745,15.499992370605469,20.4188289642334,15.499992,20.418829
22.0,24.0,829.72485,29.599998,23.556692,15.499991416931152,20.291109085083008,15.499991,20.29111
22.0,24.0,640.0062,29.700005,23.59858,15.49998664855957,20.105297088623047,15.499987,20.105297
22.0,24.0,738.3545,29.700005,23.680737,15.49998950958252,20.033653259277344,15.4999895,20.033653
22.0,24.0,569.4324,29.599998,23.69625,15.499981880187988,19.886306762695312,15.499982,19.886307
22.0,24.0,572.6546,29.400002,23.720196,15.499982833862305,19.865962982177734,15.499983,19.865963
22.0,24.0,405.42664,29.299995,23.685024,15.499967575073242,19.774627685546875,15.499968,19.774628
22.0,24.0,334.54083,28.900002,23.635681,15.499959945678711,19.818981170654297,15.49996,19.818981
22.0,24.0,153.95927,28.599998,23.533295,15.499916076660156,19.810710906982422,15.499916,19.81071
22.0,24.0,165.22711,27.900002,23.450811,15.499917984008789,19.892995834350586,15.499918,19.892996
22.0,24.0,32.835,27.200005,23.086914,10.0000638961792,21.805326461791992,10.000064,21.805326
22.0,24.0,60.249905,27.200005,22.809608,10.000062942504883,21.937280654907227,10.000063,21.93728
22.0,24.0,9.735,23.699997,22.818624,10.000054359436035,22.14590835571289,10.000054,22.145908
22.0,24.0,1.8150002,23.099998,22.840504,10.00005054473877,22.260963439941406,10.000051,22.260963
22.0,24.0,0.0,22.5,22.817915,10.000049591064453,22.359952926635742,10.00005,22.359953
15.0,28.0,0.0,22.3,22.801945,10.00004768371582,22.449199676513672,10.000048,22.4492
15.0,28.0,0.0,22.0,22.787403,10.000048637390137,22.506763458251953,10.000049,22.506763
15.0,28.0,0.0,21.8,22.761995,10.000046730041504,22.579437255859375,10.000047,22.579437
15.0,28.0,0.0,21.599998,22.752832,10.00004768371582,22.606712341308594,10.000048,22.606712
15.0,28.0,0.0,21.5,22.72183,10.000045776367188,22.665056228637695,10.000046,22.665056
15.0,28.0,0.0,21.5,22.71714,10.00004768371582,22.665855407714844,10.000048,22.665855
15.0,28.0,0.0,21.199997,22.679731,10.000046730041504,22.71603012084961,10.000047,22.71603
15.0,28.0,0.0,21.0,22.662142,10.000064849853516,22.64400863647461,10.000065,22.644009
15.0,28.0,0.0,20.7,22.602852,10.0000638961792,22.709896087646484,10.000064,22.709896
15.0,28.0,0.0,20.299995,22.566788,10.000055313110352,22.70347785949707,10.000055,22.703478
15.0,28.0,0.0,20.100002,22.521042,10.000054359436035,22.760292053222656,10.000054,22.760292
15.0,28.0,0.0,19.8,22.487534,10.00004768371582,22.76085662841797,10.000048,22.760857
15.0,28.0,0.0,19.599998,22.446756,10.00004768371582,22.81267547607422,10.000048,22.812675
15.0,28.0,0.0,19.400002,22.416597,10.000041961669922,22.820438385009766,10.000042,22.820438
15.0,28.0,0.0,19.3,22.381802,10.000041007995605,22.864362716674805,10.000041,22.864363
15.0,28.0,0.0,19.2,22.355621,10.00003719329834,22.878599166870117,10.000037,22.8786
15.0,28.0,0.0,19.099998,22.327007,10.000036239624023,22.915958404541016,10.000036,22.915958
15.0,28.0,0.0,19.099998,22.30507,10.000033378601074,22.93653106689453,10.000033,22.936531
15.0,28.0,0.0,19.099998,22.283325,10.000033378601074,22.96488380432129,10.000033,22.964884
15.0,28.0,0.98869437,19.099998,22.265774,10.000030517578125,22.99199676513672,10.0000305,22.991997
22.0,24.0,13.938819,19.700005,22.258808,10.000031471252441,22.9893798828125,10.000031,22.98938
22.0,24.0,34.930607,20.2,22.259167,10.000031471252441,22.9857120513916,10.000031,22.985712
22.0,24.0,55.32496,21.0,22.271278,10.000033378601074,22.94915771484375,10.000033,22.949158
22.0,24.0,81.00224,21.8,22.526516,15.499917984008789,22.957202911376953,15.499918,22.957203
22.0,24.0,92.41297,22.900002,22.860004,15.499921798706055,22.756492614746094,15.499922,22.756493
22.0,24.0,154.12103,23.899998,22.908129,15.499935150146484,22.511362075805664,15.499935,22.511362
22.0,24.0,184.09477,24.599998,22.89705,15.499942779541016,22.40781593322754,15.499943,22.407816
22.0,24.0,177.80557,25.299995,22.93071,15.499940872192383,22.18231201171875,15.499941,22.182312
22.0,24.0,104.83927,25.700005,22.88895,15.499924659729004,22.151508331298828,15.499925,22.151508
22.0,24.0,63.360733,26.0,22.912033,15.499909400939941,21.97014617919922,15.499909,21.970146
22.0,24.0,71.282104,26.199997,22.87968,15.49991226196289,21.93819236755371,15.499912,21.938192
22.0,24.0,80.2,26.400002,22.902834,15.499910354614258,21.743528366088867,15.49991,21.743528
22.0,24.0,186.31537,26.5,22.891497,15.49993896484375,21.669511795043945,15.499939,21.669512
22.0,24.0,407.34442,26.699997,22.975569,15.499969482421875,21.356245040893555,15.4999695,21.356245
22.0,24.0,431.88,27.099998,22.944057,15.499971389770508,21.2633113861084,15.499971,21.263311
22.0,24.0,660.4473,27.399994,23.053497,15.499984741210938,20.93800163269043,15.499985,20.938002
22.0,24.0,610.5105,27.699997,23.024914,15.499982833862305,20.841053009033203,15.499983,20.841053
22.0,24.0,650.06964,28.0,23.114975,15.499983787536621,20.57859992980957,15.499984,20.5786
22.0,24.0,541.1741,28.0,23.135612,15.499979019165039,20.507946014404297,15.499979,20.507946
22.0,24.0,328.45258,28.0,23.119621,15.499953269958496,20.37136459350586,15.499953,20.371365
22.0,24.0,172.4877,27.699997,23.06047,15.499920845031738,20.432781219482422,15.499921,20.432781
22.0,24.0,165.74684,27.399994,23.033424,15.499907493591309,20.34125518798828,15.4999075,20.341255
22.0,24.0,165.25876,26.900002,22.990808,15.499906539916992,20.39040184020996,15.499907,20.390402
22.0,24.0,40.81259,26.300003,22.686258,10.00005054473877,22.263240814208984,10.000051,22.26324
22.0,24.0,52.065422,26.300003,22.849453,10.000052452087402,22.261611938476562,10.000052,22.261612
22.0,24.0,828.33655,24.599998,22.984028,10.00069808959961,21.254398345947266,10.000698,21.254398
22.0,24.0,3.3587558,24.199997,22.259027,10.000044822692871,22.490798950195312,10.000045,22.490799
22.0,24.0,0.0,23.899998,22.943035,10.000048637390137,22.394678115844727,10.000049,22.394678
15.0,28.0,0.0,23.699997,22.756,10.000045776367188,22.503135681152344,10.000046,22.503136
15.0,28.0,0.0,23.600002,22.792582,10.00004768371582,22.52849578857422,10.000048,22.528496
15.0,28.0,0.0,23.400002,22.756975,10.000045776367188,22.586891174316406,10.000046,22.586891
15.0,28.0,0.0,23.3,22.754787,10.00004768371582,22.597713470458984,10.000048,22.597713
15.0,28.0,0.0,23.2,22.725536,10.000045776367188,22.64293670654297,10.000046,22.642937
15.0,28.0,0.0,23.0,22.722471,10.000048637390137,22.635744094848633,10.000049,22.635744
15.0,28.0,0.0,22.900002,22.689419,10.000046730041504,22.674362182617188,10.000047,22.674362
15.0,28.0,0.0,22.799995,22.689045,10.000064849853516,22.563039779663086,10.000065,22.56304
15.0,28.0,0.0,22.7,22.601536,10.0000638961792,22.626140594482422,10.000064,22.62614
15.0,28.0,0.0,22.600002,22.622532,10.000056266784668,22.582862854003906,10.000056,22.582863
15.0,28.0,0.0,22.399998,22.575882,10.000055313110352,22.629005432128906,10.000055,22.629005
15.0,28.0,0.0,22.200005,22.563696,10.000048637390137,22.609539031982422,10.000049,22.609539
15.0,28.0,0.0,22.0,22.532139,10.000048637390137,22.6483211517334,10.000049,22.648321
15.0,28.0,0.0,21.8,22.510574,10.000042915344238,22.644309997558594,10.000043,22.64431
15.0,28.0,0.0,21.7,22.48347,10.000042915344238,22.677831649780273,10.000043,22.677832
15.0,28.0,0.0,21.5,22.463528,10.000038146972656,22.685462951660156,10.000038,22.685463
15.0,28.0,0.0,21.5,22.441364,10.000038146972656,22.713027954101562,10.000038,22.713028
15.0,28.0,0.0,21.399998,22.424154,10.00003433227539,22.729293823242188,10.000034,22.729294
15.0,28.0,0.0,21.399998,22.407116,10.00003433227539,22.75189208984375,10.000034,22.751892
15.0,28.0,1.9740874,21.399998,22.393822,10.000032424926758,22.774255752563477,10.000032,22.774256
22.0,24.0,6.435,21.8,22.386446,10.000032424926758,22.7779541015625,10.000032,22.777954
22.0,24.0,89.5975,22.200005,22.40873,10.000039100646973,22.72161865234375,10.000039,22.721619
22.0,24.0,94.93296,22.7,22.41866,10.000040054321289,22.69150161743164,10.00004,22.691502
22.0,24.0,60.78527,23.2,22.658278,15.49991512298584,22.727169036865234,15.499915,22.727169
22.0,24.0,106.67026,23.600002,22.97326,15.499927520751953,22.539308547973633,15.4999275,22.539309
22.0,24.0,236.24956,24.099998,22.978308,15.49995231628418,22.295251846313477,15.499952,22.295252
22.0,24.0,382.69196,24.599998,23.0043,15.499970436096191,22.121274948120117,15.49997,22.121275
22.0,24.0,410.9797,25.0,23.03737,15.49997329711914,21.87164306640625,15.499973,21.871643
22.0,24.0,461.05655,25.400002,23.044153,15.499977111816406,21.742185592651367,15.499977,21.742186
22.0,24.0,554.0646,25.800003,23.108582,15.499982833862305,21.455459594726562,15.499983,21.45546
22.0,24.0,486.59656,26.0,23.070498,15.499979019165039,21.390377044677734,15.499979,21.390377
22.0,24.0,362.05768,26.300003,23.080221,15.499969482421875,21.219160079956055,15.4999695,21.21916
22.0,24.0,390.39468,26.400002,23.063673,15.499971389770508,21.17125701904297,15.499971,21.171257
22.0,24.0,671.01025,26.599998,23.166683,15.49998664855957,20.877857208251953,15.499987,20.877857
22.0,24.0,595.3753,26.599998,23.153942,15.499984741210938,20.813648223876953,15.499985,20.813648
22.0,24.0,603.4705,26.599998,23.216843,15.499983787536621,20.60268783569336,15.499984,20.602688
22.0,24.0,603.4641,26.199997,23.248278,15.499984741210938,20.549915313720703,15.499985,20.549915
22.0,24.0,223.7399,25.900002,23.164621,15.499942779541016,20.494245529174805,15.499943,20.494246
22.0,24.0,163.8771,25.400002,23.095833,15.499929428100586,20.580570220947266,15.499929,20.58057
22.0,24.0,332.41367,25.0,23.105957,15.499956130981445,20.4470272064209,15.499956,20.447027
22.0,24.0,303.38135,24.5,23.06536,15.499951362609863,20.491426467895508,15.499951,20.491426
22.0,24.0,168.36768,24.0,22.996681,15.49991226196289,20.44791603088379,15.499912,20.447916
22.0,24.0,170.42365,23.3,22.932629,15.499911308288574,20.530515670776367,15.499911,20.530516
22.0,24.0,34.815,22.600002,22.616634,10.00004768371582,22.404434204101562,10.000048,22.404434
22.0,24.0,55.727276,22.600002,22.851566,10.00005054473877,22.389026641845703,10.000051,22.389027
22.0,24.0,8.25,21.300003,22.737316,10.000043869018555,22.56157875061035,10.000044,22.561579
22.0,24.0,1.155,20.8,22.784176,10.000041961669922,22.633451461791992,10.000042,22.633451
22.0,24.0,0.0,20.299995,22.758575,10.000041961669922,22.69635772705078,10.000042,22.696358
15.0,28.0,0.0,19.899998,22.74294,10.000041007995605,22.761764526367188,10.000041,22.761765
15.0,28.0,0.0,19.5,22.725641,10.000041961669922,22.79651641845703,10.000042,22.796516
15.0,28.0,0.0,19.3,22.668694,10.000040054321289,22.859375,10.00004,22.859375
15.0,28.0,0.0,19.0,22.61842,10.000041007995605,22.880739212036133,10.000041,22.88074
15.0,28.0,0.0,18.899998,22.565582,10.000040054321289,22.934192657470703,10.00004,22.934193
15.0,28.0,0.0,18.699997,22.521973,10.000041007995605,22.93564224243164,10.000041,22.935642
15.0,28.0,0.0,18.600002,22.473423,10.000040054321289,22.981470108032227,10.00004,22.98147
15.0,28.0,0.0,18.5,22.435959,10.000060081481934,22.99073028564453,10.00006,22.99073
15.0,28.0,0.0,18.5,22.396614,10.000059127807617,23.03719139099121,10.000059,23.037191
15.0,28.0,0.0,18.400002,22.366879,10.000051498413086,23.017053604125977,10.0000515,23.017054
15.0,28.0,0.0,18.3,22.328445,10.00005054473877,23.060266494750977,10.000051,23.060266
15.0,28.0,0.0,18.3,22.303562,10.000044822692871,23.044443130493164,10.000045,23.044443
15.0,28.0,0.0,18.099998,22.2706,10.000043869018555,23.083650588989258,10.000044,23.08365
15.0,28.0,0.0,18.0,22.248438,10.000039100646973,23.078805923461914,10.000039,23.078806
15.0,28.0,0.0,17.7,22.219524,10.000039100646973,23.116453170776367,10.000039,23.116453
15.0,28.0,0.0,17.5,22.198242,10.00003433227539,23.125343322753906,10.000034,23.125343
15.0,28.0,0.0,17.099998,22.171793,10.00003433227539,23.163476943969727,10.000034,23.163477
15.0,28.0,0.0,16.8,22.149902,10.000031471252441,23.187786102294922,10.000031,23.187786
15.0,28.0,0.0,16.5,22.125896,10.000031471252441,23.223255157470703,10.000031,23.223255
15.0,28.0,0.99,16.199997,22.104128,10.000028610229492,23.25887107849121,10.000029,23.258871
22.0,24.0,11.158863,16.5,22.089964,10.000029563903809,23.271533966064453,10.00003,23.271534
22.0,24.0,95.3446,16.8,22.104645,10.000035285949707,23.231042861938477,10.000035,23.231043
22.0,24.0,74.79433,17.799995,22.103313,10.000033378601074,23.219696044921875,10.000033,23.219696
22.0,24.0,225.775,18.699997,22.402409,15.499948501586914,23.170711517333984,15.4999485,23.170712
22.0,24.0,249.0848,19.700005,22.757198,15.49995231628418,22.94397735595703,15.499952,22.943977
22.0,24.0,436.53204,20.7,22.893892,15.49997329711914,22.58028793334961,15.499973,22.580288
22.0,24.0,501.01938,21.399998,22.922169,15.499979019165039,22.395994186401367,15.499979,22.395994
22.0,24.0,656.47034,22.099998,23.019318,15.499985694885254,22.03026008605957,15.499986,22.03026
22.0,24.0,724.7273,22.7,23.034317,15.499988555908203,21.833703994750977,15.499989,21.833704
22.0,24.0,830.4833,23.2,23.123604,15.499991416931152,21.49833106994629,15.499991,21.498331
22.0,24.0,880.1037,23.699997,23.143658,15.499992370605469,21.319442749023438,15.499992,21.319443
22.0,24.0,851.88934,24.099998,23.194439,15.499992370605469,21.062753677368164,15.499992,21.062754
22.0,24.0,795.39233,24.400002,23.200258,15.499990463256836,20.958805084228516,15.49999,20.958805
22.0,24.0,881.1549,24.700005,23.303513,15.499992370605469,20.699722290039062,15.499992,20.699722
22.0,24.0,918.42395,24.899994,23.3925,15.499993324279785,20.57199478149414,15.499993,20.571995
22.0,24.0,876.2113,25.100006,23.476734,15.499992370605469,20.35343360900879,15.499992,20.353434
22.0,24.0,776.8118,25.100006,23.520023,15.499990463256836,20.28325843811035,15.49999,20.283258
22.0,24.0,633.23236,25.100006,23.52565,15.499984741210938,20.13771629333496,15.499985,20.137716
22.0,24.0,558.79767,25.0,23.510937,15.499981880187988,20.139057159423828,15.499982,20.139057
22.0,24.0,414.70593,24.899994,23.459297,15.499969482421875,20.058523178100586,15.4999695,20.058523
22.0,24.0,388.04218,24.5,23.40741,15.49996566772461,20.11199188232422,15.499966,20.111992
22.0,24.0,221.77747,24.099998,23.30796,15.499933242797852,20.095157623291016,15.499933,20.095158
22.0,24.0,170.96324,23.099998,23.20237,15.499919891357422,20.21993064880371,15.49992,20.21993
22.0,24.0,40.095,22.099998,22.826588,10.000055313110352,22.136199951171875,10.000055,22.1362
22.0,24.0,43.521454,22.099998,22.82346,10.000053405761719,22.238637924194336,10.000053,22.238638
22.0,24.0,8.25,19.0,22.775597,10.00004768371582,22.436969757080078,10.000048,22.43697
22.0,24.0,1.485,18.400002,22.796349,10.000043869018555,22.552392959594727,10.000044,22.552393
22.0,24.0,0.0,17.799995,22.770622,10.000043869018555,22.648202896118164,10.000044,22.648203
15.0,28.0,0.0,17.600002,22.749998,10.000041961669922,22.73931312561035,10.000042,22.739313
15.0,28.0,0.0,17.5,22.735296,10.000041961669922,22.790531158447266,10.000042,22.790531
15.0,28.0,0.0,17.600002,22.674929,10.000040054321289,22.86676597595215,10.00004,22.866766
15.0,28.0,0.0,17.600002,22.612549,10.000041007995605,22.89876365661621,10.000041,22.898764
15.0,28.0,0.0,17.7,22.550238,10.000040054321289,22.96076011657715,10.00004,22.96076
15.0,28.0,0.0,17.7,22.499847,10.000041007995605,22.96728515625,10.000041,22.967285
15.0,28.0,0.0,17.600002,22.445337,10.000039100646973,23.019039154052734,10.000039,23.01904
15.0,28.0,0.0,17.399998,22.402088,10.000060081481934,23.053956985473633,10.00006,23.053957
15.0,28.0,0.0,17.200005,22.359608,10.000059127807617,23.110605239868164,10.000059,23.110605
15.0,28.0,0.0,17.0,22.323874,10.00005054473877,23.100780487060547,10.000051,23.10078
15.0,28.0,0.0,16.8,22.279219,10.00005054473877,23.15380096435547,10.000051,23.153801
15.0,28.0,0.0,16.5,22.24657,10.000043869018555,23.153404235839844,10.000044,23.153404
15.0,28.0,0.0,16.300003,22.206982,10.000043869018555,23.201770782470703,10.000044,23.20177
15.0,28.0,0.0,16.0,22.176773,10.000038146972656,23.210594177246094,10.000038,23.210594
15.0,28.0,0.0,15.799999,22.141674,10.000038146972656,23.25484848022461,10.000038,23.254848
15.0,28.0,0.0,15.700001,22.11485,10.00003433227539,23.26881980895996,10.000034,23.26882
15.0,28.0,0.0,15.400002,22.084196,10.000033378601074,23.31003761291504,10.000033,23.310038
15.0,28.0,0.0,15.100002,22.058556,10.000030517578125,23.338010787963867,10.0000305,23.33801
15.0,28.0,0.0,14.899998,22.032001,10.000030517578125,23.37446403503418,10.0000305,23.374464
15.0,28.0,1.98,14.699997,22.008831,10.000027656555176,23.408443450927734,10.000028,23.408443
22.0,24.0,6.6,15.799999,21.996632,10.000027656555176,23.407859802246094,10.000028,23.40786
22.0,24.0,91.29047,16.900002,22.019136,10.000033378601074,23.34585952758789,10.000033,23.34586
22.0,24.0,61.787636,17.799995,22.021626,10.000030517578125,23.33221435546875,10.0000305,23.332214
22.0,24.0,233.16682,18.699997,22.334343,15.499948501586914,23.264183044433594,15.4999485,23.264183
22.0,24.0,258.46594,20.400002,22.702526,15.49995231628418,23.00832748413086,15.499952,23.008327
22.0,24.0,448.92667,22.099998,22.856403,15.49997329711914,22.605728149414062,15.499973,22.605728
22.0,24.0,514.43,23.0,22.914211,15.499979019165039,22.385841369628906,15.499979,22.385841
22.0,24.0,666.82306,23.800003,23.014627,15.49998664855957,21.999544143676758,15.499987,21.999544
22.0,24.0,736.18005,24.199997,23.03674,15.499988555908203,21.788923263549805,15.499989,21.788923
22.0,24.0,841.5686,24.599998,23.131664,15.499991416931152,21.443172454833984,15.499991,21.443172
22.0,24.0,837.2709,24.899994,23.139875,15.499991416931152,21.284215927124023,15.499991,21.284216
22.0,24.0,837.2804,25.199997,23.203838,15.499991416931152,21.016565322875977,15.499991,21.016565
22.0,24.0,950.29297,25.400002,23.272388,15.499994277954102,20.84915542602539,15.499994,20.849155
22.0,24.0,886.6145,25.599998,23.357147,15.499992370605469,20.608158111572266,15.499992,20.608158
22.0,24.0,916.8528,25.700005,23.454014,15.499993324279785,20.48311996459961,15.499993,20.48312
22.0,24.0,861.2708,25.800003,23.537418,15.499992370605469,20.271865844726562,15.499992,20.271866
22.0,24.0,817.5326,25.700005,23.598274,15.499991416931152,20.197696685791016,15.499991,20.197697
22.0,24.0,716.41315,25.700005,23.626463,15.499988555908203,20.039440155029297,15.499989,20.03944
22.0,24.0,587.7566,25.5,23.610826,15.499983787536621,20.033924102783203,15.499984,20.033924
22.0,24.0,416.81146,25.400002,23.552116,15.499969482421875,19.958951950073242,15.4999695,19.958952
22.0,24.0,339.1966,25.0,23.478428,15.499960899353027,20.02920150756836,15.499961,20.029202
22.0,24.0,169.37512,24.700005,23.361233,15.499920845031738,20.03218650817871,15.499921,20.032187
22.0,24.0,173.49707,23.899998,23.262829,15.499920845031738,20.142230987548828,15.499921,20.142231
22.0,24.0,40.433556,23.0,22.88925,10.000057220458984,22.05819320678711,10.000057,22.058193
22.0,24.0,39.981888,23.0,22.815723,10.000054359436035,22.184741973876953,10.000054,22.184742
22.0,24.0,8.25,20.0,22.791983,10.000048637390137,22.37286949157715,10.000049,22.37287
22.0,24.0,1.32,19.3,22.803839,10.000045776367188,22.492095947265625,10.000046,22.492096
22.0,24.0,0.0,18.699997,22.781586,10.000044822692871,22.588417053222656,10.000045,22.588417
15.0,28.0,0.0,18.2,22.759151,10.000042915344238,22.68472671508789,10.000043,22.684727
15.0,28.0,0.0,17.600002,22.74299,10.000042915344238,22.746097564697266,10.000043,22.746098
15.0,28.0,0.0,17.200005,22.711876,10.000041007995605,22.82701301574707,10.000041,22.827013
15.0,28.0,0.0,16.900002,22.641857,10.000041961669922,22.871599197387695,10.000042,22.8716
15.0,28.0,0.0,16.7,22.569387,10.000040054321289,22.94748878479004,10.00004,22.947489
15.0,28.0,0.0,16.5,22.508091,10.000041007995605,22.96739959716797,10.000041,22.9674
15.0,28.0,0.0,16.300003,22.442703,10.000039100646973,23.031620025634766,10.000039,23.03162
15.0,28.0,0.0,16.199997,22.390135,10.000060081481934,23.090242385864258,10.00006,23.090242
15.0,28.0,0.0,15.900002,22.341175,10.000059127807617,23.158924102783203,10.000059,23.158924
15.0,28.0,0.0,15.599998,22.297276,10.00005054473877,23.161819458007812,10.000051,23.16182
15.0,28.0,0.0,15.400002,22.245293,10.00005054473877,23.22443962097168,10.000051,23.22444
15.0,28.0,0.0,15.200001,22.206448,10.000043869018555,23.23064422607422,10.000044,23.230644
15.0,28.0,0.0,15.100002,22.161888,10.000042915344238,23.283296585083008,10.000043,23.283297
15.0,28.0,0.0,15.0,22.128551,10.000038146972656,23.292743682861328,10.000038,23.292744
15.0,28.0,0.0,15.100002,22.092646,10.00003719329834,23.3325138092041,10.000037,23.332514
15.0,28.0,0.0,15.200001,22.066376,10.000033378601074,23.341777801513672,10.000033,23.341778
15.0,28.0,0.0,15.200001,22.038637,10.000033378601074,23.37381362915039,10.000033,23.373814
15.0,28.0,0.0,15.200001,22.01759,10.000029563903809,23.390392303466797,10.00003,23.390392
15.0,28.0,0.0,15.300003,21.997417,10.000029563903809,23.41323471069336,10.00003,23.413235
15.0,28.0,0.0,15.400002,21.981535,10.00002670288086,23.433212280273438,10.000027,23.433212
22.0,24.0,9.480247,15.700001,21.972805,10.000027656555176,23.437814712524414,10.000028,23.437815
22.0,24.0,26.403864,16.100002,21.971281,10.000027656555176,23.439105987548828,10.000028,23.439106
22.0,24.0,44.35262,17.0,21.981403,10.000028610229492,23.407739639282227,10.000029,23.40774
22.0,24.0,69.68893,17.799995,22.235342,15.499910354614258,23.44877815246582,15.49991,23.448778
22.0,24.0,121.35941,18.400002,22.583197,15.49992561340332,23.252302169799805,15.499926,23.252302
22.0,24.0,161.492,18.899998,22.650206,15.499935150146484,23.03713607788086,15.499935,23.037136
22.0,24.0,168.3224,19.2,22.692257,15.499937057495117,22.945438385009766,15.499937,22.945438
22.0,24.0,137.61232,19.599998,22.738289,15.499929428100586,22.75652313232422,15.499929,22.756523
22.0,24.0,148.50291,19.899998,22.76976,15.499933242797852,22.67814064025879,15.499933,22.67814
22.0,24.0,171.52962,20.2,22.801266,15.499937057495117,22.46623992919922,15.499937,22.46624
22.0,24.0,204.37003,20.8,22.78552,15.499943733215332,22.387453079223633,15.499944,22.387453
22.0,24.0,303.46564,21.399998,22.844612,15.499958038330078,22.108078002929688,15.499958,22.108078
22.0,24.0,633.4139,21.599998,22.910248,15.499984741210938,21.860429763793945,15.499985,21.86043
22.0,24.0,806.32684,21.8,22.988344,15.499990463256836,21.506805419921875,15.49999,21.506805
22.0,24.0,902.8397,21.8,23.017015,15.499992370605469,21.32537269592285,15.499992,21.325373
22.0,24.0,823.0311,21.7,23.055046,15.499990463256836,21.074848175048828,15.49999,21.074848
22.0,24.0,729.1083,21.8,23.03266,15.499988555908203,20.99791717529297,15.499989,20.997917
22.0,24.0,523.59186,21.8,23.014442,15.499977111816406,20.839750289916992,15.499977,20.83975
22.0,24.0,265.7139,21.7,22.92012,15.49994945526123,20.91819190979004,15.499949,20.918192
22.0,24.0,163.64365,21.7,22.88571,15.499918937683105,20.844722747802734,15.499919,20.844723
22.0,24.0,50.41372,21.300003,22.785742,15.499874114990234,20.97804069519043,15.499874,20.97804
22.0,24.0,39.289806,20.900002,22.772877,15.499849319458008,20.914390563964844,15.499849,20.91439
22.0,24.0,58.606327,20.400002,22.696268,15.499856948852539,21.010704040527344,15.499857,21.010704
22.0,24.0,20.428352,19.899998,22.469997,10.000039100646973,22.777645111083984,10.000039,22.777645
22.0,24.0,5.916313,19.899998,22.76899,10.000038146972656,22.77732276916504,10.000038,22.777323
22.0,24.0,6.1808467,19.099998,22.717667,10.000038146972656,22.846628189086914,10.000038,22.846628
22.0,24.0,1.4881765,18.899998,22.662876,10.000036239624023,22.91710662841797,10.000036,22.917107
22.0,24.0,0.0,18.699997,22.61285,10.00003719329834,22.961570739746094,10.000037,22.96157
15.0,28.0,0.0,18.5,22.562881,10.000035285949707,23.017404556274414,10.000035,23.017405
15.0,28.0,0.0,18.400002,22.519333,10.000036239624023,23.03780174255371,10.000036,23.037802
15.0,28.0,0.0,18.2,22.473368,10.000035285949707,23.085357666015625,10.000035,23.085358
15.0,28.0,0.0,18.099998,22.435543,10.00003719329834,23.087406158447266,10.000037,23.087406
15.0,28.0,0.0,18.099998,22.39417,10.000036239624023,23.12575340270996,10.000036,23.125753
15.0,28.0,0.0,18.099998,22.362808,10.00003719329834,23.10965347290039,10.000037,23.109653
15.0,28.0,0.0,18.099998,22.325798,10.000036239624023,23.14112091064453,10.000036,23.14112
15.0,28.0,0.0,18.2,22.300526,10.000056266784668,23.171966552734375,10.000056,23.171967
15.0,28.0,0.0,18.2,22.278969,10.000056266784668,23.200313568115234,10.000056,23.200314
15.0,28.0,0.0,18.3,22.26051,10.000048637390137,23.16288948059082,10.000049,23.16289
15.0,28.0,0.0,18.3,22.232914,10.000048637390137,23.189041137695312,10.000049,23.189041
15.0,28.0,0.0,18.3,22.217724,10.000042915344238,23.16056251525879,10.000043,23.160563
15.0,28.0,0.0,18.699997,22.197906,10.000042915344238,23.17251205444336,10.000043,23.172512
15.0,28.0,0.0,19.0,22.189112,10.000038146972656,23.142459869384766,10.000038,23.14246
15.0,28.0,0.0,19.2,22.176388,10.00003719329834,23.149524688720703,10.000037,23.149525
15.0,28.0,0.0,19.400002,22.17229,10.00003433227539,23.12835693359375,10.000034,23.128357
15.0,28.0,0.0,19.3,22.163853,10.00003433227539,23.136730194091797,10.000034,23.13673
15.0,28.0,0.0,19.2,22.159767,10.000030517578125,23.13397979736328,10.0000305,23.13398
15.0,28.0,0.0,19.2,22.154196,10.000030517578125,23.139999389648438,10.0000305,23.14
15.0,28.0,0.0,19.2,22.150543,10.000028610229492,23.147764205932617,10.000029,23.147764
22.0,24.0,3.9496605,19.700005,22.15246,10.000028610229492,23.137332916259766,10.000029,23.137333
22.0,24.0,12.794226,20.100002,22.15799,10.000027656555176,23.134153366088867,10.000028,23.134153
22.0,24.0,41.434547,20.8,22.178871,10.000030517578125,23.086254119873047,10.0000305,23.086254
22.0,24.0,123.2672,21.399998,22.456898,15.499927520751953,23.061355590820312,15.4999275,23.061356
22.0,24.0,91.802444,22.3,22.786396,15.499919891357422,22.878215789794922,15.49992,22.878216
22.0,24.0,88.91585,23.099998,22.842564,15.499917984008789,22.66722869873047,15.499918,22.667229
22.0,24.0,83.98519,24.0,22.841705,15.499917984008789,22.58333969116211,15.499918,22.58334
22.0,24.0,71.28842,24.899994,22.868855,15.499911308288574,22.371383666992188,15.499911,22.371384
22.0,24.0,76.24141,25.700005,22.84887,15.499914169311523,22.296878814697266,15.499914,22.296879
22.0,24.0,75.2682,26.400002,22.878088,15.499910354614258,22.07494354248047,15.49991,22.074944
22.0,24.0,107.02691,27.0,22.857944,15.499919891357422,21.996984481811523,15.49992,21.996984
22.0,24.0,151.8036,27.600006,22.89936,15.49992847442627,21.74407196044922,15.499928,21.744072
22.0,24.0,262.71896,28.0,22.897663,15.49995231628418,21.62470817565918,15.499952,21.624708
22.0,24.0,281.7447,28.5,22.933308,15.49995231628418,21.36572265625,15.499952,21.365723
22.0,24.0,241.66151,28.699997,22.894135,15.499946594238281,21.314414978027344,15.499947,21.314415
22.0,24.0,332.84717,29.0,22.957561,15.499958038330078,21.048946380615234,15.499958,21.048946
22.0,24.0,365.1348,29.0,22.929707,15.49996280670166,20.98184585571289,15.499963,20.981846
22.0,24.0,415.94943,29.0,22.979631,15.49996566772461,20.745790481567383,15.499966,20.74579
22.0,24.0,252.15578,28.900002,22.929445,15.499942779541016,20.747854232788086,15.499943,20.747854
22.0,24.0,264.0668,28.800003,22.957645,15.49993896484375,20.574264526367188,15.499939,20.574265
22.0,24.0,356.4568,28.5,22.979647,15.499955177307129,20.531147003173828,15.499955,20.531147
22.0,24.0,163.7773,28.200005,22.94099,15.499902725219727,20.438142776489258,15.499903,20.438143
22.0,24.0,175.47766,27.600006,22.919266,15.499907493591309,20.465450286865234,15.4999075,20.46545
22.0,24.0,39.821438,27.0,22.634085,10.000049591064453,22.326671600341797,10.00005,22.326672
22.0,24.0,51.059868,27.0,22.855528,10.00005054473877,22.297412872314453,10.000051,22.297413
22.0,24.0,29.830969,25.400002,22.762674,10.000048637390137,22.412776947021484,10.000049,22.412777
22.0,24.0,3.959288,25.100006,22.791641,10.000044822692871,22.489290237426758,10.000045,22.48929
22.0,24.0,0.0,24.700005,22.787708,10.000044822692871,22.534629821777344,10.000045,22.53463
15.0,28.0,0.0,24.5,22.775513,10.000043869018555,22.580978393554688,10.000044,22.580978
15.0,28.0,0.0,24.199997,22.768112,10.000045776367188,22.600770950317383,10.000046,22.60077
15.0,28.0,0.0,24.199997,22.749287,10.000044822692871,22.638484954833984,10.000045,22.638485
15.0,28.0,0.0,24.099998,22.74545,10.000045776367188,22.63614845275879,10.000046,22.636148
15.0,28.0,0.0,24.0,22.719667,10.000045776367188,22.669086456298828,10.000046,22.669086
15.0,28.0,0.0,23.899998,22.719082,10.00004768371582,22.65030288696289,10.000048,22.650303
15.0,28.0,0.0,23.800003,22.687832,10.000046730041504,22.679405212402344,10.000047,22.679405
15.0,28.0,0.0,23.699997,22.689396,10.000064849853516,22.55164909362793,10.000065,22.55165
15.0,28.0,0.0,23.600002,22.59889,10.000062942504883,22.608325958251953,10.000063,22.608326
15.0,28.0,0.0,23.5,22.624157,10.000055313110352,22.557125091552734,10.000055,22.557125
15.0,28.0,0.0,23.400002,22.576027,10.000055313110352,22.595947265625,10.000055,22.595947
15.0,28.0,0.0,23.400002,22.584583,10.000048637390137,22.558679580688477,10.000049,22.55868
15.0,28.0,0.0,23.3,22.553019,10.000048637390137,22.58841896057129,10.000049,22.588419
15.0,28.0,0.0,23.3,22.545645,10.000043869018555,22.568105697631836,10.000044,22.568106
15.0,28.0,0.0,23.2,22.525356,10.000042915344238,22.591445922851562,10.000043,22.591446
15.0,28.0,0.0,23.2,22.513306,10.000039100646973,22.585224151611328,10.000039,22.585224
15.0,28.0,0.0,23.099998,22.49729,10.000039100646973,22.605180740356445,10.000039,22.60518
15.0,28.0,0.0,22.900002,22.48544,10.000035285949707,22.616130828857422,10.000035,22.61613
15.0,28.0,0.0,22.900002,22.473215,10.000035285949707,22.632356643676758,10.000035,22.632357
15.0,28.0,0.0,22.799995,22.462616,10.000032424926758,22.65383529663086,10.000032,22.653835
22.0,24.0,6.892901,23.2,22.459167,10.000033378601074,22.65166473388672,10.000033,22.651665
22.0,24.0,86.37401,23.699997,22.48338,10.000040054321289,22.5914306640625,10.00004,22.59143
22.0,24.0,71.94767,24.299995,22.489712,10.000038146972656,22.57330322265625,10.000038,22.573303
22.0,24.0,222.99483,25.0,22.754438,15.499950408935547,22.475357055664062,15.49995,22.475357
22.0,24.0,262.32318,25.800003,23.051626,15.499956130981445,22.246732711791992,15.499956,22.246733
22.0,24.0,418.2903,26.599998,23.077015,15.49997329711914,21.941072463989258,15.499973,21.941072
22.0,24.0,494.83624,27.200005,23.088976,15.499979019165039,21.771705627441406,15.499979,21.771706
22.0,24.0,608.0686,27.799995,23.165134,15.499984741210938,21.45344352722168,15.499985,21.453444
22.0,24.0,569.3066,28.400002,23.146557,15.499983787536621,21.337383270263672,15.499984,21.337383
22.0,24.0,714.4701,29.0,23.24283,15.499988555908203,21.023128509521484,15.499989,21.023129
22.0,24.0,802.8854,29.5,23.291794,15.499990463256836,20.853918075561523,15.49999,20.853918
22.0,24.0,847.2741,30.0,23.415262,15.499992370605469,20.5723876953125,15.499992,20.572388
22.0,24.0,811.0942,30.199997,23.513681,15.499991416931152,20.43567657470703,15.499991,20.435677
22.0,24.0,911.22473,30.5,23.662231,15.499993324279785,20.183914184570312,15.499993,20.183914
22.0,24.0,861.0149,30.400002,23.764713,15.499992370605469,20.069644927978516,15.499992,20.069645
22.0,24.0,798.6286,30.400002,23.848963,15.499990463256836,19.87971305847168,15.49999,19.879713
22.0,24.0,686.58386,30.199997,23.888435,15.499988555908203,19.82622718811035,15.499989,19.826227
22.0,24.0,537.46826,30.0,23.880966,15.499980926513672,19.71257209777832,15.499981,19.712572
22.0,24.0,417.73196,29.599998,23.838617,15.49997329711914,19.74132537841797,15.499973,19.741325
22.0,24.0,321.46173,29.299995,23.775442,15.499958992004395,19.692230224609375,15.499959,19.69223
22.0,24.0,304.00375,28.900002,23.714025,15.499956130981445,19.74888801574707,15.499956,19.748888
22.0,24.0,182.54434,28.5,23.615982,15.49992561340332,19.738201141357422,15.499926,19.738201
22.0,24.0,138.5606,28.0,23.514614,15.499911308288574,19.83576774597168,15.499911,19.835768
22.0,24.0,27.72,27.5,23.143623,10.000064849853516,21.746593475341797,10.000065,21.746593
22.0,24.0,47.90434,27.5,22.803104,10.000061988830566,21.90985679626465,10.000062,21.909857
22.0,24.0,20.849974,26.300003,22.852726,10.000057220458984,22.04758071899414,10.000057,22.04758
22.0,24.0,3.701262,26.0,22.841717,10.000052452087402,22.165489196777344,10.000052,22.16549
22.0,24.0,0.0,25.800003,22.838308,10.000052452087402,22.24628257751465,10.000052,22.246283
15.0,28.0,0.0,25.5,22.82109,10.00005054473877,22.324125289916992,10.000051,22.324125
15.0,28.0,0.0,25.299995,22.810972,10.000051498413086,22.371135711669922,10.0000515,22.371136
15.0,28.0,0.0,25.100006,22.788527,10.000049591064453,22.433555603027344,10.00005,22.433556
15.0,28.0,0.0,24.800003,22.780914,10.000051498413086,22.45594024658203,10.0000515,22.45594
15.0,28.0,0.0,24.5,22.752552,10.000049591064453,22.510028839111328,10.00005,22.510029
15.0,28.0,0.0,24.199997,22.74803,10.000051498413086,22.512483596801758,10.0000515,22.512484
15.0,28.0,0.0,23.899998,22.713963,10.00005054473877,22.560331344604492,10.000051,22.560331
15.0,28.0,0.0,23.600002,22.711735,10.000066757202148,22.43602752685547,10.000067,22.436028
15.0,28.0,0.0,23.3,22.609707,10.000064849853516,22.517396926879883,10.000065,22.517397
15.0,28.0,0.0,23.0,22.637259,10.000057220458984,22.484359741210938,10.000057,22.48436
15.0,28.0,0.0,22.799995,22.585594,10.000056266784668,22.541210174560547,10.000056,22.54121
15.0,28.0,0.0,22.600002,22.596983,10.000049591064453,22.51998519897461,10.00005,22.519985
15.0,28.0,0.0,22.399998,22.55808,10.000049591064453,22.567386627197266,10.00005,22.567387
15.0,28.0,0.0,22.3,22.565802,10.000043869018555,22.554840087890625,10.000044,22.55484
15.0,28.0,0.0,22.200005,22.537409,10.000043869018555,22.591541290283203,10.000044,22.591541
15.0,28.0,0.0,22.0,22.515827,10.000039100646973,22.602092742919922,10.000039,22.602093
15.0,28.0,0.0,22.0,22.491814,10.000039100646973,22.63243865966797,10.000039,22.632439
15.0,28.0,0.0,21.900002,22.47296,10.000035285949707,22.65131378173828,10.000035,22.651314
15.0,28.0,0.0,22.0,22.455145,10.000035285949707,22.6737060546875,10.000035,22.673706
15.0,28.0,0.0,22.099998,22.440994,10.000032424926758,22.696735382080078,10.000032,22.696735
22.0,24.0,4.455,22.799995,22.435413,10.000032424926758,22.693635940551758,10.000032,22.693636
22.0,24.0,86.3453,23.5,22.46046,10.000040054321289,22.628293991088867,10.00004,22.628294
22.0,24.0,71.223816,24.700005,22.470984,10.000038146972656,22.595260620117188,10.000038,22.59526
22.0,24.0,224.9793,25.800003,22.755123,15.499950408935547,22.471923828125,15.49995,22.471924
22.0,24.0,268.1139,26.900002,23.04987,15.499956130981445,22.22470474243164,15.499956,22.224705
22.0,24.0,429.68112,28.0,23.082176,15.49997329711914,21.894865036010742,15.499973,21.894865
22.0,24.0,505.0863,28.699997,23.096573,15.499979019165039,21.710357666015625,15.499979,21.710358
22.0,24.0,636.9901,29.5,23.183834,15.499985694885254,21.36602783203125,15.499986,21.366028
22.0,24.0,712.6153,29.899994,23.200176,15.499988555908203,21.184741973876953,15.499989,21.184742
22.0,24.0,806.54254,30.400002,23.28336,15.499990463256836,20.878767013549805,15.49999,20.878767
22.0,24.0,861.2312,30.800003,23.391016,15.499992370605469,20.692245483398438,15.499992,20.692245
22.0,24.0,898.64966,31.099998,23.53592,15.499992370605469,20.413591384887695,15.499992,20.413591
22.0,24.0,906.0818,31.300003,23.67223,15.499993324279785,20.258892059326172,15.499993,20.258892
22.0,24.0,913.6891,31.599998,23.807365,15.499993324279785,20.022939682006836,15.499993,20.02294
22.0,24.0,895.4131,31.599998,23.925522,15.499993324279785,19.90855598449707,15.499993,19.908556
22.0,24.0,770.5544,31.599998,23.994577,15.499990463256836,19.73019790649414,15.49999,19.730198
22.0,24.0,718.3916,31.5,24.045212,15.499988555908203,19.677967071533203,15.499989,19.677967
22.0,24.0,658.77045,31.400002,24.075562,15.49998664855957,19.551286697387695,15.499987,19.551287
22.0,24.0,640.4305,31.099998,24.096643,15.499985694885254,19.5344181060791,15.499986,19.534418
22.0,24.0,484.9766,30.700005,24.061626,15.49997615814209,19.45552635192871,15.499976,19.455526
22.0,24.0,418.34595,30.299995,24.012524,15.499971389770508,19.490882873535156,15.499971,19.490883
22.0,24.0,245.3572,29.800003,23.910984,15.499942779541016,19.48019027709961,15.499943,19.48019
22.0,24.0,185.52274,29.199997,23.804375,15.499929428100586,19.571556091308594,15.499929,19.571556
22.0,24.0,42.390392,28.5,23.41708,10.000079154968262,21.436262130737305,10.000079,21.436262
22.0,24.0,42.464657,28.5,22.756168,10.000066757202148,21.726808547973633,10.000067,21.726809
22.0,24.0,33.988987,26.799995,22.904663,10.000065803527832,21.841899871826172,10.000066,21.8419
22.0,24.0,2.3642216,26.300003,22.848932,10.000056266784668,22.012304306030273,10.000056,22.012304
22.0,24.0,0.0,25.800003,22.864006,10.000056266784668,22.111164093017578,10.000056,22.111164
15.0,28.0,0.0,25.400002,22.839016,10.000053405761719,22.210079193115234,10.000053,22.21008
15.0,28.0,0.0,25.0,22.827145,10.000054359436035,22.277162551879883,10.000054,22.277163
15.0,28.0,0.0,24.700005,22.802748,10.000051498413086,22.35641860961914,10.0000515,22.356419
15.0,28.0,0.0,24.299995,22.792465,10.000053405761719,22.394704818725586,10.000053,22.394705
15.0,28.0,0.0,24.0,22.762571,10.00005054473877,22.46137237548828,10.000051,22.461372
15.0,28.0,0.0,23.699997,22.755884,10.000052452087402,22.474945068359375,10.000052,22.474945
15.0,28.0,0.0,23.400002,22.720177,10.00005054473877,22.532142639160156,10.000051,22.532143
15.0,28.0,0.0,23.2,22.716871,10.000067710876465,22.414663314819336,10.000068,22.414663
15.0,28.0,0.0,23.0,22.613869,10.000065803527832,22.50086212158203,10.000066,22.500862
15.0,28.0,0.0,22.900002,22.641172,10.0000581741333,22.468284606933594,10.000058,22.468285
15.0,28.0,0.0,22.799995,22.58791,10.000056266784668,22.52646827697754,10.000056,22.526468
15.0,28.0,0.0,22.600002,22.598673,10.00005054473877,22.507328033447266,10.000051,22.507328
15.0,28.0,0.0,22.600002,22.560835,10.000049591064453,22.55149269104004,10.00005,22.551493
15.0,28.0,0.0,22.5,22.567389,10.000043869018555,22.539379119873047,10.000044,22.53938
15.0,28.0,0.0,22.5,22.539198,10.000043869018555,22.573827743530273,10.000044,22.573828
15.0,28.0,0.0,22.399998,22.528429,10.000039100646973,22.5773983001709,10.000039,22.577398
15.0,28.0,0.0,22.399998,22.50574,10.000039100646973,22.605552673339844,10.000039,22.605553
15.0,28.0,0.0,22.399998,22.489014,10.000035285949707,22.620084762573242,10.000035,22.620085
15.0,28.0,0.0,22.5,22.472984,10.000035285949707,22.639747619628906,10.000035,22.639748
15.0,28.0,0.0,22.600002,22.46062,10.000032424926758,22.66050148010254,10.000032,22.660501
22.0,24.0,4.125,23.3,22.456566,10.000033378601074,22.655414581298828,10.000033,22.655415
22.0,24.0,84.60492,24.0,22.482534,10.000040054321289,22.589130401611328,10.00004,22.58913
22.0,24.0,69.17294,25.199997,22.494022,10.000038146972656,22.555091857910156,10.000038,22.555092
22.0,24.0,229.41939,26.300003,22.7597,15.499950408935547,22.42865562438965,15.49995,22.428656
22.0,24.0,276.71353,27.399994,23.064274,15.499958038330078,22.173688888549805,15.499958,22.173689
22.0,24.0,439.18015,28.5,23.094797,15.499974250793457,21.842525482177734,15.499974,21.842525
22.0,24.0,518.5981,29.199997,23.11142,15.499980926513672,21.65403938293457,15.499981,21.65404
22.0,24.0,651.73846,29.899994,23.198532,15.49998664855957,21.3120174407959,15.499987,21.312017
22.0,24.0,728.388,30.5,23.21811,15.499988555908203,21.12459373474121,15.499989,21.124594
22.0,24.0,819.8922,31.099998,23.317804,15.499991416931152,20.812755584716797,15.499991,20.812756
22.0,24.0,874.584,31.5,23.438204,15.499992370605469,20.622072219848633,15.499992,20.622072
22.0,24.0,921.7469,31.900002,23.592918,15.499993324279785,20.339399337768555,15.499993,20.3394
22.0,24.0,943.0832,32.1,23.744564,15.499994277954102,20.177654266357422,15.499994,20.177654
22.0,24.0,943.29785,32.300003,23.888645,15.499993324279785,19.942794799804688,15.499993,19.942795
22.0,24.0,873.6547,32.300003,23.997313,15.499992370605469,19.8310604095459,15.499992,19.83106
22.0,24.0,828.5275,32.300003,24.087746,15.499991416931152,19.65448760986328,15.499991,19.654488
22.0,24.0,791.83545,32.1,24.156757,15.499990463256836,19.59296417236328,15.49999,19.592964
22.0,24.0,681.14777,32.0,24.18414,15.499987602233887,19.464277267456055,15.499988,19.464277
22.0,24.0,579.4361,31.799995,24.179626,15.499983787536621,19.453861236572266,15.499984,19.453861
22.0,24.0,467.387,31.599998,24.143673,15.499975204467773,19.383262634277344,15.499975,19.383263
22.0,24.0,341.1475,31.199997,24.071758,15.49996280670166,19.432506561279297,15.499963,19.432507
22.0,24.0,193.99982,30.700005,23.95903,15.499931335449219,19.435222625732422,15.499931,19.435223
22.0,24.0,186.59212,30.0,23.860413,15.499929428100586,19.517297744750977,15.499929,19.517298
22.0,24.0,43.108253,29.299995,23.475739,10.000082015991211,21.368070602416992,10.000082,21.36807
22.0,24.0,40.530663,29.299995,22.749489,10.000068664550781,21.677759170532227,10.000069,21.67776
22.0,24.0,38.90973,27.399994,22.917345,10.000068664550781,21.782182693481445,10.000069,21.782183
22.0,24.0,2.2884152,26.900002,22.851418,10.0000581741333,21.96315574645996,10.000058,21.963156
22.0,24.0,0.0,26.300003,22.872055,10.0000581741333,22.06409454345703,10.000058,22.064095
15.0,28.0,0.0,25.900002,22.846031,10.000054359436035,22.1651668548584,10.000054,22.165167
15.0,28.0,0.0,25.400002,22.833694,10.000055313110352,22.235984802246094,10.000055,22.235985
15.0,28.0,0.0,25.100006,22.80981,10.000053405761719,22.317232131958008,10.000053,22.317232
15.0,28.0,0.0,24.700005,22.799158,10.000054359436035,22.357881546020508,10.000054,22.357882
15.0,28.0,0.0,24.400002,22.769436,10.000051498413086,22.42607879638672,10.0000515,22.426079
15.0,28.0,0.0,24.099998,22.762535,10.000053405761719,22.441431045532227,10.000053,22.441431
15.0,28.0,0.0,23.800003,22.726978,10.000051498413086,22.499755859375,10.0000515,22.499756
15.0,28.0,0.0,23.600002,22.723513,10.000068664550781,22.375205993652344,10.000069,22.375206
15.0,28.0,0.0,23.3,22.615356,10.000066757202148,22.466651916503906,10.000067,22.466652
15.0,28.0,0.0,23.099998,22.644375,10.0000581741333,22.437299728393555,10.000058,22.4373
15.0,28.0,0.0,23.0,22.591013,10.000057220458984,22.497648239135742,10.000057,22.497648
15.0,28.0,0.0,22.799995,22.601524,10.00005054473877,22.4803524017334,10.000051,22.480352
15.0,28.0,0.0,22.7,22.562912,10.000049591064453,22.528640747070312,10.00005,22.52864
15.0,28.0,0.0,22.600002,22.570166,10.000044822692871,22.51828384399414,10.000045,22.518284
15.0,28.0,0.0,22.600002,22.541414,10.000043869018555,22.55470848083496,10.000044,22.554708
15.0,28.0,0.0,22.600002,22.543549,10.000040054321289,22.552623748779297,10.00004,22.552624
15.0,28.0,0.0,22.3,22.518408,10.000039100646973,22.588417053222656,10.000039,22.588417
15.0,28.0,0.0,22.0,22.498241,10.000036239624023,22.613014221191406,10.000036,22.613014
15.0,28.0,0.0,21.900002,22.47758,10.000035285949707,22.642967224121094,10.000035,22.642967
15.0,28.0,0.0,21.900002,22.460073,10.000033378601074,22.672761917114258,10.000033,22.672762
22.0,24.0,4.793565,22.3,22.44933,10.000033378601074,22.681415557861328,10.000033,22.681416
22.0,24.0,5.918732,22.7,22.44048,10.000031471252441,22.703880310058594,10.000031,22.70388
22.0,24.0,8.859319,23.099998,22.439804,10.000031471252441,22.700098037719727,10.000031,22.700098
22.0,24.0,15.829069,23.600002,22.677269,15.499900817871094,22.704463958740234,15.499901,22.704464
22.0,24.0,93.04864,24.099998,22.982454,15.499923706054688,22.510286331176758,15.499924,22.510286
22.0,24.0,157.20117,24.599998,22.961935,15.49993896484375,22.309764862060547,15.499939,22.309765
22.0,24.0,312.0767,25.100006,22.995121,15.499963760375977,22.144811630249023,15.499964,22.144812
22.0,24.0,374.15894,25.599998,23.03252,15.499969482421875,21.882038116455078,15.4999695,21.882038
22.0,24.0,400.2417,25.900002,23.025047,15.499972343444824,21.773143768310547,15.499972,21.773144
22.0,24.0,506.3474,26.199997,23.0951,15.499979019165039,21.48492431640625,15.499979,21.484924
22.0,24.0,670.5736,26.300003,23.120218,15.499987602233887,21.314796447753906,15.499988,21.314796
22.0,24.0,722.7318,26.400002,23.173973,15.499988555908203,21.047657012939453,15.499989,21.047657
22.0,24.0,856.1727,26.300003,23.224953,15.499992370605469,20.893999099731445,15.499992,20.894
22.0,24.0,815.2994,26.300003,23.30171,15.499991416931152,20.65557098388672,15.499991,20.655571
22.0,24.0,654.2859,26.0,23.32623,15.49998664855957,20.59700584411621,15.499987,20.597006
22.0,24.0,632.9238,25.700005,23.36702,15.499985694885254,20.4266357421875,15.499986,20.426636
22.0,24.0,487.54453,25.299995,23.345364,15.499979019165039,20.433887481689453,15.499979,20.433887
22.0,24.0,305.96436,24.899994,23.282694,15.499958038330078,20.371484756469727,15.499958,20.371485
22.0,24.0,332.91785,24.599998,23.24633,15.499961853027344,20.417409896850586,15.499962,20.41741
22.0,24.0,295.237,24.299995,23.194832,15.49995231628418,20.345672607421875,15.499952,20.345673
22.0,24.0,223.65593,24.0,23.11966,15.499938011169434,20.42957305908203,15.499938,20.429573
22.0,24.0,194.70064,23.800003,23.060997,15.499921798706055,20.37325096130371,15.499922,20.373251
22.0,24.0,177.2413,23.3,22.987814,15.499916076660156,20.461000442504883,15.499916,20.461
22.0,24.0,29.040003,22.900002,22.653831,10.000048637390137,22.352418899536133,10.000049,22.352419
22.0,24.0,53.44402,22.900002,22.853634,10.00005054473877,22.34634780883789,10.000051,22.346348
22.0,24.0,28.177637,21.199997,22.750088,10.00004768371582,22.4973201751709,10.000048,22.49732
22.0,24.0,1.0600573,20.8,22.776499,10.000042915344238,22.602313995361328,10.000043,22.602314
22.0,24.0,0.0,20.400002,22.768784,10.000042915344238,22.66433334350586,10.000043,22.664333
15.0,28.0,0.0,20.0,22.747387,10.000041007995605,22.734397888183594,10.000041,22.734398
15.0,28.0,0.0,19.700005,22.737677,10.000041961669922,22.769020080566406,10.000042,22.76902
15.0,28.0,0.0,19.400002,22.691936,10.000041007995605,22.83202362060547,10.000041,22.832024
15.0,28.0,0.0,19.099998,22.64034,10.000041961669922,22.85564613342285,10.000042,22.855646
15.0,28.0,0.0,18.600002,22.58345,10.000040054321289,22.9166259765625,10.00004,22.916626
15.0,28.0,0.0,18.2,22.534678,10.000041961669922,22.925580978393555,10.000042,22.925581
15.0,28.0,0.0,17.7,22.478386,10.000040054321289,22.982683181762695,10.00004,22.982683
15.0,28.0,0.0,17.3,22.4316,10.000060081481934,23.016845703125,10.00006,23.016846
15.0,28.0,0.0,17.099998,22.384352,10.000059127807617,23.079120635986328,10.000059,23.07912
15.0,28.0,0.0,16.900002,22.345333,10.000051498413086,23.07359504699707,10.0000515,23.073595
15.0,28.0,0.0,16.599998,22.296993,10.00005054473877,23.13330078125,10.000051,23.1333
15.0,28.0,0.0,16.300003,22.26126,10.000044822692871,23.13723373413086,10.000045,23.137234
15.0,28.0,0.0,16.0,22.217964,10.000043869018555,23.192203521728516,10.000044,23.192204
15.0,28.0,0.0,15.700001,22.18462,10.000039100646973,23.205406188964844,10.000039,23.205406
15.0,28.0,0.0,15.400002,22.145798,10.000038146972656,23.25616455078125,10.000038,23.256165
15.0,28.0,0.0,15.100002,22.114458,10.00003433227539,23.279266357421875,10.000034,23.279266
15.0,28.0,0.0,14.799999,22.079794,10.000033378601074,23.32616424560547,10.000033,23.326164
15.0,28.0,0.0,14.5,22.05014,10.000030517578125,23.359159469604492,10.0000305,23.35916
15.0,28.0,0.0,14.400002,22.02063,10.000029563903809,23.397846221923828,10.00003,23.397846
15.0,28.0,0.0,14.299999,21.994694,10.000027656555176,23.433910369873047,10.000028,23.43391
22.0,24.0,7.8475723,15.0,21.978846,10.000027656555176,23.44275665283203,10.000028,23.442757
22.0,24.0,87.58712,15.700001,21.993721,10.000033378601074,23.398906707763672,10.000033,23.398907
22.0,24.0,64.34197,16.8,21.993774,10.000030517578125,23.384784698486328,10.0000305,23.384785
22.0,24.0,252.3078,18.0,22.309238,15.499950408935547,23.307586669921875,15.49995,23.307587
22.0,24.0,309.49414,19.2,22.685375,15.499959945678711,23.04300308227539,15.49996,23.043003
22.0,24.0,485.23135,20.299995,22.833553,15.49997615814209,22.664142608642578,15.499976,22.664143
22.0,24.0,573.0645,21.300003,22.915705,15.499981880187988,22.423992156982422,15.499982,22.423992
22.0,24.0,713.2986,22.200005,23.006638,15.499987602233887,22.045997619628906,15.499988,22.045998
22.0,24.0,795.30994,22.900002,23.03881,15.499990463256836,21.817710876464844,15.49999,21.81771
22.0,24.0,891.0841,23.600002,23.13058,15.499992370605469,21.46915054321289,15.499992,21.46915
22.0,24.0,946.8015,24.099998,23.161324,15.499993324279785,21.271728515625,15.499993,21.271729
22.0,24.0,994.79034,24.700005,23.240715,15.499994277954102,20.972930908203125,15.499994,20.97293
22.0,24.0,1014.34894,25.100006,23.309155,15.499994277954102,20.804622650146484,15.499994,20.804623
22.0,24.0,1006.73663,25.5,23.429993,15.499994277954102,20.540016174316406,15.499994,20.540016
22.0,24.0,991.67114,25.700005,23.53556,15.499994277954102,20.403759002685547,15.499994,20.403759
22.0,24.0,927.88416,25.900002,23.629808,15.499993324279785,20.187480926513672,15.499993,20.18748
22.0,24.0,880.89795,26.0,23.699205,15.499992370605469,20.102413177490234,15.499992,20.102413
22.0,24.0,766.91644,26.099998,23.735207,15.499990463256836,19.938915252685547,15.49999,19.938915
22.0,24.0,654.16656,25.900002,23.733337,15.49998664855957,19.921306610107422,15.499987,19.921307
22.0,24.0,456.29163,25.700005,23.67316,15.49997329711914,19.844533920288086,15.499973,19.844534
22.0,24.0,408.45947,25.199997,23.611067,15.499969482421875,19.903186798095703,15.4999695,19.903187
22.0,24.0,211.20372,24.800003,23.48938,15.499933242797852,19.90605354309082,15.499933,19.906054
22.0,24.0,189.05498,23.699997,23.377256,15.499927520751953,20.029491424560547,15.4999275,20.029491
22.0,24.0,37.37517,22.600002,22.981594,10.000060081481934,21.96116828918457,10.00006,21.961168
22.0,24.0,45.905796,22.600002,22.806522,10.000056266784668,22.116260528564453,10.000056,22.11626
22.0,24.0,33.055573,19.700005,22.809116,10.000054359436035,22.28238868713379,10.000054,22.282389
22.0,24.0,0.0,19.3,22.795073,10.000046730041504,22.445802688598633,10.000047,22.445803
22.0,24.0,0.0,18.899998,22.796417,10.000045776367188,22.53954315185547,10.000046,22.539543
15.0,28.0,0.0,18.699997,22.76729,10.000043869018555,22.63794708251953,10.000044,22.637947
15.0,28.0,0.0,18.400002,22.753521,10.000043869018555,22.697423934936523,10.000044,22.697424
15.0,28.0,0.0,18.099998,22.722912,10.000042915344238,22.776830673217773,10.000043,22.77683
15.0,28.0,0.0,17.900002,22.688148,10.000042915344238,22.811721801757812,10.000043,22.811722
15.0,28.0,0.0,17.600002,22.618656,10.000041007995605,22.885995864868164,10.000041,22.885996
15.0,28.0,0.0,17.399998,22.55959,10.000041961669922,22.90492057800293,10.000042,22.90492
15.0,28.0,0.0,17.0,22.49494,10.000041007995605,22.970359802246094,10.000041,22.97036
15.0,28.0,0.0,16.7,22.441505,10.00006103515625,23.014284133911133,10.000061,23.014284
15.0,28.0,0.0,16.5,22.388998,10.000060081481934,23.083925247192383,10.00006,23.083925
15.0,28.0,0.0,16.199997,22.344408,10.000051498413086,23.087427139282227,10.0000515,23.087427
15.0,28.0,0.0,16.199997,22.29322,10.00005054473877,23.146408081054688,10.000051,23.146408
15.0,28.0,0.0,16.199997,22.256262,10.000043869018555,23.146514892578125,10.000044,23.146515
15.0,28.0,0.0,16.300003,22.214773,10.000043869018555,23.19207191467285,10.000044,23.192072
15.0,28.0,0.0,16.399998,22.185787,10.000038146972656,23.192413330078125,10.000038,23.192413
15.0,28.0,0.0,16.5,22.153858,10.000038146972656,23.22701644897461,10.000038,23.227016
15.0,28.0,0.0,16.5,22.130997,10.00003433227539,23.23370361328125,10.000034,23.233704
15.0,28.0,0.0,16.300003,22.105078,10.000033378601074,23.267133712768555,10.000033,23.267134
15.0,28.0,0.0,16.100002,22.084427,10.000030517578125,23.287248611450195,10.0000305,23.287249
15.0,28.0,0.0,16.199997,22.064474,10.000030517578125,23.31074333190918,10.0000305,23.310743
15.0,28.0,0.0,16.300003,22.048363,10.000027656555176,23.331859588623047,10.000028,23.33186
22.0,24.0,4.7979274,17.0,22.0406,10.000027656555176,23.330810546875,10.000028,23.33081
22.0,24.0,71.21906,17.7,22.059029,10.000032424926758,23.285768508911133,10.000032,23.285769
22.0,24.0,80.728004,18.3,22.072334,10.000033378601074,23.251819610595703,10.000033,23.25182
22.0,24.0,233.07419,18.899998,22.376757,15.499948501586914,23.199647903442383,15.4999485,23.199648
22.0,24.0,287.60315,19.899998,22.748589,15.499958038330078,22.94369888305664,15.499958,22.943699
22.0,24.0,407.87268,20.900002,22.871109,15.499970436096191,22.61308479309082,15.49997,22.613085
22.0,24.0,496.0455,22.799995,22.928076,15.499977111816406,22.376375198364258,15.499977,22.376375
22.0,24.0,665.8392,24.800003,23.028221,15.499985694885254,21.956628799438477,15.499986,21.956629
22.0,24.0,744.50085,26.099998,23.051788,15.499988555908203,21.713062286376953,15.499989,21.713062
22.0,24.0,821.62756,27.399994,23.143616,15.499990463256836,21.346710205078125,15.49999,21.34671
22.0,24.0,893.45105,28.200005,23.180944,15.499992370605469,21.128376007080078,15.499992,21.128376
22.0,24.0,921.8935,28.900002,23.263077,15.499992370605469,20.819623947143555,15.499992,20.819624
22.0,24.0,757.3343,29.400002,23.316334,15.499990463256836,20.68623924255371,15.49999,20.68624
22.0,24.0,463.44226,29.800003,23.323212,15.499977111816406,20.519237518310547,15.499977,20.519238
22.0,24.0,655.1643,30.0,23.419418,15.49998664855957,20.41213607788086,15.499987,20.412136
22.0,24.0,636.7128,30.199997,23.49149,15.499985694885254,20.207813262939453,15.499986,20.207813
22.0,24.0,702.36365,30.199997,23.577637,15.499988555908203,20.1236515045166,15.499989,20.123652
22.0,24.0,662.0972,30.199997,23.640467,15.499985694885254,19.9433536529541,15.499986,19.943354
22.0,24.0,593.45825,29.800003,23.672668,15.499982833862305,19.90631866455078,15.499983,19.906319
22.0,24.0,453.31845,29.5,23.659197,15.499972343444824,19.798099517822266,15.499972,19.7981
22.0,24.0,287.73697,28.800003,23.59225,15.49995231628418,19.85875129699707,15.499952,19.858751
22.0,24.0,184.12018,28.200005,23.505077,15.499923706054688,19.839784622192383,15.499924,19.839785
22.0,24.0,136.64679,27.300003,23.408283,15.499908447265625,19.943788528442383,15.499908,19.943789
22.0,24.0,43.770065,26.400002,23.049871,10.0000638961792,21.841163635253906,10.000064,21.841164
22.0,24.0,49.411835,26.400002,22.8022,10.000060081481934,21.996652603149414,10.00006,21.996653
22.0,24.0,18.709385,24.800003,22.833385,10.000055313110352,22.145946502685547,10.000055,22.145947
22.0,24.0,0.0,24.5,22.82965,10.000049591064453,22.26486587524414,10.00005,22.264866
22.0,24.0,0.0,24.199997,22.824928,10.00005054473877,22.341678619384766,10.000051,22.341679
15.0,28.0,0.0,24.0,22.804987,10.00004768371582,22.419641494750977,10.000048,22.419641
15.0,28.0,0.0,23.800003,22.794739,10.000048637390137,22.465360641479492,10.000049,22.46536
15.0,28.0,0.0,23.699997,22.7716,10.00004768371582,22.52661895751953,10.000048,22.526619
15.0,28.0,0.0,23.5,22.76411,10.000048637390137,22.545827865600586,10.000049,22.545828
15.0,28.0,0.0,23.400002,22.735718,10.00004768371582,22.596099853515625,10.000048,22.5961
15.0,28.0,0.0,23.3,22.731968,10.000049591064453,22.592607498168945,10.00005,22.592607
15.0,28.0,0.0,23.2,22.698265,10.000048637390137,22.63457679748535,10.000049,22.634577
15.0,28.0,0.0,23.2,22.697977,10.00004768371582,22.66448211669922,10.000048,22.664482
