row_index,simulation_type,T_env_start_measured,T_zone_start_measured,T_env_start_model,T_zone_start_model,T_env_measured,T_env_predicted,T_env_error,T_zone_measured,T_zone_predicted,T_zone_error,SAT_sp,ZAT_sp,T_cor_used,T_out_used,Qsg_used,Qint_used,integral_error_predicted_end,prev_zat_sp_predicted_end,damper_signal_predicted_end,m_fan_predicted_end,Q_air_last_predicted_W,Q_reheat_last_predicted_W,Q_hvac_last_predicted_W,n_pi_loops
0,one_step,20.0,24.0,20.0,24.0,20.316447094,20.27768207819847,-0.03876501580153047,22.0244188476,22.122472418003568,0.0980535704035681,14.950504303,24.8687839508,24.0,18.0,0.0,50.0,0.0,24.8687839508,0.0,0.080939,-196.29119046189865,267.17426070713304,70.88307024523439,6
1,one_step,20.3164482117,22.0244178772,20.3164482117,22.0244178772,20.5275044316,20.494632690416154,-0.032871741183846837,22.0266505424,22.059619079633627,0.03296853723362858,14.950504303,24.8687839508,24.0,19.0,0.0,50.0,0.0,24.8687839508,0.0,0.080939,-192.24925209848718,282.09599815132515,89.84674605283797,6
2,one_step,20.5275039673,22.0266513824,20.5275039673,22.0266513824,20.7436509031,20.708755316288602,-0.03489558681139826,22.2301548781,22.260894996411025,0.03074011831102652,16.0,26.0,24.0,20.0,0.0,50.0,0.0,26.0,0.0,0.080939,-168.87777490184848,300.0,131.12222509815152,6
3,one_step,20.7436504364,22.2301559448,20.7436504364,22.2301559448,20.9729564198,20.935604306862626,-0.037352112937373505,22.3758744901,22.405810989248042,0.029936499148043083,16.0,26.0,24.0,21.3,0.0,50.0,0.0,26.0,0.0,0.080939,-172.89136525113835,300.0,127.10863474886165,6
4,one_step,20.9729576111,22.3758735657,20.9729576111,22.3758735657,21.1795978825,21.14628265038479,-0.03331523211521059,22.5090976622,22.53876940449427,0.029671742294272718,16.0,26.0,24.0,21.0,0.0,50.0,0.0,26.0,0.0,0.080939,-176.54597796096104,300.0,123.45402203903896,6
5,one_step,21.1795978546,22.509098053,21.1795978546,22.509098053,21.3653403259,21.33576894639047,-0.02957137950953026,22.6291780187,22.658752131708916,0.029574113008916214,16.0,26.0,24.0,20.7,0.0,50.0,0.0,26.0,0.0,0.080939,-179.8475945502806,300.0,120.1524054497194,6
6,one_step,21.3653411865,22.6291770935,21.3653411865,22.6291770935,21.410172882,21.408570567938376,-0.00160231406162481,21.3637961683,21.39437735897043,0.03058119067043208,16.651714325,19.0249099731,24.0,20.5,0.0,50.0,3743.1178990231097,19.0249099731,100.0,0.31797464285714283,-514.225539014221,0.0,-514.225539014221,6
7,one_step,21.4101734161,21.3637962341,21.4101734161,21.3637962341,21.3717752631,21.377545759991133,0.005770496891130961,21.2323788058,21.213251153036474,-0.019127652763526015,16.651714325,19.0249099731,24.0,20.4,0.0,50.0,3751.30679308,19.0249099731,100.0,0.31797464285714283,-486.4446459504535,0.0,-486.4446459504535,6
8,one_step,21.3717765808,21.2323799133,21.3717765808,21.2323799133,21.3315151723,21.336998509347914,0.0054833370479130394,21.2044653307,21.18216723868335,-0.02229809201665134,16.651714325,19.0249099731,24.0,20.4,0.0,50.0,3751.30679308,19.0249099731,100.0,0.31797464285714283,-482.5986266118742,0.0,-482.5986266118742,6
9,one_step,21.3315162659,21.2044639587,21.3315162659,21.2044639587,21.296411929,21.300938547035393,0.004526618035392005,21.1848057761,21.162396022360785,-0.02240975373921472,16.651714325,19.0249099731,24.0,20.5,0.0,50.0,3751.30679308,19.0249099731,100.0,0.31797464285714283,-480.42427435756974,0.0,-480.42427435756974,6
10,one_step,21.2964115143,21.1848068237,21.2964115143,21.1848068237,21.276533893,21.27819026799809,0.001656374998091792,21.1740161706,21.15066677778696,-0.023349392813042158,16.651714325,19.0249099731,24.0,21.1,1.815,50.0,3751.30679308,19.0249099731,100.0,0.31797464285714283,-479.0571320486326,0.0,-479.0571320486326,6
11,one_step,21.2765350342,21.1740150452,21.2765350342,21.1740150452,21.2855684803,21.28234010488132,-0.0032283754186792635,21.2417373547,21.217036495264654,-0.02470085943534528,16.651714325,19.0249099731,24.0,21.7,55.72619567,50.0,3751.30679308,19.0249099731,100.0,0.31797464285714283,-485.54927444791707,0.0,-485.54927444791707,6
12,one_step,21.2855682373,21.2417373657,21.2855682373,21.2417373657,21.3377367049,21.326308103302956,-0.011428601597042842,21.4582533342,21.449253573964654,-0.008999760235344212,16.0,20.0,24.0,22.4,22.77,50.0,2594.9950320589564,20.0,65.31988905082942,0.23577041892520595,-433.2732761520206,0.0,-433.2732761520206,6
13,one_step,21.3377361298,21.4582538605,21.3377361298,21.4582538605,21.3926316037,21.38307356905053,-0.00955803464946925,21.2830096275,21.267128355760825,-0.015881271739175418,16.0,20.0,24.0,23.0,117.7942964,50.0,4337.369744382127,20.0,100.0,0.31797464285714283,-562.9232945678813,0.0,-562.9232945678813,6
14,one_step,21.3926315308,21.2830085754,21.3926315308,21.2830085754,21.4285953534,21.420372702517067,-0.008222650882931504,21.2025161187,21.173556661753206,-0.028959456946793694,16.0,20.0,24.0,24.0,65.67801958,50.0,4342.70550541,20.0,100.0,0.31797464285714283,-550.9788451833394,0.0,-550.9788451833394,6
15,one_step,21.4285964966,21.2025165558,21.4285964966,21.2025165558,21.6658326648,21.618378870116043,-0.04745379468395683,22.9555796479,22.929285144869446,-0.026294503030552363,15.9549388885,24.5820922852,24.0,25.0,177.4316214,180.0,0.0,24.5820922852,0.0,0.080939,-186.32826350978758,174.8420530079496,-11.486210501837974,6
16,one_step,21.6658325195,22.9555797577,21.6658325195,22.9555797577,21.9625013759,21.912913934820093,-0.049587441079907535,23.1308519993,23.148289724975967,0.017437725675968352,15.9549388885,24.5820922852,24.0,26.0,129.2898191,180.0,0.0,24.5820922852,0.0,0.080939,-194.21997332569262,145.70800610494388,-48.511967220748744,6
17,one_step,21.9625015259,23.1308517456,21.9625015259,23.1308517456,22.3110647749,22.2535123198026,-0.05755245509740092,23.5487139467,23.561868672051798,0.013154725351796515,15.9549388885,24.5820922852,24.0,27.0,333.23752,180.0,0.0,24.5820922852,0.0,0.080939,-205.04486445146227,105.74545133100912,-99.29941312045315,6
18,one_step,22.3110656738,23.5487136841,22.3110656738,23.5487136841,22.6495743182,22.59465841628522,-0.054915901914778686,23.729233716,23.74553282691267,0.016299110912669335,15.9549388885,24.5820922852,24.0,27.6,329.361975,180.0,0.0,24.5820922852,0.0,0.080939,-210.3364227810323,86.21045674048595,-124.12596604054634,6
19,one_step,22.6495742798,23.7292327881,22.6495742798,23.7292327881,23.0393094891,22.975854385743254,-0.06345510335674476,24.3078614485,24.320745802128826,0.012884353628827228,14.5,26.0,24.0,28.3,502.1707031,180.0,0.0,26.0,0.0,0.080939,-264.74851371865157,172.62047184819238,-92.12804187045919,6
20,one_step,23.0393104553,24.3078613281,23.0393104553,24.3078613281,23.4235471405,23.362922969727588,-0.060624170772410224,24.543720698,24.56370545296961,0.019984754969609497,14.5,26.0,24.0,28.7,518.8843589,180.0,0.0,26.0,0.0,0.080939,-271.77116043412,146.6947696157881,-125.07639081833193,6
21,one_step,23.4235477448,24.5437202454,23.4235477448,24.5437202454,23.6844544001,23.649694469040675,-0.03475993105932673,23.4561969996,23.47270676845931,0.016509768859311436,16.0,20.0,24.0,29.2,632.8191194,180.0,2643.80995970198,20.0,100.0,0.31797464285714283,-801.3016497468116,0.0,-801.3016497468116,6
22,one_step,23.6844558716,23.4561958313,23.6844558716,23.4561958313,23.862308227,23.83507788649826,-0.027230340501738226,23.4830152328,23.454585405648697,-0.028429827151303044,16.0,20.0,24.0,29.4,649.8086212,180.0,2630.92748156,20.0,100.0,0.31797464285714283,-792.373224348175,0.0,-792.373224348175,6
23,one_step,23.8623085022,23.4830150604,23.8623085022,23.4830150604,24.0402447487,24.01282199458025,-0.027422754119751147,23.6369899259,23.604515542663293,-0.03247438323670693,16.0,20.0,24.0,29.6,701.6350699,180.0,2630.92748156,20.0,100.0,0.31797464285714283,-807.652278812635,0.0,-807.652278812635,6
24,one_step,24.0402450562,23.6369895935,24.0402450562,23.6369895935,24.2077901607,24.18240101572058,-0.02538914497942102,23.7319936086,23.699919968031473,-0.032073640568526685,16.0,20.0,24.0,29.7,703.0527701,180.0,2630.92748156,20.0,100.0,0.31797464285714283,-818.1776366224673,0.0,-818.1776366224673,6
25,one_step,24.2077903748,23.7319946289,24.2077903748,23.7319946289,24.3026762648,24.288362544265883,-0.014313720534115504,23.5301598497,23.49823918060514,-0.03192066909485902,16.0,20.0,24.0,29.8,493.4677368,180.0,2630.92748156,20.0,100.0,0.31797464285714283,-798.7217859859114,0.0,-798.7217859859114,6
26,one_step,24.3026771545,23.5301589966,24.3026771545,23.5301589966,24.2595746586,24.264999843124627,0.005425184524629145,23.0071022486,22.96978676040545,-0.03731548819454744,16.0,20.0,24.0,29.7,89.94650763,180.0,3562.8962843927757,20.0,100.0,0.31797464285714283,-745.0771016832488,0.0,-745.0771016832488,6
27,one_step,24.2595748901,23.0071029663,24.2595748901,23.0071029663,24.3059832321,24.292228050105404,-0.01375518199459691,23.7742217128,23.748219093952038,-0.0260026188479614,17.7000007629,22.0,24.0,29.6,180.2523886,180.0,2770.812122783006,22.0,71.41504242421807,0.25021810490694657,-508.9398097850876,0.0,-508.9398097850876,6
28,one_step,24.3059825897,23.7742214203,24.3059825897,23.7742214203,24.4162148877,24.398320122448233,-0.017894765251767808,23.8967387721,23.867981558751808,-0.028757213348193034,17.7000007629,22.0,24.0,29.4,474.8740792,180.0,3942.7408711773073,22.0,100.0,0.31797464285714283,-655.8756662040839,0.0,-655.8756662040839,6
29,one_step,24.4162139893,23.8967380524,24.4162139893,23.8967380524,24.4983275452,24.485382447628087,-0.012945097571911646,23.8836934369,23.856018098364846,-0.027675338535154026,17.7000007629,18.0,24.0,29.1,426.4738543,180.0,1769.02141572,18.0,100.0,0.31797464285714283,-655.1979739204916,0.0,-655.1979739204916,6
30,one_step,24.4983272552,23.8836936951,24.4983272552,23.8836936951,24.5599148003,24.550319872583792,-0.009594927716207735,23.9092809166,23.87901852941355,-0.030262387186450468,17.7000007629,18.0,24.0,28.7,424.6044764,180.0,1769.02141571,18.0,100.0,0.31797464285714283,-657.2517591047647,0.0,-657.2517591047647,6
31,one_step,24.5599136353,23.909280777,24.5599136353,23.909280777,24.5524149717,24.554451920904974,0.0020369492049745475,23.5330225032,23.507906413793247,-0.025116089406754583,16.6140785217,19.5571098328,24.0,28.3,269.3540575,180.0,2605.0621985239027,19.5571098328,100.0,0.31797464285714283,-737.3110759182763,0.0,-737.3110759182763,6
32,one_step,24.5524139404,23.5330238342,24.5524139404,23.5330238342,24.4923350758,24.501274131549536,0.008939055749536351,23.4064329715,23.366438340080624,-0.03999463141937554,16.6140785217,19.5571098328,24.0,27.7,221.8666509,180.0,2607.60750371,19.5571098328,100.0,0.31797464285714283,-719.7833122001975,0.0,-719.7833122001975,6
33,one_step,24.4923343658,23.4064331055,24.4923343658,23.4064331055,24.3940083119,24.4086630643504,0.01465475245040082,23.2354748796,23.19471112826176,-0.04076375133824328,16.6140785217,19.5571098328,24.0,27.1,126.7057476,180.0,2607.60750371,19.5571098328,100.0,0.31797464285714283,-701.9554212121476,0.0,-701.9554212121476,6
34,one_step,24.3940086365,23.2354736328,24.3940086365,23.2354736328,24.2724778856,24.290694143870315,0.018216258270314256,23.1301664643,23.08831538094911,-0.04185108335089183,16.6140785217,19.5571098328,24.0,26.2,96.50280202,180.0,2607.60750371,19.5571098328,100.0,0.31797464285714283,-690.3983536379554,0.0,-690.3983536379554,6
35,one_step,24.2724781036,23.1301670074,24.2724781036,23.1301670074,24.1078139234,24.13402131449836,0.026207391098360233,22.7609968965,22.719633792799804,-0.04136310370019558,16.6140785217,19.5571098328,24.0,25.4,53.955,50.0,2607.60750371,19.5571098328,100.0,0.31797464285714283,-652.8266246887246,0.0,-652.8266246887246,6
36,one_step,24.1078147888,22.7609977722,24.1078147888,22.7609977722,23.9398804683,23.965071175627017,0.02519070732701678,22.6361000273,22.58748755281881,-0.04861247448118888,16.6140785217,19.5571098328,24.0,25.4,38.445,50.0,3554.2344312277924,19.5571098328,100.0,0.31797464285714283,-637.5072617869109,0.0,-637.5072617869109,6
37,one_step,23.9398803711,22.636100769,23.9398803711,22.636100769,23.8698143933,23.87522887359756,0.005414480297559976,23.8847939532,23.848320253053206,-0.036473700146792964,14.5,26.0,24.0,23.0,24.09,50.0,0.0,26.0,0.0,0.080939,-251.6966564789915,220.80438000776823,-30.892276471223283,6
38,one_step,23.8698139191,23.8847942352,23.8698139191,23.8847942352,23.8364927688,23.84313307803314,0.006640309233141295,23.9214829716,23.92522232499376,0.0037393533937617462,14.5,26.0,24.0,21.7,11.385,50.0,0.0,26.0,0.0,0.080939,-255.29481165439705,207.52096943009022,-47.77384222430683,6
39,one_step,23.8364944458,23.9214820862,23.8364944458,23.9214820862,23.7915921535,23.800925010001723,0.009332856501721665,23.9788797209,23.987173883161788,0.008294162261787363,16.0,26.0,24.0,20.4,14.70273145,50.0,0.0,26.0,0.0,0.080939,-216.322284522058,201.3969430643307,-14.925341457727285,6
40,one_step,23.7915916443,23.9788799286,23.7915916443,23.9788799286,23.7287518164,23.74201299341174,0.01326117701174212,23.9366870062,23.949713310021266,0.013026303821266794,16.0,26.0,24.0,19.3,0.0,50.0,0.0,26.0,0.0,0.080939,-215.45267761814048,204.60729530952477,-10.845382308615712,6
41,one_step,23.7287521362,23.9366874695,23.7287521362,23.9366874695,23.6497067788,23.66620836551282,0.016501586712820426,23.8989648831,23.91421610024141,0.015251217141411644,16.0,26.0,24.0,18.2,0.0,50.0,0.0,26.0,0.0,0.080939,-214.50233071252634,208.1157176879664,-6.386613024559949,6
42,one_step,23.6497077942,23.8989639282,23.6497077942,23.8989639282,23.5603873881,23.579095529758977,0.018708141658976274,23.8558557535,23.87344324942588,0.017587495925880603,16.0,26.0,24.0,17.3,0.0,50.0,0.0,26.0,0.0,0.080939,-213.4142564187911,212.1325921355986,-1.281664283192498,6
43,one_step,23.5603866577,23.8558559418,23.5603866577,23.8558559418,23.4617121008,23.482470970643305,0.02075886984330566,23.8078904393,23.827886655055885,0.01999621575588506,16.0,26.0,24.0,16.4,0.0,50.0,0.0,26.0,0.0,0.080939,-212.19464446905738,216.63506784439832,4.4404233753409414,6
44,one_step,23.4617118835,23.8078918457,23.4617118835,23.8078918457,23.2579177635,23.299851364683086,0.041933601183085756,22.5997581506,22.616384276552377,0.01662612595237789,14.5,22.0,24.0,15.8,0.0,50.0,2165.7167642066015,22.0,49.926249733903006,0.19928200701121956,-549.1943607116348,0.0,-549.1943607116348,6
45,one_step,23.2579174042,22.5997581482,23.2579174042,22.5997581482,22.9792099741,23.029418336263877,0.050208362163875364,22.1943549856,22.185330324010064,-0.009024661589936755,14.5,22.0,24.0,15.2,0.0,50.0,2829.7191050790448,22.0,58.69464369212974,0.22006622599834913,-569.5530949746984,0.0,-569.5530949746984,6
46,one_step,22.9792098999,22.194355011,22.9792098999,22.194355011,22.6965655457,22.746535936428465,0.049970390728464764,21.9810671561,21.966395240338766,-0.014671915761233834,14.5,22.0,24.0,14.8,0.0,50.0,2989.6452926776524,22.0,59.717756171027446,0.22249136723985602,-557.831589689253,0.0,-557.831589689253,6
47,one_step,22.6965656281,21.9810676575,22.6965656281,21.9810676575,22.4284252145,22.4757548877612,0.04732967326120274,21.8569620137,21.841994998972904,-0.014967014727094607,14.5,22.0,24.0,14.4,0.0,50.0,2850.684256375807,22.0,55.708767992229895,0.21298863633817633,-524.2665049397983,0.0,-524.2665049397983,6
48,one_step,22.4284248352,21.856962204,22.4284248352,21.856962204,22.1860663201,22.229025017261264,0.042958697161264325,21.7889536328,21.77577273567973,-0.013180897120268042,14.5,22.0,24.0,14.2,0.0,50.0,2537.560076004966,22.0,48.77925084772489,0.19656321082780298,-478.96019963782294,0.0,-478.96019963782294,6
49,one_step,22.1860656738,21.7889537811,22.1860656738,21.7889537811,21.9698557989,22.008579535433405,0.038723736533405884,21.7577282898,21.74780350226207,-0.009924787537929802,14.5,22.0,24.0,13.9,0.0,50.0,2134.0493953274045,22.0,40.41227290922052,0.17673049088355386,-428.6840906505649,0.0,-428.6840906505649,6
50,one_step,21.9698562622,21.7577285767,21.9698562622,21.7577285767,21.8781921156,21.89314795775291,0.014955842152907906,22.6692213525,22.667821138706476,-0.0014002137935236192,17.7000007629,24.0,24.0,13.8,0.0,50.0,0.0,24.0,0.0,0.080939,-133.49825301280617,137.160671447354,3.662418434547817,6
51,one_step,21.8781929016,22.6692218781,21.8781929016,22.6692218781,21.8360382117,21.847793305693415,0.011755093993414789,22.6942401876,22.721002743294154,0.02676255569415531,17.7000007629,24.0,24.0,13.7,0.0,50.0,0.0,24.0,0.0,0.080939,-135.9860359866315,127.97645313032326,-8.009582856308228,6
52,one_step,21.8360385895,22.6942405701,21.8360385895,22.6942405701,21.7978370441,21.80922471527712,0.011387671177121916,22.6770389107,22.705626333635763,0.02858742293576455,17.7000007629,24.0,24.0,13.6,0.0,50.0,0.0,24.0,0.0,0.080939,-135.61665243734333,129.34011675977786,-6.276535677565477,6
53,one_step,21.7978363037,22.6770401001,21.7978363037,22.6770401001,21.6696651128,21.699368346387562,0.02970323358756133,21.6873974557,21.716131796951522,0.0287343412515213,17.7000007629,18.0,24.0,13.5,0.0,50.0,2727.365086827095,18.0,100.0,0.31797464285714283,-434.0493190162756,0.0,-434.0493190162756,6
54,one_step,21.6696643829,21.6873970032,21.6696643829,21.6873970032,21.5016002141,21.533164368793187,0.03156415469318574,21.535602664,21.53450179649574,-0.0011008675042596394,17.7000007629,18.0,24.0,13.4,0.0,50.0,2716.95667653,18.0,100.0,0.31797464285714283,-409.7235467911496,0.0,-409.7235467911496,6
55,one_step,21.5016002655,21.5356025696,21.5016002655,21.5356025696,21.434864358,21.446228313401264,0.011363955401265002,22.3629043551,22.3659718019349,0.003067446834901233,16.0,24.0,24.0,13.3,0.0,50.0,0.0,24.0,0.0,0.080939,-171.44190864161413,167.08308794641127,-4.358820695202866,6
56,one_step,21.4348640442,22.362903595,21.4348640442,22.362903595,21.4129681641,21.42135204287159,0.008383878771589082,22.3933776657,22.421476062834685,0.028098397134684205,16.0,24.0,24.0,13.3,0.0,50.0,0.0,24.0,0.0,0.080939,-173.88671401692875,158.05753123757427,-15.829182779354483,6
57,one_step,21.4129676819,22.3933773041,21.4129676819,22.3933773041,21.3949243114,21.40288043268858,0.007956121288579254,22.3860472839,22.415494808125608,0.02944752422560626,16.0,24.0,24.0,13.3,0.0,50.0,0.0,24.0,0.0,0.080939,-173.76693592447822,158.49971938752034,-15.267216536957875,6
58,one_step,21.3949241638,22.3860473633,21.3949241638,22.3860473633,21.3906995256,21.39603871831637,0.005339192716370178,22.3836518283,22.412164532461517,0.028512704161517632,16.0,24.0,24.0,13.9,1.485,50.0,0.0,24.0,0.0,0.080939,-173.654312965785,158.91549272909842,-14.738820236686593,6
59,one_step,21.3907012939,22.3836517334,21.3907012939,22.3836517334,21.3786019878,21.386428681572077,0.007826693772077675,22.0583061164,22.082319200292226,0.024013083892224785,16.0,22.0,24.0,14.6,58.55607957,50.0,396.51353647581504,22.0,8.881933880671358,0.10199234907219573,-208.40991877967267,0.0,-208.40991877967267,6
60,one_step,21.3786010742,22.0583057404,21.3786010742,22.0583057404,21.3622152944,21.36837644784728,0.006161153447280299,21.9678144113,21.9806728909966,0.012858479696600256,16.0,22.0,24.0,15.8,23.925,50.0,382.46334488294116,22.0,7.51853690421877,0.09876061228436649,-197.83121250060586,0.0,-197.83121250060586,6
61,one_step,21.3622169495,21.9678153992,21.3622169495,21.9678153992,21.3942332826,21.391743055563886,-0.002490227036112458,22.0885189168,22.097588834828194,0.0090699180281959,16.0,22.0,24.0,17.0,119.0683878,50.0,444.89399078752,22.0,9.723298472435257,0.10398668304105566,-211.9969587472463,0.0,-211.9969587472463,6
62,one_step,21.3942337036,22.08852005,21.3942337036,22.08852005,21.4532079032,21.446069878558944,-0.007138024641054841,22.0944315282,22.10327417074734,0.008842642547339352,16.0,22.0,24.0,18.4,118.3605563,50.0,617.68851102691,22.0,13.287079795102892,0.11243411500926367,-229.66976143452877,0.0,-229.66976143452877,6
63,one_step,21.4532089233,22.0944328308,21.4532089233,22.0944328308,21.5662584258,21.54887666526899,-0.017381760531012702,22.3741699101,22.38269268704599,0.008522776945987687,16.0,22.0,24.0,19.8,165.0533408,180.0,1100.3444691660736,22.0,25.394227648577807,0.1411323707554127,-301.1706646341227,0.0,-301.1706646341227,6
64,one_step,21.5662574768,22.374168396,21.5662574768,22.374168396,21.7474337469,21.718315475808755,-0.029118271091245873,22.8580227503,22.868711692194708,0.010688941894706261,12.8000001907,24.0,24.0,21.0,209.380991,180.0,0.0,24.0,0.0,0.080939,-271.8592031549009,116.36972075927332,-155.4894823956276,6
65,one_step,21.7474327087,22.8580226898,21.7474327087,22.8580226898,21.978268402,21.942747523130237,-0.035520878869764516,23.0955991112,23.113471325846977,0.01787221464697808,12.8000001907,24.0,24.0,22.2,297.120158,180.0,0.0,24.0,0.0,0.080939,-278.7342501159355,90.9889166882131,-187.7453334277224,6
66,one_step,21.9782676697,23.0956001282,21.9782676697,23.0956001282,22.2206330233,22.183442070545706,-0.03719095275429396,23.2544839317,23.272075649699442,0.017591717999440704,12.8000001907,24.0,24.0,23.2,323.3944953,180.0,0.0,24.0,0.0,0.080939,-283.11821506803756,74.80451007479942,-208.31370499323813,6
67,one_step,22.2206325531,23.2544841766,22.2206325531,23.2544841766,22.4802164923,22.440249478419673,-0.0399670138803252,23.4699794662,23.48478914935445,0.01480968315444997,12.8000001907,24.0,24.0,24.1,393.4954187,180.0,0.0,24.0,0.0,0.080939,-288.78779384431436,53.87396677790406,-234.9138270664103,6
68,one_step,22.48021698,23.4699783325,22.48021698,23.4699783325,22.7446594473,22.703992657804772,-0.040666789495226396,23.6369118961,23.65037366880957,0.013461772709572273,12.8000001907,24.0,24.0,25.0,418.1074349,180.0,0.0,24.0,0.0,0.080939,-293.3317218734869,37.09901997753029,-256.2327018959566,6
69,one_step,22.7446594238,23.6369113922,22.7446594238,23.6369113922,23.0266619433,22.983194035898936,-0.04346790740106243,23.8740828164,23.884468468254333,0.010385651854331712,12.8000001907,24.0,24.0,25.9,496.9062356,180.0,0.0,24.0,0.0,0.080939,-299.56261121753545,14.09627068344328,-285.4663405340922,6
70,one_step,23.0266609192,23.8740844727,23.0266609192,23.8740844727,23.229525505,23.202021486953704,-0.02750401804629732,23.0667867058,23.077869586960038,0.011082881160039193,12.8000001907,22.0,24.0,26.6,508.5705081,180.0,2759.904352552416,22.0,65.96309721170155,0.23729505152423885,-825.6045760617524,0.0,-825.6045760617524,6
71,one_step,23.2295246124,23.0667877197,23.2295246124,23.0667877197,23.3477080966,23.331869480795746,-0.01583861580425605,22.6899113505,22.67422247184865,-0.015688878651349825,12.8000001907,22.0,24.0,27.3,585.9484111,180.0,4345.97928709146,22.0,93.55384100192106,0.30269494843645284,-1006.6511834055661,0.0,-1006.6511834055661,6
72,one_step,23.3477096558,22.6899108887,23.3477096558,22.6899108887,23.427292018,23.416165313838516,-0.011126704161483758,22.5924134496,22.54963509123113,-0.04277835836886723,12.8000001907,22.0,24.0,27.8,626.0118392,180.0,4734.266090644272,22.0,100.0,0.31797464285714283,-1037.9868821122102,0.0,-1037.9868821122102,6
73,one_step,23.4272918701,22.592414856,23.4272918701,22.592414856,23.6212533893,23.587171356659724,-0.03408203264027776,23.5852712181,23.56720551101516,-0.018065707084840454,16.7433452606,21.0998268127,24.0,28.3,624.281796,180.0,3229.896775283022,21.0998268127,100.0,0.31797464285714283,-731.1342835530843,0.0,-731.1342835530843,6
74,one_step,23.6212539673,23.585269928,23.6212539673,23.585269928,23.7996640605,23.773025209635648,-0.026638850864351582,23.5607298796,23.54024526987471,-0.020484609725290426,16.7433452606,21.0998268127,24.0,28.5,616.1062069,180.0,3305.07325123,21.0998268127,100.0,0.31797464285714283,-722.6168451742475,0.0,-722.6168451742475,6
75,one_step,23.7996635437,23.5607299805,23.7996635437,23.5607299805,23.9478147111,23.925283628699734,-0.02253108240026691,23.5787690001,23.553249476934596,-0.025519523165403513,16.7433452606,21.0998268127,24.0,28.7,571.0052776,180.0,3305.07325123,21.0998268127,100.0,0.31797464285714283,-723.9539733797224,0.0,-723.9539733797224,6
76,one_step,23.9478149414,23.5787696838,23.9478149414,23.5787696838,24.0861613864,24.065073169107112,-0.021088217292888345,23.6750944595,23.646531116131975,-0.028563343368023908,16.7433452606,21.0998268127,24.0,28.7,591.8202484,180.0,3305.07325123,21.0998268127,100.0,0.31797464285714283,-733.5181565900303,0.0,-733.5181565900303,6
77,one_step,24.0861625671,23.6750946045,24.0861625671,23.6750946045,24.1828231465,24.168210420719365,-0.01461272578063344,23.5911628698,23.56286927136729,-0.028293598432711065,16.7433452606,21.0998268127,24.0,28.8,478.3471966,180.0,3305.07325123,21.0998268127,100.0,0.31797464285714283,-725.8191433682031,0.0,-725.8191433682031,6
78,one_step,24.1828231812,23.5911636353,24.1828231812,23.5911636353,24.2508947341,24.240018149380845,-0.010876584719156313,23.5538644096,23.520863017297625,-0.0330013923023742,16.7433452606,21.0998268127,24.0,28.9,423.6056223,180.0,3305.07325123,21.0998268127,100.0,0.31797464285714283,-721.2703110758154,0.0,-721.2703110758154,6
79,one_step,24.2508945465,23.5538635254,24.2508945465,23.5538635254,24.2290118271,24.233064447266234,0.004052620166234533,22.914881272,22.890210089819675,-0.024671182180323825,14.5,20.0,24.0,28.9,216.3686579,180.0,3136.939052543054,20.0,100.0,0.31797464285714283,-900.3602994174357,0.0,-900.3602994174357,6
80,one_step,24.2290115356,22.9148807526,24.2290115356,22.9148807526,24.1576363583,24.166855299291573,0.009218940991573277,22.8060737283,22.750844604040235,-0.055229124259764006,14.5,20.0,24.0,28.8,227.3332997,180.0,3141.31594161,20.0,100.0,0.31797464285714283,-879.2985588684609,0.0,-879.2985588684609,6
81,one_step,24.1576347351,22.8060741425,24.1576347351,22.8060741425,24.0552352907,24.068824558207773,0.013589267507772007,22.6215591615,22.565673980034667,-0.05588518146533161,14.5,20.0,24.0,28.6,122.8774965,180.0,3141.31594161,20.0,100.0,0.31797464285714283,-860.1758096623784,0.0,-860.1758096623784,6
82,one_step,24.0552368164,22.6215591431,24.0552368164,22.6215591431,23.9518187623,23.965065798551787,0.013247036251787137,22.5680071668,22.50933342424536,-0.058673742554642416,14.5,20.0,24.0,28.3,129.819488,180.0,3141.31594161,20.0,100.0,0.31797464285714283,-853.4842801894091,0.0,-853.4842801894091,6
83,one_step,23.9518203735,22.5680065155,23.9518203735,22.5680065155,23.8032867591,23.824623360365933,0.021336601265932842,22.1568399157,22.099409335632476,-0.05743058006752477,14.5,20.0,24.0,28.0,44.385,50.0,3864.8935046011143,20.0,100.0,0.31797464285714283,-812.0945504387311,0.0,-812.0945504387311,6
84,one_step,23.8032875061,22.1568393707,23.8032875061,22.1568393707,23.7894659385,23.78221994795765,-0.0072459905423514215,23.4194553068,23.361272184650613,-0.058183122149387145,12.8000001907,24.0,24.0,28.0,52.59964202,50.0,0.0,24.0,0.0,0.080939,-284.54239354174115,69.54683038065923,-214.99556316108192,6
85,one_step,23.7894668579,23.4194564819,23.7894668579,23.4194564819,23.8037238176,23.798873182858955,-0.004850634741046633,23.4552768309,23.435545728176912,-0.019731102723088867,12.8000001907,24.0,24.0,26.9,21.12,50.0,0.0,24.0,0.0,0.080939,-288.0558386520113,56.57614633099399,-231.4796923210173,6
86,one_step,23.8037223816,23.4552764893,23.8037223816,23.4552764893,23.7953578928,23.794919044987445,-0.0004388478125534334,23.4427483777,23.425632892428357,-0.017115485271641973,12.8000001907,24.0,24.0,25.9,10.065,50.0,0.0,24.0,0.0,0.080939,-287.8748758322607,57.244211858148475,-230.63066397411225,6
87,one_step,23.7953567505,23.4427490234,23.7953567505,23.4427490234,23.7684449899,23.771610273748298,0.0031652838482969514,23.4340305124,23.41859360888277,-0.01543690351723015,12.8000001907,24.0,24.0,24.9,11.96649567,50.0,0.0,24.0,0.0,0.080939,-287.69999580084294,57.88982138467418,-229.81017441616876,6
88,one_step,23.7684440613,23.4340305328,23.7684440613,23.4340305328,23.7232522248,23.72991675849334,0.006664533693339081,23.3998612265,23.38649391321569,-0.01336731328430929,12.8000001907,24.0,24.0,24.0,0.0,50.0,0.0,24.0,0.0,0.080939,-286.8836558287228,60.903526600825586,-225.9801292278972,6
89,one_step,23.7232513428,23.3998603821,23.7232513428,23.3998603821,23.6660590195,23.67509649133105,0.00903747183104997,23.3723975874,23.360537956658177,-0.011859630741820837,12.8000001907,24.0,24.0,23.2,0.0,50.0,0.0,24.0,0.0,0.080939,-286.18465385880677,63.48405181676604,-222.7006020420407,6
90,one_step,23.6660575867,23.3723983765,23.6660575867,23.3723983765,23.615803238,23.623591247479244,0.007788009479241964,23.4377032242,23.427544606639835,-0.01015861756016534,16.0577697754,23.6413230896,24.0,22.8,0.0,50.0,0.0,23.6413230896,0.0,0.080939,-199.6227668541445,21.40235315473724,-178.22041369940723,6
91,one_step,23.6158027649,23.437702179,23.6158027649,23.437702179,23.5663927425,23.574726703673047,0.0083339611730473,23.417868724,23.41141841876395,-0.006450305236050724,16.0577697754,23.6413230896,24.0,22.4,0.0,50.0,0.0,23.6413230896,0.0,0.080939,-199.28991155587667,22.631164413370186,-176.65874714250648,6
92,one_step,23.5663909912,23.4178695679,23.5663909912,23.4178695679,23.4810094452,23.496828615925647,0.015819170725645648,22.9664795659,22.963912198640507,-0.002567367259491249,15.0486869812,22.5499286652,24.0,22.1,0.0,50.0,1180.2633164531942,22.5499286652,27.844681225384544,0.1469408191441124,-392.04677178766093,0.0,-392.04677178766093,6
93,one_step,23.481010437,22.9664802551,23.481010437,22.9664802551,23.358413555,23.379132315590358,0.020718760590359153,22.7317099985,22.717557405206758,-0.014152593293243143,15.0486869812,22.5499286652,24.0,21.8,0.0,50.0,1712.7779688822407,22.5499286652,36.04154302365302,0.16637030320174967,-428.7076028960571,0.0,-428.7076028960571,6
94,one_step,23.3584136963,22.731710434,23.3584136963,22.731710434,23.2812627639,23.291925469389422,0.010662705489423274,23.1549874482,23.135088881129633,-0.01989856707036708,12.8000001907,24.0,24.0,21.6,0.0,50.0,0.0,24.0,0.0,0.080939,-279.52911991811357,88.05447350179918,-191.47464641631439,6
95,one_step,23.2812633514,23.1549873352,23.2812633514,23.1549873352,23.2280290396,23.237222067177743,0.009193027577744317,23.1505387635,23.144763874951064,-0.005774888548934598,12.8000001907,24.0,24.0,21.4,0.0,50.0,0.0,24.0,0.0,0.080939,-280.2956233515937,85.22475123586908,-195.07087211572463,6
96,one_step,23.2280292511,23.1505393982,23.2280292511,23.1505393982,23.178674585,23.187386195548665,0.00871161054866576,23.126400274,23.121854388844998,-0.004545885155003759,12.8000001907,24.0,24.0,21.3,0.0,50.0,0.0,24.0,0.0,0.080939,-279.69389655463704,87.44616296213401,-192.24773359250304,6
97,one_step,23.1786746979,23.1263999939,23.1786746979,23.1263999939,23.1318729911,23.140211596208555,0.008338605108555441,23.1025327601,23.098569748467348,-0.00396301163265278,12.8000001907,24.0,24.0,21.2,0.0,50.0,0.0,24.0,0.0,0.080939,-279.0587104291204,89.7910974319295,-189.26761299719092,6
98,one_step,23.1318740845,23.1025333405,23.1318740845,23.1025333405,23.1069457961,23.111060170692436,0.004114374592436576,23.2380675749,23.235065667688794,-0.0030019072112068557,16.0,24.0,24.0,21.3,0.0,50.0,0.0,24.0,0.0,0.080939,-195.83973930377545,77.01293085441705,-118.8268084493584,6
99,one_step,23.1069450378,23.238067627,23.1069450378,23.238067627,23.0909473963,23.094344597299035,0.003397200999035732,23.2369736894,23.238380056586823,0.0014063671868242977,16.0,24.0,24.0,21.3,0.0,50.0,0.0,24.0,0.0,0.080939,-196.08918071431648,76.09206098923167,-119.99711972508481,6
100,one_step,23.0909461975,23.2369728088,23.0909461975,23.2369728088,23.0728162991,23.076712837405854,0.0038965383058524594,23.2285992418,23.230697954677183,0.002098712877181441,16.0,24.0,24.0,21.1,0.0,50.0,0.0,24.0,0.0,0.080939,-195.89218167998803,76.8193278603988,-119.07285381958923,6
101,one_step,23.0728168488,23.2285995483,23.0728168488,23.2285995483,23.0524678959,23.056845532093156,0.004377636193154899,23.2187749015,23.221405456406224,0.0026305549062222155,16.0,24.0,24.0,20.9,0.0,50.0,0.0,24.0,0.0,0.080939,-195.64433701909476,77.73430296003703,-117.91003405905774,6
102,one_step,23.0524673462,23.2187747955,23.0524673462,23.2187747955,23.0242437894,23.03020735940957,0.0059635700095697075,23.2058730392,23.209600861839885,0.0037278226398846925,16.0,24.0,24.0,20.4,0.0,50.0,0.0,24.0,0.0,0.080939,-195.33681612259326,78.86958649571305,-116.46722962688021,6
103,one_step,23.0242424011,23.205871582,23.0242424011,23.205871582,22.9888971763,22.996324873429185,0.007427697129184452,23.1893250767,23.194235526534197,0.004910449834195418,16.0,24.0,24.0,19.9,0.0,50.0,0.0,24.0,0.0,0.080939,-194.93250252723942,80.36220235784484,-114.57030016939459,6
104,one_step,22.9888954163,23.1893253326,22.9888954163,23.1893253326,22.9101422402,22.926377113152995,0.01623487295299597,22.7597918986,22.76660835258969,0.0068164539896891085,15.9101200104,22.4286346436,24.0,19.3,0.0,50.0,997.5711993019995,22.4286346436,23.422037380864204,0.13645757687597176,-315.2968255859712,0.0,-315.2968255859712,6
105,one_step,22.9101409912,22.7597923279,22.9101409912,22.7597923279,22.7919349183,22.81357251339392,0.021637595093917383,22.5703910197,22.567151051582236,-0.0032399681177643913,15.9101200104,22.4286346436,24.0,18.6,0.0,50.0,1413.665191692878,22.4286346436,29.740964087101126,0.15143568541577213,-338.6260603564765,0.0,-338.6260603564765,6
106,one_step,22.791934967,22.5703907013,22.791934967,22.5703907013,22.6707881025,22.69248125189458,0.021693149394579336,22.4589675826,22.452249234155996,-0.006718348444003652,15.9101200104,22.4286346436,24.0,18.5,2.145,50.0,1572.2124885431122,22.4286346436,31.78684695500368,0.1562851570238091,-342.93169141598844,0.0,-342.93169141598844,6
107,one_step,22.6707878113,22.4589672089,22.6707878113,22.4589672089,22.568666316,22.587397976180473,0.01873166018047101,22.4558622476,22.44885599689547,-0.007006250704527872,15.9101200104,22.4286346436,24.0,18.3,59.83794549,50.0,1643.9710043644545,22.4286346436,33.122005338735676,0.15944995828184927,-349.283128661991,0.0,-349.283128661991,6
108,one_step,22.5686664581,22.4558620453,22.5686664581,22.4558620453,22.4561369921,22.47723571774843,0.021098725648432293,22.0864486993,22.080322690319306,-0.006126008980693598,17.7000007629,18.0,24.0,18.9,24.255,50.0,2658.7644395686175,18.0,100.0,0.31797464285714283,-469.6251831467494,0.0,-469.6251831467494,6
109,one_step,22.4561367035,22.0864486694,22.4561367035,22.0864486694,22.3685507954,22.384028865823442,0.015478070423441181,22.1192300909,22.09991477599154,-0.019315314908460834,17.7000007629,18.0,24.0,19.4,115.4087307,50.0,2659.09195861,18.0,100.0,0.31797464285714283,-468.58514697850035,0.0,-468.58514697850035,6
110,one_step,22.3685512543,22.1192302704,22.3685512543,22.1192302704,22.2940766042,22.30700719093103,0.012930586731030758,22.0138939964,21.99628075207406,-0.017613244325939803,17.7000007629,18.0,24.0,20.3,60.47298408,50.0,2659.09195861,18.0,100.0,0.31797464285714283,-458.2420247314454,0.0,-458.2420247314454,6
111,one_step,22.2940750122,22.0138950348,22.2940750122,22.0138950348,22.3365052835,22.32797872357239,-0.008526559927609867,22.7220607036,22.717578123556272,-0.004482580043728035,14.5,22.0,24.0,21.1,172.3152619,180.0,847.1059190958815,22.0,23.366542031262746,0.13632603311728814,-374.74573038160923,0.0,-374.74573038160923,6
112,one_step,22.3365058899,22.7220611572,22.3365058899,22.7220611572,22.3774204823,22.372731885232017,-0.004688597067982414,22.4607969817,22.46407695011373,0.0032799684137287954,14.5,22.0,24.0,21.7,122.2668529,180.0,2000.5491109902116,22.0,44.551001556393814,0.1865407529384938,-499.7093720942991,0.0,-499.7093720942991,6
113,one_step,22.3774204254,22.4607963562,22.3774204254,22.4607963562,22.4522373241,22.442028782622547,-0.010208541477453537,22.5171239354,22.512509747646497,-0.004614187753503529,14.5,22.0,24.0,22.4,330.8368044,180.0,2944.0571396569567,22.0,63.700091864587,0.23193092225181433,-623.7071317274291,0.0,-623.7071317274291,6
114,one_step,22.4522380829,22.517124176,22.4522380829,22.517124176,22.5082124757,22.501542814991463,-0.006669660708535474,22.3557528333,22.346391819800676,-0.009361013499322723,14.5,22.0,24.0,22.9,326.0023189,180.0,3755.379318577868,22.0,78.45760920992697,0.2669114983610953,-703.1973517676252,0.0,-703.1973517676252,6
115,one_step,22.5082130432,22.3557529449,22.5082130432,22.3557529449,22.6164345362,22.60137984497946,-0.015054691220541372,22.4682275153,22.466059088601238,-0.0021684266987627154,14.5,20.0,24.0,23.3,509.5403113,180.0,3105.7581503918,20.0,100.0,0.31797464285714283,-854.702099119201,0.0,-854.702099119201,6
116,one_step,22.6164340973,22.4682273865,22.6164340973,22.4682273865,22.6960349829,22.686329556151023,-0.00970542674897601,22.4381362478,22.414618579228488,-0.023517668571511052,14.5,20.0,24.0,23.7,540.764517,180.0,3870.2497916300003,20.0,100.0,0.31797464285714283,-842.1190019700913,0.0,-842.1190019700913,6
117,one_step,22.6960353851,22.4381370544,22.6960353851,22.4381370544,22.8044256194,22.78987682244894,-0.01454879695106115,22.6229419285,22.595130347619797,-0.02781158088020419,14.5,20.0,24.0,24.1,650.159358,180.0,3870.24979162,20.0,100.0,0.31797464285714283,-860.012108248848,0.0,-860.012108248848,6
118,one_step,22.8044242859,22.6229419708,22.8044242859,22.6229419708,22.9235664688,22.907903289565308,-0.015663179234692848,22.7284389884,22.70305587855651,-0.025383109843492235,14.5,20.0,24.0,24.4,679.3646442,180.0,3870.24979162,20.0,100.0,0.31797464285714283,-871.86070236195,0.0,-871.86070236195,6
119,one_step,22.9235668182,22.7284393311,22.9235668182,22.7284393311,23.0583368612,23.040728882431843,-0.017607978768158006,22.7805613593,22.76025930957348,-0.02030204972651717,13.9463033676,18.4664211273,24.0,24.8,729.5834909,180.0,2603.3483580136776,18.4664211273,100.0,0.31797464285714283,-938.8315913929574,0.0,-938.8315913929574,6
120,one_step,23.0583362579,22.7805614471,23.0583362579,22.7805614471,23.1744284671,23.159780356111487,-0.014648110988513707,22.8310991016,22.80272429298889,-0.028374808611108193,13.9463033676,18.4664211273,24.0,25.0,739.3866602,180.0,2609.77959528,18.4664211273,100.0,0.31797464285714283,-941.7197412748905,0.0,-941.7197412748905,6
121,one_step,23.1744289398,22.8311004639,23.1744289398,22.8311004639,23.2830953099,23.26943753903508,-0.01365777086491704,22.8770197413,22.846976860532234,-0.030042880767766178,13.9463033676,18.4664211273,24.0,25.3,730.3185855,180.0,2609.77959528,18.4664211273,100.0,0.31797464285714283,-946.5027175483222,0.0,-946.5027175483222,6
122,one_step,23.2830963135,22.8770198822,23.2830963135,22.8770198822,23.3822547656,23.36997128511335,-0.012283480486647846,22.9149909517,22.883517712958938,-0.03147323874106078,13.9463033676,18.4664211273,24.0,25.5,718.6380214,180.0,2609.77959528,18.4664211273,100.0,0.31797464285714283,-950.4924017458944,0.0,-950.4924017458944,6
123,one_step,23.3822555542,22.9149913788,23.3822555542,22.9149913788,23.4561639984,23.447576820279053,-0.00858717812094767,22.8701845665,22.83761930049971,-0.032565266000290194,13.9463033676,18.4664211273,24.0,25.7,649.7882838,180.0,2609.77959528,18.4664211273,100.0,0.31797464285714283,-946.2004978876807,0.0,-946.2004978876807,6
124,one_step,23.4561634064,22.8701858521,23.4561634064,22.8701858521,23.5128943656,23.506530988859694,-0.0063633767403068475,22.8590964299,22.823413676907663,-0.035682752992336475,13.9463033676,18.4664211273,24.0,25.8,619.4570317,180.0,2609.77959528,18.4664211273,100.0,0.31797464285714283,-944.6119051129313,0.0,-944.6119051129313,6
125,one_step,23.5128936768,22.8590965271,23.5128936768,22.8590965271,23.5696027297,23.561894351661973,-0.007708378038028485,22.9135049768,22.89062147249792,-0.022883504302079416,14.5,20.0,24.0,25.9,494.5346672,180.0,3626.5956072862514,20.0,100.0,0.31797464285714283,-897.772277673411,0.0,-897.772277673411,6
126,one_step,23.5696029663,22.9135055542,23.5696029663,22.9135055542,23.5732621921,23.574384583920814,0.0011223918208145278,22.7712397945,22.73581619179201,-0.03542360270798994,14.5,20.0,24.0,25.8,434.2262578,180.0,3631.99316887,20.0,100.0,0.31797464285714283,-877.3658437576826,0.0,-877.3658437576826,6
127,one_step,23.573261261,22.7712402344,23.573261261,22.7712402344,23.5226239728,23.53130114124038,0.00867716844037858,22.546266301,22.507537238037223,-0.03872906296277634,14.5,20.0,24.0,25.7,276.8261154,180.0,3631.99316887,20.0,100.0,0.31797464285714283,-853.8313091107493,0.0,-853.8313091107493,6
128,one_step,23.5226249695,22.5462665558,23.5226249695,22.5462665558,23.4389718052,23.452044867122762,0.013073061922760587,22.4147163653,22.371562380064542,-0.043153985235456105,14.5,20.0,24.0,25.2,212.85395,180.0,3631.99316887,20.0,100.0,0.31797464285714283,-839.0470735501481,0.0,-839.0470735501481,6
129,one_step,23.4389724731,22.4147167206,23.4389724731,22.4147167206,23.4747688174,23.462428614180272,-0.012340203219729062,23.7506753657,23.715640992386078,-0.03503437331392334,16.0,24.0,24.0,24.7,128.9326669,180.0,0.0,24.0,0.0,0.080939,-207.2670229130341,34.82650682053858,-172.44051609249553,6
130,one_step,23.4747695923,23.7506752014,23.4747695923,23.7506752014,23.5364368028,23.52703039874746,-0.009406404052541006,23.8054717776,23.809730648933122,0.004258871333121306,16.0,24.0,24.0,23.7,90.98752998,180.0,0.0,24.0,0.0,0.080939,-211.38954281727504,19.60728423753544,-191.78225857973962,6
131,one_step,23.5364379883,23.8054714203,23.5364379883,23.8054714203,23.5427173187,23.543762707944964,0.0010453892449646673,23.549386651,23.554478815410928,0.005092164410928746,16.0,24.0,24.0,22.8,56.595,50.0,0.0,24.0,0.0,0.080939,-204.9483719530259,43.38633572915285,-161.56203622387306,6
132,one_step,23.54271698,23.5493850708,23.54271698,23.5493850708,23.5321838441,23.534593357906182,0.0024095138061817067,23.5125473791,23.510277673936407,-0.0022697051635915955,16.0,24.0,24.0,22.8,40.59,50.0,0.0,24.0,0.0,0.080939,-203.49871770467314,48.73806505649476,-154.7606526481784,6
133,one_step,23.5321846008,23.5125465393,23.5321846008,23.5125465393,23.3876518343,23.416363360963242,0.028711526663240505,22.6091267731,22.60888792785567,-0.00023884524433270826,17.7000007629,18.0,24.0,20.4,25.245,50.0,1653.7639617900002,18.0,100.0,0.31797464285714283,-528.476800271796,0.0,-528.476800271796,6
134,one_step,23.3876533508,22.6091270447,23.3876533508,22.6091270447,23.1863638953,23.220725653755,0.03436175845499889,22.4376819304,22.414791346484773,-0.02289058391522758,17.7000007629,18.0,24.0,19.2,11.88,50.0,2983.810871590704,18.0,99.57762472583521,0.31697346291075673,-502.13064711703316,0.0,-502.13064711703316,6
135,one_step,23.1863632202,22.4376811981,23.1863632202,22.4376811981,22.9792985335,23.014848598690687,0.03555006519068726,22.3307921233,22.308377615304874,-0.022414507995126343,17.7000007629,18.0,24.0,18.1,15.52479867,50.0,2985.06832122,18.0,100.0,0.31797464285714283,-492.1671301665875,0.0,-492.1671301665875,6
136,one_step,22.9792976379,22.3307914734,22.9792976379,22.3307914734,22.7762045415,22.81126779726877,0.0350632557687689,22.2044751885,22.184626459624404,-0.01984872887559419,17.7000007629,18.0,24.0,17.6,0.0,50.0,2985.06832123,18.0,100.0,0.31797464285714283,-479.0623228713679,0.0,-479.0623228713679,6
137,one_step,22.7762031555,22.2044754028,22.7762031555,22.2044754028,22.4999909523,22.550099405877056,0.05010845357705662,21.2888687493,21.267845686918495,-0.021023062381505753,13.6181669235,18.1816959381,24.0,17.1,0.0,50.0,2985.06832123,18.1816959381,100.0,0.31797464285714283,-820.571105019212,0.0,-820.571105019212,6
138,one_step,22.4999904633,21.2888679504,22.4999904633,21.2888679504,22.20398178,22.253467936176786,0.04948615617678698,21.0877565128,21.045609127003043,-0.042147385796955206,13.6181669235,18.1816959381,24.0,16.7,0.0,50.0,2985.06832123,18.1816959381,100.0,0.31797464285714283,-793.2361852267437,0.0,-793.2361852267437,6
139,one_step,22.2039833069,21.0877571106,22.2039833069,21.0877571106,21.9239740935,21.97072446613222,0.04675037263222137,20.935800982,20.89512105203541,-0.04067992996458969,13.6181669235,18.1816959381,24.0,16.3,0.0,50.0,2985.06832123,18.1816959381,100.0,0.31797464285714283,-776.8628040858772,0.0,-776.8628040858772,6
140,one_step,21.9239730835,20.9358005524,21.9239730835,20.9358005524,21.6605434727,21.704651228763687,0.04410775606368844,20.7961830082,20.757140743084776,-0.03904226511522424,13.6181669235,18.1816959381,24.0,15.9,0.0,50.0,3787.9758705078902,18.1816959381,100.0,0.31797464285714283,-762.0277409933473,0.0,-762.0277409933473,6
141,one_step,21.6605434418,20.7961826324,21.6605434418,20.7961826324,21.492529249,21.51821554441141,0.02568629541141121,21.4734414936,21.440957040227442,-0.032484453372557454,17.7000007629,18.0,24.0,15.5,0.0,50.0,3782.88904311,18.0,100.0,0.31797464285714283,-395.42126492145394,0.0,-395.42126492145394,6
142,one_step,21.4925289154,21.4734420776,21.4925289154,21.4734420776,21.3674144657,21.390215901548284,0.02280143584828309,21.4503019852,21.443489679782484,-0.006812305417515319,17.7000007629,18.0,24.0,15.1,0.0,50.0,3782.88904311,18.0,100.0,0.31797464285714283,-399.15424500818165,0.0,-399.15424500818165,6
143,one_step,21.3674144745,21.450302124,21.3674144745,21.450302124,21.2474715631,21.269837702712714,0.022366139612714164,21.3895239017,21.385687251645805,-0.0038366500541933135,17.7000007629,18.0,24.0,14.7,0.0,50.0,3782.88904311,18.0,100.0,0.31797464285714283,-393.1647392675314,0.0,-393.1647392675314,6
144,one_step,21.2474708557,21.3895244598,21.2474708557,21.3895244598,21.132298023,21.154027026135115,0.021729003135114056,21.3286921335,21.326354057710937,-0.0023380757890620885,17.7000007629,18.0,24.0,14.4,0.0,50.0,3782.88904311,18.0,100.0,0.31797464285714283,-386.81760850033305,0.0,-386.81760850033305,6
145,one_step,21.1322975159,21.3286933899,21.1322975159,21.3286933899,21.0213565706,21.04252526917955,0.02116869857955095,21.2699975724,21.26904466137007,-0.0009529110299304477,17.7000007629,18.0,24.0,14.1,0.0,50.0,3782.88904311,18.0,100.0,0.31797464285714283,-380.6772422781089,0.0,-380.6772422781089,6
146,one_step,21.0213565826,21.2699966431,21.0213565826,21.2699966431,21.0231254602,21.02152333192044,-0.0016021282795577463,22.3397181832,22.3368758473907,-0.0028423358092979356,16.0,26.0,24.0,13.9,0.0,50.0,0.0,26.0,0.0,0.080939,-169.7298011093941,300.0,130.2701988906059,6
147,one_step,21.0231246948,22.339717865,21.0231246948,22.339717865,21.0799693001,21.075316771110945,-0.004652528989055327,22.4761999756,22.518057984636968,0.041858009036968014,16.0,26.0,24.0,13.7,0.0,50.0,0.0,26.0,0.0,0.080939,-176.15301420954208,300.0,123.84698579045792,6
148,one_step,21.0799694061,22.4762001038,21.0799694061,22.4762001038,21.1434850602,21.138071147422547,-0.005413912777452623,22.6181238672,22.664085767272272,0.04596190007227108,17.7000007629,26.0,24.0,13.5,0.0,50.0,0.0,26.0,0.0,0.080939,-134.03289921559596,300.0,165.96710078440404,6
149,one_step,21.1434841156,22.6181240082,21.1434841156,22.6181240082,21.2040595437,21.199844359098552,-0.004215184601449096,22.6671754285,22.71751693064673,0.05034150214673261,17.7000007629,26.0,24.0,13.3,0.0,50.0,0.0,26.0,0.0,0.080939,-135.64234077769783,300.0,164.35765922230217,6
150,one_step,21.2040596008,22.667175293,21.2040596008,22.667175293,21.2376303367,21.23882313834307,0.0011928016430680088,22.5195699916,22.571212621236313,0.051642629636312165,14.5,26.0,24.0,13.0,0.0,50.0,0.0,26.0,0.0,0.080939,-218.74620290544385,300.0,81.25379709455615,6
151,one_step,21.2376289368,22.519569397,21.2376289368,22.519569397,21.2535436293,21.256908229749875,0.003364600449874189,22.5155406447,22.560675681102047,0.045135036402047746,14.5,26.0,24.0,12.7,0.0,50.0,0.0,26.0,0.0,0.080939,-218.23906795231017,300.0,81.76093204768983,6
152,one_step,21.2535438538,22.5155410767,21.2535438538,22.5155410767,21.2616591229,21.26641724805301,0.00475812515301044,22.5209171113,22.56602896382049,0.04511185252048833,14.5,26.0,24.0,12.4,0.0,50.0,0.0,26.0,0.0,0.080939,-218.3775444816619,300.0,81.62245551833811,6
153,one_step,21.2616596222,22.5209178925,21.2616596222,22.5209178925,21.2613916839,21.267773962585927,0.006382278685926224,22.5227900763,22.568712464613576,0.0459223883135742,14.5,26.0,24.0,12.0,0.0,50.0,0.0,26.0,0.0,0.080939,-218.46601133770233,300.0,81.53398866229767,6
154,one_step,21.261390686,22.5227890015,21.261390686,22.5227890015,21.2741074077,21.278081957064135,0.003974549364134106,22.4370724956,22.481009926536203,0.043937430936203725,12.8000001907,26.0,24.0,13.1,1.98,50.0,0.0,26.0,0.0,0.080939,-262.28339964671704,300.0,37.716600353282956,6
155,one_step,21.2741088867,22.4370727539,21.2741088867,22.4370727539,21.3186584948,21.31649688403569,-0.002161610764311206,22.5349059633,22.571828744088894,0.036922780788891885,12.8000001907,26.0,24.0,14.1,63.894325,50.0,0.0,26.0,0.0,0.080939,-264.3841145736553,300.0,35.615885426344676,6
156,one_step,21.3186588287,22.5349063873,21.3186588287,22.5349063873,21.3739642129,21.369655885699046,-0.004308327200952533,22.520216932,22.55816601738533,0.037949085385328374,12.8000001907,26.0,24.0,15.2,26.07,50.0,0.0,26.0,0.0,0.080939,-264.20081980410265,300.0,35.79918019589735,6
157,one_step,21.3739624023,22.5202178955,21.3739624023,22.5202178955,21.4172496638,21.415970122012748,-0.001279541787251759,22.1246019095,22.149265258510166,0.024663349010165092,16.0,22.0,24.0,16.3,111.4428186,50.0,571.8416913233406,22.0,13.031547637615132,0.11182841271705583,-231.18284723568655,0.0,-231.18284723568655,6
158,one_step,21.4172496796,22.1246013641,21.4172496796,22.1246013641,21.4331127907,21.433669311140108,0.0005565204401065671,22.0061273675,22.01716585738526,0.011038489885262237,16.0,22.0,24.0,17.2,57.915,50.0,639.7034559370677,22.0,13.007782693896228,0.1117720813299371,-225.32658967895574,0.0,-225.32658967895574,6
159,one_step,21.4331130981,22.0061264038,21.4331130981,22.0061264038,21.5127693371,21.501484205635403,-0.011285131464596532,22.3603859489,22.370147274852783,0.009761325952784006,16.0,22.0,24.0,18.1,169.0888447,180.0,1036.4512876089143,22.0,23.969564922641727,0.13775541230444402,-293.2124018611738,0.0,-293.2124018611738,6
160,one_step,21.5127696991,22.3603858948,21.5127696991,22.3603858948,21.5764429883,21.569439448157326,-0.007003540142672904,22.1305508372,22.142014768989313,0.011463931789311488,14.5,22.0,24.0,18.8,119.5705731,180.0,1479.5727343692033,22.0,31.029328495668963,0.15448956827396354,-396.0290034006066,0.0,-396.0290034006066,6
161,one_step,21.5764427185,22.1305503845,21.5764427185,22.1305503845,21.6861251812,21.671299913381784,-0.014825267818217469,22.3331932662,22.339201425609602,0.006008159409603309,14.5,22.0,24.0,19.4,330.3370582,180.0,1939.3718598880782,22.0,41.849451659108446,0.18013711677235694,-472.65485889152774,0.0,-472.65485889152774,6
162,one_step,21.686126709,22.3331928253,21.686126709,22.3331928253,21.8798382115,21.848783609843444,-0.031054601656556713,23.198455828,23.207436878190613,0.008981050190612905,17.2520446777,23.59765625,24.0,20.0,324.7283306,180.0,0.0,23.59765625,0.0,0.080939,-159.92830780063744,44.14932896034074,-115.7789788402967,6
163,one_step,21.8798370361,23.1984558105,21.8798370361,23.1984558105,22.1551231081,22.11514568999976,-0.03997741810023925,23.5939774622,23.621416803622626,0.027439341422624608,17.2520446777,23.59765625,24.0,20.6,510.1311855,180.0,0.0,23.59765625,0.0,0.080939,-171.61845334538944,0.9924901321621604,-170.6259632132273,6
164,one_step,22.155122757,23.5939769745,22.155122757,23.5939769745,22.4366643119,22.3968080443119,-0.03985626758809957,23.7763636603,23.805883112189143,0.02951945188914351,17.2520446777,23.59765625,24.0,21.2,538.3897064,180.0,193.4732815368875,23.59765625,5.572228612171742,0.09414716791233094,-205.89818319653483,0.0,-205.89818319653483,6
165,one_step,22.4366645813,23.7763633728,22.4366645813,23.7763633728,22.7330345398,22.69137868286847,-0.04165585693152707,23.9930336224,24.02133208369447,0.028298461294472332,17.2520446777,23.59765625,24.0,21.8,648.0742248,180.0,736.6103016135477,23.59765625,18.4493352221714,0.12467050034674326,-281.9905603486972,0.0,-281.9905603486972,6
166,one_step,22.7330341339,23.9930343628,22.7330341339,23.9930343628,23.008916919,22.971306036991425,-0.03761088200857543,24.0357726295,24.060320719630944,0.02454809013094561,16.6158790588,23.7351207733,24.0,22.3,673.4987,180.0,1242.2263952054172,23.7351207733,27.759235998009206,0.14673828350011253,-365.51873303150944,0.0,-365.51873303150944,6
167,one_step,23.0089168549,24.0357723236,23.0089168549,24.0357723236,23.2680510204,23.233166403062217,-0.03488461733778436,24.1048965217,24.124213566763824,0.01931704506382559,16.6158790588,23.7351207733,24.0,22.8,723.9465739,180.0,1855.4116181436793,23.7351207733,40.62833649972272,0.17724263860428097,-445.4938099008713,0.0,-445.4938099008713,6
168,one_step,23.2680511475,24.1048965454,23.2680511475,24.1048965454,23.4959431937,23.466332097258988,-0.029611096441012563,24.0964380227,24.110906244565797,0.014468221865797659,16.6158790588,23.7351207733,24.0,23.1,735.2223364,180.0,2520.571968855737,23.7351207733,53.864011022633576,0.20861590479614178,-523.8256519478625,0.0,-523.8256519478625,6
169,one_step,23.4959449768,24.0964374542,23.4959449768,24.0964374542,23.7841416627,23.74095471785096,-0.04318694484904029,25.0398977229,25.052961183357056,0.013063460457054532,16.0,26.0,24.0,23.5,726.2296871,180.0,0.0,26.0,0.0,0.080939,-243.6002974153541,100.69393628975334,-142.90636112560077,6
170,one_step,23.7841415405,25.0398979187,23.7841415405,25.0398979187,24.0830234667,24.042098847679704,-0.04092461902029498,25.2200396116,25.253319623427924,0.03328001182792306,16.0,26.0,24.0,23.7,715.3576322,180.0,0.0,26.0,0.0,0.080939,-249.97586529415207,77.15707318312433,-172.81879211102773,6
171,one_step,24.0830230713,25.2200393677,24.0830230713,25.2200393677,24.3400040653,24.305778475075677,-0.03422559022432381,25.2711930433,25.302974668978923,0.031781625678924286,16.0,26.0,24.0,23.9,644.9089318,180.0,0.0,26.0,0.0,0.080939,-251.54497698281727,71.36433946634568,-180.1806375164716,6
172,one_step,24.3400039673,25.2711925507,24.3400039673,25.2711925507,24.5562026536,24.52842711307384,-0.027775540526160825,25.2739396425,25.301103763950177,0.027164121450176992,14.5,26.0,24.0,24.0,614.8040202,180.0,0.0,26.0,0.0,0.080939,-292.2474880436341,71.10173554672166,-221.14575249691245,6
173,one_step,24.5562019348,25.27394104,24.5562019348,25.27394104,24.7143079675,24.69498014403305,-0.019327823466952054,25.2032974106,25.226154041592146,0.022856630992144744,14.5,26.0,24.0,24.1,489.5666343,180.0,0.0,26.0,0.0,0.080939,-290.39475704506344,77.94151464024885,-212.4532424048146,6
174,one_step,24.714307785,25.2032966614,24.714307785,25.2032966614,24.8352093925,24.821021772989617,-0.014187619510384053,25.1922007596,25.20981990882254,0.01761914922253993,14.5,26.0,24.0,24.1,432.9948978,180.0,0.0,26.0,0.0,0.080939,-289.930781900635,79.65438471972952,-210.27639718090546,6
175,one_step,24.8352088928,25.192199707,24.8352088928,25.192199707,24.8964214728,24.890990262586662,-0.0054312102133380336,25.0329266349,25.04827531942502,0.015348684525019252,14.5,26.0,24.0,24.1,273.3120913,180.0,0.0,26.0,0.0,0.080939,-285.8291714055306,94.79641544941977,-191.0327559561108,6
176,one_step,24.8964214325,25.0329265594,24.8964214325,25.0329265594,24.922027727,24.92133273489997,-0.0006949921000298787,24.9651006036,24.97521123719839,0.010110633598390706,14.5,26.0,24.0,23.9,211.5331912,180.0,0.0,26.0,0.0,0.080939,-283.78512249323285,102.34248826153696,-181.44263423169588,6
177,one_step,24.9220275879,24.9650993347,24.9220275879,24.9650993347,24.913991086,24.918159710716537,0.004168624716538005,24.8596589221,24.868014101170576,0.008355179070576924,14.5,26.0,24.0,23.7,128.0335723,180.0,0.0,26.0,0.0,0.080939,-280.97690377935487,112.70966820511887,-168.267235574236,6
178,one_step,24.9139900208,24.8596591949,24.9139900208,24.8596591949,24.8890313525,24.895325491245423,0.006294138745420952,24.8691417229,24.87613969621448,0.006997973314479822,16.0,26.0,24.0,23.2,90.46356319,180.0,0.0,26.0,0.0,0.080939,-240.44038106016913,112.35948829928013,-128.08089276088901,6
179,one_step,24.8890304565,24.869140625,24.8890304565,24.869140625,24.8246229424,24.83848099739166,0.013858054991658264,24.5765866145,24.584280693141473,0.007694078641474533,16.0,26.0,24.0,22.7,57.42,50.0,0.0,26.0,0.0,0.080939,-232.97622227583486,139.91513304384534,-93.06108923198951,6
180,one_step,24.8246231079,24.5765857697,24.8246231079,24.5765857697,24.7497158305,24.763871879446743,0.014156048946741606,24.5061680004,24.50701535376504,0.0008473533650423803,16.0,26.0,24.0,22.7,41.25,50.0,0.0,26.0,0.0,0.080939,-230.61844600693254,148.61940195481722,-81.99904405211532,6
181,one_step,24.7497158051,24.5061683655,24.7497158051,24.5061683655,24.5123185819,24.558585705946413,0.04626712404641253,23.2303975439,23.231193469686986,0.0007959257869849523,17.7000007629,18.0,24.0,20.4,25.08,50.0,1951.8505096499996,18.0,100.0,0.31797464285714283,-596.845938510544,0.0,-596.845938510544,6
182,one_step,24.5123176575,23.2303962708,24.5123176575,23.2303962708,24.2173920284,24.26756501668181,0.050172988281811826,22.9922251734,22.960831437341703,-0.031393736058298316,17.7000007629,18.0,24.0,19.4,10.395,50.0,1951.85050964,18.0,100.0,0.31797464285714283,-562.8088583072625,0.0,-562.8088583072625,6
183,one_step,24.2173919678,22.992225647,24.2173919678,22.992225647,23.9258127978,23.975503914121813,0.049691116321813666,22.8378953447,22.8079180437465,-0.02997730095350093,17.7000007629,18.0,24.0,18.4,13.5123849,50.0,1951.85050964,18.0,100.0,0.31797464285714283,-546.0505274242494,0.0,-546.0505274242494,6
184,one_step,23.9258117676,22.8378944397,23.9258117676,22.8378944397,23.6461004419,23.693969199209093,0.04786875730909301,22.672641306,22.645752314129457,-0.02688899187054261,17.7000007629,18.0,24.0,17.9,0.0,50.0,1951.85050964,18.0,100.0,0.31797464285714283,-528.7753271307929,0.0,-528.7753271307929,6
185,one_step,23.6460990906,22.6726417542,23.6460990906,22.6726417542,23.4971315293,23.519511243450662,0.022379714150662977,23.6913072976,23.67272878581553,-0.01857851178447234,14.5,26.0,24.0,17.5,0.0,50.0,0.0,26.0,0.0,0.080939,-247.3164987527536,236.97473137846714,-10.341767374286462,6
186,one_step,23.4971313477,23.6913070679,23.4971313477,23.6913070679,23.4044723489,23.423386035256687,0.018913686356686554,23.6996718485,23.714694705371617,0.015022856871617307,14.5,26.0,24.0,17.1,0.0,50.0,0.0,26.0,0.0,0.080939,-249.68660596564197,228.22493997505333,-21.461665990588642,6
187,one_step,23.4044723511,23.699672699,23.4044723511,23.699672699,23.3148927269,23.333788643696415,0.01889591679641711,23.6573028261,23.6753439249723,0.01804109887229899,14.5,26.0,24.0,16.7,0.0,50.0,0.0,26.0,0.0,0.080939,-248.67815878467403,231.9478527727732,-16.730306011900836,6
188,one_step,23.3148918152,23.6573028564,23.3148918152,23.6573028564,23.2296508547,23.2479366062701,0.018285751570097375,23.613962386,23.633136960966233,0.019174574966232427,14.5,26.0,24.0,16.5,0.0,50.0,0.0,26.0,0.0,0.080939,-247.52893601499355,236.1904707674686,-11.338465247524937,6
189,one_step,23.2296524048,23.6139621735,23.2296524048,23.6139621735,23.1501620127,23.167531550279293,0.017369537579291716,23.5731091399,23.593108155718117,0.01999901581811514,14.5,26.0,24.0,16.4,0.0,50.0,0.0,26.0,0.0,0.080939,-246.43291306858004,240.23668947956907,-6.19622358901097,6
190,one_step,23.1501617432,23.5731086731,23.1501617432,23.5731086731,23.0758831248,23.092424814445913,0.016541689645912072,23.5349346585,23.55570264328106,0.020767984781059567,14.5,26.0,24.0,16.3,0.0,50.0,0.0,26.0,0.0,0.080939,-245.40846316263196,244.01867998681226,-1.3897831758197015,6
191,one_step,23.0758838654,23.5349349976,23.0758838654,23.5349349976,22.9186961936,22.952113750245843,0.033417556645844115,22.4770435861,22.498010019597245,0.020966433497246584,16.3253688812,21.4567451477,24.0,16.2,0.0,50.0,2825.747155814427,21.4567451477,66.92440174338262,0.23957368590072392,-504.1536508267755,0.0,-504.1536508267755,6
192,one_step,22.9186973572,22.4770431519,22.9186973572,22.4770431519,22.6915660834,22.732872102826192,0.04130601942619094,22.0315737993,22.025611006687026,-0.005962792612972834,16.3253688812,21.4567451477,24.0,16.1,0.0,50.0,4232.738022059187,21.4567451477,90.3007184318309,0.29498388843950885,-568.5066913159187,0.0,-568.5066913159187,6
193,one_step,22.6915664673,22.0315742493,22.6915664673,22.0315742493,22.4507726571,22.49314265326739,0.04236999616739112,21.7734831388,21.75534093012832,-0.018142208671680038,16.3253688812,21.4567451477,24.0,16.0,0.0,50.0,4810.23449535936,21.4567451477,100.0,0.31797464285714283,-581.0148388105082,0.0,-581.0148388105082,6
194,one_step,22.4507732391,21.7734832764,22.4507732391,21.7734832764,22.3359698934,22.352836267558413,0.01686637415841119,22.8094995176,22.793836820291105,-0.015662697308894025,16.0,24.0,24.0,15.8,0.0,50.0,0.0,24.0,0.0,0.080939,-182.84956529655182,124.9691212913632,-57.88044400518862,6
195,one_step,22.3359699249,22.8094997406,22.3359699249,22.8094997406,22.2769607108,22.290342844846457,0.013382134046455718,22.8327413947,22.84948278831832,0.016741393618318057,16.0,24.0,24.0,15.6,0.0,50.0,0.0,24.0,0.0,0.080939,-185.55392252478438,114.98536971309079,-70.56855281169359,6
196,one_step,22.2769603729,22.8327407837,22.2769603729,22.8327407837,22.221785405,22.234907721539567,0.013122316539568857,22.807413379,22.826485357920088,0.019071978920088384,16.0,24.0,24.0,15.4,0.0,50.0,0.0,24.0,0.0,0.080939,-184.98573489102873,117.08296396803703,-67.90277092299169,6
197,one_step,22.221786499,22.8074131012,22.221786499,22.8074131012,22.1678226447,22.18085875126986,0.013036106569860095,22.7802605926,22.80019546078724,0.019934868187238663,16.0,24.0,24.0,15.2,0.0,50.0,0.0,24.0,0.0,0.080939,-184.2731312765755,119.7137027573536,-64.5594285192219,6
198,one_step,22.1678237915,22.7802600861,22.1678237915,22.7802600861,22.1148516579,22.127825534113168,0.01297387621316659,22.7535032281,22.7742223805721,0.02071915247209688,16.0,24.0,24.0,15.0,0.0,50.0,0.0,24.0,0.0,0.080939,-183.5666184469274,122.32195602523959,-61.24466242168782,6
199,one_step,22.1148529053,22.7535037994,22.1148529053,22.7535037994,22.0627780757,22.07570504121844,0.012926965518442302,22.7272056973,22.748698641413192,0.02149294411319147,16.0,24.0,24.0,14.8,0.0,50.0,0.0,24.0,0.0,0.080939,-182.87233009812974,124.88507983363348,-57.987250264496254,6
200,one_step,22.0627784729,22.7272071838,22.0627784729,22.7272071838,22.0173616704,22.02911749867927,0.01175582827927002,22.7033387385,22.725040883170237,0.021702144670236123,16.0,24.0,24.0,14.9,0.0,50.0,0.0,24.0,0.0,0.080939,-182.21963410599358,127.29465597009693,-54.92497813589665,6
201,one_step,22.0173606873,22.703338623,22.0173606873,22.703338623,21.968649712,21.981186015510776,0.012536303510774616,22.6083092196,22.629955125513554,0.021645905913555197,14.5,24.0,24.0,14.9,0.0,50.0,0.0,24.0,0.0,0.080939,-220.37202124754532,136.4464161877109,-83.92560505983442,6
202,one_step,21.9686508179,22.6083087921,21.9686508179,22.6083087921,21.9332783037,21.94289618982324,0.009617886123240993,22.5862713671,22.605158263271328,0.01888689617132755,14.5,24.0,24.0,15.5,1.485,50.0,0.0,24.0,0.0,0.080939,-219.59282213438044,139.32300745111164,-80.2698146832688,6
203,one_step,21.9332790375,22.586271286,21.9332790375,22.586271286,21.9541076907,21.95315108812772,-0.0009566025722804739,22.966136247,22.985478100749813,0.019341853749811122,14.5,26.0,24.0,16.0,41.39498136,50.0,0.0,26.0,0.0,0.080939,-229.10032920483522,300.0,70.89967079516478,6
204,one_step,21.9541091919,22.9661369324,21.9541091919,22.9661369324,22.0112469471,22.00572638411719,-0.005520562982809452,23.0381301686,23.06679279290978,0.028662624309781393,14.5,26.0,24.0,16.8,48.45134952,50.0,0.0,26.0,0.0,0.080939,-231.83823764085065,294.11626290086446,62.278025260013806,6
205,one_step,22.0112457275,23.0381317139,22.0112457275,23.0381317139,22.1032966275,22.092218337755877,-0.011078289744123282,23.1860560965,23.213790875803117,0.027734779303116852,14.5,26.0,24.0,17.5,133.7924499,50.0,0.0,26.0,0.0,0.080939,-235.68233017047464,279.9249184811995,44.24258831072484,6
206,one_step,22.1032962799,23.1860561371,22.1032962799,23.1860561371,22.1993219093,22.187451969987073,-0.011869939312926903,23.197316228,23.225719013018505,0.028402785018506904,14.5,26.0,24.0,18.4,99.4199223,50.0,0.0,26.0,0.0,0.080939,-236.17774278113356,278.095989824169,41.91824704303545,6
207,one_step,22.1993217468,23.1973152161,22.1993217468,23.1973152161,22.3600818368,22.336593622623983,-0.023488214176015987,23.639088845,23.664701039957286,0.025612194957286505,14.5,26.0,24.0,19.3,218.8266454,180.0,0.0,26.0,0.0,0.080939,-247.42983433223677,236.55632723469253,-10.873507097544234,6
208,one_step,22.360080719,23.639087677,22.360080719,23.639087677,22.4908202213,22.475039725233785,-0.015780496066216898,23.271255056,23.30189372132961,0.030638665329608017,12.8000001907,24.0,24.0,20.3,195.5727283,180.0,0.0,24.0,0.0,0.080939,-284.7337430251212,68.84042011549383,-215.8933229096274,6
209,one_step,22.490819931,23.2712554932,22.490819931,23.2712554932,22.6418762315,22.62040810024561,-0.021468131254390954,23.4494592108,23.46423477230396,0.014775561503959977,12.8000001907,24.0,24.0,21.4,301.8317655,180.0,0.0,24.0,0.0,0.080939,-288.41791494144854,55.239459118082124,-233.17845582336642,6
210,one_step,22.6418762207,23.4494590759,22.6418762207,23.4494590759,22.7799720815,22.76212578672373,-0.017846294776269644,23.0903114733,23.109179137216742,0.01886766391674044,16.0,22.0,24.0,22.5,334.0320003,180.0,2399.4197120566473,22.0,58.607394829594554,0.21985941509615337,-528.2934835618913,0.0,-528.2934835618913,6
211,one_step,22.7799720764,23.0903129578,22.7799720764,23.0903129578,22.8919401305,22.87764704809296,-0.014293082407039748,22.8741962899,22.875544840137152,0.001348550237153745,16.0,22.0,24.0,23.5,437.9453062,180.0,4209.719091392114,22.0,92.51343831552404,0.3002288232404487,-695.7339593603982,0.0,-695.7339593603982,6
212,one_step,22.8919410706,22.8741950989,22.8919410706,22.8741950989,22.9923553237,22.97912681774101,-0.01322850595898828,22.8551277401,22.83811394175261,-0.017013798347388587,16.0,22.0,24.0,24.3,509.3134134,180.0,4465.47046094,22.0,100.0,0.31797464285714283,-727.4291274892322,0.0,-727.4291274892322,6
213,one_step,22.9923553467,22.8551273346,22.9923553467,22.8551273346,23.2561557436,23.211309323241565,-0.04484642035843578,24.3317847148,24.3169561068529,-0.014828607947102057,17.7000007629,24.0,24.0,25.1,625.0572553,180.0,105.54739112638529,24.0,4.2163960729373855,0.09093336153689045,-198.84318398454795,0.0,-198.84318398454795,6
214,one_step,23.2561569214,24.3317832947,23.2561569214,24.3317832947,23.5685352088,23.522556524309504,-0.045978684490496136,24.4775332555,24.497807207850183,0.020273952350184032,17.7000007629,24.0,24.0,25.8,637.7928161,180.0,915.4535919364839,24.0,22.767213981745385,0.13490541202229148,-306.79872932590894,0.0,-306.79872932590894,6
215,one_step,23.5685348511,24.4775333405,23.5685348511,24.4775333405,23.8390092824,23.799882984840078,-0.03912629755992114,24.4182922387,24.43318941523997,0.014897176539967916,17.7000007629,24.0,24.0,26.5,598.4283241,180.0,1719.3728155038289,24.0,38.372388544496516,0.17189523786608796,-387.89538814064605,0.0,-387.89538814064605,6
216,one_step,23.8390083313,24.4182929993,23.8390083313,24.4182929993,24.0686100944,24.035683047101912,-0.03292704729808804,24.3951708143,24.402005906126828,0.006835091826829398,17.7000007629,24.0,24.0,26.8,603.7678876,180.0,2444.8246359705377,24.0,52.58936527792741,0.20559454006102632,-461.70774884369393,0.0,-461.70774884369393,6
217,one_step,24.068611145,24.3951702118,24.068611145,24.3951702118,24.2163485706,24.19846668182952,-0.017881888770482135,23.6466270746,23.657456358879237,0.010829284279235907,14.5,22.0,24.0,27.2,591.0822006,180.0,3844.841558930335,22.0,93.12269264001472,0.30167297314514013,-939.2170694231804,0.0,-939.2170694231804,6
218,one_step,24.2163486481,23.6466255188,24.2163486481,23.6466255188,24.268978561,24.264308525073982,-0.0046700359260185564,23.4056000584,23.373686540365437,-0.03191351803456399,14.5,22.0,24.0,27.3,635.2402779,180.0,4280.463437819927,22.0,100.0,0.31797464285714283,-945.5326230100641,0.0,-945.5326230100641,6
219,one_step,24.2689781189,23.4056015015,24.2689781189,23.4056015015,24.2863879403,24.285770145553904,-0.0006177947460948019,23.3161295628,23.27568058258387,-0.04044898021613008,14.5,22.0,24.0,27.4,566.4009333,180.0,4280.6124474,22.0,100.0,0.31797464285714283,-934.480007647747,0.0,-934.480007647747,6
220,one_step,24.2863883972,23.3161296844,24.2863883972,23.3161296844,24.4228426611,24.39706106964967,-0.02578159145032899,24.6811618599,24.654881968309667,-0.026279891590334614,15.1632871628,24.2618808746,24.0,27.2,505.1647633,180.0,196.22015354780444,24.2618808746,6.914347834721738,0.09732846883941161,-307.18594084487256,0.0,-307.18594084487256,6
221,one_step,24.4228420258,24.6811618805,24.4228420258,24.6811618805,24.5632485618,24.543471796606553,-0.019776765193444845,24.548673038,24.5515844045115,0.0029113665115012566,15.1632871628,24.2618808746,24.0,27.1,410.6284184,180.0,905.8715317092599,24.2618808746,20.912198043984727,0.13050836306911806,-410.9603910551515,0.0,-410.9603910551515,6
222,one_step,24.5632476807,24.5486717224,24.5632476807,24.5486717224,24.5514561885,24.560460835416986,0.009004646916984882,23.340805562,23.33711199878506,-0.00369356321494152,14.5,20.0,24.0,26.6,400.6730685,180.0,2645.202069663157,20.0,100.0,0.31797464285714283,-948.9416666463519,0.0,-948.9416666463519,6
223,one_step,24.5514564514,23.3408050537,24.5514564514,23.3408050537,24.4194442432,24.441701417535125,0.022257174335123864,23.0064189373,22.960484564417097,-0.04593437288290403,14.5,20.0,24.0,26.1,254.9407668,180.0,3575.188233521916,20.0,100.0,0.31797464285714283,-903.1139938549566,0.0,-903.1139938549566,6
224,one_step,24.4194450378,23.0064201355,24.4194450378,23.0064201355,24.2573441534,24.283673459578683,0.026329306178684675,22.8662849558,22.816505138138698,-0.04977981766130313,14.5,20.0,24.0,25.1,221.8525224,180.0,3564.92310307,20.0,100.0,0.31797464285714283,-886.8772967672328,0.0,-886.8772967672328,6
225,one_step,24.2573432922,22.8662853241,24.2573432922,22.8662853241,24.0532092412,24.086184038770348,0.032974797570346936,22.6134095846,22.565742483232448,-0.04766710136755137,14.5,20.0,24.0,24.1,102.9867147,180.0,3564.92310307,20.0,100.0,0.31797464285714283,-861.0161163367941,0.0,-861.0161163367941,6
226,one_step,24.0532093048,22.6134090424,24.0532093048,22.6134090424,24.0279611978,24.025641197884955,-0.0023199999150449457,24.356050847,24.31752333406407,-0.0385275129359286,14.5,26.0,24.0,22.7,168.16952,180.0,0.0,26.0,0.0,0.080939,-263.70546687811435,176.471117181476,-87.23434969663836,6
227,one_step,24.027961731,24.3560504913,24.027961731,24.3560504913,24.004306281,24.011879140771693,0.007572859771691753,24.0869725923,24.101186159326524,0.014213567026523322,14.5,26.0,24.0,21.3,60.94621952,50.0,0.0,26.0,0.0,0.080939,-260.4297227601889,188.56427379774487,-71.86544896244402,6
228,one_step,24.0043067932,24.0869731903,24.0043067932,24.0869731903,23.9825443395,23.988661109484813,0.006116769984814141,24.1099416595,24.116835666023803,0.006894006523804563,14.5,26.0,24.0,21.3,100.748281,50.0,0.0,26.0,0.0,0.080939,-260.48197429862404,188.37137532491255,-72.11059897371149,6
229,one_step,23.9825439453,24.1099414825,23.9825439453,24.1099414825,23.8829809306,23.903464283559767,0.020483352959768553,23.9759031808,23.989862615447226,0.013959434647226487,14.5,26.0,24.0,18.3,20.43476285,50.0,0.0,26.0,0.0,0.080939,-257.3353618175553,199.98781304849444,-57.347548769060836,6
230,one_step,23.8829803467,23.9759025574,23.8829803467,23.9759025574,23.7644433285,23.788189652850907,0.02374632435090618,23.9026778859,23.91709605142682,0.014418165526819848,14.5,26.0,24.0,17.2,10.65311344,50.0,0.0,26.0,0.0,0.080939,-255.3085837013395,207.47012677736583,-47.838456923973666,6
231,one_step,23.7644424438,23.902677536,23.7644424438,23.902677536,23.6307933056,23.657596118635396,0.026802813035395445,23.8291731137,23.84637092910264,0.017197815402639094,14.5,26.0,24.0,16.0,4.1003381,50.0,0.0,26.0,0.0,0.080939,-253.40806735118048,214.48631639623272,-38.921750954947754,6
232,one_step,23.6307945251,23.8291740417,23.6307945251,23.8291740417,23.3678978727,23.42105511684982,0.0531572441498227,22.3240563071,22.34221407978006,0.018157772680059026,16.0,20.0,24.0,15.4,0.0,50.0,3870.780288874378,20.0,99.54640482689297,0.3168994606225996,-685.0113088805394,0.0,-685.0113088805394,6
233,one_step,23.3678970337,22.3240566254,23.3678970337,22.3240566254,23.0328895319,23.091548416052035,0.058658884152034574,22.0216103761,21.996539823567705,-0.025070552532294954,16.0,20.0,24.0,14.8,0.0,50.0,3834.58232398,20.0,100.0,0.31797464285714283,-641.610986700679,0.0,-641.610986700679,6
234,one_step,23.0328903198,22.02161026,23.0328903198,22.02161026,22.7154479071,22.770619031599797,0.055171124499796775,21.8445969471,21.818578839406925,-0.02601810769307633,16.0,20.0,24.0,14.5,0.0,50.0,3834.58232398,20.0,100.0,0.31797464285714283,-621.903217981842,0.0,-621.903217981842,6
235,one_step,22.7154464722,21.8445968628,22.7154464722,21.8445968628,22.4175430797,22.469573210068347,0.05203013036834747,21.6849753235,21.661673179232743,-0.02330214426725874,16.0,20.0,24.0,14.1,0.0,50.0,3834.58232398,20.0,100.0,0.31797464285714283,-604.9954606502155,0.0,-604.9954606502155,6
236,one_step,22.4175415039,21.6849746704,22.4175415039,21.6849746704,22.2998370063,22.315775486381877,0.01593848008187848,23.1910576828,23.167457948951192,-0.023599733848808313,17.7000007629,26.0,24.0,13.9,0.0,50.0,0.0,26.0,0.0,0.080939,-145.7288664857107,292.00857198039324,146.27970549468253,6
237,one_step,22.2998371124,23.1910572052,22.2998371124,23.1910572052,22.2677454369,22.278355571364457,0.010610134464457133,23.2765521083,23.310942312692877,0.03439020439287788,17.7000007629,26.0,24.0,13.6,0.0,50.0,0.0,26.0,0.0,0.080939,-151.86364263274479,269.3606464767317,117.4970038439869,6
238,one_step,22.2677459717,23.2765522003,22.2677459717,23.2765522003,22.2353520523,22.24675918888785,0.011407136587848754,23.2660682935,23.30434282286434,0.03827452936434028,17.7000007629,26.0,24.0,13.2,0.0,50.0,0.0,26.0,0.0,0.080939,-151.80411312469587,269.5804132345153,117.7763001098194,6
239,one_step,22.2353515625,23.2660675049,22.2353515625,23.2660675049,22.125224735,22.15236448087558,0.02713974587557999,22.4280511318,22.464770711703324,0.03671957990332331,17.7000007629,22.0,24.0,12.9,0.0,50.0,1519.0142538606792,22.0,35.20042779112265,0.16437656030315195,-266.0112961306335,0.0,-266.0112961306335,6
240,one_step,22.1252250671,22.4280509949,22.1252250671,22.4280509949,21.9651480348,21.997214998630923,0.03206696383092478,22.1952192847,22.21018203850785,0.014962753807850504,17.7000007629,22.0,24.0,12.5,0.0,50.0,2037.0625761581587,22.0,42.88144134967722,0.18258330016961605,-277.2800861474477,0.0,-277.2800861474477,6
241,one_step,21.9651489258,22.1952190399,21.9651489258,22.1952190399,21.8005201811,21.832875741429124,0.03235556032912257,22.0575945744,22.069054161123287,0.011459586723287174,17.7000007629,22.0,24.0,12.2,0.0,50.0,2270.557467193632,22.0,46.19099093806301,0.19042811231212226,-279.56084012116577,0.0,-279.56084012116577,6
242,one_step,21.8005199432,22.0575942993,21.8005199432,22.0575942993,21.6401287347,21.6716952403377,0.031566505637702136,21.9588684242,21.96994279692801,0.011074372728010928,17.7000007629,22.0,24.0,11.9,0.0,50.0,2294.4230520184906,22.0,45.726164131480104,0.1893263071029661,-271.31053738441716,0.0,-271.31053738441716,6
243,one_step,21.6401290894,21.9588680267,21.6401290894,21.9588680267,21.453838885,21.490702115474306,0.03686323047430662,21.578975277,21.584462172737876,0.00548689573787442,14.5,22.0,24.0,11.6,0.0,50.0,1794.075556556946,22.0,32.23088781679674,0.15733769213510868,-373.5591565286875,0.0,-373.5591565286875,6
244,one_step,21.4538383484,21.5789756775,21.4538383484,21.5789756775,21.2795478369,21.31269558964777,0.03314775274776949,21.6169392326,21.619515739260354,0.0025765066603540276,14.5,22.0,24.0,11.3,0.0,50.0,1029.8588540509452,22.0,17.05155562561673,0.12135726449432391,-288.6064350495296,0.0,-288.6064350495296,6
245,one_step,21.279548645,21.6169395447,21.279548645,21.6169395447,21.1354547716,21.16388471594848,0.02842994434848123,21.6822985865,21.690961685372468,0.008663098872467856,14.5,22.0,24.0,11.0,0.0,50.0,396.146887248305,22.0,5.017516317673783,0.0928323020590601,-222.97960307989067,0.0,-222.97960307989067,6
246,one_step,21.1354560852,21.6822986603,21.1354560852,21.6822986603,21.0190333477,21.043235930224544,0.02420258252454488,21.7526304422,21.76872265025611,0.016092208056107893,14.5,22.0,24.0,10.7,0.0,50.0,128.60610970827082,22.0,0.0,0.080939,-196.77892425606865,23.54571537272747,-173.23320888334118,6
247,one_step,21.019033432,21.7526302338,21.019033432,21.7526302338,20.918602007,20.940895931977302,0.022293924977301316,21.7142636884,21.73710719582714,0.022843507427140253,14.5,22.0,24.0,10.5,0.0,50.0,126.772514834,22.0,0.0,0.080939,-196.17597924675187,25.771624407796878,-170.404354838955,6
248,one_step,20.9186019897,21.714263916,20.9186019897,21.714263916,20.8258653848,20.84698321697021,0.021117832170208573,21.6671617563,21.69130520393673,0.024143447636728155,14.5,22.0,24.0,10.4,0.0,50.0,126.772514834,22.0,0.0,0.080939,-194.93499146940093,30.353013860122147,-164.5819776092788,6
249,one_step,20.8258647919,21.6671619415,20.8258647919,21.6671619415,20.7404724426,20.760368216180478,0.019895773580476117,21.6507052795,21.676062293531714,0.025357014031715863,13.4872207642,22.4322891235,24.0,10.2,0.0,50.0,126.772514834,22.4322891235,0.0,0.080939,-221.904929251659,75.29417256059965,-146.61075669105935,6
250,one_step,20.7404727936,21.6507053375,20.7404727936,21.6507053375,20.6840899272,20.698742822810267,0.014652895610268502,21.6219155415,21.64681072397531,0.02489518247530853,13.4872207642,22.4322891235,24.0,11.2,2.145,50.0,126.772514834,22.4322891235,0.0,0.080939,-221.09274799472595,78.2925249310253,-142.80022306370066,6
251,one_step,20.6840896606,21.6219158173,20.6840896606,21.6219158173,20.6699266067,20.677308633698374,0.007382026998374869,21.6839421486,21.707123686105493,0.023181537505493566,13.4872207642,22.4322891235,24.0,12.2,64.12887319,50.0,126.772514834,22.4322891235,0.0,0.080939,-222.5567137540719,72.88796139636275,-149.66875235770914,6
252,one_step,20.6699256897,21.6839408875,20.6699256897,21.6839408875,20.6613383519,20.66766213889424,0.006323786994240521,21.5273497359,21.549977020211944,0.022627284311944607,12.8000001907,22.0,24.0,13.4,25.575,50.0,126.772514834,22.0,0.0,0.080939,-237.19376839123856,44.34508045663215,-192.8486879346064,6
253,one_step,20.6613388062,21.527349472,20.6613388062,21.527349472,20.6956217359,20.693813098640057,-0.0018086372599448453,21.6390795326,21.654808363788508,0.01572883118850754,12.8000001907,22.0,24.0,14.6,115.3798774,50.0,126.772514834,22.0,0.0,0.080939,-239.6394290483104,35.316366280096645,-204.32306276821376,6
254,one_step,20.6956214905,21.6390800476,20.6956214905,21.6390800476,20.6975653725,20.702220964580544,0.004655592080542448,21.0497524858,21.069384925465148,0.019632439665148382,14.5,20.0,24.0,15.8,58.56735122,50.0,2507.129737585811,20.0,60.53127721932781,0.22441970208647294,-499.77633625347033,0.0,-499.77633625347033,6
255,one_step,20.6975650787,21.0497531891,20.6975650787,21.0497531891,20.7121104839,20.712219385770414,0.00010890187041567856,21.0116907311,21.014547232097286,0.002856500997285849,14.5,20.0,24.0,17.1,172.7271834,180.0,4452.427511932018,20.0,98.61275785151915,0.314686384512506,-691.1499539105196,0.0,-691.1499539105196,6
256,one_step,20.7121105194,21.0116901398,20.7121105194,21.0116901398,20.7054901971,20.708476011656437,0.002985814556435429,20.8549105426,20.844352438518833,-0.01055810408116642,14.5,20.0,24.0,18.0,121.6166718,180.0,4459.88375727,20.0,100.0,0.31797464285714283,-676.079232591753,0.0,-676.079232591753,6
257,one_step,20.7054901123,20.8549098969,20.7054901123,20.8549098969,20.7705883943,20.761274274172663,-0.009314120127335457,21.1248846795,21.106427716095496,-0.018456963404503313,14.5,20.0,24.0,19.0,326.3605193,180.0,4459.88375727,20.0,100.0,0.31797464285714283,-701.3038780801226,0.0,-701.3038780801226,6
258,one_step,20.7705879211,21.1248855591,20.7705879211,21.1248855591,20.8543497599,20.842710216510493,-0.011639543389506457,21.1706343732,21.15754161559046,-0.013092757609538097,14.5,20.0,24.0,19.8,318.3817948,180.0,4459.88375727,20.0,100.0,0.31797464285714283,-707.8461434444823,0.0,-707.8461434444823,6
259,one_step,20.8543510437,21.1706352234,20.8543510437,21.1706352234,21.159700665,21.105801492563174,-0.05389917243682518,23.0991909851,23.08641934727607,-0.012771637823931314,13.3279304504,25.3280944824,24.0,20.7,502.835609,180.0,0.0,25.3280944824,0.0,0.080939,-261.17316411549643,235.83609365390325,-25.337070461593186,6
260,one_step,21.1597003937,23.0991897583,21.1597003937,23.0991897583,21.5445391457,21.48684459021943,-0.057694555480569676,23.4222462685,23.461734134882843,0.039487866382842185,13.3279304504,25.3280944824,24.0,21.4,527.0519262,180.0,0.0,25.3280944824,0.0,0.080939,-273.5255035856978,190.23461490193478,-83.290888683763,6
261,one_step,21.5445384979,23.422246933,21.5445384979,23.422246933,21.9477239061,21.88783603422544,-0.05988787187455813,23.7656036128,23.8038589481708,0.03825533537079906,13.3279304504,25.3280944824,24.0,22.2,638.5913125,180.0,0.0,25.3280944824,0.0,0.080939,-282.74318799730514,156.20543032096634,-126.5377576763388,6
262,one_step,21.9477233887,23.7656021118,21.9477233887,23.7656021118,22.3401539158,22.282563596428428,-0.05759031937157033,23.9971673897,24.034952322956748,0.03778493325674859,13.3279304504,25.3280944824,24.0,22.9,658.9123948,180.0,0.0,25.3280944824,0.0,0.080939,-289.1622088617053,132.50815060625845,-156.65405825544687,6
263,one_step,22.3401546478,23.9971675873,22.3401546478,23.9971675873,22.7231498766,22.66717345361173,-0.05597642298826955,24.2398576404,24.27414495707986,0.03428731667985829,13.3279304504,25.3280944824,24.0,23.6,697.2725064,180.0,0.0,25.3280944824,0.0,0.080939,-295.64343316928137,108.58123269231506,-187.06220047696632,6
264,one_step,22.7231502533,24.23985672,22.7231502533,24.23985672,23.0885299899,23.035125309568553,-0.05340468033144674,24.5020590166,24.53447036798922,0.03241135138921791,12.8000001907,26.0,24.0,24.1,681.4563209,180.0,0.0,26.0,0.0,0.080939,-316.99549921407544,149.73878816141308,-167.25671105266235,6
265,one_step,23.0885295868,24.5020599365,23.0885295868,24.5020599365,23.4229753283,23.37470305701861,-0.048272271281391,24.6315815528,24.662674600315068,0.031093047515067695,12.8000001907,26.0,24.0,24.6,642.4392002,180.0,0.0,26.0,0.0,0.080939,-320.6824594721065,136.12753336457467,-184.5549261075318,6
266,one_step,23.4229736328,24.6315803528,23.4229736328,24.6315803528,23.6051237025,23.58633314710147,-0.01879055539852814,23.4388057741,23.46582522936253,0.027019455262529135,16.0,20.0,24.0,24.9,637.7336903,180.0,2687.0198338149926,20.0,100.0,0.31797464285714283,-801.3700732094333,0.0,-801.3700732094333,6
267,one_step,23.6051254272,23.4388065338,23.6051254272,23.4388065338,23.6928546513,23.682695673819833,-0.010158977480166698,23.3310430074,23.31213934479485,-0.018903662605151084,16.0,20.0,24.0,25.3,585.9585331,180.0,2672.65752319,20.0,100.0,0.31797464285714283,-778.3477402508806,0.0,-778.3477402508806,6
268,one_step,23.692855835,23.3310432434,23.692855835,23.3310432434,23.7632944943,23.75499431912022,-0.008300175179776659,23.3333331496,23.30879415358332,-0.024538996016680414,16.0,20.0,24.0,25.5,564.1478081,180.0,2672.65752319,20.0,100.0,0.31797464285714283,-777.512148880177,0.0,-777.512148880177,6
269,one_step,23.76329422,23.3333320618,23.76329422,23.3333320618,23.8303441279,23.821050239713486,-0.009293888186512334,23.4047401514,23.393646656897808,-0.011093494502190993,16.7604312897,20.5371112823,24.0,25.7,427.3706743,180.0,3554.778264425526,20.5371112823,100.0,0.31797464285714283,-709.7575603099084,0.0,-709.7575603099084,6
270,one_step,23.8303451538,23.4047393799,23.8303451538,23.4047393799,23.8617611182,23.858583145285504,-0.0031779729144965074,23.3360461917,23.311751572336153,-0.024294619363846692,16.7604312897,20.5371112823,24.0,25.7,404.5248898,180.0,3576.3479209,20.5371112823,100.0,0.31797464285714283,-697.5007659430013,0.0,-697.5007659430013,6
271,one_step,23.8617610931,23.3360462189,23.8617610931,23.3360462189,23.8450375068,23.84862966457532,0.0035921577753192935,23.1399784912,23.113583776090042,-0.02639471510995861,16.7604312897,20.5371112823,24.0,25.8,253.8081434,180.0,3576.3479209,20.5371112823,100.0,0.31797464285714283,-677.3765616610933,0.0,-677.3765616610933,6
272,one_step,23.8450393677,23.1399784088,23.8450393677,23.1399784088,23.961696174,23.937276955889423,-0.02441921811057668,24.5795778535,24.55637740026359,-0.023200453236409402,17.7000007629,26.0,24.0,25.6,241.4189939,180.0,0.0,26.0,0.0,0.080939,-183.73554176486743,151.6982607752574,-32.037280989610025,6
273,one_step,23.9616966248,24.5795783997,23.9616966248,24.5795783997,24.0919853227,24.072014872369948,-0.01997045033005307,24.5741196297,24.590259880293036,0.016140250593036143,17.7000007629,26.0,24.0,25.4,121.5903995,180.0,0.0,26.0,0.0,0.080939,-186.45715004038078,141.6508230209434,-44.80632701943739,6
274,one_step,24.0919857025,24.5741195679,24.0919857025,24.5741195679,24.1984261419,24.182184004311466,-0.016242137588534433,24.6144190784,24.6281454508942,0.013726372494197392,17.7000007629,26.0,24.0,25.1,111.0297964,180.0,0.0,26.0,0.0,0.080939,-187.4578010135762,137.95669170254925,-49.50110931102694,6
275,one_step,24.198425293,24.6144180298,24.198425293,24.6144180298,24.2457587069,24.239985141123373,-0.005773565776625134,24.3442396595,24.356591977479912,0.012352317979910765,17.7000007629,26.0,24.0,24.7,49.5,50.0,0.0,26.0,0.0,0.080939,-180.5830941351514,163.33624028108176,-17.246853854069656,6
276,one_step,24.2457580566,24.3442401886,24.2457580566,24.3442401886,24.2854091465,24.279564188134685,-0.005844958365315733,24.3910956356,24.394560216297286,0.0034645806972868343,17.7000007629,26.0,24.0,24.7,84.07869119,50.0,0.0,26.0,0.0,0.080939,-181.22197032429426,160.9776830996978,-20.244287224596462,6
277,one_step,24.28540802,24.3910942078,24.28540802,24.3910942078,24.1130355687,24.148627728023275,0.03559215932327575,22.7130526874,22.719697993127912,0.0066453057279112215,16.0,20.0,24.0,22.5,16.5,50.0,3463.9186870712215,20.0,100.0,0.31797464285714283,-727.183976504561,0.0,-727.183976504561,6
278,one_step,24.1130371094,22.7130527496,24.1130371094,22.7130527496,23.8467706652,23.890548108171107,0.04377744297110553,22.4592469933,22.41608434625118,-0.043162647048820446,16.0,20.0,24.0,21.4,19.43577404,50.0,3433.33136512,20.0,100.0,0.31797464285714283,-685.7604928718047,0.0,-685.7604928718047,6
279,one_step,23.8467712402,22.4592475891,23.8467712402,22.4592475891,23.575116504,23.61971498472147,0.04459848072146855,22.3024055803,22.259756406030824,-0.042649174269175916,16.0,20.0,24.0,20.3,12.69591984,50.0,3433.33136512,20.0,100.0,0.31797464285714283,-668.6170041587483,0.0,-668.6170041587483,6
280,one_step,23.5751171112,22.302406311,23.5751171112,22.302406311,23.3151571403,23.35784533929248,0.042688198992482995,22.1476876598,22.107386776746388,-0.0403008830536109,16.0,20.0,24.0,19.9,0.0,50.0,3433.33136512,20.0,100.0,0.31797464285714283,-652.3182306602123,0.0,-652.3182306602123,6
281,one_step,23.3151569366,22.147687912,23.3151569366,22.147687912,23.0712954988,23.11134569917528,0.04005020037527984,22.0165399876,21.978172092374102,-0.03836789522589967,16.0,20.0,24.0,19.6,0.0,50.0,4055.3234094581985,20.0,100.0,0.31797464285714283,-638.358334261926,0.0,-638.358334261926,6
282,one_step,23.0712966919,22.0165405273,23.0712966919,22.0165405273,22.8447424764,22.88194612101182,0.03720364461181802,21.8948697769,21.858470310821943,-0.03639946607805555,16.0,20.0,24.0,19.4,0.0,50.0,4057.51764461,20.0,100.0,0.31797464285714283,-625.4562314263856,0.0,-625.4562314263856,6
283,one_step,22.8447418213,21.8948707581,22.8447418213,21.8948707581,22.7672962669,22.775390786741955,0.008094519841954195,23.0963442269,23.069396902273983,-0.026947324626018343,17.7000007629,24.0,24.0,19.3,0.0,50.0,0.0,24.0,0.0,0.080939,-144.02012851509508,98.3167679660756,-45.70336054901948,6
284,one_step,22.7672958374,23.0963439941,22.7672958374,23.0963439941,22.7488713938,22.753715136077282,0.004843742277284235,23.1477299233,23.157078661227523,0.009348737927524553,17.7000007629,24.0,24.0,19.1,0.0,50.0,0.0,24.0,0.0,0.080939,-147.76078470418778,84.50728239155474,-63.253502312633046,6
285,one_step,22.7488708496,23.1477298737,22.7488708496,23.1477298737,22.7329011612,22.73770548178111,0.004804320581108357,23.1427437472,23.15414698732931,0.011403240129308045,17.7000007629,24.0,24.0,19.0,0.0,50.0,0.0,24.0,0.0,0.080939,-147.748436608777,84.55286820239323,-63.195568406383785,6
286,one_step,22.7329025269,23.142742157,22.7329025269,23.142742157,22.7126745165,22.71836684000158,0.005692323501577334,23.1334333903,23.14560341694735,0.01217002664735034,17.7000007629,24.0,24.0,18.7,0.0,50.0,0.0,24.0,0.0,0.080939,-147.52682077360893,85.37101360901005,-62.15580716459888,6
287,one_step,22.7126731873,23.1334342957,22.7126731873,23.1334342957,22.5047640191,22.548192878680624,0.04342885958062226,21.1999465277,21.208815689725817,0.008869162025817445,12.8000001907,18.0,24.0,18.4,0.0,50.0,2912.846729181449,18.0,100.0,0.31797464285714283,-907.4396567138303,0.0,-907.4396567138303,6
288,one_step,22.5047645569,21.1999473572,22.5047645569,21.1999473572,22.2171719112,22.264491261027942,0.047319349827940727,20.9304049829,20.8819417390708,-0.04846324382920031,12.8000001907,18.0,24.0,18.2,0.0,50.0,2895.95315638,18.0,100.0,0.31797464285714283,-863.2576709933151,0.0,-863.2576709933151,6
289,one_step,22.2171707153,20.9304046631,22.2171707153,20.9304046631,21.9433687556,21.98792449035986,0.0445557347598573,20.777632638,20.729040258686332,-0.04859237931366778,12.8000001907,18.0,24.0,17.9,0.0,50.0,3729.129557870893,18.0,100.0,0.31797464285714283,-846.345273781303,0.0,-846.345273781303,6
290,one_step,21.9433670044,20.777633667,21.9433670044,20.777633667,21.6893440215,21.730577405897538,0.04123338439753965,20.6408835015,20.593492675638124,-0.04739082586187493,12.8000001907,18.0,24.0,17.7,0.0,50.0,3729.24325648,18.0,100.0,0.31797464285714283,-831.6728580896881,0.0,-831.6728580896881,6
291,one_step,21.6893424988,20.6408843994,21.6893424988,20.6408843994,21.4534145245,21.491684836301722,0.038270311801721135,20.5141396334,20.468797483443595,-0.0453421499564044,12.8000001907,18.0,24.0,17.5,0.0,50.0,3729.24325648,18.0,100.0,0.31797464285714283,-818.2308233022203,0.0,-818.2308233022203,6
292,one_step,21.453414917,20.5141391754,21.453414917,20.5141391754,21.2360772851,21.271252301268316,0.035175016168317086,20.3972446384,20.353694652264437,-0.043549986135563046,12.8000001907,18.0,24.0,17.4,0.0,50.0,3729.24325648,18.0,100.0,0.31797464285714283,-805.8235633432158,0.0,-805.8235633432158,6
293,one_step,21.236076355,20.3972434998,21.236076355,20.3972434998,21.2349638187,21.226324416674483,-0.008639402025515608,22.3779065028,22.330972422944438,-0.04693407985556064,16.4681797028,25.1263408661,24.0,17.3,0.0,50.0,0.0,25.1263408661,0.0,0.080939,-155.4794382414737,291.8283048356162,136.34886659414252,6
294,one_step,21.2349624634,22.3779067993,21.2349624634,22.3779067993,21.3350177805,21.32077465232036,-0.014243128179639797,22.5605103401,22.58732916687244,0.026818826772441184,16.4681797028,25.1263408661,24.0,17.2,0.0,50.0,0.0,25.1263408661,0.0,0.080939,-165.34833566487217,255.39501887839933,90.04668321352716,6
295,one_step,21.335018158,22.5605106354,21.335018158,22.5605106354,21.4300272213,21.41738337285821,-0.01264384844179034,22.6164830663,22.646490613910363,0.030007547610363616,16.4681797028,25.1263408661,24.0,17.1,0.0,50.0,0.0,25.1263408661,0.0,0.080939,-167.1170091727701,248.86555718540217,81.74854801263206,6
296,one_step,21.4300270081,22.6164836884,21.4300270081,22.6164836884,21.5168015232,21.50558415265299,-0.011217370547011996,22.6618238656,22.691338122350807,0.029514256750807988,16.4681797028,25.1263408661,24.0,17.1,0.0,50.0,0.0,25.1263408661,0.0,0.080939,-168.3567709826115,244.28869367178444,75.93192268917295,6
297,one_step,21.5167999268,22.6618232727,21.5167999268,22.6618232727,21.5977403313,21.587459698629196,-0.010280632670802703,22.7034877219,22.73220077831364,0.028713056413639748,16.4681797028,25.1263408661,24.0,17.2,0.0,50.0,0.0,25.1263408661,0.0,0.080939,-169.47699571089285,240.15312856143538,70.67613285054253,6
298,one_step,21.5977401733,22.7034873962,21.5977401733,22.7034873962,21.6854003449,21.673637913887717,-0.011762431012282804,22.7481108622,22.774924410545495,0.026813548345494098,16.4681797028,25.1263408661,24.0,17.9,1.32,50.0,0.0,25.1263408661,0.0,0.080939,-170.62485137541228,235.9155575472819,65.29070617186963,6
299,one_step,21.6854019165,22.7481117249,21.6854019165,22.7481117249,21.6832997681,21.689827021627174,0.006527253527174537,21.6318651565,21.653752915893786,0.021887759393784734,15.3424062729,20.527431488,24.0,18.6,35.15155489,50.0,3013.7914163312735,20.527431488,71.45015282203742,0.2503013290641274,-538.3416985967874,0.0,-538.3416985967874,6
300,one_step,21.6833000183,21.6318645477,21.6833000183,21.6318645477,21.6100090156,21.623732224111198,0.013723208511198237,21.2424413831,21.232642663104617,-0.009798719995384175,15.3424062729,20.527431488,24.0,19.4,52.11890201,50.0,4609.895403694125,20.527431488,99.03167321446949,0.3156793632361027,-628.0030319810606,0.0,-628.0030319810606,6
301,one_step,21.6100082397,21.2424411774,21.6100082397,21.2424411774,21.5997982322,21.59963763711044,-0.00016059508956089985,21.6856380688,21.66395397318564,-0.0216840956143578,17.7000007629,18.0,24.0,20.2,103.1705886,50.0,3096.3579383093165,18.0,100.0,0.31797464285714283,-421.1954944154021,0.0,-421.1954944154021,6
302,one_step,21.5997982025,21.6856384277,21.5997982025,21.6856384277,21.6273549397,21.622739934043036,-0.004615005656962268,21.7190147846,21.703714761408182,-0.015300023191816337,17.7000007629,18.0,24.0,21.3,118.2119072,50.0,3119.38863915,18.0,100.0,0.31797464285714283,-425.8179515284061,0.0,-425.8179515284061,6
303,one_step,21.6273555756,21.7190151215,21.6273555756,21.7190151215,21.7268033134,21.709377219770538,-0.01742609362946368,22.116772147,22.10004068968987,-0.016731457310129372,17.7000007629,18.0,24.0,22.4,215.5118592,180.0,3119.38863915,18.0,100.0,0.31797464285714283,-465.63822396089813,0.0,-465.63822396089813,6
304,one_step,21.7268028259,22.116771698,21.7268028259,22.116771698,21.8623593721,21.839845071016754,-0.022514301083244703,22.1924394656,22.18270874486312,-0.009730720736879306,17.7000007629,18.0,24.0,24.0,206.5466754,180.0,3119.38863915,18.0,100.0,0.31797464285714283,-475.97751285909794,0.0,-475.97751285909794,6
305,one_step,21.8623580933,22.192440033,21.8623580933,22.192440033,22.0874489582,22.04872376634752,-0.03872519185247825,22.7378385431,22.73610462527986,-0.0017339178201396521,14.5,22.0,24.0,25.6,311.3110626,180.0,984.7935992863333,22.0,26.306086462563,0.14329380115709203,-394.88935090003855,0.0,-394.88935090003855,6
306,one_step,22.0874481201,22.7378387451,22.0874481201,22.7378387451,22.308790052,22.27320976052294,-0.035580291477060655,22.6052220058,22.60511195789115,-0.00011004790885138505,14.5,22.0,24.0,26.7,325.6391487,180.0,2270.4972990753795,22.0,51.14634652835657,0.20217407129143194,-550.5824914943576,0.0,-550.5824914943576,6
307,one_step,22.3087902069,22.605222702,22.3087902069,22.605222702,22.5244095142,22.4894954221041,-0.03491409209589946,22.5787053575,22.568383134516232,-0.010322222983766949,14.5,22.0,24.0,27.8,435.52913,180.0,3372.9163961872473,22.0,72.79125604282237,0.25348022170489287,-686.5019849669789,0.0,-686.5019849669789,6
308,one_step,22.5244102478,22.578704834,22.5244102478,22.578704834,22.7070901227,22.67756226479339,-0.029527857906607835,22.4697091475,22.451474510556604,-0.01823463694339722,14.5,22.0,24.0,28.4,454.5937732,180.0,4334.080779212714,22.0,90.95289533129906,0.296529780145729,-791.3870774587213,0.0,-791.3870774587213,6
309,one_step,22.7070903778,22.4697093964,22.7070903778,22.4697093964,22.8933393741,22.86293743007369,-0.030401944026312577,22.5742625454,22.539485245977236,-0.034777299422763974,14.5,22.0,24.0,29.0,580.4206376,180.0,4638.7188716067085,22.0,100.0,0.31797464285714283,-854.525597912286,0.0,-854.525597912286,6
310,one_step,22.8933391571,22.574262619,22.8933391571,22.574262619,23.2639952018,23.19683658815604,-0.06715861364396147,24.5638379903,24.535539822758217,-0.02829816754178438,16.0,26.0,24.0,29.4,619.7803923,180.0,0.0,26.0,0.0,0.080939,-228.1311336991071,157.8018827009494,-70.3292509981577,6
311,one_step,23.2639961243,24.5638389587,23.2639961243,24.5638389587,23.7043806432,23.635081119549074,-0.06929952365092618,24.9321957932,24.952226248163488,0.02003045496348932,16.0,26.0,24.0,29.8,663.7260124,180.0,0.0,26.0,0.0,0.080939,-241.41827259517208,108.74937863845489,-132.6688939567172,6
312,one_step,23.7043800354,24.9321956635,23.7043800354,24.9321956635,24.0825598489,24.025624057273276,-0.05693579162672435,24.717945984,24.73768611656214,0.019740132562141355,17.7000007629,24.0,24.0,30.0,674.8781294,180.0,1528.5231845343133,24.0,37.48069896964559,0.16978161575004994,-401.5943239850981,0.0,-401.5943239850981,6
313,one_step,24.0825614929,24.7179450989,24.0825614929,24.7179450989,24.3836556626,24.338295716459218,-0.045359946140781204,24.6073866791,24.612089828096373,0.004703148996373585,17.7000007629,24.0,24.0,30.2,671.7087303,180.0,2706.2057684811966,24.0,59.82213776551501,0.2227387888233741,-516.8167495445963,0.0,-516.8167495445963,6
314,one_step,24.3836555481,24.6073875427,24.3836555481,24.6073875427,24.5177742003,24.503170564397756,-0.014603635902243894,23.4507878594,23.440842328632023,-0.009945530767975441,13.5510931015,19.4341468811,24.0,30.2,665.6367001,180.0,2911.61628957195,19.4341468811,100.0,0.31797464285714283,-1059.2359656935803,0.0,-1059.2359656935803,6
315,one_step,24.5177745819,23.4507865906,24.5177745819,23.4507865906,24.552887761,24.548041609913124,-0.004846151086876915,23.2897672619,23.238554280771826,-0.05121298112817385,13.5510931015,19.4341468811,24.0,30.3,586.1941688,180.0,2896.96414635,19.4341468811,100.0,0.31797464285714283,-1031.8776830405216,0.0,-1031.8776830405216,6
316,one_step,24.5528869629,23.289768219,24.5528869629,23.289768219,24.7735733994,24.730241941923747,-0.043331457476252666,25.2834140618,25.238306340546877,-0.045107721253121014,16.0,26.0,24.0,30.3,572.1824811,180.0,0.0,26.0,0.0,0.080939,-247.43220136184547,86.54758880496694,-160.88461255687855,6
317,one_step,24.7735729218,25.2834129333,24.7735729218,25.2834129333,25.0256979477,24.986386769719257,-0.039311177980742684,25.367722416,25.375067700195594,0.007345284195594104,16.0,26.0,24.0,30.3,454.8860944,180.0,0.0,26.0,0.0,0.080939,-253.50170920936526,64.14061611681525,-189.36109309255,6
318,one_step,25.0256977081,25.3677215576,25.0256977081,25.3677215576,25.2395784804,25.20629299116111,-0.033285489238888744,25.4291783417,25.433749403167933,0.004571061467935067,16.0,26.0,24.0,30.2,414.3494852,180.0,0.0,26.0,0.0,0.080939,-255.17412309033216,57.96651879368149,-197.2076042966507,6
319,one_step,25.2395782471,25.4291782379,25.2395782471,25.4291782379,25.3687698587,25.34831989346856,-0.020449965231438938,25.2416191586,25.244373079738644,0.0027539211386446993,16.0,26.0,24.0,30.1,199.232742,180.0,0.0,26.0,0.0,0.080939,-250.48154340602287,75.2902470867852,-175.19129631923767,6
320,one_step,25.3687705994,25.2416191101,25.3687705994,25.2416191101,25.4907258806,25.47055616239376,-0.02016971820624036,25.3661652949,25.360649576557687,-0.005515718342312681,16.0,26.0,24.0,30.0,261.6700759,180.0,0.0,26.0,0.0,0.080939,-253.24599260970982,65.0846522740018,-188.16134033570802,6
321,one_step,25.4907264709,25.3661651611,25.4907264709,25.3661651611,25.5605606271,25.54871157806047,-0.011849049039529547,25.2327693684,25.228955272859295,-0.003814095540704443,16.0,26.0,24.0,29.9,114.3458143,180.0,0.0,26.0,0.0,0.080939,-250.07984415226534,76.7732115105769,-173.30663264168845,6
322,one_step,25.5605602264,25.2327690125,25.5605602264,25.2327690125,25.4392884283,25.464420898066006,0.025132469766006693,23.4687263537,23.456313261070544,-0.01241309262945478,14.5,20.0,24.0,29.5,115.2699438,180.0,2843.5807705032707,20.0,100.0,0.31797464285714283,-964.8417586683764,0.0,-964.8417586683764,6
323,one_step,25.439289093,23.4687271118,25.439289093,23.4687271118,25.1890068143,25.22757318477956,0.03856637047955758,22.9129241165,22.846788887437945,-0.0661352290620556,14.5,20.0,24.0,29.1,50.47379171,50.0,3692.0376592526613,20.0,99.85473402403306,0.3176303107171569,-891.9063449690406,0.0,-891.9063449690406,6
324,one_step,25.1890068054,22.9129238129,25.1890068054,22.9129238129,24.9291874409,24.96693118321889,0.037743742318887996,22.700551651,22.6232035467329,-0.07734810426710226,14.5,20.0,24.0,29.1,9.822621031,50.0,3673.9870809074387,20.0,100.0,0.31797464285714283,-867.4356995609545,0.0,-867.4356995609545,6
325,one_step,24.9291877747,22.7005519867,24.9291877747,22.7005519867,24.7617532934,24.781665350960626,0.01991205756062442,23.5971380549,23.5535808805297,-0.04355717437029938,17.5619487762,22.0059299469,24.0,26.9,7.753900341,50.0,2324.510200881946,22.0059299469,60.631253029411084,0.22465668039060543,-452.2540923170317,0.0,-452.2540923170317,6
326,one_step,24.7617530823,23.5971374512,24.7617530823,23.5971374512,24.5915656851,24.618650388046422,0.027084702946421402,23.1800424678,23.148158510290962,-0.03188395750903794,17.5619487762,22.0059299469,24.0,26.0,4.883980219,50.0,4213.840156794632,22.0059299469,100.0,0.31797464285714283,-600.033928777961,0.0,-600.033928777961,6
327,one_step,24.5915660858,23.1800422668,24.5915660858,23.1800422668,24.3936049441,24.424024590383905,0.030419646283903035,23.0262838581,22.98069689767692,-0.04558696042307986,17.5619487762,22.0059299469,24.0,25.2,3.351779879,50.0,4534.136898293843,22.0059299469,100.0,0.31797464285714283,-578.7744213464706,0.0,-578.7744213464706,6
328,one_step,24.3936042786,23.0262832642,24.3936042786,23.0262832642,24.1960713346,24.226478909146984,0.030407574546984506,22.9156216546,22.870956780054406,-0.044664874545592426,17.5619487762,22.0059299469,24.0,24.5,0.0,50.0,4535.1125793599995,22.0059299469,100.0,0.31797464285714283,-566.8368421717184,0.0,-566.8368421717184,6
329,one_step,24.1960716248,22.9156227112,24.1960716248,22.9156227112,24.073258335,24.089239505857194,0.01598117085719508,23.5465311721,23.509559519967567,-0.03697165213243281,12.8000001907,24.0,24.0,23.7,0.0,50.0,0.0,24.0,0.0,0.080939,-289.4862928456608,51.29529838516689,-238.1909944604939,6
330,one_step,24.0732574463,23.5465316772,24.0732574463,23.5465316772,23.97915245,23.994339408990086,0.015186958990085486,23.5338105434,23.518810032086467,-0.015000511313534304,12.8000001907,24.0,24.0,23.0,0.0,50.0,0.0,24.0,0.0,0.080939,-290.50398960274856,47.53823866735054,-242.96575093539803,6
331,one_step,23.9791526794,23.5338096619,23.9791526794,23.5338096619,23.9177308756,23.926831630451662,0.009100754851662174,23.8493863949,23.839235790843496,-0.010150604056505586,12.8000001907,26.0,24.0,22.3,0.0,50.0,0.0,26.0,0.0,0.080939,-298.7086300616449,217.2489369155258,-81.4596931461191,6
332,one_step,23.9177322388,23.8493881226,23.9177322388,23.8493881226,23.8658037596,23.875455109055057,0.009651349455058522,23.8413561209,23.84265990080515,0.001303779905150293,12.8000001907,26.0,24.0,21.7,0.0,50.0,0.0,26.0,0.0,0.080939,-299.1926781943337,215.46196282118615,-83.73071537314758,6
333,one_step,23.8658027649,23.8413562775,23.8658027649,23.8413562775,23.7891270333,23.80394054950885,0.014813516208850075,23.6096862161,23.611788237425245,0.002102021325246284,16.0,24.0,24.0,21.2,0.0,50.0,0.0,24.0,0.0,0.080939,-206.57908016911995,37.3662043810576,-169.21287578806235,6
334,one_step,23.7891273499,23.6096858978,23.7891273499,23.6096858978,23.7029035842,23.718508695825307,0.015605111625305312,23.5570059512,23.554937904051375,-0.002068047148625851,16.0,24.0,24.0,20.8,0.0,50.0,0.0,24.0,0.0,0.080939,-204.8248072459082,43.84250303087853,-160.98230421502967,6
335,one_step,23.7029037476,23.5570068359,23.7029037476,23.5570068359,23.6182267923,23.633679466412808,0.01545267411280804,23.5137147067,23.512598725606644,-0.0011159810933563108,16.0,24.0,24.0,20.5,0.0,50.0,0.0,24.0,0.0,0.080939,-203.66232746262565,48.13406231524198,-155.52826514738368,6
