row_index,simulation_type,T_env_start_measured,T_zone_start_measured,T_env_start_model,T_zone_start_model,T_env_measured,T_env_predicted,T_env_error,T_zone_measured,T_zone_predicted,T_zone_error,SAT_sp,ZAT_sp,T_cor_used,T_out_used,Qsg_used,Qint_used,integral_error_predicted_end,prev_zat_sp_predicted_end,damper_signal_predicted_end,m_fan_predicted_end,Q_air_last_predicted_W,Q_reheat_last_predicted_W,Q_hvac_last_predicted_W,n_pi_loops
0,rollout,20.0,24.0,20.0,24.0,20.316447094,20.27768207819847,-0.03876501580153047,22.0244188476,22.122472418003568,0.0980535704035681,14.950504303,24.8687839508,24.0,18.0,0.0,50.0,0.0,24.8687839508,0.0,0.080939,-196.29119046189865,267.17426070713304,70.88307024523439,6
1,rollout,20.3164482117,22.0244178772,20.27768207819847,22.122472418003568,20.5275044316,20.46381678033255,-0.06368765126745046,22.0266505424,22.053457442558436,0.02680690015843723,14.950504303,24.8687839508,24.0,19.0,0.0,50.0,0.0,24.8687839508,0.0,0.080939,-192.2059276634864,282.25594018553613,90.05001252204974,6
2,rollout,20.5275039673,22.0266513824,20.46381678033255,22.053457442558436,20.7436509031,20.652414196062924,-0.09123670703707631,22.2301548781,22.234935014980174,0.004780136880174979,16.0,26.0,24.0,20.0,0.0,50.0,0.0,26.0,0.0,0.080939,-168.25769310244576,300.0,131.74230689755424,6
3,rollout,20.7436504364,22.2301559448,20.652414196062924,22.234935014980174,20.9729564198,20.8531527407117,-0.11980367908829948,22.3758744901,22.36292017473025,-0.012954315369750447,16.0,26.0,24.0,21.3,0.0,50.0,0.0,26.0,0.0,0.080939,-171.80116786878114,300.0,128.19883213121886,6
4,rollout,20.9729576111,22.3758735657,20.8531527407117,22.36292017473025,21.1795978825,21.037018596830265,-0.14257928566973632,22.5090976622,22.47918761524175,-0.029910046958249836,16.0,26.0,24.0,21.0,0.0,50.0,0.0,26.0,0.0,0.080939,-174.99894796509906,300.0,125.00105203490094,6
5,rollout,21.1795978546,22.509098053,21.037018596830265,22.47918761524175,21.3653403259,21.20498455555283,-0.16035577034717008,22.6291780187,22.585386236567672,-0.043791782132327484,16.0,26.0,24.0,20.7,0.0,50.0,0.0,26.0,0.0,0.080939,-177.9194467968936,300.0,122.0805532031064,6
6,rollout,21.3653411865,22.6291770935,21.20498455555283,22.585386236567672,21.410172882,21.261987759038572,-0.14818512296142927,21.3637961683,21.320875565919277,-0.04292060238072182,16.651714325,19.0249099731,24.0,20.5,0.0,50.0,3734.731653961003,19.0249099731,100.0,0.31797464285714283,-506.45693916413575,0.0,-506.45693916413575,6
7,rollout,21.4101734161,21.3637962341,21.261987759038572,21.320875565919277,21.3717752631,21.24170921388636,-0.1300660492136423,21.2323788058,21.14538104792539,-0.0869977578746095,16.651714325,19.0249099731,24.0,20.4,0.0,50.0,3734.731653961003,19.0249099731,100.0,0.31797464285714283,-479.2839525387038,0.0,-479.2839525387038,6
8,rollout,21.3717765808,21.2323799133,21.24170921388636,21.14538104792539,21.3315151723,21.215576539435517,-0.11593863286448425,21.2044653307,21.11706074285501,-0.08740458784498983,16.651714325,19.0249099731,24.0,20.4,0.0,50.0,3734.731653961003,19.0249099731,100.0,0.31797464285714283,-475.4972278022209,0.0,-475.4972278022209,6
9,rollout,21.3315162659,21.2044639587,21.215576539435517,21.11706074285501,21.296411929,21.192266908089298,-0.10414502091070332,21.1848057761,21.10325557442967,-0.08155020167032845,16.651714325,19.0249099731,24.0,20.5,0.0,50.0,3734.731653961003,19.0249099731,100.0,0.31797464285714283,-473.9311548981401,0.0,-473.9311548981401,6
10,rollout,21.2964115143,21.1848068237,21.192266908089298,21.10325557442967,21.276533893,21.18043912440991,-0.09609476859008836,21.1740161706,21.097201872216925,-0.07681429838307707,16.651714325,19.0249099731,24.0,21.1,1.815,50.0,3734.731653961003,19.0249099731,100.0,0.31797464285714283,-473.1742851476334,0.0,-473.1742851476334,6
11,rollout,21.2765350342,21.1740150452,21.18043912440991,21.097201872216925,21.2855684803,21.19207396289868,-0.09349451740132153,21.2417373547,21.167528014412934,-0.07420934028706583,16.651714325,19.0249099731,24.0,21.7,55.72619567,50.0,3734.731653961003,19.0249099731,100.0,0.31797464285714283,-480.09518764058663,0.0,-480.09518764058663,6
12,rollout,21.2855682373,21.2417373657,21.19207396289868,21.167528014412934,21.3377367049,21.239078633680236,-0.09865807121976289,21.4582533342,21.413859374456827,-0.04439395974317151,16.0,20.0,24.0,22.4,22.77,50.0,2494.833803855473,20.0,62.957142393588555,0.23016986719712945,-419.9040733614817,0.0,-419.9040733614817,6
13,rollout,21.3377361298,21.4582538605,21.239078633680236,21.413859374456827,21.3926316037,21.293730508971173,-0.09890109472882713,21.2830096275,21.231778423567967,-0.05123120393203351,16.0,20.0,24.0,23.0,117.7942964,50.0,4162.155711126019,20.0,100.0,0.31797464285714283,-559.6798364910696,0.0,-559.6798364910696,6
14,rollout,21.3926315308,21.2830085754,21.293730508971173,21.231778423567967,21.4285953534,21.328709177523574,-0.09988617587642423,21.2025161187,21.125725166195572,-0.07679095250442813,16.0,20.0,24.0,24.0,65.67801958,50.0,4162.155711126019,20.0,100.0,0.31797464285714283,-545.825989866987,0.0,-545.825989866987,6
15,rollout,21.4285964966,21.2025165558,21.328709177523574,21.125725166195572,21.6658326648,21.524623071907843,-0.14120959289215662,22.9555796479,22.879597986795876,-0.07598166110412308,15.9549388885,24.5820922852,24.0,25.0,177.4316214,180.0,0.0,24.5820922852,0.0,0.080939,-184.92779543915069,180.01220034077045,-4.915595098380237,6
16,rollout,21.6658325195,22.9555797577,21.524623071907843,22.879597986795876,21.9625013759,21.782131626610887,-0.1803697492891132,23.1308519993,23.082357747022023,-0.0484942522779761,15.9549388885,24.5820922852,24.0,26.0,129.2898191,180.0,0.0,24.5820922852,0.0,0.080939,-192.40492804102698,152.40865978939055,-39.99626825163642,6
17,rollout,21.9625015259,23.1308517456,21.782131626610887,23.082357747022023,22.3110647749,22.088538813110546,-0.22252596178945439,23.5487139467,23.482527533152936,-0.06618641354706511,15.9549388885,24.5820922852,24.0,27.0,333.23752,180.0,0.0,24.5820922852,0.0,0.080939,-202.91225282469955,113.61847360493762,-89.29377921976193,6
18,rollout,22.3110656738,23.5487136841,22.088538813110546,23.482527533152936,22.6495743182,22.39085445134078,-0.2587198668592201,23.729233716,23.64700936215454,-0.0822243538454579,15.9549388885,24.5820922852,24.0,27.6,329.361975,180.0,0.0,24.5820922852,0.0,0.080939,-207.68104141886477,96.01340273766894,-111.66763868119583,6
19,rollout,22.6495742798,23.7292327881,22.39085445134078,23.64700936215454,23.0393094891,22.738677068483433,-0.3006324206165658,24.3078614485,24.205668615006672,-0.10219283349332642,14.5,26.0,24.0,28.3,502.1707031,180.0,0.0,26.0,0.0,0.080939,-261.6410748468924,184.0922912574154,-77.54878358947701,6
20,rollout,23.0393104553,24.3078613281,22.738677068483433,24.205668615006672,23.4235471405,23.087037594377882,-0.3365095461221159,24.543720698,24.42931781981276,-0.11440287818724215,14.5,26.0,24.0,28.7,518.8843589,180.0,0.0,26.0,0.0,0.080939,-268.1348671243009,160.1189758160519,-108.01589130824902,6
21,rollout,23.4235477448,24.5437202454,23.087037594377882,24.42931781981276,23.6844544001,23.341290065719203,-0.3431643343807984,23.4561969996,23.31991735003073,-0.13627964956926775,16.0,20.0,24.0,29.2,632.8191194,180.0,2571.582112102514,20.0,100.0,0.31797464285714283,-785.2496833007117,0.0,-785.2496833007117,6
22,rollout,23.6844558716,23.4561958313,23.341290065719203,23.31991735003073,23.862308227,23.518869511302256,-0.34343871569774365,23.4830152328,23.29327440599184,-0.1897408268081584,16.0,20.0,24.0,29.4,649.8086212,180.0,2571.582112102514,20.0,100.0,0.31797464285714283,-775.1802803337669,0.0,-775.1802803337669,6
23,rollout,23.8623085022,23.4830150604,23.518869511302256,23.29327440599184,24.0402447487,23.693988940447408,-0.34625580825259306,23.6369899259,23.437089496163082,-0.19990042973691757,16.0,20.0,24.0,29.6,701.6350699,180.0,2571.582112102514,20.0,100.0,0.31797464285714283,-789.5627740539006,0.0,-789.5627740539006,6
24,rollout,24.0402450562,23.6369895935,23.693988940447408,23.437089496163082,24.2077901607,23.860570042796336,-0.3472201179036638,23.7319936086,23.530155257677983,-0.20183835092201718,16.0,20.0,24.0,29.7,703.0527701,180.0,2571.582112102514,20.0,100.0,0.31797464285714283,-799.7973894748475,0.0,-799.7973894748475,6
25,rollout,24.2077903748,23.7319946289,23.860570042796336,23.530155257677983,24.3026762648,23.965573878544255,-0.3371023862557436,23.5301598497,23.32784658971095,-0.20231325998904737,16.0,20.0,24.0,29.8,493.4677368,180.0,2571.582112102514,20.0,100.0,0.31797464285714283,-780.2674766295584,0.0,-780.2674766295584,6
26,rollout,24.3026771545,23.5301589966,23.965573878544255,23.32784658971095,24.2595746586,23.951493509936554,-0.3080811486634438,23.0071022486,22.803517815539696,-0.20358443306030338,16.0,20.0,24.0,29.7,89.94650763,180.0,3513.767620598635,20.0,100.0,0.31797464285714283,-727.0309501306115,0.0,-727.0309501306115,6
27,rollout,24.2595748901,23.0071029663,23.951493509936554,22.803517815539696,24.3059832321,24.00652251408683,-0.2994607180131723,23.7742217128,23.63595143794976,-0.1382702748502389,17.7000007629,22.0,24.0,29.6,180.2523886,180.0,2474.1898491011084,22.0,64.34828158838258,0.2334673629305471,-465.0214664529507,0.0,-465.0214664529507,6
28,rollout,24.3059825897,23.7742214203,24.00652251408683,23.63595143794976,24.4162148877,24.1251736213817,-0.2910412663183024,23.8967387721,23.740625746031103,-0.15611302606889765,17.7000007629,22.0,24.0,29.4,474.8740792,180.0,4015.5100055625608,22.0,100.0,0.31797464285714283,-642.9161872390413,0.0,-642.9161872390413,6
29,rollout,24.4162139893,23.8967380524,24.1251736213817,23.740625746031103,24.4983275452,24.215740890748247,-0.2825866544517517,23.8836934369,23.715691439369067,-0.1680019975309328,17.7000007629,18.0,24.0,29.1,426.4738543,180.0,1722.187723809331,18.0,100.0,0.31797464285714283,-640.099548311077,0.0,-640.099548311077,6
30,rollout,24.4983272552,23.8836936951,24.215740890748247,23.715691439369067,24.5599148003,24.287451195159257,-0.27246360514074297,23.9092809166,23.739924929257757,-0.169355987342243,17.7000007629,18.0,24.0,28.7,424.6044764,180.0,1722.187723809331,18.0,100.0,0.31797464285714283,-642.1708618034335,0.0,-642.1708618034335,6
31,rollout,24.5599136353,23.909280777,24.287451195159257,23.739924929257757,24.5524149717,24.30158539755381,-0.2508295741461879,23.5330225032,23.376582782698307,-0.15643972050169452,16.6140785217,19.5571098328,24.0,28.3,269.3540575,180.0,2508.5213368613713,19.5571098328,100.0,0.31797464285714283,-723.1950451361778,0.0,-723.1950451361778,6
32,rollout,24.5524139404,23.5330238342,24.30158539755381,23.376582782698307,24.4923350758,24.26762181406323,-0.22471326173677042,23.4064329715,23.2421551775217,-0.16427779397830022,16.6140785217,19.5571098328,24.0,27.7,221.8666509,180.0,2508.5213368613713,19.5571098328,100.0,0.31797464285714283,-706.2761296390554,0.0,-706.2761296390554,6
33,rollout,24.4923343658,23.4064331055,24.26762181406323,23.2421551775217,24.3940083119,24.198265371489082,-0.19574294041091633,23.2354748796,23.080661170254785,-0.1548137093452162,16.6140785217,19.5571098328,24.0,27.1,126.7057476,180.0,2508.5213368613713,19.5571098328,100.0,0.31797464285714283,-689.4553757136623,0.0,-689.4553757136623,6
34,rollout,24.3940086365,23.2354736328,24.198265371489082,23.080661170254785,24.2724778856,24.10689937189875,-0.1655785137012522,23.1301664643,22.987654162137765,-0.14251230216223476,16.6140785217,19.5571098328,24.0,26.2,96.50280202,180.0,2508.5213368613713,19.5571098328,100.0,0.31797464285714283,-679.3159597183648,0.0,-679.3159597183648,6
35,rollout,24.2724781036,23.1301670074,24.10689937189875,22.987654162137765,24.1078139234,23.97824064578208,-0.1295732776179186,22.7609968965,22.634595108470595,-0.12640178802940483,16.6140785217,19.5571098328,24.0,25.4,53.955,50.0,3479.160705064626,19.5571098328,100.0,0.31797464285714283,-643.4775621109727,0.0,-643.4775621109727,6
36,rollout,24.1078147888,22.7609977722,23.97824064578208,22.634595108470595,23.9398804683,23.842260458391824,-0.09762000990817654,22.6361000273,22.517800904762126,-0.11829912253787356,16.6140785217,19.5571098328,24.0,25.4,38.445,50.0,3479.160705064626,19.5571098328,100.0,0.31797464285714283,-629.7192509252712,0.0,-629.7192509252712,6
37,rollout,23.9398803711,22.636100769,23.842260458391824,22.517800904762126,23.8698143933,23.781494662573447,-0.0883197307265533,23.8847939532,23.79453330245956,-0.09026065074043998,14.5,26.0,24.0,23.0,24.09,50.0,0.0,26.0,0.0,0.080939,-250.1279387427089,226.59565935946517,-23.53227938324372,6
38,rollout,23.8698139191,23.8847942352,23.781494662573447,23.79453330245956,23.8364927688,23.759506926779313,-0.07698584202068659,23.9214829716,23.879694454485204,-0.04178851711479581,14.5,26.0,24.0,21.7,11.385,50.0,0.0,26.0,0.0,0.080939,-253.99607948126862,212.3155354910608,-41.68054399020781,6
39,rollout,23.8364944458,23.9214820862,23.759506926779313,23.879694454485204,23.7915921535,23.729606875955213,-0.061985277544788886,23.9788797209,23.951191334851096,-0.027688386048904334,16.0,26.0,24.0,20.4,14.70273145,50.0,0.0,26.0,0.0,0.080939,-215.33133403687913,205.05526281850769,-10.276071218371442,6
40,rollout,23.7915916443,23.9788799286,23.729606875955213,23.951191334851096,23.7287518164,23.684847617851734,-0.04390419854826533,23.9366870062,23.92134071516444,-0.01534629103555929,16.0,26.0,24.0,19.3,0.0,50.0,0.0,26.0,0.0,0.080939,-214.6776226728661,207.46858743186323,-7.20903524100288,6
41,rollout,23.7287521362,23.9366874695,23.684847617851734,23.92134071516444,23.6497067788,23.62589997079091,-0.023806808009087632,23.8989648831,23.894547701707545,-0.00441718139245495,16.0,26.0,24.0,18.2,0.0,50.0,0.0,26.0,0.0,0.080939,-213.96966965471532,210.08215748411737,-3.887512170597944,6
42,rollout,23.6497077942,23.8989639282,23.62589997079091,23.894547701707545,23.5603873881,23.557404859456575,-0.0029825286434252973,23.8558557535,23.863169920155805,0.007314166655806531,16.0,26.0,24.0,17.3,0.0,50.0,0.0,26.0,0.0,0.080939,-213.1403569637397,213.1437544510316,0.0033974872919202426,6
43,rollout,23.5603866577,23.8558559418,23.557404859456575,23.863169920155805,23.4617121008,23.480090923605317,0.01837882280531744,23.8078904393,23.82738981179325,0.019499372493250178,16.0,26.0,24.0,16.4,0.0,50.0,0.0,26.0,0.0,0.080939,-212.1904391948686,216.65059257329915,4.460153378430562,6
44,rollout,23.4617118835,23.8078918457,23.480090923605317,23.82738981179325,23.2579177635,23.31704083506711,0.05912307156711094,22.5997581506,22.621666204400643,0.021908053800643756,14.5,22.0,24.0,15.8,0.0,50.0,2187.2248536578154,22.0,50.41464743857367,0.2004396836501852,-552.818816349372,0.0,-552.818816349372,6
45,rollout,23.2579174042,22.5997581482,23.31704083506711,22.621666204400643,22.9792099741,23.082097210710234,0.10288723661023269,22.1943549856,22.190284812810944,-0.004070172789056414,14.5,22.0,24.0,15.2,0.0,50.0,2929.2165434648828,22.0,60.7426276240825,0.22492067787706438,-582.602284857456,0.0,-582.602284857456,6
46,rollout,22.9792098999,22.194355011,23.082097210710234,22.190284812810944,22.6965655457,22.837645400142293,0.14107985444229243,21.9810671561,21.98622636797003,0.005159211870029878,14.5,22.0,24.0,14.8,0.0,50.0,3099.560753497383,22.0,62.09800461326589,0.22813340443651303,-573.5207603624518,0.0,-573.5207603624518,6
47,rollout,22.6965656281,21.9810676575,22.837645400142293,21.98622636797003,22.4284252145,22.601655371677115,0.17323015717711598,21.8569620137,21.875813581284003,0.018851567584004414,14.5,22.0,24.0,14.4,0.0,50.0,2982.3524252444176,22.0,58.655892839499145,0.21997437266570363,-544.0282323875501,0.0,-544.0282323875501,6
48,rollout,22.4284248352,21.856962204,22.601655371677115,21.875813581284003,22.1860663201,22.384079654697757,0.19801333459775705,21.7889536328,21.817391206377817,0.028437573577818398,14.5,22.0,24.0,14.2,0.0,50.0,2709.1064780425118,22.0,52.60208524174823,0.20562469090904018,-504.0366516173617,0.0,-504.0366516173617,6
49,rollout,22.1860656738,21.7889537811,22.384079654697757,21.817391206377817,21.9698557989,22.185678600500395,0.21582280160039602,21.7577282898,21.790858176160782,0.033129886360782734,14.5,22.0,24.0,13.9,0.0,50.0,2356.8655110893383,22.0,45.27967541151551,0.18826796969531345,-459.54771257591193,0.0,-459.54771257591193,6
50,rollout,21.9698562622,21.7577285767,22.185678600500395,21.790858176160782,21.8781921156,22.089482512452967,0.21129039685296647,22.6692213525,22.760257600825664,0.09103624832566481,17.7000007629,24.0,24.0,13.8,0.0,50.0,0.0,24.0,0.0,0.080939,-135.95478682043168,128.0918165553583,-7.862970265073386,6
51,rollout,21.8781929016,22.6692218781,22.089482512452967,22.760257600825664,21.8360382117,22.04251167240491,0.20647346070490968,22.6942401876,22.817381318960585,0.1231411313605868,17.7000007629,24.0,24.0,13.7,0.0,50.0,0.0,24.0,0.0,0.080939,-138.61518565726345,118.27034740595437,-20.344838251309085,6
52,rollout,21.8360385895,22.6942405701,22.04251167240491,22.817381318960585,21.7978370441,22.000966695821734,0.20312965172173492,22.6770389107,22.8032394840309,0.12620057333090173,17.7000007629,24.0,24.0,13.6,0.0,50.0,0.0,24.0,0.0,0.080939,-138.31664053547507,119.3724948218815,-18.94414571359357,6
53,rollout,21.7978363037,22.6770401001,22.000966695821734,22.8032394840309,21.6696651128,21.888109626298313,0.21844451349831218,21.6873974557,21.81490555833752,0.12750810263752044,17.7000007629,18.0,24.0,13.5,0.0,50.0,2799.8127531130503,18.0,100.0,0.31797464285714283,-444.70445898201297,0.0,-444.70445898201297,6
54,rollout,21.6696643829,21.6873970032,21.888109626298313,21.81490555833752,21.5016002141,21.736262426267178,0.23466221216717642,21.535602664,21.64175920358697,0.1061565395869728,17.7000007629,18.0,24.0,13.4,0.0,50.0,2799.8127531130503,18.0,100.0,0.31797464285714283,-421.3423351269909,0.0,-421.3423351269909,6
55,rollout,21.5016002655,21.5356025696,21.736262426267178,21.64175920358697,21.434864358,21.662702233617523,0.22783787561752433,22.3629043551,22.473518709621636,0.11061435452163693,16.0,24.0,24.0,13.3,0.0,50.0,0.0,24.0,0.0,0.080939,-174.38121467375666,156.23196926612977,-18.149245407626893,6
56,rollout,21.4348640442,22.362903595,21.662702233617523,22.473518709621636,21.4129681641,21.631853736594003,0.21888557249400264,22.3933776657,22.526653057796555,0.1332753920965537,16.0,24.0,24.0,13.3,0.0,50.0,0.0,24.0,0.0,0.080939,-176.76941387879165,147.41538714688076,-29.354026731910892,6
57,rollout,21.4129676819,22.3933773041,21.631853736594003,22.526653057796555,21.3949243114,21.6062666475639,0.21134233616389864,22.3860472839,22.51925064640105,0.13320336250104958,16.0,24.0,24.0,13.3,0.0,50.0,0.0,24.0,0.0,0.080939,-176.6396969353778,147.89426683223326,-28.745430103144542,6
58,rollout,21.3949241638,22.3860473633,21.6062666475639,22.51925064640105,21.3906995256,21.592608955194393,0.2019094295943944,22.3836518283,22.512798448977165,0.1291466206771652,16.0,24.0,24.0,13.9,1.485,50.0,0.0,24.0,0.0,0.080939,-176.44536458245318,148.61168904072173,-27.833675541731452,6
59,rollout,21.3907012939,22.3836517334,21.592608955194393,22.512798448977165,21.3786019878,21.57362867719882,0.1950266893988193,22.0583061164,22.160071398506343,0.10176528210634217,16.0,22.0,24.0,14.6,58.55607957,50.0,588.7133238663804,22.0,13.49437046025501,0.11292546776998985,-233.97732154408922,0.0,-233.97732154408922,6
60,rollout,21.3786010742,22.0583057404,21.57362867719882,22.160071398506343,21.3622152944,21.545160406948543,0.18294511254854484,21.9678144113,22.018334734602256,0.050520323302254866,16.0,22.0,24.0,15.8,23.925,50.0,739.9018828151885,22.0,15.067115782378904,0.11665343475479187,-235.4072985866792,0.0,-235.4072985866792,6
61,rollout,21.3622169495,21.9678153992,21.545160406948543,22.018334734602256,21.3942332826,21.553681133670565,0.15944785107056703,22.0885189168,22.106310659898366,0.01779174309836762,16.0,22.0,24.0,17.0,119.0683878,50.0,873.5931272883391,22.0,18.41639865975002,0.1245924289542727,-254.55762611317607,0.0,-254.55762611317607,6
62,rollout,21.3942337036,22.08852005,21.553681133670565,22.106310659898366,21.4532079032,21.584675235748886,0.13146733254888687,22.0944315282,22.093037541482218,-0.0013939867177832355,16.0,22.0,24.0,18.4,118.3605563,50.0,1057.2833704478714,22.0,22.010268646264123,0.13311118178025633,-271.56682504573365,0.0,-271.56682504573365,6
63,rollout,21.4532089233,22.0944328308,21.584675235748886,22.093037541482218,21.5662584258,21.661125522461962,0.09486709666196091,22.3741699101,22.3565115369298,-0.01765837317019958,16.0,22.0,24.0,19.8,165.0533408,180.0,1525.2109409777822,22.0,33.67219104020969,0.16075409449624628,-341.73131670192123,0.0,-341.73131670192123,6
64,rollout,21.5662574768,22.374168396,21.661125522461962,22.3565115369298,21.7474337469,21.803238869719014,0.055805122819013064,22.8580227503,22.906108817994472,0.0480860676944701,12.8000001907,24.0,24.0,21.0,209.380991,180.0,0.0,24.0,0.0,0.080939,-272.81574026483923,112.83844582956881,-159.97729443527044,6
65,rollout,21.7474327087,22.8580226898,21.803238869719014,22.906108817994472,21.978268402,21.99520546898313,0.0169370669831288,23.0955991112,23.141340709071592,0.0457415978715936,12.8000001907,24.0,24.0,22.2,297.120158,180.0,0.0,24.0,0.0,0.080939,-279.5206476361601,88.08575086317774,-191.43489677298237,6
66,rollout,21.9782676697,23.0956001282,21.99520546898313,23.141340709071592,22.2206330233,22.20069621098091,-0.01993681231908795,23.2544839317,23.283661286758598,0.029177355058596532,12.8000001907,24.0,24.0,23.2,323.3944953,180.0,0.0,24.0,0.0,0.080939,-283.476058391115,73.48344982275457,-209.99260856836042,6
67,rollout,22.2206325531,23.2544841766,22.20069621098091,23.283661286758598,22.4802164923,22.423492560457202,-0.05672393184279656,23.4699794662,23.47948698735032,0.00950752115031861,12.8000001907,24.0,24.0,24.1,393.4954187,180.0,0.0,24.0,0.0,0.080939,-288.6842132526216,54.25635815911498,-234.4278550935066,6
68,rollout,22.48021698,23.4699783325,22.423492560457202,23.47948698735032,22.7446594473,22.653169563735545,-0.09148988356445287,23.6369118961,23.627907510331116,-0.009004385768882628,12.8000001907,24.0,24.0,25.0,418.1074349,180.0,0.0,24.0,0.0,0.080939,-292.7557668881149,39.225289182719436,-253.53047770539547,6
69,rollout,22.7446594238,23.6369113922,22.653169563735545,23.627907510331116,23.0266619433,22.900180939192957,-0.12648100410704188,23.8740828164,23.845789485866923,-0.02829333053307792,12.8000001907,24.0,24.0,25.9,496.9062356,180.0,0.0,24.0,0.0,0.080939,-298.54053850242747,17.86948524845755,-280.67105325396994,6
70,rollout,23.0266609192,23.8740844727,22.900180939192957,23.845789485866923,23.229525505,23.087433128383825,-0.14209237661617635,23.0667867058,23.0403573184345,-0.026429387365499935,12.8000001907,22.0,24.0,26.6,508.5705081,180.0,2688.508243379061,22.0,64.16820536242983,0.23304051809072718,-807.6220340355784,0.0,-807.6220340355784,6
71,rollout,23.2295246124,23.0667877197,23.087433128383825,23.0403573184345,23.3477080966,23.20395450608867,-0.14375359051133074,22.6899113505,22.638413584294078,-0.05149776620592306,12.8000001907,22.0,24.0,27.3,585.9484111,180.0,4250.050051804518,22.0,91.2857107523279,0.2973186713184924,-984.9071557558017,0.0,-984.9071557558017,6
72,rollout,23.3477096558,22.6899108887,23.20395450608867,22.638413584294078,23.427292018,23.28525038114055,-0.14204163685944948,22.5924134496,22.487983911874316,-0.10442953772568231,12.8000001907,22.0,24.0,27.8,626.0118392,180.0,4770.207758975176,22.0,99.84722253127961,0.3176125058020206,-1030.3824683368537,0.0,-1030.3824683368537,6
73,rollout,23.4272918701,22.592414856,23.28525038114055,22.487983911874316,23.6212533893,23.455303910646276,-0.1659494786537259,23.5852712181,23.51257582278486,-0.07269539531514013,16.7433452606,21.0998268127,24.0,28.3,624.281796,180.0,3843.684923239434,21.0998268127,99.01612759694338,0.3156425145816636,-720.0877323432492,0.0,-720.0877323432492,6
74,rollout,23.6212539673,23.585269928,23.455303910646276,23.51257582278486,23.7996640605,23.61980930841214,-0.17985475208785928,23.5607298796,23.461475503545664,-0.09925437605433629,16.7433452606,21.0998268127,24.0,28.5,616.1062069,180.0,3843.684923239434,21.0998268127,100.0,0.31797464285714283,-714.1901966996032,0.0,-714.1901966996032,6
75,rollout,23.7996635437,23.5607299805,23.61980930841214,23.461475503545664,23.9478147111,23.75832007669494,-0.18949463440506165,23.5787690001,23.465583129702008,-0.11318587039799155,16.7433452606,21.0998268127,24.0,28.7,571.0052776,180.0,3843.684923239434,21.0998268127,100.0,0.31797464285714283,-714.4825720966807,0.0,-714.4825720966807,6
76,rollout,23.9478149414,23.5787696838,23.75832007669494,23.465583129702008,24.0861613864,23.888776942639634,-0.19738444376036668,23.6750944595,23.553199337696583,-0.12189512180341566,16.7433452606,21.0998268127,24.0,28.7,591.8202484,180.0,3843.684923239434,21.0998268127,100.0,0.31797464285714283,-723.3965606426354,0.0,-723.3965606426354,6
77,rollout,24.0861625671,23.6750946045,23.888776942639634,23.553199337696583,24.1828231465,23.984395335358247,-0.19842781114175168,23.5911628698,23.465202740163196,-0.12596012963680536,16.7433452606,21.0998268127,24.0,28.8,478.3471966,180.0,3843.684923239434,21.0998268127,100.0,0.31797464285714283,-715.209957856529,0.0,-715.209957856529,6
78,rollout,24.1828231812,23.5911636353,23.984395335358247,23.465202740163196,24.2508947341,24.055080299986784,-0.19581443411321686,23.5538644096,23.422296822937128,-0.1315675866628716,16.7433452606,21.0998268127,24.0,28.9,423.6056223,180.0,3843.684923239434,21.0998268127,100.0,0.31797464285714283,-710.548481822729,0.0,-710.548481822729,6
79,rollout,24.2508945465,23.5538635254,24.055080299986784,23.422296822937128,24.2290118271,24.051660181834823,-0.17735164526517622,22.914881272,22.799595246310982,-0.11528602568901647,14.5,20.0,24.0,28.9,216.3686579,180.0,3033.304613951245,20.0,100.0,0.31797464285714283,-890.8011046621035,0.0,-890.8011046621035,6
80,rollout,24.2290115356,22.9148807526,24.051660181834823,22.799595246310982,24.1576363583,24.001440813212522,-0.15619554508747768,22.8060737283,22.66244446591148,-0.1436292623885187,14.5,20.0,24.0,28.8,227.3332997,180.0,3033.304613951245,20.0,100.0,0.31797464285714283,-869.6708323886613,0.0,-869.6708323886613,6
81,rollout,24.1576347351,22.8060741425,24.001440813212522,22.66244446591148,24.0552352907,23.921322940311725,-0.13391235038827531,22.6215591615,22.483328916054543,-0.13823024544545603,14.5,20.0,24.0,28.6,122.8774965,180.0,3815.074495552344,20.0,100.0,0.31797464285714283,-851.0354252754449,0.0,-851.0354252754449,6
82,rollout,24.0552368164,22.6215591431,23.921322940311725,22.483328916054543,23.9518187623,23.837888859087364,-0.11392990321263596,22.5680071668,22.43684171651478,-0.13116545028521998,14.5,20.0,24.0,28.3,129.819488,180.0,3815.074495552344,20.0,100.0,0.31797464285714283,-845.3676898184538,0.0,-845.3676898184538,6
83,rollout,23.9518203735,22.5680065155,23.837888859087364,22.43684171651478,23.8032867591,23.715615486678914,-0.08767127242108685,22.1568399157,22.03529186693235,-0.12154804876765013,14.5,20.0,24.0,28.0,44.385,50.0,3815.074495552344,20.0,100.0,0.31797464285714283,-804.8246568605167,0.0,-804.8246568605167,6
84,rollout,23.8032875061,22.1568393707,23.715615486678914,22.03529186693235,23.7894659385,23.697839759607568,-0.09162617889243307,23.4194553068,23.31287046217523,-0.10658484462476991,12.8000001907,24.0,24.0,28.0,52.59964202,50.0,0.0,24.0,0.0,0.080939,-283.13094721857675,74.75750643685046,-208.3734407817263,6
85,rollout,23.7894668579,23.4194564819,23.697839759607568,23.31287046217523,23.8037238176,23.711561136641528,-0.09216268095847369,23.4552768309,23.387013096182308,-0.06826373471769287,12.8000001907,24.0,24.0,26.9,21.12,50.0,0.0,24.0,0.0,0.080939,-286.6589395961312,61.73311783173929,-224.92582176439188,6
86,rollout,23.8037223816,23.4552764893,23.711561136641528,23.387013096182308,23.7953578928,23.708764206253953,-0.08659368654604549,23.4427483777,23.380727207188514,-0.06202117051148548,12.8000001907,24.0,24.0,25.9,10.065,50.0,0.0,24.0,0.0,0.080939,-286.6188313588236,61.88118653854353,-224.73764482028008,6
87,rollout,23.7953567505,23.4427490234,23.708764206253953,23.380727207188514,23.7684449899,23.690751777047826,-0.07769321285217501,23.4340305124,23.376613808012312,-0.057416704387687645,12.8000001907,24.0,24.0,24.9,11.96649567,50.0,0.0,24.0,0.0,0.080939,-286.5279449100392,62.21671459564426,-224.31123031439495,6
88,rollout,23.7684440613,23.4340305328,23.690751777047826,23.376613808012312,23.7232522248,23.657293441757105,-0.06595878304289471,23.3998612265,23.348651257027225,-0.051209969472775896,12.8000001907,24.0,24.0,24.0,0.0,50.0,0.0,24.0,0.0,0.080939,-285.8253012638051,64.81068389038782,-221.01461737341728,6
89,rollout,23.7232513428,23.3998603821,23.657293441757105,23.348651257027225,23.6660590195,23.6133365183992,-0.052722501100799235,23.3723975874,23.32816350665852,-0.04423408074147872,12.8000001907,24.0,24.0,23.2,0.0,50.0,0.0,24.0,0.0,0.080939,-285.2767208327727,66.83589368403204,-218.44082714874065,6
90,rollout,23.6660575867,23.3723983765,23.6133365183992,23.32816350665852,23.615803238,23.574084336973495,-0.04171890102650622,23.4377032242,23.401335675576817,-0.0363675486231827,16.0577697754,23.6413230896,24.0,22.8,0.0,50.0,0.0,23.6413230896,0.0,0.080939,-198.88440735516107,24.128175666774965,-174.7562316883861,6
91,rollout,23.6158027649,23.437702179,23.574084336973495,23.401335675576817,23.5663927425,23.535493328105787,-0.030899414394212954,23.417868724,23.39054230297831,-0.027326421021690805,16.0577697754,23.6413230896,24.0,22.4,0.0,50.0,0.0,23.6413230896,0.0,0.080939,-198.70042852068107,24.807375500263262,-173.89305302041782,6
92,rollout,23.5663909912,23.4178695679,23.535493328105787,23.39054230297831,23.4810094452,23.468034760735925,-0.012974684464076347,22.9664795659,22.954058282656423,-0.012421283243575942,15.0486869812,22.5499286652,24.0,22.1,0.0,50.0,1146.8599137026988,22.5499286652,27.07180045749194,0.14510881624741895,-386.5933212817557,0.0,-386.5933212817557,6
93,rollout,23.481010437,22.9664802551,23.468034760735925,22.954058282656423,23.358413555,23.367476129599005,0.009062574599006723,22.7317099985,22.718760923997266,-0.012949074502735414,15.0486869812,22.5499286652,24.0,21.8,0.0,50.0,1677.0664901044515,22.5499286652,35.330920506205565,0.16468587454923045,-424.3892096864875,0.0,-424.3892096864875,6
94,rollout,23.3584136963,22.731710434,23.367476129599005,22.718760923997266,23.2812627639,23.299556048915175,0.018293285015175798,23.1549874482,23.137530550102653,-0.01745689809734685,12.8000001907,24.0,24.0,21.6,0.0,50.0,0.0,24.0,0.0,0.080939,-279.5774037743566,87.87622263281669,-191.7011811415399,6
95,rollout,23.2812633514,23.1549873352,23.299556048915175,23.137530550102653,23.2280290396,23.25299599746599,0.0249669578659919,23.1505387635,23.150564085986133,2.5322486134626843e-05,12.8000001907,24.0,24.0,21.4,0.0,50.0,0.0,24.0,0.0,0.080939,-280.42630239351377,84.74231974442397,-195.68398264908978,6
96,rollout,23.2280292511,23.1505393982,23.25299599746599,23.150564085986133,23.178674585,23.209935642094198,0.03126105709419846,23.126400274,23.132165324139912,0.005765050139910244,12.8000001907,24.0,24.0,21.3,0.0,50.0,0.0,24.0,0.0,0.080939,-279.9635046424763,86.45084320763559,-193.51266143484074,6
97,rollout,23.1786746979,23.1263999939,23.209935642094198,23.132165324139912,23.1318729911,23.168691175775674,0.036818184675674104,23.1025327601,23.112055824319988,0.009523064219987276,12.8000001907,24.0,24.0,21.2,0.0,50.0,0.0,24.0,0.0,0.080939,-279.41822721873746,88.46385919643183,-190.95436802230563,6
98,rollout,23.1318740845,23.1025333405,23.168691175775674,23.112055824319988,23.1069457961,23.144718459793896,0.037772663693896646,23.2380675749,23.251223015216432,0.013155440316431566,16.0,24.0,24.0,21.3,0.0,50.0,0.0,24.0,0.0,0.080939,-196.27360886896176,75.41120238786228,-120.86240648109948,6
99,rollout,23.1069450378,23.238067627,23.144718459793896,23.251223015216432,23.0909473963,23.129022016033698,0.03807461973369897,23.2369736894,23.255296994969285,0.018323305569285964,16.0,24.0,24.0,21.3,0.0,50.0,0.0,24.0,0.0,0.080939,-196.54727310662682,74.40090843106475,-122.14636467556207,6
100,rollout,23.0909461975,23.2369728088,23.129022016033698,23.255296994969285,23.0728162991,23.111884506140633,0.039068207040632075,23.2285992418,23.24825868229229,0.01965944049228696,16.0,24.0,24.0,21.1,0.0,50.0,0.0,24.0,0.0,0.080939,-196.3733140022747,75.0431181452619,-121.3301958570128,6
101,rollout,23.0728168488,23.2285995483,23.111884506140633,23.24825868229229,23.0524678959,23.092970082165575,0.04050218626557367,23.2187749015,23.23950972702681,0.02073482552680872,16.0,24.0,24.0,20.9,0.0,50.0,0.0,24.0,0.0,0.080939,-196.14128359650033,75.89971131485989,-120.24157228164044,6
102,rollout,23.0524673462,23.2187747955,23.092970082165575,23.23950972702681,23.0242437894,23.067674009441614,0.04343022004161412,23.2058730392,23.228405665636522,0.022532626436522207,16.0,24.0,24.0,20.4,0.0,50.0,0.0,24.0,0.0,0.080939,-195.85337018912065,76.96260933192818,-118.89076085719248,6
103,rollout,23.0242424011,23.205871582,23.067674009441614,23.228405665636522,22.9888971763,23.036513672076758,0.04761649577675797,23.1893250767,23.21443025509223,0.025105178392227145,16.0,24.0,24.0,19.9,0.0,50.0,0.0,24.0,0.0,0.080939,-195.48755696526962,78.31309229063201,-117.1744646746376,6
104,rollout,22.9888954163,23.1893253326,23.036513672076758,23.21443025509223,22.9101422402,22.970242832153325,0.06010059195332573,22.7597918986,22.78376649553831,0.02397459693830939,15.9101200104,22.4286346436,24.0,19.3,0.0,50.0,1037.7436554989854,22.4286346436,24.394348997406198,0.13876230196681677,-321.4934026265911,0.0,-321.4934026265911,6
105,rollout,22.9101409912,22.7597923279,22.970242832153325,22.78376649553831,22.7919349183,22.867772016685592,0.07583709838559116,22.5703910197,22.578772448087154,0.008381428387153278,15.9101200104,22.4286346436,24.0,18.6,0.0,50.0,1504.9259463760918,22.4286346436,31.685521030025853,0.15604497846615697,-349.6254109995674,0.0,-349.6254109995674,6
106,rollout,22.791934967,22.5703907013,22.867772016685592,22.578772448087154,22.6707881025,22.759904087062125,0.08911598456212388,22.4589675826,22.465333513200754,0.00636593060075441,15.9101200104,22.4286346436,24.0,18.5,2.145,50.0,1682.1030215841563,22.4286346436,34.10977830258461,0.16179133227667764,-355.7664778147247,0.0,-355.7664778147247,6
107,rollout,22.6707878113,22.4589672089,22.759904087062125,22.465333513200754,22.568666316,22.666555029089505,0.0978887130895032,22.4558622476,22.464839997166514,0.008977749566515314,15.9101200104,22.4286346436,24.0,18.3,59.83794549,50.0,1768.3828543650275,22.4286346436,35.76121735668379,0.16570583145495554,-363.9172106978147,0.0,-363.9172106978147,6
108,rollout,22.5686664581,22.4558620453,22.666555029089505,22.464839997166514,22.4561369921,22.56605279733773,0.10991580523772981,22.0864486993,22.12276144356724,0.03631274426723863,17.7000007629,18.0,24.0,18.9,24.255,50.0,2667.9882206271363,18.0,100.0,0.31797464285714283,-474.00128395213414,0.0,-474.00128395213414,6
109,rollout,22.4561367035,22.0864486694,22.56605279733773,22.12276144356724,22.3685507954,22.48498415659138,0.1164333611913797,22.1192300909,22.15075944154521,0.0315293506452079,17.7000007629,18.0,24.0,19.4,115.4087307,50.0,2667.9882206271363,18.0,100.0,0.31797464285714283,-473.97063747330566,0.0,-473.97063747330566,6
110,rollout,22.3685512543,22.1192302704,22.48498415659138,22.15075944154521,22.2940766042,22.413639504297834,0.11956290009783288,22.0138939964,22.04936161781945,0.03546762141944981,17.7000007629,18.0,24.0,20.3,60.47298408,50.0,2667.9882206271363,18.0,100.0,0.31797464285714283,-463.83203220212835,0.0,-463.83203220212835,6
111,rollout,22.2940750122,22.0138950348,22.413639504297834,22.04936161781945,22.3365052835,22.43702955657017,0.10052427307017098,22.7220607036,22.75878669591577,0.03672599231576967,14.5,22.0,24.0,21.1,172.3152619,180.0,926.4400931319176,22.0,25.352584156348115,0.14103366083589788,-389.78087868401417,0.0,-389.78087868401417,6
112,rollout,22.3365058899,22.7220611572,22.43702955657017,22.75878669591577,22.3774204823,22.464007104752778,0.08658662245277782,22.4607969817,22.491540205335152,0.03074322363515236,14.5,22.0,24.0,21.7,122.2668529,180.0,2093.3895546073527,22.0,46.6798782449964,0.1915869494829588,-515.1654961893963,0.0,-515.1654961893963,6
113,rollout,22.3774204254,22.4607963562,22.464007104752778,22.491540205335152,22.4522373241,22.51923498000386,0.06699765590385809,22.5171239354,22.520344741006845,0.0032208056068441238,14.5,22.0,24.0,22.4,330.8368044,180.0,3082.868579862076,22.0,66.56808827786763,0.23872909598715392,-642.8033745436884,0.0,-642.8033745436884,6
114,rollout,22.4522380829,22.517124176,22.51923498000386,22.520344741006845,22.5082124757,22.559841771467187,0.051629295767188665,22.3557528333,22.345080103274483,-0.010672730025515165,14.5,22.0,24.0,22.9,326.0023189,180.0,3883.591994370001,22.0,81.01557497325628,0.27297478895226857,-719.1076980809868,0.0,-719.1076980809868,6
115,rollout,22.5082130432,22.3557529449,22.559841771467187,22.345080103274483,22.6164345362,22.64755155607173,0.031117019871729212,22.4682275153,22.486479644813063,0.018252129513061988,14.5,20.0,24.0,23.3,509.5403113,180.0,3110.0247755290525,20.0,100.0,0.31797464285714283,-856.7179617720071,0.0,-856.7179617720071,6
116,rollout,22.6164340973,22.4682273865,22.64755155607173,22.486479644813063,22.6960349829,22.71529155985559,0.019256576955591242,22.4381362478,22.429988782492003,-0.008147465307995816,14.5,20.0,24.0,23.7,540.764517,180.0,3855.9686689729715,20.0,100.0,0.31797464285714283,-843.7877201896798,0.0,-843.7877201896798,6
117,rollout,22.6960353851,22.4381370544,22.71529155985559,22.429988782492003,22.8044256194,22.806917815202514,0.002492195802513919,22.6229419285,22.60240970744596,-0.02053222105404018,14.5,20.0,24.0,24.1,650.159358,180.0,3855.9686689729715,20.0,100.0,0.31797464285714283,-860.7154874937017,0.0,-860.7154874937017,6
118,rollout,22.8044242859,22.6229419708,22.806917815202514,22.60240970744596,22.9235664688,22.909243706614472,-0.014322762185528859,22.7284389884,22.701813040402804,-0.02662594799719642,14.5,20.0,24.0,24.4,679.3646442,180.0,3855.9686689729715,20.0,100.0,0.31797464285714283,-871.6294855767674,0.0,-871.6294855767674,6
119,rollout,22.9235668182,22.7284393311,22.909243706614472,22.701813040402804,23.0583368612,23.026768584828098,-0.03156827637190318,22.7805613593,22.751835068821165,-0.028726290478832794,13.9463033676,18.4664211273,24.0,24.8,729.5834909,180.0,2589.6531495552554,18.4664211273,100.0,0.31797464285714283,-937.8669523345295,0.0,-937.8669523345295,6
120,rollout,23.0583362579,22.7805614471,23.026768584828098,22.751835068821165,23.1744284671,23.12997241227061,-0.0444560548293893,22.8310991016,22.786068720552485,-0.04503038104751411,13.9463033676,18.4664211273,24.0,25.0,739.3866602,180.0,2589.6531495552554,18.4664211273,100.0,0.31797464285714283,-939.8702616833912,0.0,-939.8702616833912,6
121,rollout,23.1744289398,22.8311004639,23.12997241227061,22.786068720552485,23.2830953099,23.22725567748877,-0.055839632411228024,22.8770197413,22.82300741400323,-0.05401232729677119,13.9463033676,18.4664211273,24.0,25.3,730.3185855,180.0,2589.6531495552554,18.4664211273,100.0,0.31797464285714283,-943.8223772439161,0.0,-943.8223772439161,6
122,rollout,23.2830963135,22.8770198822,23.22725567748877,22.82300741400323,23.3822547656,23.31710123908571,-0.0651535265142904,22.9149909517,22.853696545623567,-0.06129440607643133,13.9463033676,18.4664211273,24.0,25.5,718.6380214,180.0,2589.6531495552554,18.4664211273,100.0,0.31797464285714283,-947.1679067060444,0.0,-947.1679067060444,6
123,rollout,23.3822555542,22.9149913788,23.31710123908571,22.853696545623567,23.4561639984,23.3859653438107,-0.07019865458930141,22.8701845665,22.803017962889452,-0.06716660361054849,13.9463033676,18.4664211273,24.0,25.7,649.7882838,180.0,2589.6531495552554,18.4664211273,100.0,0.31797464285714283,-942.3500767810194,0.0,-942.3500767810194,6
124,rollout,23.4561634064,22.8701858521,23.3859653438107,22.803017962889452,23.5128943656,23.440099851924835,-0.07279451367516643,22.8590964299,22.78600719112123,-0.0730892387787705,13.9463033676,18.4664211273,24.0,25.8,619.4570317,180.0,2589.6531495552554,18.4664211273,100.0,0.31797464285714283,-940.4447469441155,0.0,-940.4447469441155,6
125,rollout,23.5128936768,22.8590965271,23.440099851924835,22.78600719112123,23.5696027297,23.493546265068606,-0.07605646463139593,22.9135049768,22.854683968965944,-0.058821007834055195,14.5,20.0,24.0,25.9,494.5346672,180.0,3592.8455501545973,20.0,100.0,0.31797464285714283,-893.8871056191786,0.0,-893.8871056191786,6
126,rollout,23.5696029663,22.9135055542,23.493546265068606,22.854683968965944,23.5732621921,23.503029721159756,-0.07023247094024399,22.7712397945,22.6968533203687,-0.07438647413130184,14.5,20.0,24.0,25.8,434.2262578,180.0,3592.8455501545973,20.0,100.0,0.31797464285714283,-873.0817725212107,0.0,-873.0817725212107,6
127,rollout,23.573261261,22.7712402344,23.503029721159756,22.6968533203687,23.5226239728,23.46451867541363,-0.05810529738637271,22.546266301,22.469306485753933,-0.07695981524606665,14.5,20.0,24.0,25.7,276.8261154,180.0,3592.8455501545973,20.0,100.0,0.31797464285714283,-849.5432363642404,0.0,-849.5432363642404,6
128,rollout,23.5226249695,22.5462665558,23.46451867541363,22.469306485753933,23.4389718052,23.396106543279032,-0.04286526192096929,22.4147163653,22.33820228735001,-0.07651407794998732,14.5,20.0,24.0,25.2,212.85395,180.0,3592.8455501545973,20.0,100.0,0.31797464285714283,-835.2442282737061,0.0,-835.2442282737061,6
129,rollout,23.4389724731,22.4147167206,23.396106543279032,22.33820228735001,23.4747688174,23.420441177520043,-0.0543276398799577,23.7506753657,23.6902603426668,-0.06041502303320101,16.0,24.0,24.0,24.7,128.9326669,180.0,0.0,24.0,0.0,0.080939,-206.51154853244142,37.61551282198177,-168.89603571045967,6
130,rollout,23.4747695923,23.7506752014,23.420441177520043,23.6902603426668,23.5364368028,23.475379581297084,-0.06105722150291726,23.8054717776,23.781233637038866,-0.024238140561134713,16.0,24.0,24.0,23.7,90.98752998,180.0,0.0,24.0,0.0,0.080939,-210.57192825790668,22.62569488324999,-187.94623337465669,6
131,rollout,23.5364379883,23.8054714203,23.475379581297084,23.781233637038866,23.5427173187,23.48758160476818,-0.055135713931818486,23.549386651,23.52683515568756,-0.022551495312438163,16.0,24.0,24.0,22.8,56.595,50.0,0.0,24.0,0.0,0.080939,-204.19651963523253,46.16197005957119,-158.03454957566134,6
132,rollout,23.54271698,23.5493850708,23.48758160476818,23.52683515568756,23.5321838441,23.48383377799349,-0.04835006610651149,23.5125473791,23.485249017255697,-0.02729836184430212,16.0,24.0,24.0,22.8,40.59,50.0,0.0,24.0,0.0,0.080939,-202.81726165457886,51.25381550714749,-151.56344614743136,6
133,rollout,23.5321846008,23.5125465393,23.48383377799349,23.485249017255697,23.3876518343,23.37150271540005,-0.016149118899949855,22.6091267731,22.58540958205376,-0.02371719104624148,17.7000007629,18.0,24.0,20.4,25.245,50.0,1645.5747051767091,18.0,100.0,0.31797464285714283,-525.9440189434476,0.0,-525.9440189434476,6
134,rollout,23.3876533508,22.6091270447,23.37150271540005,22.58540958205376,23.1863638953,23.205090522714958,0.018726627414956454,22.4376819304,22.404833429071203,-0.032848501328796686,17.7000007629,18.0,24.0,19.2,11.88,50.0,2978.896866679608,18.0,100.0,0.31797464285714283,-502.71815483860985,0.0,-502.71815483860985,6
135,rollout,23.1863632202,22.4376811981,23.205090522714958,22.404833429071203,22.9792985335,23.03026630788518,0.05096777438518174,22.3307921233,22.312518346243948,-0.018273777056052154,17.7000007629,18.0,24.0,18.1,15.52479867,50.0,2978.896866679608,18.0,100.0,0.31797464285714283,-492.41755797386946,0.0,-492.41755797386946,6
136,rollout,22.9792976379,22.3307914734,23.03026630788518,22.312518346243948,22.7762045415,22.85651967742749,0.08031513592748851,22.2044751885,22.20426365300684,-0.00021153549315755527,17.7000007629,18.0,24.0,17.6,0.0,50.0,2978.896866679608,18.0,100.0,0.31797464285714283,-480.97859220608393,0.0,-480.97859220608393,6
137,rollout,22.7762031555,22.2044754028,22.85651967742749,22.20426365300684,22.4999909523,22.62267865861127,0.12268770631127168,21.2888687493,21.30199721926665,0.013128469966648737,13.6181669235,18.1816959381,24.0,17.1,0.0,50.0,2978.896866679608,18.1816959381,100.0,0.31797464285714283,-824.0637461848676,0.0,-824.0637461848676,6
138,rollout,22.4999904633,21.2888679504,22.62267865861127,21.30199721926665,22.20398178,22.364935321685273,0.16095354168527365,21.0877565128,21.099287078540574,0.011530565740574872,13.6181669235,18.1816959381,24.0,16.7,0.0,50.0,2978.896866679608,18.1816959381,100.0,0.31797464285714283,-798.7940093336599,0.0,-798.7940093336599,6
139,rollout,22.2039833069,21.0877571106,22.364935321685273,21.099287078540574,21.9239740935,22.116702893369375,0.19272879986937497,20.935800982,20.964901098316847,0.02910011631684739,13.6181669235,18.1816959381,24.0,16.3,0.0,50.0,2978.896866679608,18.1816959381,100.0,0.31797464285714283,-784.0597719445926,0.0,-784.0597719445926,6
140,rollout,21.9239730835,20.9358005524,22.116702893369375,20.964901098316847,21.6605434727,21.880113796037914,0.2195703233379156,20.7961830082,20.843043447043602,0.046860438843602026,13.6181669235,18.1816959381,24.0,15.9,0.0,50.0,3783.0273293650116,18.1816959381,99.78446046786235,0.31746373734152905,-769.6315443849047,0.0,-769.6315443849047,6
141,rollout,21.6605434418,20.7961826324,21.880113796037914,20.843043447043602,21.492529249,21.718743575342238,0.22621432634223737,21.4734414936,21.539643988039586,0.0662024944395867,17.7000007629,18.0,24.0,15.5,0.0,50.0,3783.0273293650116,18.0,100.0,0.31797464285714283,-405.75450464585674,0.0,-405.75450464585674,6
142,rollout,21.4925289154,21.4734420776,21.718743575342238,21.539643988039586,21.3674144657,21.597609152930136,0.23019468723013503,21.4503019852,21.547174027400466,0.09687204220046652,17.7000007629,18.0,24.0,15.1,0.0,50.0,3783.0273293650116,18.0,100.0,0.31797464285714283,-410.096756781076,0.0,-410.096756781076,6
143,rollout,21.3674144745,21.450302124,21.597609152930136,21.547174027400466,21.2474715631,21.482192101339006,0.23472053823900652,21.3895239017,21.494506500713822,0.10498259901382312,17.7000007629,18.0,24.0,14.7,0.0,50.0,3783.0273293650116,18.0,100.0,0.31797464285714283,-404.78801349575457,0.0,-404.78801349575457,6
144,rollout,21.2474708557,21.3895244598,21.482192101339006,21.494506500713822,21.132298023,21.370833162977867,0.23853513997786635,21.3286921335,21.438009405944705,0.1093172724447058,17.7000007629,18.0,24.0,14.4,0.0,50.0,3783.0273293650116,18.0,100.0,0.31797464285714283,-398.7721254117106,0.0,-398.7721254117106,6
145,rollout,21.1322975159,21.3286933899,21.370833162977867,21.438009405944705,21.0213565706,21.262971552969027,0.241614982369029,21.2699975724,21.382809366758462,0.11281179435846056,17.7000007629,18.0,24.0,14.1,0.0,50.0,3783.0273293650116,18.0,100.0,0.31797464285714283,-392.86951527442795,0.0,-392.86951527442795,6
146,rollout,21.0213565826,21.2699966431,21.262971552969027,21.382809366758462,21.0231254602,21.246364100682698,0.22323864048269826,22.3397181832,22.471736583742363,0.13201840054236413,16.0,26.0,24.0,13.9,0.0,50.0,0.0,26.0,0.0,0.080939,-173.37028442266583,300.0,126.62971557733417,6
147,rollout,21.0231246948,22.339717865,21.246364100682698,22.471736583742363,21.0799693001,21.284494879300553,0.2045255792005527,22.4761999756,22.64737378606689,0.17117381046688962,16.0,26.0,24.0,13.7,0.0,50.0,0.0,26.0,0.0,0.080939,-179.68346868880883,300.0,120.31653131119117,6
148,rollout,21.0799694061,22.4762001038,21.284494879300553,22.64737378606689,21.1434850602,21.332311718732555,0.1888266585325553,22.6181238672,22.791077313191703,0.17295344599170193,17.7000007629,26.0,24.0,13.5,0.0,50.0,0.0,26.0,0.0,0.080939,-137.5689599599639,300.0,162.4310400400361,6
149,rollout,21.1434841156,22.6181240082,21.332311718732555,22.791077313191703,21.2040595437,21.37994804585006,0.1758885021500589,22.6671754285,22.8372911325711,0.170115704071101,17.7000007629,26.0,24.0,13.3,0.0,50.0,0.0,26.0,0.0,0.080939,-138.99657345168737,300.0,161.00342654831263,6
150,rollout,21.2040596008,22.667175293,21.37994804585006,22.8372911325711,21.2376303367,21.40705169284807,0.16942135614807086,22.5195699916,22.684307951896713,0.16473796029671206,14.5,26.0,24.0,13.0,0.0,50.0,0.0,26.0,0.0,0.080939,-221.92471594142572,300.0,78.07528405857428,6
151,rollout,21.2376289368,22.519569397,21.40705169284807,22.684307951896713,21.2535436293,21.418997994309454,0.16545436500945243,22.5155406447,22.669762186243226,0.15422154154322598,14.5,26.0,24.0,12.7,0.0,50.0,0.0,26.0,0.0,0.080939,-221.3059995194912,300.0,78.6940004805088,6
152,rollout,21.2535438538,22.5155410767,21.418997994309454,22.669762186243226,21.2616591229,21.42436576433338,0.1627066414333811,22.5209171113,22.671431096452277,0.15051398515227632,14.5,26.0,24.0,12.4,0.0,50.0,0.0,26.0,0.0,0.080939,-221.33265353738383,300.0,78.66734646261617,6
153,rollout,21.2616596222,22.5209178925,21.42436576433338,22.671431096452277,21.2613916839,21.423039840477877,0.16164815657787557,22.5227900763,22.672169583839093,0.14937950753909135,14.5,26.0,24.0,12.0,0.0,50.0,0.0,26.0,0.0,0.080939,-221.3651554392582,300.0,78.63484456074181,6
154,rollout,21.261390686,22.5227890015,21.423039840477877,22.672169583839093,21.2741074077,21.432331172471827,0.15822376477182587,22.4370724956,22.583768700666813,0.1466962050668137,12.8000001907,26.0,24.0,13.1,1.98,50.0,0.0,26.0,0.0,0.080939,-265.1627802796432,300.0,34.83721972035681,6
155,rollout,21.2741088867,22.4370727539,21.432331172471827,22.583768700666813,21.3186584948,21.4675010434372,0.14884254863719804,22.5349059633,22.67249084932703,0.13758488602702812,12.8000001907,26.0,24.0,14.1,63.894325,50.0,0.0,26.0,0.0,0.080939,-267.2053490770134,300.0,32.79465092298659,6
156,rollout,21.3186588287,22.5349063873,21.4675010434372,22.67249084932703,21.3739642129,21.51168644251755,0.13772222961755176,22.520216932,22.65279012890548,0.1325731969054793,12.8000001907,26.0,24.0,15.2,26.07,50.0,0.0,26.0,0.0,0.080939,-266.8523095190737,300.0,33.147690480926315,6
157,rollout,21.3739624023,22.5202178955,21.51168644251755,22.65279012890548,21.4172496638,21.545310782220135,0.1280611184201348,22.1246019095,22.201503588694578,0.07690167919457735,16.0,22.0,24.0,16.3,111.4428186,50.0,736.6337587428216,22.0,16.868772762362944,0.12092400395937761,-252.42053680308842,0.0,-252.42053680308842,6
158,rollout,21.4172496796,22.1246013641,21.545310782220135,22.201503588694578,21.4331127907,21.54928002346675,0.1161672327667489,22.0061273675,22.03175986087298,0.025632493372981457,16.0,22.0,24.0,17.2,57.915,50.0,929.6812879493763,22.0,18.985772256731615,0.12594204732013686,-254.72812300796122,0.0,-254.72812300796122,6
159,rollout,21.4331130981,22.0061264038,21.54928002346675,22.03175986087298,21.5127693371,21.602980487525233,0.0902111504252332,22.3603859489,22.36208305221546,0.0016971033154611348,16.0,22.0,24.0,18.1,169.0888447,180.0,1359.4956609671865,22.0,30.38458611693947,0.15296129903176964,-325.31724999888314,0.0,-325.31724999888314,6
160,rollout,21.5127696991,22.3603858948,21.602980487525233,22.36208305221546,21.5764429883,21.64543999887715,0.0689970105771529,22.1305508372,22.112679534320264,-0.017871302879736817,14.5,22.0,24.0,18.8,119.5705731,180.0,1765.2947040204772,22.0,36.48745937740479,0.1674272838974703,-427.59868900846953,0.0,-427.59868900846953,6
161,rollout,21.5764427185,22.1305503845,21.64543999887715,22.112679534320264,21.6861251812,21.72763863736266,0.041513456162658,22.3331932662,22.3037300151275,-0.029463251072499475,14.5,22.0,24.0,19.4,330.3370582,180.0,2197.9253483179778,22.0,46.700124539821815,0.19163494041805296,-500.54041449453086,0.0,-500.54041449453086,6
162,rollout,21.686126709,22.3331928253,21.72763863736266,22.3037300151275,21.8798382115,21.885014012668226,0.005175801168224581,23.198455828,23.221618645865952,0.02316281786595198,17.2520446777,23.59765625,24.0,20.0,324.7283306,180.0,0.0,23.59765625,0.0,0.080939,-160.2637017020032,42.911145869310374,-117.35255583269283,6
163,rollout,21.8798370361,23.1984558105,21.885014012668226,23.221618645865952,22.1551231081,22.120812219361927,-0.034310888738072975,23.5939774622,23.625879799096094,0.03190233689609201,17.2520446777,23.59765625,24.0,20.6,510.1311855,180.0,0.0,23.59765625,0.0,0.080939,-171.76295827668056,0.4590172163858597,-171.3039410602947,6
164,rollout,22.155122757,23.5939769745,22.120812219361927,23.625879799096094,22.4366643119,22.36707854836609,-0.06958576353390811,23.7763636603,23.792588821692778,0.01622516139277863,17.2520446777,23.59765625,24.0,21.2,538.3897064,180.0,201.67075874330428,23.59765625,5.634696191444334,0.09429523834043702,-205.86617566088893,0.0,-205.86617566088893,6
165,rollout,22.4366645813,23.7763633728,22.36707854836609,23.792588821692778,22.7330345398,22.628501934475267,-0.10453260532473152,23.9930336224,23.986379142190035,-0.006654480209963509,17.2520446777,23.59765625,24.0,21.8,648.0742248,180.0,755.3839436964207,23.59765625,18.519784549219366,0.12483749036199994,-280.95232161920626,0.0,-280.95232161920626,6
166,rollout,22.7330341339,23.9930343628,22.628501934475267,23.986379142190035,23.008916919,22.875956895280055,-0.13296002371994575,24.0357726295,24.012308107448053,-0.02346452205194538,16.6158790588,23.7351207733,24.0,22.3,673.4987,180.0,1232.054212786328,23.7351207733,27.11719308774146,0.14521641296034066,-359.3594273727105,0.0,-359.3594273727105,6
167,rollout,23.0089168549,24.0357723236,22.875956895280055,24.012308107448053,23.2680510204,23.112049387698356,-0.15600163270164558,24.1048965217,24.072037149685507,-0.032859372014492294,16.6158790588,23.7351207733,24.0,22.8,723.9465739,180.0,1801.386219783729,23.7351207733,39.06021598031251,0.1735256340503222,-433.0048752163069,0.0,-433.0048752163069,6
168,rollout,23.2680511475,24.1048965454,23.112049387698356,24.072037149685507,23.4959431937,23.325053123312404,-0.17089007038759618,24.0964380227,24.06171770883083,-0.03472031386916896,16.6158790588,23.7351207733,24.0,23.1,735.2223364,180.0,2408.8903455264863,23.7351207733,51.16287615283976,0.20221325239308754,-504.23355622520717,0.0,-504.23355622520717,6
169,rollout,23.4959449768,24.0964374542,23.325053123312404,24.06171770883083,23.7841416627,23.585130508970032,-0.1990111537299697,25.0398977229,24.97891630898051,-0.06098141391949241,16.0,26.0,24.0,23.5,726.2296871,180.0,0.0,26.0,0.0,0.080939,-241.62270005716354,107.99468803212804,-133.6280120250355,6
170,rollout,23.7841415405,25.0398979187,23.585130508970032,24.97891630898051,24.0830234667,23.859755569916803,-0.22326789678319514,25.2200396116,25.165028071864395,-0.05501153973560591,16.0,26.0,24.0,23.7,715.3576322,180.0,0.0,26.0,0.0,0.080939,-247.59424739379924,85.9493589149281,-161.64488847887114,6
171,rollout,24.0830230713,25.2200393677,23.859755569916803,25.165028071864395,24.3400040653,24.10178372095452,-0.238220344345482,25.2711930433,25.205267328526233,-0.06592571477376552,16.0,26.0,24.0,23.9,644.9089318,180.0,0.0,26.0,0.0,0.080939,-248.9243549680407,81.03896340394598,-167.8853915640947,6
172,rollout,24.3400039673,25.2711925507,24.10178372095452,25.205267328526233,24.5562026536,24.310461035933578,-0.24574161766642177,25.2739396425,25.196126893465152,-0.07781274903484814,14.5,26.0,24.0,24.0,614.8040202,180.0,0.0,26.0,0.0,0.080939,-289.423696389563,81.52640655125083,-207.8972898383122,6
173,rollout,24.5562019348,25.27394104,24.310461035933578,25.196126893465152,24.7143079675,24.46971322609401,-0.24459474140599013,25.2032974106,25.116878371715668,-0.08641903888433333,14.5,26.0,24.0,24.1,489.5666343,180.0,0.0,26.0,0.0,0.080939,-287.44429417854315,88.8338213195361,-198.61047285900705,6
174,rollout,24.714307785,25.2032966614,24.46971322609401,25.116878371715668,24.8352093925,24.596422032880152,-0.23878735961984887,25.1922007596,25.100153715389617,-0.09204704421038201,14.5,26.0,24.0,24.1,432.9948978,180.0,0.0,26.0,0.0,0.080939,-286.9597745996719,90.62253586499622,-196.33723873467568,6
175,rollout,24.8352088928,25.192199707,24.596422032880152,25.100153715389617,24.8964214728,24.671394891316044,-0.22502658148395582,25.0329266349,24.940442045902714,-0.09248458899728718,14.5,26.0,24.0,24.1,273.3120913,180.0,0.0,26.0,0.0,0.080939,-282.8993263240783,105.61260687216318,-177.2867194519151,6
176,rollout,24.8964214325,25.0329265594,24.671394891316044,24.940442045902714,24.922027727,24.714146053494915,-0.20788167350508502,24.9651006036,24.873015400421966,-0.09208520317803348,14.5,26.0,24.0,23.9,211.5331912,180.0,0.0,26.0,0.0,0.080939,-281.00214096834327,112.61649936530596,-168.3856416030373,6
177,rollout,24.9220275879,24.9650993347,24.714146053494915,24.873015400421966,24.913991086,24.726474456429653,-0.18751662957034654,24.8596589221,24.77293743992517,-0.08672148217483056,14.5,26.0,24.0,23.7,128.0335723,180.0,0.0,26.0,0.0,0.080939,-278.3805335570292,122.29476111899586,-156.08577243803333,6
178,rollout,24.9139900208,24.8596591949,24.726474456429653,24.77293743992517,24.8890313525,24.72226291455633,-0.16676843794367002,24.8691417229,24.790010237244278,-0.07913148565572214,16.0,26.0,24.0,23.2,90.46356319,180.0,0.0,26.0,0.0,0.080939,-238.08437498856253,121.05722212314873,-117.0271528654138,6
179,rollout,24.8890304565,24.869140625,24.72226291455633,24.790010237244278,24.8246229424,24.684481518646486,-0.14014142375351568,24.5765866145,24.507479985596394,-0.06910662890360442,16.0,26.0,24.0,22.7,57.42,50.0,0.0,26.0,0.0,0.080939,-230.87323334652194,147.6787963731308,-83.19443697339113,6
180,rollout,24.8246231079,24.5765857697,24.684481518646486,24.507479985596394,24.7497158305,24.634348179294893,-0.1153676512051085,24.5061680004,24.442214611822724,-0.06395338857727495,16.0,26.0,24.0,22.7,41.25,50.0,0.0,26.0,0.0,0.080939,-228.841235366668,155.18038041928577,-73.66085494738223,6
181,rollout,24.7497158051,24.5061683655,24.634348179294893,24.442214611822724,24.5123185819,24.451647419224606,-0.060671162675394186,23.2303975439,23.175454576231278,-0.05494296766872253,17.7000007629,18.0,24.0,20.4,25.08,50.0,1932.6643835468171,18.0,100.0,0.31797464285714283,-590.8443922373657,0.0,-590.8443922373657,6
182,rollout,24.5123176575,23.2303962708,24.451647419224606,23.175454576231278,24.2173920284,24.21028873224067,-0.00710329615932892,22.9922251734,22.928850972183646,-0.06337420121635517,17.7000007629,18.0,24.0,19.4,10.395,50.0,1932.6643835468171,18.0,100.0,0.31797464285714283,-559.2587562310785,0.0,-559.2587562310785,6
183,rollout,24.2173919678,22.992225647,24.21028873224067,22.928850972183646,23.9258127978,23.96626548714563,0.0404526893456314,22.8378953447,22.797784511012207,-0.04011083368779467,17.7000007629,18.0,24.0,18.4,13.5123849,50.0,1932.6643835468171,18.0,100.0,0.31797464285714283,-544.6926295670402,0.0,-544.6926295670402,6
184,rollout,23.9258117676,22.8378944397,23.96626548714563,22.797784511012207,23.6461004419,23.728746638974606,0.08264619707460596,22.672641306,22.658465084416658,-0.014176221583340975,17.7000007629,18.0,24.0,17.9,0.0,50.0,1932.6643835468171,18.0,100.0,0.31797464285714283,-529.8725389781379,0.0,-529.8725389781379,6
185,rollout,23.6460990906,22.6726417542,23.728746638974606,22.658465084416658,23.4971315293,23.59349905117192,0.09636752187192243,23.6913072976,23.70529388002166,0.013986582421658511,14.5,26.0,24.0,17.5,0.0,50.0,0.0,26.0,0.0,0.080939,-248.14918998612455,233.90066175164714,-14.24852823447742,6
186,rollout,23.4971313477,23.6913070679,23.59349905117192,23.70529388002166,23.4044723489,23.511017684671888,0.1065453357718873,23.6996718485,23.755887961046756,0.05621611254675685,14.5,26.0,24.0,17.1,0.0,50.0,0.0,26.0,0.0,0.080939,-250.780398999564,224.18695349356346,-26.593445506000535,6
187,rollout,23.4044723511,23.699672699,23.511017684671888,23.755887961046756,23.3148927269,23.432418810380916,0.11752608348091798,23.6573028261,23.72497902001096,0.06767619391095892,14.5,26.0,24.0,16.7,0.0,50.0,0.0,26.0,0.0,0.080939,-250.04338250851268,226.9078179854766,-23.135564523036066,6
188,rollout,23.3148918152,23.6573028564,23.432418810380916,23.72497902001096,23.2296508547,23.356975066075513,0.12732421137551242,23.613962386,23.688456890333587,0.07449450433358606,14.5,26.0,24.0,16.5,0.0,50.0,0.0,26.0,0.0,0.080939,-249.05655461662815,230.55091824613427,-18.505636370493875,6
189,rollout,23.2296524048,23.6139621735,23.356975066075513,23.688456890333587,23.1501620127,23.28570856624561,0.13554655354560907,23.5731091399,23.653157157370615,0.08004801747061308,14.5,26.0,24.0,16.4,0.0,50.0,0.0,26.0,0.0,0.080939,-248.0923624243302,234.11045365851172,-13.981908765818474,6
190,rollout,23.1501617432,23.5731086731,23.28570856624561,23.653157157370615,23.0758831248,23.218266989757073,0.1423838649570719,23.5349346585,23.619704881665914,0.08477022316591487,14.5,26.0,24.0,16.3,0.0,50.0,0.0,26.0,0.0,0.080939,-247.1779400204856,237.4862525442076,-9.69168747627802,6
191,rollout,23.0758838654,23.5349349976,23.218266989757073,23.619704881665914,22.9186961936,23.083466354110804,0.1647701605108054,22.4770435861,22.54773605099436,0.07069246489436054,16.3253688812,21.4567451477,24.0,16.2,0.0,50.0,2950.8208847023316,21.4567451477,69.91869008970079,0.24667121653141566,-523.6098814427748,0.0,-523.6098814427748,6
192,rollout,22.9186973572,22.4770431519,23.083466354110804,22.54773605099436,22.6915660834,22.881500213286937,0.18993412988693592,22.0315737993,22.057311474944537,0.025737675644538882,16.3253688812,21.4567451477,24.0,16.1,0.0,50.0,4501.581823756138,21.4567451477,95.99933411112171,0.30849163874887375,-598.2302349715867,0.0,-598.2302349715867,6
193,rollout,22.6915664673,22.0315742493,22.881500213286937,22.057311474944537,22.4507726571,22.664183132021936,0.2134104749219361,21.7734831388,21.8319911419841,0.05850800318410165,16.3253688812,21.4567451477,24.0,16.0,0.0,50.0,4801.301837515009,21.4567451477,99.61254021786546,0.31705622507174736,-586.7649811975554,0.0,-586.7649811975554,6
194,rollout,22.4507732391,21.7734832764,22.664183132021936,21.8319911419841,22.3359698934,22.548077850631213,0.21210795723121123,22.8094995176,22.88782512399075,0.07832560639075226,16.0,24.0,24.0,15.8,0.0,50.0,0.0,24.0,0.0,0.080939,-185.37715309150622,115.63795439756106,-69.73919869394516,6
195,rollout,22.3359699249,22.8094997406,22.548077850631213,22.88782512399075,22.2769607108,22.48525645620772,0.20829574540771745,22.8327413947,22.944923151867258,0.11218175716725654,16.0,24.0,24.0,15.6,0.0,50.0,0.0,24.0,0.0,0.080939,-188.14327663987387,105.42617835946686,-82.71709828040701,6
196,rollout,22.2769603729,22.8327407837,22.48525645620772,22.944923151867258,22.221785405,22.427827272022817,0.2060418670228188,22.807413379,22.92375101022285,0.11633763122285146,16.0,24.0,24.0,15.4,0.0,50.0,0.0,24.0,0.0,0.080939,-187.6634758324442,107.19747248378759,-80.4660033486566,6
197,rollout,22.221786499,22.8074131012,22.427827272022817,22.92375101022285,22.1678226447,22.37191924058695,0.20409659588695206,22.7802605926,22.896947128923607,0.1166865363236056,16.0,24.0,24.0,15.2,0.0,50.0,0.0,24.0,0.0,0.080939,-186.94242527195235,109.85939510117397,-77.08303017077837,6
198,rollout,22.1678237915,22.7802600861,22.37191924058695,22.896947128923607,22.1148516579,22.31714406709307,0.20229240919307045,22.7535032281,22.870205900932763,0.11670267283276203,16.0,24.0,24.0,15.0,0.0,50.0,0.0,24.0,0.0,0.080939,-186.2162486271205,112.5402418281734,-73.67600679894711,6
199,rollout,22.1148529053,22.7535037994,22.31714406709307,22.870205900932763,22.0627780757,22.26339470001756,0.20061662431756133,22.7272056973,22.843938706014512,0.11673300871451175,16.0,24.0,24.0,14.8,0.0,50.0,0.0,24.0,0.0,0.080939,-185.5025407839041,115.17505712984644,-70.32748365405766,6
200,rollout,22.0627784729,22.7272071838,22.26339470001756,22.843938706014512,22.0173616704,22.215295720892378,0.19793405049237833,22.7033387385,22.81959234199101,0.11625360349101044,16.0,24.0,24.0,14.9,0.0,50.0,0.0,24.0,0.0,0.080939,-184.83187659472443,117.65096696428401,-67.18090963044042,6
201,rollout,22.0173606873,22.703338623,22.215295720892378,22.81959234199101,21.968649712,22.164922310295072,0.19627259829507082,22.6083092196,22.72335158296101,0.11504236336100959,14.5,24.0,24.0,14.9,0.0,50.0,0.0,24.0,0.0,0.080939,-222.95349245558845,126.91632638355834,-96.0371660720301,6
202,rollout,21.9686508179,22.6083087921,22.164922310295072,22.72335158296101,21.9332783037,22.125078270167887,0.19179996646788666,22.5862713671,22.697746291459154,0.11147492435915396,14.5,24.0,24.0,15.5,1.485,50.0,0.0,24.0,0.0,0.080939,-222.15170261815942,129.87631645857755,-92.27538615958187,6
203,rollout,21.9332790375,22.586271286,22.125078270167887,22.697746291459154,21.9541076907,22.132660010613304,0.17855231991330456,22.966136247,23.0902430709889,0.1241068239888996,14.5,26.0,24.0,16.0,41.39498136,50.0,0.0,26.0,0.0,0.080939,-232.06290617110636,293.28684777400474,61.22394160289838,6
204,rollout,21.9541091919,22.9661369324,22.132660010613304,23.0902430709889,22.0112469471,22.172418411392332,0.16117146429233387,23.0381301686,23.15335129630605,0.1152211277060502,14.5,26.0,24.0,16.8,48.45134952,50.0,0.0,26.0,0.0,0.080939,-234.25510831000403,285.1938335317939,50.938725221789895,6
205,rollout,22.0112457275,23.0381317139,22.172418411392332,23.15335129630605,22.1032966275,22.24270895241003,0.13941232491002964,23.1860560965,23.291904795194295,0.10584869869429525,14.5,26.0,24.0,17.5,133.7924499,50.0,0.0,26.0,0.0,0.080939,-237.86299877785248,271.87448290141987,34.011484123567385,6
206,rollout,22.1032962799,23.1860561371,22.24270895241003,23.291904795194295,22.1993219093,22.317889384623854,0.1185674753238537,23.197316228,23.293907680653618,0.09659145265361957,14.5,26.0,24.0,18.4,99.4199223,50.0,0.0,26.0,0.0,0.080939,-238.08766141712195,271.04508952247954,32.95742810535759,6
207,rollout,22.1993217468,23.1973152161,22.317889384623854,23.293907680653618,22.3600818368,22.447809095174616,0.08772725837461692,23.639088845,23.72335375691082,0.08426491191082164,14.5,26.0,24.0,19.3,218.8266454,180.0,0.0,26.0,0.0,0.080939,-249.07931903731824,230.4668781945388,-18.61244084277945,6
208,rollout,22.360080719,23.639087677,22.447809095174616,23.72335375691082,22.4908202213,22.55787574374874,0.06705552244873658,23.271255056,23.3465757575542,0.07532070155419746,12.8000001907,24.0,24.0,20.3,195.5727283,180.0,0.0,24.0,0.0,0.080939,-286.0031606644003,64.15407534294246,-221.84908532145784,6
209,rollout,22.490819931,23.2712554932,22.55787574374874,23.3465757575542,22.6418762315,22.684191221208394,0.042314989708394535,23.4494592108,23.499483230188563,0.05002401938856238,12.8000001907,24.0,24.0,21.4,301.8317655,180.0,0.0,24.0,0.0,0.080939,-289.4299479527378,51.50330840979471,-237.92663954294306,6
210,rollout,22.6418762207,23.4494590759,22.684191221208394,23.499483230188563,22.7799720815,22.80202155674225,0.02204947524225176,23.0903114733,23.12256655483495,0.032255081534948715,16.0,22.0,24.0,22.5,334.0320003,180.0,2454.6094009161006,22.0,59.85959891477911,0.22282758509935396,-536.6553194906629,0.0,-536.6553194906629,6
211,rollout,22.7799720764,23.0903129578,22.80202155674225,23.12256655483495,22.8919401305,22.897285356930098,0.005345226430097938,22.8741962899,22.867323898770678,-0.0068723911293204765,16.0,22.0,24.0,23.5,437.9453062,180.0,4311.077891809075,22.0,94.48252155325284,0.3048962523513914,-705.8913719682033,0.0,-705.8913719682033,6
212,rollout,22.8919410706,22.8741950989,22.897285356930098,22.867323898770678,22.9923553237,22.983263410865792,-0.00909191283420796,22.8551277401,22.83843801633912,-0.01668972376088007,16.0,22.0,24.0,24.3,509.3134134,180.0,4571.275061440278,22.0,100.0,0.31797464285714283,-727.3721161184594,0.0,-727.3721161184594,6
213,rollout,22.9923553467,22.8551273346,22.983263410865792,22.83843801633912,23.2561557436,23.202381968801838,-0.05377377479816303,24.3317847148,24.311523197998525,-0.02026151680147592,17.7000007629,24.0,24.0,25.1,625.0572553,180.0,101.68585892580104,24.0,4.084443054788007,0.09062058585205067,-197.97483978647108,0.0,-197.97483978647108,6
214,rollout,23.2561569214,24.3317832947,23.202381968801838,24.311523197998525,23.5685352088,23.473692700698496,-0.09484250810150385,24.4775332555,24.48283508974637,0.005301834246370873,17.7000007629,24.0,24.0,25.8,637.7928161,180.0,853.8812647072164,24.0,21.387757872907017,0.13163560936677432,-298.6381294826955,0.0,-298.6381294826955,6
215,rollout,23.5685348511,24.4775333405,23.473692700698496,24.48283508974637,23.8390092824,23.7150456071543,-0.12396367524570095,24.4182922387,24.403882185714725,-0.014410052985276423,17.7000007629,24.0,24.0,26.5,598.4283241,180.0,1654.5092579951154,24.0,36.81117816429485,0.16819461280502448,-377.8938631964139,0.0,-377.8938631964139,6
216,rollout,23.8390083313,24.4182929993,23.7150456071543,24.403882185714725,24.0686100944,23.923927712951205,-0.14468238144879564,24.3951708143,24.3631899065029,-0.03198090779709872,17.7000007629,24.0,24.0,26.8,603.7678876,180.0,2351.63780778884,24.0,50.364626928951544,0.20032111721364196,-447.1760239432463,0.0,-447.1760239432463,6
217,rollout,24.068611145,24.3951702118,23.923927712951205,24.3631899065029,24.2163485706,24.067344071201678,-0.14900449939832328,23.6466270746,23.61359107627422,-0.033035998325782856,14.5,22.0,24.0,27.2,591.0822006,180.0,3762.74922655424,22.0,91.05437695116623,0.296770327755763,-919.2470793453682,0.0,-919.2470793453682,6
218,rollout,24.2163486481,23.6466255188,24.067344071201678,23.61359107627422,24.268978561,24.12819007950036,-0.14078848149964074,23.4056000584,23.306463332888555,-0.09913672551144614,14.5,22.0,24.0,27.3,635.2402779,180.0,4246.826549436506,22.0,100.0,0.31797464285714283,-938.481406059505,0.0,-938.481406059505,6
219,rollout,24.2689781189,23.4056015015,24.12819007950036,23.306463332888555,24.2863879403,24.154119112367184,-0.13226882793281547,23.3161295628,23.204650249923354,-0.11147931287664647,14.5,22.0,24.0,27.4,566.4009333,180.0,4246.826549436506,22.0,100.0,0.31797464285714283,-926.7110663976686,0.0,-926.7110663976686,6
220,rollout,24.2863883972,23.3161296844,24.154119112367184,23.204650249923354,24.4228426611,24.27298549112727,-0.14985716997273002,24.6811618599,24.596291945043127,-0.08486991485687412,15.1632871628,24.2618808746,24.0,27.2,505.1647633,180.0,131.9969972601857,24.2618808746,5.0424721289909655,0.092891456226846,-291.15290836624183,0.0,-291.15290836624183,6
221,rollout,24.4228420258,24.6811618805,24.27298549112727,24.596291945043127,24.5632485618,24.40805348969741,-0.15519507210258965,24.548673038,24.532299865877537,-0.016373172122463586,15.1632871628,24.2618808746,24.0,27.1,410.6284184,180.0,697.3230736527032,24.2618808746,16.51009903591934,0.12007381938614234,-377.0708608594643,0.0,-377.0708608594643,6
222,rollout,24.5632476807,24.5486717224,24.40805348969741,24.532299865877537,24.5514561885,24.419675067797773,-0.1317811207022288,23.340805562,23.270078979682477,-0.07072658231752271,14.5,20.0,24.0,26.6,400.6730685,180.0,2629.7218136436204,20.0,100.0,0.31797464285714283,-942.0425090033435,0.0,-942.0425090033435,6
223,rollout,24.5514564514,23.3408050537,24.419675067797773,23.270078979682477,24.4194442432,24.31943180446236,-0.10001243873763954,23.0064189373,22.89618985736592,-0.11022907993408282,14.5,20.0,24.0,26.1,254.9407668,180.0,3573.3999547943863,20.0,100.0,0.31797464285714283,-896.162890649093,0.0,-896.162890649093,6
224,rollout,24.4194450378,23.0064201355,24.31943180446236,22.89618985736592,24.2573441534,24.188380652615034,-0.06896350078496383,22.8662849558,22.761580189105796,-0.10470476669420492,14.5,20.0,24.0,25.1,221.8525224,180.0,3573.3999547943863,20.0,100.0,0.31797464285714283,-880.6997185551138,0.0,-880.6997185551138,6
225,rollout,24.2573432922,22.8662853241,24.188380652615034,22.761580189105796,24.0532092412,24.019199952214898,-0.03400928898510358,22.6134095846,22.524649755531385,-0.08875982906861424,14.5,20.0,24.0,24.1,102.9867147,180.0,3573.3999547943863,20.0,100.0,0.31797464285714283,-856.2815853775392,0.0,-856.2815853775392,6
226,rollout,24.0532093048,22.6134090424,24.019199952214898,22.524649755531385,24.0279611978,23.990829912374643,-0.03713128542535671,24.356050847,24.293720224064902,-0.06233062293509661,14.5,26.0,24.0,22.7,168.16952,180.0,0.0,26.0,0.0,0.080939,-262.9659313705811,179.2012811973258,-83.76465017325526,6
227,rollout,24.027961731,24.3560504913,23.990829912374643,24.293720224064902,24.004306281,23.975677254293917,-0.028629026706084915,24.0869725923,24.079597104596814,-0.007375487703185968,14.5,26.0,24.0,21.3,60.94621952,50.0,0.0,26.0,0.0,0.080939,-259.7904155409713,190.92442222496862,-68.86599331600269,6
228,rollout,24.0043067932,24.0869731903,23.975677254293917,24.079597104596814,23.9825443395,23.962489133777765,-0.020055205722233183,24.1099416595,24.1042743488989,-0.005667310601097597,14.5,26.0,24.0,21.3,100.748281,50.0,0.0,26.0,0.0,0.080939,-260.1447005989194,189.6164981202972,-70.52820247862223,6
229,rollout,23.9825439453,24.1099414825,23.962489133777765,24.1042743488989,23.8829809306,23.8851095773788,0.002128646778800203,23.9759031808,23.981013270026658,0.005110089226658232,14.5,26.0,24.0,18.3,20.43476285,50.0,0.0,26.0,0.0,0.080939,-257.0971898517302,200.867079187924,-56.230110663806215,6
230,rollout,23.8829803467,23.9759025574,23.8851095773788,23.981013270026658,23.7644433285,23.790331299046937,0.025887970546936145,23.9026778859,23.918488285971335,0.015810400071334385,14.5,26.0,24.0,17.2,10.65311344,50.0,0.0,26.0,0.0,0.080939,-255.3511218988657,207.31308731813485,-48.03803458073085,6
231,rollout,23.7644424438,23.902677536,23.790331299046937,23.918488285971335,23.6307933056,23.681653754791327,0.05086044919132604,23.8291731137,23.858647470023655,0.029474356323653694,14.5,26.0,24.0,16.0,4.1003381,50.0,0.0,26.0,0.0,0.080939,-253.7480262793768,213.23128046736386,-40.51674581201294,6
232,rollout,23.6307945251,23.8291740417,23.681653754791327,23.858647470023655,23.3678978727,23.468043294603802,0.10014542190380382,22.3240563071,22.364205291084,0.04014898398400035,16.0,20.0,24.0,15.4,0.0,50.0,3157.399507818744,20.0,100.0,0.31797464285714283,-689.8187856575771,0.0,-689.8187856575771,6
233,rollout,23.3678970337,22.3240566254,23.468043294603802,22.364205291084,23.0328895319,23.184087213157895,0.15119768125789435,22.0216103761,22.0443954773814,0.02278510128139999,16.0,20.0,24.0,14.8,0.0,50.0,3866.6610951439443,20.0,100.0,0.31797464285714283,-646.7447686743469,0.0,-646.7447686743469,6
234,rollout,23.0328903198,22.02161026,23.184087213157895,22.0443954773814,22.7154479071,22.90828153789927,0.19283363079927085,21.8445969471,21.885470919591796,0.04087397249179503,16.0,20.0,24.0,14.5,0.0,50.0,3866.6610951439443,20.0,100.0,0.31797464285714283,-628.8617964645446,0.0,-628.8617964645446,6
235,rollout,22.7154464722,21.8445968628,22.90828153789927,21.885470919591796,22.4175430797,22.64567208737792,0.22812900767792144,21.6849753235,21.748312304780725,0.06333698128072385,16.0,20.0,24.0,14.1,0.0,50.0,3866.6610951439443,20.0,100.0,0.31797464285714283,-614.0658579776047,0.0,-614.0658579776047,6
236,rollout,22.4175415039,21.6849746704,22.64567208737792,21.748312304780725,22.2998370063,22.5256371865507,0.22580018025070103,23.1910576828,23.2769624508114,0.08590476801139957,17.7000007629,26.0,24.0,13.9,0.0,50.0,0.0,26.0,0.0,0.080939,-148.7933535282885,280.6953190460067,131.90196551771822,6
237,rollout,22.2998371124,23.1910572052,22.5256371865507,23.2769624508114,22.2677454369,22.48595936815035,0.21821393125035016,23.2765521083,23.412796990637993,0.13624488233799426,17.7000007629,26.0,24.0,13.6,0.0,50.0,0.0,26.0,0.0,0.080939,-154.62980238905433,259.1487367687609,104.51893437970656,6
238,rollout,22.2677459717,23.2765522003,22.48595936815035,23.412796990637993,22.2353520523,22.44966493006977,0.2143128777697676,23.2660682935,23.40811901231858,0.1420507188185809,17.7000007629,26.0,24.0,13.2,0.0,50.0,0.0,26.0,0.0,0.080939,-154.6809722548961,258.9598315370392,104.27885928214309,6
239,rollout,22.2353515625,23.2660675049,22.44966493006977,23.40811901231858,22.125224735,22.35140251979787,0.2261777847978692,22.4280511318,22.551085358836513,0.12303422703651279,17.7000007629,22.0,24.0,12.9,0.0,50.0,1728.453502025937,22.0,40.231573679498666,0.17630216930274473,-290.83293460784154,0.0,-290.83293460784154,6
240,rollout,22.1252250671,22.4280509949,22.35140251979787,22.551085358836513,21.9651480348,22.20325200013771,0.23810396533771083,22.1952192847,22.26612642339769,0.07090713869769161,17.7000007629,22.0,24.0,12.5,0.0,50.0,2474.482784363661,22.0,52.19408441226364,0.2046575835200089,-315.09717927341785,0.0,-315.09717927341785,6
241,rollout,21.9651489258,22.1952190399,22.20325200013771,22.26612642339769,21.8005201811,22.045967460850836,0.24544727975083447,22.0575945744,22.10866338663627,0.051068812236270134,17.7000007629,22.0,24.0,12.2,0.0,50.0,2825.518197853461,22.0,57.68548124526687,0.21767415130495488,-322.7592571332871,0.0,-322.7592571332871,6
242,rollout,21.8005199432,22.0575942993,22.045967460850836,22.10866338663627,21.6401287347,21.88969302707445,0.2495642923744512,21.9588684242,22.00055828726392,0.04168986306392242,17.7000007629,22.0,24.0,11.9,0.0,50.0,2934.69887711699,22.0,58.8390270373676,0.2204084659889124,-318.37123563497573,0.0,-318.37123563497573,6
243,rollout,21.6401290894,21.9588680267,21.88969302707445,22.00055828726392,21.453838885,21.706819174188894,0.25298028918889415,21.578975277,21.555813327704733,-0.02316194929526816,14.5,22.0,24.0,11.6,0.0,50.0,2442.287840734123,22.0,44.97293956979456,0.1875408964210169,-443.71961800741263,0.0,-443.71961800741263,6
244,rollout,21.4538383484,21.5789756775,21.706819174188894,21.555813327704733,21.2795478369,21.52958549579585,0.25003765889584884,21.6169392326,21.59085443911328,-0.02608479348672077,14.5,22.0,24.0,11.3,0.0,50.0,1651.8217703428463,22.0,29.244658634199816,0.15025926459495248,-355.9645101435103,0.0,-355.9645101435103,6
245,rollout,21.279548645,21.6169395447,21.52958549579585,21.59085443911328,21.1354547716,21.378679854404076,0.24322508280407718,21.6822985865,21.669003821005546,-0.013294765494453742,14.5,22.0,24.0,11.0,0.0,50.0,974.121254885351,22.0,16.388677051339638,0.11978600600442395,-286.8825019990088,0.0,-286.8825019990088,6
246,rollout,21.1354560852,21.6822986603,21.378679854404076,21.669003821005546,21.0190333477,21.25147986445959,0.23244651675959105,21.7526304422,21.737036978421724,-0.015593463778277084,14.5,22.0,24.0,10.7,0.0,50.0,431.50228636444444,22.0,6.170335880623783,0.09556489532108153,-231.12706645321643,0.0,-231.12706645321643,6
247,rollout,21.019033432,21.7526302338,21.25147986445959,21.737036978421724,20.918602007,21.145847303719545,0.22724529671954485,21.7142636884,21.81248704426607,0.09822335586607167,14.5,22.0,24.0,10.5,0.0,50.0,133.28942226236865,22.0,0.0,0.080939,-197.8746133288316,19.500729231365455,-178.37388409746615,6
248,rollout,20.9186019897,21.714263916,21.145847303719545,21.81248704426607,20.8258653848,21.0564192778882,0.2305538930881994,21.6671617563,21.7949932857879,0.12783152948789933,14.5,22.0,24.0,10.4,0.0,50.0,133.28942226236865,22.0,0.0,0.080939,-197.76388011614887,19.909526144490286,-177.85435397165858,6
249,rollout,20.8258647919,21.6671619415,21.0564192778882,21.7949932857879,20.7404724426,20.97405968567272,0.23358724307271928,21.6507052795,21.78408927672335,0.13338399722335126,13.4872207642,22.4322891235,24.0,10.2,0.0,50.0,133.28942226236865,22.4322891235,0.0,0.080939,-224.8828197943928,64.3006103582529,-160.5822094361399,6
250,rollout,20.7404727936,21.6507053375,20.97405968567272,21.78408927672335,20.6840899272,20.915410535269167,0.23132060806916854,21.6219155415,21.75664721532048,0.1347316738204789,13.4872207642,22.4322891235,24.0,11.2,2.145,50.0,133.28942226236865,22.4322891235,0.0,0.080939,-224.1246170487284,67.09968874170471,-157.02492830702369,6
251,rollout,20.6840896606,21.6219158173,20.915410535269167,21.75664721532048,20.6699266067,20.891987472563436,0.22206086586343687,21.6839421486,21.816159848520545,0.13221769992054533,13.4872207642,22.4322891235,24.0,12.2,64.12887319,50.0,133.28942226236865,22.4322891235,0.0,0.080939,-225.56927668415275,61.766398167270964,-163.80287851688178,6
252,rollout,20.6699256897,21.6839408875,20.891987472563436,21.816159848520545,20.6613383519,20.873871256747545,0.21253290484754572,21.5273497359,21.654937977694015,0.1275882417940153,12.8000001907,22.0,24.0,13.4,25.575,50.0,133.28942226236865,22.0,0.0,0.080939,-240.09676784206087,33.62799580291096,-206.4687720391499,6
253,rollout,20.6613388062,21.527349472,20.873871256747545,21.654937977694015,20.6956217359,20.89121781291059,0.19559607701058823,21.6390795326,21.75536989404197,0.11629036144196903,12.8000001907,22.0,24.0,14.6,115.3798774,50.0,133.28942226236865,22.0,0.0,0.080939,-242.42184435668923,25.044445493732326,-217.3773988629569,6
254,rollout,20.6956214905,21.6390800476,20.89121781291059,21.75536989404197,20.6975653725,20.882670024028755,0.18510465152875355,21.0497524858,21.136862090576443,0.08710960477644392,14.5,20.0,24.0,15.8,58.56735122,50.0,2679.1622951411455,20.0,64.64564665514965,0.234172224128191,-527.3614892980014,0.0,-527.3614892980014,6
255,rollout,20.6975650787,21.0497531891,20.882670024028755,21.136862090576443,20.7121104839,20.879121897883724,0.167011413983726,21.0116907311,21.05994918020656,0.04825844910655874,14.5,20.0,24.0,17.1,172.7271834,180.0,4434.268492916636,20.0,100.0,0.31797464285714283,-701.9227315346463,0.0,-701.9227315346463,6
256,rollout,20.7121105194,21.0116901398,20.879121897883724,21.05994918020656,20.7054901971,20.861564345149144,0.156074148049143,20.8549105426,20.920832031722334,0.06592148912233498,14.5,20.0,24.0,18.0,121.6166718,180.0,4434.268492916636,20.0,100.0,0.31797464285714283,-684.147738995284,0.0,-684.147738995284,6
257,rollout,20.7054901123,20.8549098969,20.861564345149144,20.920832031722334,20.7705883943,20.90526338865356,0.1346749943535599,21.1248846795,21.180235384897596,0.05535070539759701,14.5,20.0,24.0,19.0,326.3605193,180.0,4434.268492916636,20.0,100.0,0.31797464285714283,-709.1885763514261,0.0,-709.1885763514261,6
258,rollout,20.7705879211,21.1248855591,20.90526338865356,21.180235384897596,20.8543497599,20.96688928733618,0.11253952743618001,21.1706343732,21.221057664679037,0.05042329147903857,14.5,20.0,24.0,19.8,318.3817948,180.0,4434.268492916636,20.0,100.0,0.31797464285714283,-714.6244162427516,0.0,-714.6244162427516,6
259,rollout,20.8543510437,21.1706352234,20.96688928733618,21.221057664679037,21.159700665,21.210112623663385,0.05041195866338555,23.0991909851,23.14033504294645,0.04114405784644859,13.3279304504,25.3280944824,24.0,20.7,502.835609,180.0,0.0,25.3280944824,0.0,0.080939,-262.675316017258,230.29055726416453,-32.38475875309348,6
260,rollout,21.1597003937,23.0991897583,21.210112623663385,23.14033504294645,21.5445391457,21.534134117182703,-0.01040502851729741,23.4222462685,23.486679589438577,0.06443332093857634,13.3279304504,25.3280944824,24.0,21.4,527.0519262,180.0,0.0,25.3280944824,0.0,0.080939,-274.22711878228154,187.64444236366734,-86.5826764186142,6
261,rollout,21.5445384979,23.422246933,21.534134117182703,23.486679589438577,21.9477239061,21.88119617398401,-0.06652773211598983,23.7656036128,23.806031976138502,0.04042836333850275,13.3279304504,25.3280944824,24.0,22.2,638.5913125,180.0,0.0,25.3280944824,0.0,0.080939,-282.8773901483365,155.70999246860742,-127.16739767972905,6
262,rollout,21.9477233887,23.7656021118,21.88119617398401,23.806031976138502,22.3401539158,22.224210185170232,-0.11594373062976615,23.9971673897,24.011543119929176,0.014375730229176042,13.3279304504,25.3280944824,24.0,22.9,658.9123948,180.0,0.0,25.3280944824,0.0,0.080939,-288.59873679796004,134.58833625887863,-154.01040053908142,6
263,rollout,22.3401546478,23.9971675873,22.224210185170232,24.011543119929176,22.7231498766,22.5630747795362,-0.16007509706379963,24.2398576404,24.227716206431325,-0.012141433968675841,13.3279304504,25.3280944824,24.0,23.6,697.2725064,180.0,0.0,25.3280944824,0.0,0.080939,-294.44682395148277,112.9987885691989,-181.44803538228388,6
264,rollout,22.7231502533,24.23985672,22.5630747795362,24.227716206431325,23.0885299899,22.89003581402169,-0.19849417587830942,24.5020590166,24.467158335742525,-0.03490068085747566,12.8000001907,26.0,24.0,24.1,681.4563209,180.0,0.0,26.0,0.0,0.080939,-315.22105076262255,156.28956937582183,-158.93148138680073,6
265,rollout,23.0885295868,24.5020599365,22.89003581402169,24.467158335742525,23.4229753283,23.19394275530654,-0.2290325729934608,24.6315815528,24.577214981558374,-0.05436657124162636,12.8000001907,26.0,24.0,24.6,642.4392002,180.0,0.0,26.0,0.0,0.080939,-318.40620627081427,144.53084127586033,-173.87536499495394,6
266,rollout,23.4229736328,24.6315803528,23.19394275530654,24.577214981558374,23.6051237025,23.37735338836025,-0.22777031413975024,23.4388057741,23.364001013370114,-0.07480476072988651,16.0,20.0,24.0,24.9,637.7336903,180.0,2649.364907402532,20.0,100.0,0.31797464285714283,-790.7626456727646,0.0,-790.7626456727646,6
267,rollout,23.6051254272,23.4388065338,23.37735338836025,23.364001013370114,23.6928546513,23.47351223714658,-0.21934241415342015,23.3310430074,23.206826939430858,-0.12421606796914375,16.0,20.0,24.0,25.3,585.9585331,180.0,2649.364907402532,20.0,100.0,0.31797464285714283,-767.1950675678529,0.0,-767.1950675678529,6
268,rollout,23.692855835,23.3310432434,23.47351223714658,23.206826939430858,23.7632944943,23.551230770455827,-0.21206372384417094,23.3333331496,23.201523901881426,-0.13180924771857505,16.0,20.0,24.0,25.5,564.1478081,180.0,2649.364907402532,20.0,100.0,0.31797464285714283,-765.9087343054179,0.0,-765.9087343054179,6
269,rollout,23.76329422,23.3333320618,23.551230770455827,23.201523901881426,23.8303441279,23.624933715096514,-0.20541041280348438,23.4047401514,23.29957458746607,-0.10516556393393017,16.7604312897,20.5371112823,24.0,25.7,427.3706743,180.0,3416.862756060571,20.5371112823,100.0,0.31797464285714283,-700.0373752407089,0.0,-700.0373752407089,6
270,rollout,23.8303451538,23.4047393799,23.624933715096514,23.29957458746607,23.8617611182,23.66825857227328,-0.19350254592671945,23.3360461917,23.212547264368496,-0.1234989273315037,16.7604312897,20.5371112823,24.0,25.7,404.5248898,180.0,3416.862756060571,20.5371112823,100.0,0.31797464285714283,-686.8190687585915,0.0,-686.8190687585915,6
271,rollout,23.8617610931,23.3360462189,23.66825857227328,23.212547264368496,23.8450375068,23.668252735014576,-0.1767847717854245,23.1399784912,23.017389590846317,-0.12258890035368353,16.7604312897,20.5371112823,24.0,25.8,253.8081434,180.0,3416.862756060571,20.5371112823,100.0,0.31797464285714283,-666.9098689140574,0.0,-666.9098689140574,6
272,rollout,23.8450393677,23.1399784088,23.668252735014576,23.017389590846317,23.961696174,23.772369518510363,-0.18932665548963712,24.5795778535,24.471076825539395,-0.10850102796060312,17.7000007629,26.0,24.0,25.6,241.4189939,180.0,0.0,26.0,0.0,0.080939,-181.35812771364817,160.47502703907668,-20.883100674571494,6
273,rollout,23.9616966248,24.5795783997,23.772369518510363,24.471076825539395,24.0919853227,23.896384386263946,-0.1956009364360547,24.5741196297,24.501195822768132,-0.07292380693186828,17.7000007629,26.0,24.0,25.4,121.5903995,180.0,0.0,26.0,0.0,0.080939,-183.99825993953303,150.72837670684507,-33.26988323268796,6
274,rollout,24.0919857025,24.5741195679,23.896384386263946,24.501195822768132,24.1984261419,24.002409227808762,-0.19601691409123845,24.6144190784,24.540062769590335,-0.0743563088096657,17.7000007629,26.0,24.0,25.1,111.0297964,180.0,0.0,26.0,0.0,0.080939,-185.06730059036326,146.7817692936155,-38.28553129674776,6
275,rollout,24.198425293,24.6144180298,24.002409227808762,24.540062769590335,24.2457587069,24.05977454284811,-0.185984164051888,24.3442396595,24.268194331244526,-0.07604532825547494,17.7000007629,26.0,24.0,24.7,49.5,50.0,0.0,26.0,0.0,0.080939,-178.18263962447384,172.1980656565744,-5.984573967899422,6
276,rollout,24.2457580566,24.3442401886,24.05977454284811,24.268194331244526,24.2854091465,24.10834202603419,-0.17706712046581075,24.3910956356,24.31013515339765,-0.08096048220235019,17.7000007629,26.0,24.0,24.7,84.07869119,50.0,0.0,26.0,0.0,0.080939,-178.92334809600644,169.46357137656526,-9.45977671944118,6
277,rollout,24.28540802,24.3910942078,24.10834202603419,24.31013515339765,24.1130355687,23.985817898194803,-0.12721767050519617,22.7130526874,22.640981211570935,-0.07207147582906615,16.0,20.0,24.0,22.5,16.5,50.0,3391.9222981702123,20.0,100.0,0.31797464285714283,-719.0165512802258,0.0,-719.0165512802258,6
278,rollout,24.1130371094,22.7130527496,23.985817898194803,22.640981211570935,23.8467706652,23.77236415821765,-0.07440650698235274,22.4592469933,22.353864705871203,-0.10538228742879596,16.0,20.0,24.0,21.4,19.43577404,50.0,3391.9222981702123,20.0,100.0,0.31797464285714283,-679.0300841178632,0.0,-679.0300841178632,6
279,rollout,23.8467712402,22.4592475891,23.77236415821765,22.353864705871203,23.575116504,23.547780162693197,-0.02733634130680329,22.3024055803,22.21627097883287,-0.08613460146712981,16.0,20.0,24.0,20.3,12.69591984,50.0,3391.9222981702123,20.0,100.0,0.31797464285714283,-663.6342637778307,0.0,-663.6342637778307,6
280,rollout,23.5751171112,22.302406311,23.547780162693197,22.21627097883287,23.3151571403,23.329332626024105,0.014175485724106096,22.1476876598,22.086704966514052,-0.060982693285946965,16.0,20.0,24.0,19.9,0.0,50.0,4029.4831892414995,20.0,100.0,0.31797464285714283,-649.7993879472072,0.0,-649.7993879472072,6
281,rollout,23.3151569366,22.147687912,23.329332626024105,22.086704966514052,23.0712954988,23.121411511891417,0.05011601309141511,22.0165399876,21.97712388788843,-0.03941609971157334,16.0,20.0,24.0,19.6,0.0,50.0,4029.4831892414995,20.0,100.0,0.31797464285714283,-637.9296882038934,0.0,-637.9296882038934,6
282,rollout,23.0712966919,22.0165405273,23.121411511891417,21.97712388788843,22.8447424764,22.925485929389698,0.08074345298969732,21.8948697769,21.875371744540914,-0.01949803235908476,16.0,20.0,24.0,19.4,0.0,50.0,4029.4831892414995,20.0,100.0,0.31797464285714283,-626.985459249538,0.0,-626.985459249538,6
283,rollout,22.8447418213,21.8948707581,22.925485929389698,21.875371744540914,22.7672962669,22.847479515556184,0.08018324865618354,23.0963442269,23.100777483858376,0.0044332569583751535,17.7000007629,24.0,24.0,19.3,0.0,50.0,0.0,24.0,0.0,0.080939,-144.81715107283136,95.37437739146988,-49.44277368136149,6
284,rollout,22.7672958374,23.0963439941,22.847479515556184,23.100777483858376,22.7488713938,22.826321660516875,0.07745026671687683,23.1477299233,23.19063060764222,0.042900684342221496,17.7000007629,24.0,24.0,19.1,0.0,50.0,0.0,24.0,0.0,0.080939,-148.64332215500858,81.24919408297906,-67.39412807202952,6
285,rollout,22.7488708496,23.1477298737,22.826321660516875,23.19063060764222,22.7329011612,22.809489655382272,0.0765884941822712,23.1427437472,23.190432575544968,0.047688828344966794,17.7000007629,24.0,24.0,19.0,0.0,50.0,0.0,24.0,0.0,0.080939,-148.74864696458138,80.86036352360395,-67.88828344097743,6
286,rollout,22.7329025269,23.142742157,22.809489655382272,23.190432575544968,22.7126745165,22.789575914453838,0.07690139795383644,23.1334333903,23.182013273033238,0.04857988273323954,17.7000007629,24.0,24.0,18.7,0.0,50.0,0.0,24.0,0.0,0.080939,-148.53603287803813,81.64527692185217,-66.89075595618596,6
287,rollout,22.7126731873,23.1334342957,22.789575914453838,23.182013273033238,22.5047640191,22.621127073166132,0.1163630540661309,21.1999465277,21.257022915237975,0.05707638753797539,12.8000001907,18.0,24.0,18.4,0.0,50.0,2788.782976901535,18.0,100.0,0.31797464285714283,-913.1415476640863,0.0,-913.1415476640863,6
288,rollout,22.5047645569,21.1999473572,22.621127073166132,21.257022915237975,22.2171719112,22.372196159674896,0.15502424847489493,20.9304049829,20.937859126263675,0.007454143363673893,12.8000001907,18.0,24.0,18.2,0.0,50.0,2788.782976901535,18.0,100.0,0.31797464285714283,-869.2673452436859,0.0,-869.2673452436859,6
289,rollout,22.2171707153,20.9304046631,22.372196159674896,20.937859126263675,21.9433687556,22.1283520167578,0.18498326115779662,20.777632638,20.794754504498503,0.01712186649850267,12.8000001907,18.0,24.0,17.9,0.0,50.0,3670.1407147806376,18.0,100.0,0.31797464285714283,-853.0456453358461,0.0,-853.0456453358461,6
290,rollout,21.9433670044,20.777633667,22.1283520167578,20.794754504498503,21.6893440215,21.898433879257286,0.20908985775728794,20.6408835015,20.673849021057556,0.03296551955755689,12.8000001907,18.0,24.0,17.7,0.0,50.0,3670.1407147806376,18.0,100.0,0.31797464285714283,-839.9671110865613,0.0,-839.9671110865613,6
291,rollout,21.6893424988,20.6408843994,21.898433879257286,20.673849021057556,21.4534145245,21.682124107749225,0.2287095832492234,20.5141396334,20.56146630457503,0.047326671175031976,12.8000001907,18.0,24.0,17.5,0.0,50.0,3670.1407147806376,18.0,100.0,0.31797464285714283,-827.8779693731647,0.0,-827.8779693731647,6
292,rollout,21.453414917,20.5141391754,21.682124107749225,20.56146630457503,21.2360772851,21.4800605928747,0.24398330777470179,20.3972446384,20.45632256817798,0.0590779297779811,12.8000001907,18.0,24.0,17.4,0.0,50.0,3670.1407147806376,18.0,100.0,0.31797464285714283,-816.5623292287866,0.0,-816.5623292287866,6
293,rollout,21.236076355,20.3972434998,21.4800605928747,20.45632256817798,21.2349638187,21.450399454607332,0.21543563590733328,22.3779065028,22.448591136868288,0.0706846340682894,16.4681797028,25.1263408661,24.0,17.3,0.0,50.0,0.0,25.1263408661,0.0,0.080939,-158.78008535568782,279.6432131281158,120.86312777242799,6
294,rollout,21.2349624634,22.3779067993,21.450399454607332,22.448591136868288,21.3350177805,21.51836794715335,0.18335016665335147,22.5605103401,22.683376919273726,0.12286657917372779,16.4681797028,25.1263408661,24.0,17.2,0.0,50.0,0.0,25.1263408661,0.0,0.080939,-167.94439242522887,245.8110831808824,77.86669075565354,6
295,rollout,21.335018158,22.5605106354,21.51836794715335,22.683376919273726,21.4300272213,21.588230110367636,0.1582028890676348,22.6164830663,22.73452889053118,0.11804582423118148,16.4681797028,25.1263408661,24.0,17.1,0.0,50.0,0.0,25.1263408661,0.0,0.080939,-169.56633344097773,239.82331795268053,70.2569845117028,6
296,rollout,21.4300270081,22.6164836884,21.588230110367636,22.73452889053118,21.5168015232,21.65351372129394,0.13671219809393875,22.6618238656,22.768509623365482,0.10668575776548295,16.4681797028,25.1263408661,24.0,17.1,0.0,50.0,0.0,25.1263408661,0.0,0.080939,-170.51619393492874,236.31669127384498,65.80049733891624,6
297,rollout,21.5167999268,22.6618232727,21.65351372129394,22.768509623365482,21.5977403313,21.71549549717233,0.1177551658723317,22.7034877219,22.799359215130306,0.0958714932303053,16.4681797028,25.1263408661,24.0,17.2,0.0,50.0,0.0,25.1263408661,0.0,0.080939,-171.36098519150934,233.19795165130267,61.83696645979333,6
298,rollout,21.5977401733,22.7034873962,21.71549549717233,22.799359215130306,21.6854003449,21.7840889232475,0.09868857834749889,22.7481108622,22.83316938235459,0.0850585201545897,16.4681797028,25.1263408661,24.0,17.9,1.32,50.0,0.0,25.1263408661,0.0,0.080939,-172.26281007154435,229.86865939827473,57.60584932673038,6
299,rollout,21.6854019165,22.7481117249,21.7840889232475,22.83316938235459,21.6832997681,21.78175541321744,0.09845564511743987,21.6318651565,21.687088539076303,0.055223382576301105,15.3424062729,20.527431488,24.0,18.6,35.15155489,50.0,3119.1413467333196,20.527431488,73.90148201882978,0.256111852984289,-554.1180801973928,0.0,-554.1180801973928,6
300,rollout,21.6833000183,21.6318645477,21.78175541321744,21.687088539076303,21.6100090156,21.71219246401777,0.10218344841777238,21.2424413831,21.251940724536777,0.009499341436775666,15.3424062729,20.527431488,24.0,19.4,52.11890201,50.0,4600.383801536154,20.527431488,100.0,0.31797464285714283,-633.7754891874297,0.0,-633.7754891874297,6
301,rollout,21.6100082397,21.2424411774,21.71219246401777,21.251940724536777,21.5997982322,21.692331401812325,0.09253316961232372,21.6856380688,21.707988658322332,0.022350589522332598,17.7000007629,18.0,24.0,20.2,103.1705886,50.0,3115.506936201268,18.0,100.0,0.31797464285714283,-425.7221280330875,0.0,-425.7221280330875,6
302,rollout,21.5997982025,21.6856384277,21.692331401812325,21.707988658322332,21.6273549397,21.707363871272623,0.08000893157262468,21.7190147846,21.745596184433968,0.02658139983396879,17.7000007629,18.0,24.0,21.3,118.2119072,50.0,3115.506936201268,18.0,100.0,0.31797464285714283,-430.21572560344134,0.0,-430.21572560344134,6
303,rollout,21.6273555756,21.7190151215,21.707363871272623,21.745596184433968,21.7268033134,21.782869537867054,0.05606622446705245,22.116772147,22.137067397764085,0.020295250764085893,17.7000007629,18.0,24.0,22.4,215.5118592,180.0,3115.506936201268,18.0,100.0,0.31797464285714283,-469.5608041391915,0.0,-469.5608041391915,6
304,rollout,21.7268028259,22.116771698,21.782869537867054,22.137067397764085,21.8623593721,21.89141985640794,0.029060484307940726,22.1924394656,22.208842867902067,0.016403402302067605,17.7000007629,18.0,24.0,24.0,206.5466754,180.0,3115.506936201268,18.0,100.0,0.31797464285714283,-478.75391826805844,0.0,-478.75391826805844,6
305,rollout,21.8623580933,22.192440033,21.89141985640794,22.208842867902067,22.0874489582,22.07550094748436,-0.011948010715638446,22.7378385431,22.745725399266963,0.007886856166962275,14.5,22.0,24.0,25.6,311.3110626,180.0,1009.7438295728232,22.0,26.902958979325643,0.14470860176423797,-399.3148901230273,0.0,-399.3148901230273,6
306,rollout,22.0874481201,22.7378387451,22.07550094748436,22.745725399266963,22.308790052,22.262744831309877,-0.046045220690121624,22.6052220058,22.600940261713696,-0.004281744086306105,14.5,22.0,24.0,26.7,325.6391487,180.0,2269.484738927682,22.0,51.091757828253094,0.2020446766152143,-549.9721298173639,0.0,-549.9721298173639,6
307,rollout,22.3087902069,22.605222702,22.262744831309877,22.600940261713696,22.5244095142,22.44774647915619,-0.07666303504380778,22.5787053575,22.55125653962152,-0.027448817878479304,14.5,22.0,24.0,27.8,435.52913,180.0,3357.0567242893662,22.0,72.31433764362791,0.25234975511145824,-681.9415288935745,0.0,-681.9415288935745,6
308,rollout,22.5244102478,22.578704834,22.44774647915619,22.55125653962152,22.7070901227,22.608090725083784,-0.09899939761621468,22.4697091475,22.431748703212296,-0.037960444287705286,14.5,22.0,24.0,28.4,454.5937732,180.0,4264.950690645181,22.0,89.37467558077746,0.2927888368143817,-779.2733693425312,0.0,-779.2733693425312,6
309,rollout,22.7070903778,22.4697093964,22.608090725083784,22.431748703212296,22.8933393741,22.773114287738885,-0.12022508636111695,22.5742625454,22.49939224677403,-0.07487029862597083,14.5,22.0,24.0,29.0,580.4206376,180.0,4681.4778914078215,22.0,100.0,0.31797464285714283,-850.5460539444115,0.0,-850.5460539444115,6
310,rollout,22.8933391571,22.574262619,22.773114287738885,22.49939224677403,23.2639952018,23.084801851235802,-0.17919335056419783,24.5638379903,24.477666803979286,-0.08617118632071552,16.0,26.0,24.0,29.4,619.7803923,180.0,0.0,26.0,0.0,0.080939,-226.5191837456103,163.752763643863,-62.766420101747286,6
311,rollout,23.2639961243,24.5638389587,23.084801851235802,24.477666803979286,23.7043806432,23.469557322600245,-0.2348233205997552,24.9321957932,24.86958772449213,-0.06260806870786695,16.0,26.0,24.0,29.8,663.7260124,180.0,0.0,26.0,0.0,0.080939,-239.15419681129524,117.10773083565407,-122.04646597564117,6
312,rollout,23.7043800354,24.9321956635,23.469557322600245,24.86958772449213,24.0825598489,23.81160151684621,-0.27095833205379094,24.717945984,24.653126351919536,-0.06481963208046437,17.7000007629,24.0,24.0,30.0,674.8781294,180.0,1376.9735466162733,24.0,33.64691434021864,0.16069417970792943,-375.30224639332783,0.0,-375.30224639332783,6
313,rollout,24.0825614929,24.7179450989,23.81160151684621,24.653126351919536,24.3836556626,24.09340124985744,-0.29025441274255925,24.6073866791,24.535074432334106,-0.0723122467658932,17.7000007629,24.0,24.0,30.2,671.7087303,180.0,2455.296177097404,24.0,54.06606100570679,0.20909483527241213,-479.42170776272735,0.0,-479.42170776272735,6
314,rollout,24.3836555481,24.6073875427,24.09340124985744,24.535074432334106,24.5177742003,24.23840815088994,-0.2793660494100614,23.4507878594,23.313593845079826,-0.13719401432017264,13.5510931015,19.4341468811,24.0,30.2,665.6367001,180.0,2857.642172284327,19.4341468811,100.0,0.31797464285714283,-1046.0742018960213,0.0,-1046.0742018960213,6
315,rollout,24.5177745819,23.4507865906,24.23840815088994,23.313593845079826,24.552887761,24.289453333293824,-0.2634344277061764,23.2897672619,23.104287814832844,-0.1854794470671557,13.5510931015,19.4341468811,24.0,30.3,586.1941688,180.0,2857.642172284327,19.4341468811,100.0,0.31797464285714283,-1017.4467706772173,0.0,-1017.4467706772173,6
316,rollout,24.5528869629,23.289768219,24.289453333293824,23.104287814832844,24.7735733994,24.484389616934433,-0.2891837824655674,25.2834140618,25.110916159543166,-0.1724979022568327,16.0,26.0,24.0,30.3,572.1824811,180.0,0.0,26.0,0.0,0.080939,-243.8788209075405,99.66570328648281,-144.21311762105768,6
317,rollout,24.7735729218,25.2834129333,24.484389616934433,25.110916159543166,25.0256979477,24.71783446080541,-0.30786348689458976,25.367722416,25.23834932272494,-0.12937309327505986,16.0,26.0,24.0,30.3,454.8860944,180.0,0.0,26.0,0.0,0.080939,-249.72003826478968,78.10151701676347,-171.6185212480262,6
318,rollout,25.0256977081,25.3677215576,24.71783446080541,25.23834932272494,25.2395784804,24.922715199221276,-0.31686328117872264,25.4291783417,25.29364789992295,-0.13553044177704976,16.0,26.0,24.0,30.2,414.3494852,180.0,0.0,26.0,0.0,0.080939,-251.35579650278817,72.06274236088603,-179.29305414190213,6
319,rollout,25.2395782471,25.4291782379,24.922715199221276,25.29364789992295,25.3687698587,25.056350577928878,-0.31241928077112036,25.2416191586,25.099937414530295,-0.1416817440697038,16.0,26.0,24.0,30.1,199.232742,180.0,0.0,26.0,0.0,0.080939,-246.5425042086847,89.8321087878756,-156.7103954208091,6
320,rollout,25.3687705994,25.2416191101,25.056350577928878,25.099937414530295,25.4907258806,25.182336325155767,-0.30838955544423285,25.3661652949,25.21743080142503,-0.1487344934749686,16.0,26.0,24.0,30.0,261.6700759,180.0,0.0,26.0,0.0,0.080939,-249.33138063921618,79.53633529528759,-169.7950453439286,6
321,rollout,25.4907264709,25.3661651611,25.182336325155767,25.21743080142503,25.5605606271,25.263829525529474,-0.2967311015705256,25.2327693684,25.08669231430024,-0.14607705409975935,16.0,26.0,24.0,29.9,114.3458143,180.0,0.0,26.0,0.0,0.080939,-246.1817511284769,91.16391107208983,-155.01784005638706,6
322,rollout,25.5605602264,25.2327690125,25.263829525529474,25.08669231430024,25.4392884283,25.189365726498472,-0.24992270180152687,23.4687263537,23.308254386077767,-0.16047196762223237,14.5,20.0,24.0,29.5,115.2699438,180.0,2899.841755468903,20.0,100.0,0.31797464285714283,-948.6644451803691,0.0,-948.6644451803691,6
323,rollout,25.439289093,23.4687271118,25.189365726498472,23.308254386077767,25.1890068143,24.994578493682,-0.19442832061800175,22.9129241165,22.724193064590374,-0.18873105190962747,14.5,20.0,24.0,29.1,50.47379171,50.0,3728.818843256598,20.0,99.44568949876282,0.31666072939711065,-875.7051906096522,0.0,-875.7051906096522,6
324,rollout,25.1890068054,22.9129238129,24.994578493682,22.724193064590374,24.9291874409,24.782589086494138,-0.14659835440586377,22.700551651,22.5182744280633,-0.18227722293670112,14.5,20.0,24.0,29.1,9.822621031,50.0,3728.818843256598,20.0,100.0,0.31797464285714283,-855.6939777056385,0.0,-855.6939777056385,6
325,rollout,24.9291877747,22.7005519867,24.782589086494138,22.5182744280633,24.7617532934,24.642304947705398,-0.11944834569460383,23.5971380549,23.499508011406526,-0.09763004349347426,17.5619487762,22.0059299469,24.0,26.9,7.753900341,50.0,2115.263215515192,22.0059299469,55.85301358515602,0.21333054980666188,-424.74708314847754,0.0,-424.74708314847754,6
326,rollout,24.7617530823,23.5971374512,24.642304947705398,23.499508011406526,24.5915656851,24.51126438304197,-0.08030130205803232,23.1800424678,23.12448095502458,-0.05556151277541943,17.5619487762,22.0059299469,24.0,26.0,4.883980219,50.0,4195.1740880313955,22.0059299469,100.0,0.31797464285714283,-599.1046056402564,0.0,-599.1046056402564,6
327,rollout,24.5915660858,23.1800422668,24.51126438304197,23.12448095502458,24.3936049441,24.34906003715331,-0.04454490694669033,23.0262838581,22.94061801426673,-0.08566584383327225,17.5619487762,22.0059299469,24.0,25.2,3.351779879,50.0,4504.150342689996,22.0059299469,100.0,0.31797464285714283,-574.4085858515585,0.0,-574.4085858515585,6
328,rollout,24.3936042786,23.0262832642,24.34906003715331,22.94061801426673,24.1960713346,24.182393371578907,-0.0136779630210917,22.9156216546,22.842338418505932,-0.07328323609406695,17.5619487762,22.0059299469,24.0,24.5,0.0,50.0,4504.150342689996,22.0059299469,100.0,0.31797464285714283,-563.4725006506696,0.0,-563.4725006506696,6
329,rollout,24.1960716248,22.9156227112,24.182393371578907,22.842338418505932,24.073258335,24.073750737399745,0.0004924023997467941,23.5465311721,23.496554393628045,-0.049976778471954475,12.8000001907,24.0,24.0,23.7,0.0,50.0,0.0,24.0,0.0,0.080939,-289.05825500814467,52.87549769879618,-236.1827573093485,6
330,rollout,24.0732574463,23.5465316772,24.073750737399745,23.496554393628045,23.97915245,23.992646664471106,0.013494214471105437,23.5338105434,23.51399612019082,-0.01981442320917992,12.8000001907,24.0,24.0,23.0,0.0,50.0,0.0,24.0,0.0,0.080939,-290.3181037954135,48.224478526118375,-242.0936252692951,6
331,rollout,23.9791526794,23.5338096619,23.992646664471106,23.51399612019082,23.9177308756,23.938170833694716,0.020439958094716104,23.8493863949,23.84281806158399,-0.006568333316010921,12.8000001907,26.0,24.0,22.3,0.0,50.0,0.0,26.0,0.0,0.080939,-298.7784906180605,216.99103073616007,-81.78745988190045,6
332,rollout,23.9177322388,23.8493881226,23.938170833694716,23.84281806158399,23.8658037596,23.89363286171026,0.02782910211026035,23.8413561209,23.850439123959028,0.009083003059028982,12.8000001907,26.0,24.0,21.7,0.0,50.0,0.0,26.0,0.0,0.080939,-299.38817410906364,214.7402450588821,-84.64792905018155,6
333,rollout,23.8658027649,23.8413562775,23.89363286171026,23.850439123959028,23.7891270333,23.829463542481708,0.040336509181706504,23.6096862161,23.62419082914212,0.014504613042120695,16.0,24.0,24.0,21.2,0.0,50.0,0.0,24.0,0.0,0.080939,-206.91425395787212,36.12883388594845,-170.78542007192368,6
334,rollout,23.7891273499,23.6096858978,23.829463542481708,23.62419082914212,23.7029035842,23.75555838683282,0.0526548026328193,23.5570059512,23.57304846881508,0.016042517615080243,16.0,24.0,24.0,20.8,0.0,50.0,0.0,24.0,0.0,0.080939,-205.31572779227923,42.03015785381723,-163.285569938462,6
335,rollout,23.7029037476,23.5570068359,23.75555838683282,23.57304846881508,23.6182267923,23.68192014836041,0.06369335606040849,23.5137147067,23.535949703353793,0.02223499665379336,16.0,24.0,24.0,20.5,0.0,50.0,0.0,24.0,0.0,0.080939,-204.29210381068768,45.809099272903,-158.48300453778467,6
