row_index,simulation_type,T_env_start_measured,T_zone_start_measured,T_env_start_model,T_zone_start_model,T_env_measured,T_env_predicted,T_env_error,T_zone_measured,T_zone_predicted,T_zone_error,SAT_sp,ZAT_sp,T_cor_used,T_out_used,Qsg_used,Qint_used,integral_error_predicted_end,prev_zat_sp_predicted_end,damper_signal_predicted_end,m_fan_predicted_end,Q_air_last_predicted_W,Q_reheat_last_predicted_W,Q_hvac_last_predicted_W,n_pi_loops
0,one_step,20.0,24.0,20.0,24.0,20.316447094,20.3164470939597,-4.030198397231288e-11,22.0244188476,22.024418847639982,3.998223974122084e-11,14.950504303,24.8687839508,24.0,18.0,0.0,50.0,0.0,24.8687839508,0.0,0.080939,-193.04096084660605,279.17322471701453,86.13226387040848,6
1,one_step,20.3164482117,22.0244178772,20.3164482117,22.0244178772,20.5275044316,20.52750443163915,3.915090474038152e-11,22.0266505424,22.026650542438748,3.8749448094677064e-11,14.950504303,24.8687839508,24.0,19.0,0.0,50.0,0.0,24.8687839508,0.0,0.080939,-191.30776652717967,285.57170689288256,94.2639403657029,6
2,one_step,20.5275039673,22.0266513824,20.5275039673,22.0266513824,20.7436509031,20.743650903085133,-1.4868106745780096e-11,22.2301548781,22.230154878092932,-7.066347507134196e-12,16.0,26.0,24.0,20.0,0.0,50.0,0.0,26.0,0.0,0.080939,-168.06030075231178,300.0,131.93969924768822,6
3,one_step,20.7436504364,22.2301559448,20.7436504364,22.2301559448,20.9729564198,20.97295641980384,3.8404834867833415e-12,22.3758744901,22.375874490119287,1.928768256220792e-11,16.0,26.0,24.0,21.3,0.0,50.0,0.0,26.0,0.0,0.080939,-172.06845349930327,300.0,127.93154650069673,6
4,one_step,20.9729576111,22.3758735657,20.9729576111,22.3758735657,21.1795978825,21.179597882480486,-1.951505623765115e-11,22.5090976622,22.509097662256696,5.6697757599977194e-11,16.0,26.0,24.0,21.0,0.0,50.0,0.0,26.0,0.0,0.080939,-175.73745191605076,300.0,124.26254808394924,6
5,one_step,21.1795978546,22.509098053,21.1795978546,22.509098053,21.3653403259,21.365340325860426,-3.957367766815878e-11,22.6291780187,22.629178018736056,3.6056491126146284e-11,16.0,26.0,24.0,20.7,0.0,50.0,0.0,26.0,0.0,0.080939,-179.04813621635873,300.0,120.95186378364127,6
6,one_step,21.3653411865,22.6291770935,21.3653411865,22.6291770935,21.410172882,21.410172881999884,-1.1723955140041653e-13,21.3637961683,21.363796168331167,3.1167957104116795e-11,16.651714325,19.0249099731,24.0,20.5,0.0,50.0,3751.306793123592,19.0249099731,100.0,0.31797464285714283,-509.3669499654837,0.0,-509.3669499654837,6
7,one_step,21.4101734161,21.3637962341,21.4101734161,21.3637962341,21.3717752631,21.371775263100538,5.364597654988756e-13,21.2323788058,21.232378805760256,-3.9744207924741204e-11,16.651714325,19.0249099731,24.0,20.4,0.0,50.0,3751.30679308,19.0249099731,100.0,0.31797464285714283,-488.28106504720887,0.0,-488.28106504720887,6
8,one_step,21.3717765808,21.2323799133,21.3717765808,21.2323799133,21.3315151723,21.33151517228033,-1.9671375639518374e-11,21.2044653307,21.204465330747247,4.724753921436786e-11,16.651714325,19.0249099731,24.0,20.4,0.0,50.0,3751.30679308,19.0249099731,100.0,0.31797464285714283,-484.88072693903837,0.0,-484.88072693903837,6
9,one_step,21.3315162659,21.2044639587,21.3315162659,21.2044639587,21.296411929,21.296411929040353,4.035172196381609e-11,21.1848057761,21.184805776135605,3.560529648893862e-11,16.651714325,19.0249099731,24.0,20.5,0.0,50.0,3751.30679308,19.0249099731,100.0,0.31797464285714283,-482.7177196860118,0.0,-482.7177196860118,6
10,one_step,21.2964115143,21.1848068237,21.2964115143,21.1848068237,21.276533893,21.276533893013074,1.3073986337985843e-11,21.1740161706,21.174016170666178,6.617639769501693e-11,16.651714325,19.0249099731,24.0,21.1,1.815,50.0,3751.30679308,19.0249099731,100.0,0.31797464285714283,-481.4264752903318,0.0,-481.4264752903318,6
11,one_step,21.2765350342,21.1740150452,21.2765350342,21.1740150452,21.2855684803,21.285568480299904,-9.592326932761353e-14,21.2417373547,21.241737354748857,4.885691851086449e-11,16.651714325,19.0249099731,24.0,21.7,55.72619567,50.0,3751.30679308,19.0249099731,100.0,0.31797464285714283,-488.0975804572338,0.0,-488.0975804572338,6
12,one_step,21.2855682373,21.2417373657,21.2855682373,21.2417373657,21.3377367049,21.337736704941143,4.11439771141886e-11,21.4582533342,21.45825333416895,-3.104716483903758e-11,16.0,20.0,24.0,22.4,22.77,50.0,2628.108997572129,20.0,66.10460635933265,0.23763047864202785,-437.7733949035532,0.0,-437.7733949035532,6
13,one_step,21.3377361298,21.4582538605,21.3377361298,21.4582538605,21.3926316037,21.39263160368666,-1.3340439863895881e-11,21.2830096275,21.283009627512012,1.2011724948024494e-11,16.0,20.0,24.0,23.0,117.7942964,50.0,4342.705505439256,20.0,100.0,0.31797464285714283,-564.1449743948874,0.0,-564.1449743948874,6
14,one_step,21.3926315308,21.2830085754,21.3926315308,21.2830085754,21.4285953534,21.42859535343686,3.6862957131234e-11,21.2025161187,21.20251611868703,-1.2970957641300629e-11,16.0,20.0,24.0,24.0,65.67801958,50.0,4342.70550541,20.0,100.0,0.31797464285714283,-553.7244632380863,0.0,-553.7244632380863,6
15,one_step,21.4285964966,21.2025165558,21.4285964966,21.2025165558,21.6658326648,21.665832664832397,3.239719603698177e-11,22.9555796479,22.955579647938332,3.8333780594257405e-11,15.9549388885,24.5820922852,24.0,25.0,177.4316214,180.0,0.0,24.5820922852,0.0,0.080939,-187.42402376250047,170.7968040895661,-16.62721967293436,6
16,one_step,21.6658325195,22.9555797577,21.6658325195,22.9555797577,21.9625013759,21.962501375826236,-7.37649941129348e-11,23.1308519993,23.130851999300678,6.785683126508957e-13,15.9549388885,24.5820922852,24.0,26.0,129.2898191,180.0,0.0,24.5820922852,0.0,0.080939,-193.68895661761746,147.6683754089649,-46.02058120865257,6
17,one_step,21.9625015259,23.1308517456,21.9625015259,23.1308517456,22.3110647749,22.311064774878247,-2.1753265855295467e-11,23.5487139467,23.548713946725698,2.5696778038764023e-11,15.9549388885,24.5820922852,24.0,27.0,333.23752,180.0,0.0,24.5820922852,0.0,0.080939,-204.67550513288506,107.10902550726722,-97.56647962561784,6
18,one_step,22.3110656738,23.5487136841,22.3110656738,23.5487136841,22.6495743182,22.649574318166994,-3.3004710076056654e-11,23.729233716,23.72923371599799,-2.0108359422010835e-12,15.9549388885,24.5820922852,24.0,27.6,329.361975,180.0,0.0,24.5820922852,0.0,0.080939,-209.81992887426713,88.11721181078589,-121.70271706348124,6
19,one_step,22.6495742798,23.7292327881,22.6495742798,23.7292327881,23.0393094891,23.039309489147566,4.756728344545991e-11,24.3078614485,24.30786144849975,-2.4868995751603507e-13,14.5,26.0,24.0,28.3,502.1707031,180.0,0.0,26.0,0.0,0.080939,-264.41777581256446,173.84146627060807,-90.57630954195639,6
20,one_step,23.0393104553,24.3078613281,23.0393104553,24.3078613281,23.4235471405,23.423547140467488,-3.2510882874703384e-11,24.543720698,24.543720697948437,-5.156408633411047e-11,14.5,26.0,24.0,28.7,518.8843589,180.0,0.0,26.0,0.0,0.080939,-271.15866232684516,148.9559460910538,-122.20271623579137,6
21,one_step,23.4235477448,24.5437202454,23.4235477448,24.5437202454,23.6844544001,23.684454400147025,4.702371825260343e-11,23.4561969996,23.4561969995906,-9.400480394106125e-12,16.0,20.0,24.0,29.2,632.8191194,180.0,2630.9274815766075,20.0,100.0,0.31797464285714283,-797.8032437429362,0.0,-797.8032437429362,6
22,one_step,23.6844558716,23.4561958313,23.6844558716,23.4561958313,23.862308227,23.862308227055177,5.517719614545058e-11,23.4830152328,23.483015232855273,5.5273119414778193e-11,16.0,20.0,24.0,29.4,649.8086212,180.0,2630.92748156,20.0,100.0,0.31797464285714283,-794.9662490961379,0.0,-794.9662490961379,6
23,one_step,23.8623085022,23.4830150604,23.8623085022,23.4830150604,24.0402447487,24.040244748674027,-2.5973889705710462e-11,23.6369899259,23.636989925862984,-3.701572381942242e-11,16.0,20.0,24.0,29.6,701.6350699,180.0,2630.92748156,20.0,100.0,0.31797464285714283,-810.8070066051022,0.0,-810.8070066051022,6
24,one_step,24.0402450562,23.6369895935,24.0402450562,23.6369895935,24.2077901607,24.207790160742995,4.299494094084366e-11,23.7319936086,23.73199360860567,5.6701310313655995e-12,16.0,20.0,24.0,29.7,703.0527701,180.0,2630.92748156,20.0,100.0,0.31797464285714283,-821.2408868562051,0.0,-821.2408868562051,6
25,one_step,24.2077903748,23.7319946289,24.2077903748,23.7319946289,24.3026762648,24.302676264830108,3.0109248427834245e-11,23.5301598497,23.530159849712014,1.2015277661703294e-11,16.0,20.0,24.0,29.8,493.4677368,180.0,2630.92748156,20.0,100.0,0.31797464285714283,-801.5341475205239,0.0,-801.5341475205239,6
26,one_step,24.3026771545,23.5301589966,24.3026771545,23.5301589966,24.2595746586,24.259574658532905,-6.709299782414746e-11,23.0071022486,23.007102248558496,-4.150280119574745e-11,16.0,20.0,24.0,29.7,89.94650763,180.0,3566.2165263070165,20.0,100.0,0.31797464285714283,-748.2654597261337,0.0,-748.2654597261337,6
27,one_step,24.2595748901,23.0071029663,24.2595748901,23.0071029663,24.3059832321,24.305983232083182,-1.681854655544157e-11,23.7742217128,23.774221712747853,-5.214673137743375e-11,17.7000007629,22.0,24.0,29.6,180.2523886,180.0,2856.491708581214,22.0,73.47704067618838,0.25510577571920745,-522.1862962666748,0.0,-522.1862962666748,6
28,one_step,24.3059825897,23.7742214203,24.3059825897,23.7742214203,24.4162148877,24.416214887709753,9.752199048307375e-12,23.8967387721,23.896738772093556,-6.444622613344109e-12,17.7000007629,22.0,24.0,29.4,474.8740792,180.0,3947.5564177461815,22.0,100.0,0.31797464285714283,-658.6783575532384,0.0,-658.6783575532384,6
29,one_step,24.4162139893,23.8967380524,24.4162139893,23.8967380524,24.4983275452,24.498327545216934,1.6935786106841988e-11,23.8836934369,23.883693436877028,-2.297184664712404e-11,17.7000007629,18.0,24.0,29.1,426.4738543,180.0,1769.02141572,18.0,100.0,0.31797464285714283,-657.8030237261707,0.0,-657.8030237261707,6
30,one_step,24.4983272552,23.8836936951,24.4983272552,23.8836936951,24.5599148003,24.559914800267414,-3.2585489861958195e-11,23.9092809166,23.909280916585097,-1.49036338825681e-11,17.7000007629,18.0,24.0,28.7,424.6044764,180.0,1769.02141571,18.0,100.0,0.31797464285714283,-660.2290645396226,0.0,-660.2290645396226,6
31,one_step,24.5599136353,23.909280777,24.5599136353,23.909280777,24.5524149717,24.552414971771842,7.184297601270373e-11,23.5330225032,23.53302250317952,-2.0481394358284888e-11,16.6140785217,19.5571098328,24.0,28.3,269.3540575,180.0,2607.6075037004994,19.5571098328,100.0,0.31797464285714283,-739.2930541685746,0.0,-739.2930541685746,6
32,one_step,24.5524139404,23.5330238342,24.5524139404,23.5330238342,24.4923350758,24.492335075785597,-1.440270125385723e-11,23.4064329715,23.406432971529625,2.962607936751738e-11,16.6140785217,19.5571098328,24.0,27.7,221.8666509,180.0,2607.60750371,19.5571098328,100.0,0.31797464285714283,-723.7682301748476,0.0,-723.7682301748476,6
33,one_step,24.4923343658,23.4064331055,24.4923343658,23.4064331055,24.3940083119,24.39400831186571,-3.4287239714103634e-11,23.2354748796,23.23547487958081,-1.9191759292880306e-11,16.6140785217,19.5571098328,24.0,27.1,126.7057476,180.0,2607.60750371,19.5571098328,100.0,0.31797464285714283,-706.0295032742841,0.0,-706.0295032742841,6
34,one_step,24.3940086365,23.2354736328,24.3940086365,23.2354736328,24.2724778856,24.272477885570062,-2.993871817125182e-11,23.1301664643,23.130166464298078,-1.922018100231071e-12,16.6140785217,19.5571098328,24.0,26.2,96.50280202,180.0,2607.60750371,19.5571098328,100.0,0.31797464285714283,-694.702415185506,0.0,-694.702415185506,6
35,one_step,24.2724781036,23.1301670074,24.2724781036,23.1301670074,24.1078139234,24.10781392333859,-6.140865593806666e-11,22.7609968965,22.76099689649211,-7.890577080615913e-12,16.6140785217,19.5571098328,24.0,25.4,53.955,50.0,2607.60750371,19.5571098328,100.0,0.31797464285714283,-656.8436297532221,0.0,-656.8436297532221,6
36,one_step,24.1078147888,22.7609977722,24.1078147888,22.7609977722,23.9398804683,23.9398804682495,-5.050182494414912e-11,22.6361000273,22.636100027313798,1.3798739928461146e-11,16.6140785217,19.5571098328,24.0,25.4,38.445,50.0,3559.968240706893,19.5571098328,100.0,0.31797464285714283,-642.5386460603748,0.0,-642.5386460603748,6
37,one_step,23.9398803711,22.636100769,23.9398803711,22.636100769,23.8698143933,23.86981439332751,2.750866201495228e-11,23.8847939532,23.88479395322323,2.3231194745676476e-11,14.5,26.0,24.0,23.0,24.09,50.0,0.0,26.0,0.0,0.080939,-253.04324751919205,215.8331320222807,-37.21011549691136,6
38,one_step,23.8698139191,23.8847942352,23.8698139191,23.8847942352,23.8364927688,23.83649276882541,2.5409008230781183e-11,23.9214829716,23.921482971602515,2.5153212845907547e-12,14.5,26.0,24.0,21.7,11.385,50.0,0.0,26.0,0.0,0.080939,-255.2263027241412,207.77388577317808,-47.45241695096311,6
39,one_step,23.8364944458,23.9214820862,23.8364944458,23.9214820862,23.7915921535,23.791592153477733,-2.226840933872154e-11,23.9788797209,23.978879720905276,5.275779813018744e-12,16.0,26.0,24.0,20.4,14.70273145,50.0,0.0,26.0,0.0,0.080939,-216.14903914267646,202.03651789999668,-14.112521242679776,6
40,one_step,23.7915916443,23.9788799286,23.7915916443,23.9788799286,23.7287518164,23.728751816406294,6.295408638834488e-12,23.9366870062,23.936687006199392,-6.075140390748857e-13,16.0,26.0,24.0,19.3,0.0,50.0,0.0,26.0,0.0,0.080939,-215.1367351425835,205.77366902526606,-9.36306611731743,6
41,one_step,23.7287521362,23.9366874695,23.7287521362,23.9366874695,23.6497067788,23.649706778728465,-7.153388992264809e-11,23.8989648831,23.898964883099886,-1.1368683772161603e-13,16.0,26.0,24.0,18.2,0.0,50.0,0.0,26.0,0.0,0.080939,-214.13854797308835,209.45870465030117,-4.679843322787178,6
42,one_step,23.6497077942,23.8989639282,23.6497077942,23.8989639282,23.5603873881,23.560387388091534,-8.466116696581594e-12,23.8558557535,23.85585575347901,-2.098943241435336e-11,16.0,26.0,24.0,17.3,0.0,50.0,0.0,26.0,0.0,0.080939,-212.99401169742723,213.68402138332385,0.6900096858966265,6
43,one_step,23.5603866577,23.8558559418,23.5603866577,23.8558559418,23.4617121008,23.461712100758962,-4.1037395703824586e-11,23.8078904393,23.80789043928306,-1.693933882052079e-11,16.0,26.0,24.0,16.4,0.0,50.0,0.0,26.0,0.0,0.080939,-211.71580953120966,218.40279624084005,6.686986709630389,6
44,one_step,23.4617118835,23.8078918457,23.4617118835,23.8078918457,23.2579177635,23.25791776346747,-3.2528646443097387e-11,22.5997581506,22.599758150598877,-1.1226575225009583e-12,14.5,22.0,24.0,15.8,0.0,50.0,2111.0509118660348,22.0,48.60075682116798,0.19614011636449222,-538.8423572187158,0.0,-538.8423572187158,6
45,one_step,23.2579174042,22.5997581482,23.2579174042,22.5997581482,22.9792099741,22.979209974106816,6.814104835939361e-12,22.1943549856,22.194354985630863,3.086242372773995e-11,14.5,22.0,24.0,15.2,0.0,50.0,2841.6894446254755,22.0,59.02308757276009,0.22084475506222628,-572.2991911810467,0.0,-572.2991911810467,6
46,one_step,22.9792098999,22.194355011,22.9792098999,22.194355011,22.6965655457,22.696565545690127,-9.872991313386592e-12,21.9810671561,21.981067156141684,4.168398959336628e-11,14.5,22.0,24.0,14.8,0.0,50.0,3014.4338065645907,22.0,60.36932589317139,0.2240358197194024,-563.0017856162525,0.0,-563.0017856162525,6
47,one_step,22.6965656281,21.9810676575,22.6965656281,21.9810676575,22.4284252145,22.42842521450025,2.5224267119483557e-13,21.8569620137,21.856962013714924,1.4924950164640904e-11,14.5,22.0,24.0,14.4,0.0,50.0,2877.3511825421874,22.0,56.404788868556025,0.21463845389679592,-529.6259201073277,0.0,-529.6259201073277,6
48,one_step,22.4284248352,21.856962204,22.4284248352,21.856962204,22.1860663201,22.186066320055506,-4.4494186113297474e-11,21.7889536328,21.788953632763484,-3.651479119071155e-11,14.5,22.0,24.0,14.2,0.0,50.0,2562.2104154631106,22.0,49.41918462496086,0.19808008197053428,-483.7385300294293,0.0,-483.7385300294293,6
49,one_step,22.1860656738,21.7889537811,22.1860656738,21.7889537811,21.9698557989,21.969855798918665,1.8665957668417832e-11,21.7577282898,21.757728289769027,-3.097255785178277e-11,14.5,22.0,24.0,13.9,0.0,50.0,2154.5657313005113,22.0,40.93948101121168,0.17798016199730354,-432.48888697862077,0.0,-432.48888697862077,6
50,one_step,21.9698562622,21.7577285767,21.9698562622,21.7577285767,21.8781921156,21.87819211555731,-4.268940756446682e-11,22.6692213525,22.66922135251525,1.525179982309055e-11,17.7000007629,24.0,24.0,13.8,0.0,50.0,0.0,24.0,0.0,0.080939,-133.85224243599163,135.8538387458438,2.001596309852175,6
51,one_step,21.8781929016,22.6692218781,21.8781929016,22.6692218781,21.8360382117,21.836038211678257,-2.1742607714259066e-11,22.6942401876,22.69424018761857,1.8570034399090218e-11,17.7000007629,24.0,24.0,13.7,0.0,50.0,0.0,24.0,0.0,0.080939,-135.32993338709227,130.39860553507017,-4.931327852022093,6
52,one_step,21.8360385895,22.6942405701,21.8360385895,22.6942405701,21.7978370441,21.797837044098316,-1.6839862837514374e-12,22.6770389107,22.677038910708717,8.71835936777643e-12,17.7000007629,24.0,24.0,13.6,0.0,50.0,0.0,24.0,0.0,0.080939,-134.89932927285125,131.98827884460337,-2.9110504282478757,6
53,one_step,21.7978363037,22.6770401001,21.7978363037,22.6770401001,21.6696651128,21.66966511278502,-1.4981793583501712e-11,21.6873974557,21.687397455712688,1.2686740546996589e-11,17.7000007629,18.0,24.0,13.5,0.0,50.0,2716.956676534504,18.0,100.0,0.31797464285714283,-430.1808227751094,0.0,-430.1808227751094,6
54,one_step,21.6696643829,21.6873970032,21.6696643829,21.6873970032,21.5016002141,21.501600214124775,2.4773072482275893e-11,21.535602664,21.53560266398136,-1.8637535958987428e-11,17.7000007629,18.0,24.0,13.4,0.0,50.0,2716.95667653,18.0,100.0,0.31797464285714283,-409.97726035306886,0.0,-409.97726035306886,6
55,one_step,21.5016002655,21.5356025696,21.5016002655,21.5356025696,21.434864358,21.434864358027117,2.7117863510284224e-11,22.3629043551,22.362904355134223,3.4223290867885225e-11,16.0,24.0,24.0,13.3,0.0,50.0,0.0,24.0,0.0,0.080939,-171.6446999041046,166.33443774376317,-5.310262160341438,6
56,one_step,21.4348640442,22.362903595,21.4348640442,22.362903595,21.4129681641,21.41296816413356,3.355893340994953e-11,22.3933776657,22.393377665728877,2.887645678129047e-11,16.0,24.0,24.0,13.3,0.0,50.0,0.0,24.0,0.0,0.080939,-173.18865397961338,160.63457909446228,-12.554074885151095,6
57,one_step,21.4129676819,22.3933773041,21.4129676819,22.3933773041,21.3949243114,21.39492431138441,-1.5589307622576598e-11,22.3860472839,22.386047283904926,4.924061158817494e-12,16.0,24.0,24.0,13.3,0.0,50.0,0.0,24.0,0.0,0.080939,-173.02119053490807,161.25280859939792,-11.768381935510149,6
58,one_step,21.3949241638,22.3860473633,21.3949241638,22.3860473633,21.3906995256,21.390699525592165,-7.833733661755105e-12,22.3836518283,22.383651828335925,3.5925040720030665e-11,16.0,24.0,24.0,13.9,1.485,50.0,0.0,24.0,0.0,0.080939,-172.9274277409053,161.5989553409733,-11.328472399931997,6
59,one_step,21.3907012939,22.3836517334,21.3907012939,22.3836517334,21.3786019878,21.37860198778847,-1.1528555887707626e-11,22.0583061164,22.05830611639183,-8.171241461241152e-12,16.0,22.0,24.0,14.6,58.55607957,50.0,356.6124994778047,22.0,7.841792043782839,0.09952684218250094,-202.47586036072423,0.0,-202.47586036072423,6
60,one_step,21.3786010742,22.0583057404,21.3786010742,22.0583057404,21.3622152944,21.362215294403555,3.5562663924793014e-12,21.9678144113,21.967814411255002,-4.4998671455687145e-11,16.0,22.0,24.0,15.8,23.925,50.0,364.9304233505044,22.0,7.048323515418286,0.0976460389554229,-195.16446505694762,0.0,-195.16446505694762,6
61,one_step,21.3622169495,21.9678153992,21.3622169495,21.9678153992,21.3942332826,21.394233282633415,3.341682486279751e-11,22.0885189168,22.08851891683172,3.172218043800967e-11,16.0,22.0,24.0,17.0,119.0683878,50.0,439.86700397575373,22.0,9.554605408511884,0.10358682035252949,-210.91924187618912,0.0,-210.91924187618912,6
62,one_step,21.3942337036,22.08852005,21.3942337036,22.08852005,21.4532079032,21.45320790321491,1.4910739309925702e-11,22.0944315282,22.094431528158694,-4.1307401943413424e-11,16.0,22.0,24.0,18.4,118.3605563,50.0,605.9098005720581,22.0,12.967614210549895,0.11167686770721115,-227.7745505525749,0.0,-227.7745505525749,6
63,one_step,21.4532089233,22.0944328308,21.4532089233,22.0944328308,21.5662584258,21.56625842578719,-1.2811085525754606e-11,22.3741699101,22.37416991011682,1.681854655544157e-11,16.0,22.0,24.0,19.8,165.0533408,180.0,1101.9124883419204,22.0,25.372206454633,0.14108017267678083,-300.77923139985785,0.0,-300.77923139985785,6
64,one_step,21.5662574768,22.374168396,21.5662574768,22.374168396,21.7474337469,21.747433746854494,-4.5506709511755616e-11,22.8580227503,22.858022750296122,-3.879563337250147e-12,12.8000001907,24.0,24.0,21.0,209.380991,180.0,0.0,24.0,0.0,0.080939,-271.65012678515905,117.14157386898769,-154.50855291617137,6
65,one_step,21.7474327087,22.8580226898,21.7474327087,22.8580226898,21.978268402,21.978268401929885,-7.011635716480669e-11,23.0955991112,23.095599111170767,-2.923172814917052e-11,12.8000001907,24.0,24.0,22.2,297.120158,180.0,0.0,24.0,0.0,0.080939,-278.2455322880222,92.79313002764233,-185.45240226037987,6
66,one_step,21.9782676697,23.0956001282,21.9782676697,23.0956001282,22.2206330233,22.22063302333698,3.6980196682634414e-11,23.2544839317,23.254483931704687,4.686029342337861e-12,12.8000001907,24.0,24.0,23.2,323.3944953,180.0,0.0,24.0,0.0,0.080939,-282.60799091431517,76.68811892159653,-205.91987199271864,6
67,one_step,22.2206325531,23.2544841766,22.2206325531,23.2544841766,22.4802164923,22.480216492268088,-3.19104742629861e-11,23.4699794662,23.469979466204407,4.405364961712621e-12,12.8000001907,24.0,24.0,24.1,393.4954187,180.0,0.0,24.0,0.0,0.080939,-288.358841077022,55.45754376350018,-232.90129731352184,6
68,one_step,22.48021698,23.4699783325,22.48021698,23.4699783325,22.7446594473,22.744659447297025,-2.9736213491560193e-12,23.6369118961,23.636911896075063,-2.4936497311500716e-11,12.8000001907,24.0,24.0,25.0,418.1074349,180.0,0.0,24.0,0.0,0.080939,-292.92074240760667,38.61624442121112,-254.30449798639555,6
69,one_step,22.7446594238,23.6369113922,22.7446594238,23.6369113922,23.0266619433,23.02666194329177,-8.22808488010196e-12,23.8740828164,23.874082816407228,7.226219622680219e-12,12.8000001907,24.0,24.0,25.9,496.9062356,180.0,0.0,24.0,0.0,0.080939,-299.24451902662315,15.270580563773706,-283.97393846284945,6
70,one_step,23.0266609192,23.8740844727,23.0266609192,23.8740844727,23.229525505,23.229525505005693,5.6914473134384025e-12,23.0667867058,23.06678670582197,2.1969981389702298e-11,12.8000001907,22.0,24.0,26.6,508.5705081,180.0,2716.7865668948825,22.0,64.91066800537837,0.23480041918941436,-815.2656208812894,0.0,-815.2656208812894,6
71,one_step,23.2295246124,23.0667877197,23.2295246124,23.0667877197,23.3477080966,23.347708096618852,1.8850698779715458e-11,22.6899113505,22.68991135053723,3.722888664015045e-11,12.8000001907,22.0,24.0,27.3,585.9484111,180.0,4353.815906812924,22.0,93.81620387273361,0.30331684195390185,-1009.9107655302898,0.0,-1009.9107655302898,6
72,one_step,23.3477096558,22.6899108887,23.3477096558,22.6899108887,23.427292018,23.42729201805344,5.3439919156517135e-11,22.5924134496,22.592413449571268,-2.873079552045965e-11,12.8000001907,22.0,24.0,27.8,626.0118392,180.0,4560.78917345,22.0,100.0,0.31797464285714283,-1042.0295796362186,0.0,-1042.0295796362186,6
73,one_step,23.4272918701,22.592414856,23.4272918701,22.592414856,23.6212533893,23.62125338932533,2.532729581616877e-11,23.5852712181,23.585271218086234,-1.3766765505351941e-11,16.7433452606,21.0998268127,24.0,28.3,624.281796,180.0,3305.0732513130415,21.0998268127,100.0,0.31797464285714283,-733.805981126831,0.0,-733.805981126831,6
74,one_step,23.6212539673,23.585269928,23.6212539673,23.585269928,23.7996640605,23.799664060515408,1.5408119224957773e-11,23.5607298796,23.560729879649497,4.949640697304858e-11,16.7433452606,21.0998268127,24.0,28.5,616.1062069,180.0,3305.07325123,21.0998268127,100.0,0.31797464285714283,-724.3486855743298,0.0,-724.3486855743298,6
75,one_step,23.7996635437,23.5607299805,23.7996635437,23.5607299805,23.9478147111,23.947814711113512,1.3510970120478305e-11,23.5787690001,23.57876900014168,4.168043687968748e-11,16.7433452606,21.0998268127,24.0,28.7,571.0052776,180.0,3305.07325123,21.0998268127,100.0,0.31797464285714283,-726.2950926365706,0.0,-726.2950926365706,6
76,one_step,23.9478149414,23.5787696838,23.9478149414,23.5787696838,24.0861613864,24.086161386428888,2.8887114922326873e-11,23.6750944595,23.67509445949271,-7.290168468898628e-12,16.7433452606,21.0998268127,24.0,28.7,591.8202484,180.0,3305.07325123,21.0998268127,100.0,0.31797464285714283,-736.2784105417154,0.0,-736.2784105417154,6
77,one_step,24.0861625671,23.6750946045,24.0861625671,23.6750946045,24.1828231465,24.1828231464927,-7.297273896256229e-12,23.5911628698,23.59116286979878,-1.2221335055073723e-12,16.7433452606,21.0998268127,24.0,28.8,478.3471966,180.0,3305.07325123,21.0998268127,100.0,0.31797464285714283,-728.4057162045325,0.0,-728.4057162045325,6
78,one_step,24.1828231812,23.5911636353,24.1828231812,23.5911636353,24.2508947341,24.250894734095528,-4.472866521609831e-12,23.5538644096,23.553864409659397,5.939781999586558e-11,16.7433452606,21.0998268127,24.0,28.9,423.6056223,180.0,3305.07325123,21.0998268127,100.0,0.31797464285714283,-724.4344766003411,0.0,-724.4344766003411,6
79,one_step,24.2508945465,23.5538635254,24.2508945465,23.5538635254,24.2290118271,24.229011827086133,-1.3866241488358355e-11,22.914881272,22.91488127199823,-1.7692514120426495e-12,14.5,20.0,24.0,28.9,216.3686579,180.0,3141.315941616892,20.0,100.0,0.31797464285714283,-901.9168453987045,0.0,-901.9168453987045,6
80,one_step,24.2290115356,22.9148807526,24.2290115356,22.9148807526,24.1576363583,24.157636358287213,-1.2786216530003003e-11,22.8060737283,22.806073728287064,-1.2935430504512624e-11,14.5,20.0,24.0,28.8,227.3332997,180.0,3141.31594161,20.0,100.0,0.31797464285714283,-884.8533594999556,0.0,-884.8533594999556,6
81,one_step,24.1576347351,22.8060741425,24.1576347351,22.8060741425,24.0552352907,24.05523529069778,-2.220446049250313e-12,22.6215591615,22.621559161543846,4.384759222375578e-11,14.5,20.0,24.0,28.6,122.8774965,180.0,3141.31594161,20.0,100.0,0.31797464285714283,-865.7562169348756,0.0,-865.7562169348756,6
82,one_step,24.0552368164,22.6215591431,24.0552368164,22.6215591431,23.9518187623,23.95181876225419,-4.580869017445366e-11,22.5680071668,22.5680071667555,-4.4501291540655075e-11,14.5,20.0,24.0,28.3,129.819488,180.0,3141.31594161,20.0,100.0,0.31797464285714283,-859.5042389263248,0.0,-859.5042389263248,6
83,one_step,23.9518203735,22.5680065155,23.9518203735,22.5680065155,23.8032867591,23.80328675909703,-2.9700686354772188e-12,22.1568399157,22.156839915660953,-3.9047876043696306e-11,14.5,20.0,24.0,28.0,44.385,50.0,3868.018569961328,20.0,100.0,0.31797464285714283,-817.6305818557736,0.0,-817.6305818557736,6
84,one_step,23.8032875061,22.1568393707,23.8032875061,22.1568393707,23.7894659385,23.78946593852949,2.948752353404416e-11,23.4194553068,23.419455306758167,-4.18332035678759e-11,12.8000001907,24.0,24.0,28.0,52.59964202,50.0,0.0,24.0,0.0,0.080939,-286.4177184394267,62.62364075482765,-223.79407768459907,6
85,one_step,23.7894668579,23.4194564819,23.7894668579,23.4194564819,23.8037238176,23.803723817633454,3.3452351999585517e-11,23.4552768309,23.45527683088948,-1.0519585202928283e-11,12.8000001907,24.0,24.0,26.9,21.12,50.0,0.0,24.0,0.0,0.080939,-288.5652184936554,54.695654454823384,-233.86956403883198,6
86,one_step,23.8037223816,23.4552764893,23.8037223816,23.4552764893,23.7953578928,23.79535789280923,9.229950137523701e-12,23.4427483777,23.44274837775355,5.355005328055995e-11,12.8000001907,24.0,24.0,25.9,10.065,50.0,0.0,24.0,0.0,0.080939,-288.31336197224914,55.62544025266014,-232.68792171958899,6
87,one_step,23.7953567505,23.4427490234,23.7953567505,23.4427490234,23.7684449899,23.768444989945948,4.594724600792688e-11,23.4340305124,23.434030512388052,-1.1947776101806085e-11,12.8000001907,24.0,24.0,24.9,11.96649567,50.0,0.0,24.0,0.0,0.080939,-288.10554809223834,56.39263259355545,-231.7129154986829,6
88,one_step,23.7684440613,23.4340305328,23.7684440613,23.4340305328,23.7232522248,23.7232522247696,-3.0400570949495886e-11,23.3998612265,23.399861226512005,1.2004619520666893e-11,12.8000001907,24.0,24.0,24.0,0.0,50.0,0.0,24.0,0.0,0.080939,-287.2370911964107,59.598739321566185,-227.6383518748445,6
89,one_step,23.7232513428,23.3998603821,23.7232513428,23.3998603821,23.6660590195,23.6660590194786,-2.1401547201094218e-11,23.3723975874,23.37239758743709,3.709033080667723e-11,12.8000001907,24.0,24.0,23.2,0.0,50.0,0.0,24.0,0.0,0.080939,-286.50726067531986,62.293075166233436,-224.2141855090864,6
90,one_step,23.6660575867,23.3723983765,23.6660575867,23.3723983765,23.615803238,23.61580323805552,5.551825665861543e-11,23.4377032242,23.43770322417245,-2.7551294579097885e-11,16.0577697754,23.6413230896,24.0,22.8,0.0,50.0,0.0,23.6413230896,0.0,0.080939,-199.9264038877789,20.28140778475347,-179.64499610302542,6
91,one_step,23.6158027649,23.437702179,23.6158027649,23.437702179,23.5663927425,23.566392742522766,2.276578925375361e-11,23.417868724,23.41786872398419,-1.581312858434103e-11,16.0577697754,23.6413230896,24.0,22.4,0.0,50.0,0.0,23.6413230896,0.0,0.080939,-199.4727438236748,21.956197392322707,-177.51654643135208,6
92,one_step,23.5663909912,23.4178695679,23.5663909912,23.4178695679,23.4810094452,23.481009445174532,-2.546940436332079e-11,22.9664795659,22.96647956592807,2.8069990776202758e-11,15.0486869812,22.5499286652,24.0,22.1,0.0,50.0,1174.2231355522786,22.5499286652,27.72258737630805,0.1466514132040649,-391.267583705595,0.0,-391.267583705595,6
93,one_step,23.481010437,22.9664802551,23.481010437,22.9664802551,23.358413555,23.358413554987646,-1.2352785461189342e-11,22.7317099985,22.731709998487787,-1.2214229627716122e-11,15.0486869812,22.5499286652,24.0,21.8,0.0,50.0,1728.7964127628825,22.5499286652,36.488058055788386,0.1674287029786255,-432.2202859623322,0.0,-432.2202859623322,6
94,one_step,23.3584136963,22.731710434,23.3584136963,22.731710434,23.2812627639,23.28126276388494,-1.5059953284435323e-11,23.1549874482,23.154987448205553,5.552891479965183e-12,12.8000001907,24.0,24.0,21.6,0.0,50.0,0.0,24.0,0.0,0.080939,-280.20234200751486,85.56912059523043,-194.63322141228443,6
95,one_step,23.2812633514,23.1549873352,23.2812633514,23.1549873352,23.2280290396,23.22802903956081,-3.9189984590848326e-11,23.1505387635,23.150538763440963,-5.903544320062792e-11,12.8000001907,24.0,24.0,21.4,0.0,50.0,0.0,24.0,0.0,0.080939,-280.4677861980385,84.58917281746743,-195.87861338057104,6
96,one_step,23.2280292511,23.1505393982,23.2280292511,23.1505393982,23.178674585,23.17867458499557,-4.430233957464225e-12,23.126400274,23.126400274045885,4.588329716170847e-11,12.8000001907,24.0,24.0,21.3,0.0,50.0,0.0,24.0,0.0,0.080939,-279.8268853154875,86.95520461640491,-192.87168069908262,6
97,one_step,23.1786746979,23.1263999939,23.1786746979,23.1263999939,23.1318729911,23.13187299112799,2.7991831075269147e-11,23.1025327601,23.10253276009274,-7.261746759468224e-12,12.8000001907,24.0,24.0,21.2,0.0,50.0,0.0,24.0,0.0,0.080939,-279.1756765559264,89.35929029457625,-189.81638626135012,6
98,one_step,23.1318740845,23.1025333405,23.1318740845,23.1025333405,23.1069457961,23.106945796087203,-1.2796874671039404e-11,23.2380675749,23.238067574938363,3.836220230368781e-11,16.0,24.0,24.0,21.3,0.0,50.0,0.0,24.0,0.0,0.080939,-195.96954054989314,76.53373994640376,-119.43580060348938,6
99,one_step,23.1069450378,23.238067627,23.1069450378,23.238067627,23.0909473963,23.090947396294073,-5.9259264162392356e-12,23.2369736894,23.236973689340644,-5.935518743171997e-11,16.0,24.0,24.0,21.3,0.0,50.0,0.0,24.0,0.0,0.080939,-196.0609561168323,76.19625852894174,-119.86469758789056,6
100,one_step,23.0909461975,23.2369728088,23.0909461975,23.2369728088,23.0728162991,23.072816299131375,3.1374014497487224e-11,23.2285992418,23.228599241815377,1.5376144801848568e-11,16.0,24.0,24.0,21.1,0.0,50.0,0.0,24.0,0.0,0.080939,-195.84508125822146,76.99320981106723,-118.85187144715422,6
101,one_step,23.0728168488,23.2285995483,23.0728168488,23.2285995483,23.0524678959,23.05246789595852,5.852029971720185e-11,23.2187749015,23.218774901480842,-1.91597848697711e-11,16.0,24.0,24.0,20.9,0.0,50.0,0.0,24.0,0.0,0.080939,-195.58425871729233,77.95609571514284,-117.62816300214949,6
102,one_step,23.0524673462,23.2187747955,23.0524673462,23.2187747955,23.0242437894,23.024243789390546,-9.453771099288133e-12,23.2058730392,23.205873039214307,1.4306777984529617e-11,16.0,24.0,24.0,20.4,0.0,50.0,0.0,24.0,0.0,0.080939,-195.2514982168398,79.18455700601719,-116.0669412108226,6
103,one_step,23.0242424011,23.205871582,23.0242424011,23.205871582,22.9888971763,22.988897176256216,-4.3783643377537373e-11,23.1893250767,23.189325076675665,-2.433608869978343e-11,16.0,24.0,24.0,19.9,0.0,50.0,0.0,24.0,0.0,0.080939,-194.81923617429123,80.7803509360749,-114.03888523821634,6
104,one_step,22.9888954163,23.1893253326,22.9888954163,23.1893253326,22.9101422402,22.910142240253826,5.382716494750639e-11,22.7597918986,22.75979189864665,4.665068331632938e-11,15.9101200104,22.4286346436,24.0,19.3,0.0,50.0,979.4365936034573,22.4286346436,22.973183792428593,0.13539363388713604,-312.40470313421736,0.0,-312.40470313421736,6
105,one_step,22.9101409912,22.7597923279,22.9101409912,22.7597923279,22.7919349183,22.79193491828374,-1.6260770507869893e-11,22.5703910197,22.57039101969387,-6.131983809609665e-12,15.9101200104,22.4286346436,24.0,18.6,0.0,50.0,1417.9756612602764,22.4286346436,29.859060884500778,0.1517156169186821,-339.4319116677522,0.0,-339.4319116677522,6
106,one_step,22.791934967,22.5703907013,22.791934967,22.5703907013,22.6707881025,22.67078810243786,-6.214051495589956e-11,22.4589675826,22.458967582583128,-1.687183726062358e-11,15.9101200104,22.4286346436,24.0,18.5,2.145,50.0,1582.809936071695,22.4286346436,32.06792743260878,0.15695141794084627,-344.79711724851023,0.0,-344.79711724851023,6
107,one_step,22.6707878113,22.4589672089,22.6707878113,22.4589672089,22.568666316,22.56866631602826,2.8258284601179184e-11,22.4558622476,22.455862247650664,5.0665249773373944e-11,15.9101200104,22.4286346436,24.0,18.3,59.83794549,50.0,1658.9262331944515,22.4286346436,33.501901410639164,0.16035044737807475,-351.73742748372933,0.0,-351.73742748372933,6
108,one_step,22.5686664581,22.4558620453,22.5686664581,22.4558620453,22.4561369921,22.45613699204249,-5.750777631874371e-11,22.0864486993,22.086448699276644,-2.3355539724434493e-11,17.7000007629,18.0,24.0,18.9,24.255,50.0,2659.091958609016,18.0,100.0,0.31797464285714283,-469.9462131432583,0.0,-469.9462131432583,6
109,one_step,22.4561367035,22.0864486694,22.4561367035,22.0864486694,22.3685507954,22.368550795424827,2.48263631874579e-11,22.1192300909,22.11923009092737,2.737010618147906e-11,17.7000007629,18.0,24.0,19.4,115.4087307,50.0,2659.09195861,18.0,100.0,0.31797464285714283,-470.7390355856687,0.0,-470.7390355856687,6
110,one_step,22.3685512543,22.1192302704,22.3685512543,22.1192302704,22.2940766042,22.294076604246445,4.644462592295895e-11,22.0138939964,22.01389399644313,4.312994406063808e-11,17.7000007629,18.0,24.0,20.3,60.47298408,50.0,2659.09195861,18.0,100.0,0.31797464285714283,-460.0299728060183,0.0,-460.0299728060183,6
111,one_step,22.2940750122,22.0138950348,22.2940750122,22.0138950348,22.3365052835,22.336505283460962,-3.9037217902659904e-11,22.7220607036,22.72206070357273,-2.7270630198472645e-11,14.5,22.0,24.0,21.1,172.3152619,180.0,896.4191457985145,22.0,24.491153176874484,0.138991762375932,-382.78857129136543,0.0,-382.78857129136543,6
112,one_step,22.3365058899,22.7220611572,22.3365058899,22.7220611572,22.3774204823,22.377420482343126,4.312639134695928e-11,22.4607969817,22.46079698168722,-1.2779111102645402e-11,14.5,22.0,24.0,21.7,122.2668529,180.0,1989.3021015965483,22.0,44.273735835229424,0.18588353435390928,-497.58712081335955,0.0,-497.58712081335955,6
113,one_step,22.3774204254,22.4607963562,22.3774204254,22.4607963562,22.4522373241,22.452237324101805,1.8047785488306545e-12,22.5171239354,22.517123935366893,-3.310773877274187e-11,14.5,22.0,24.0,22.4,330.8368044,180.0,2956.7647247140485,22.0,64.00517206957036,0.23265407107692654,-626.0924158442507,0.0,-626.0924158442507,6
114,one_step,22.4522380829,22.517124176,22.4522380829,22.517124176,22.5082124757,22.50821247566774,-3.225864020350855e-11,22.3557528333,22.35575283328476,-1.523758896837535e-11,14.5,22.0,24.0,22.9,326.0023189,180.0,3761.2418939095433,22.0,78.642648293254,0.2673501069417965,-705.0268050125688,0.0,-705.0268050125688,6
115,one_step,22.5082130432,22.3557529449,22.5082130432,22.3557529449,22.6164345362,22.61643453616862,-3.1381119924844825e-11,22.4682275153,22.468227515288177,-1.1823431123048067e-11,14.5,20.0,24.0,23.3,509.5403113,180.0,3129.781575648696,20.0,100.0,0.31797464285714283,-854.7583411135603,0.0,-854.7583411135603,6
116,one_step,22.6164340973,22.4682273865,22.6164340973,22.4682273865,22.6960349829,22.696034982949563,4.956390853294579e-11,22.4381362478,22.438136247833388,3.338840315336711e-11,14.5,20.0,24.0,23.7,540.764517,180.0,3870.2497916300003,20.0,100.0,0.31797464285714283,-844.3315861269631,0.0,-844.3315861269631,6
117,one_step,22.6960353851,22.4381370544,22.6960353851,22.4381370544,22.8044256194,22.804425619323744,-7.625544640177395e-11,22.6229419285,22.622941928502563,2.561506562415161e-12,14.5,20.0,24.0,24.1,650.159358,180.0,3870.24979162,20.0,100.0,0.31797464285714283,-862.8681113072431,0.0,-862.8681113072431,6
118,one_step,22.8044242859,22.6229419708,22.8044242859,22.6229419708,22.9235664688,22.923566468851842,5.184119800105691e-11,22.7284389884,22.728438988362978,-3.702282924678002e-11,14.5,20.0,24.0,24.4,679.3646442,180.0,3870.24979162,20.0,100.0,0.31797464285714283,-874.3596730801177,0.0,-874.3596730801177,6
119,one_step,22.9235668182,22.7284393311,22.9235668182,22.7284393311,23.0583368612,23.058336861209412,9.411138535142527e-12,22.7805613593,22.780561359248026,-5.197264840717253e-11,13.9463033676,18.4664211273,24.0,24.8,729.5834909,180.0,2609.7795953147747,18.4664211273,100.0,0.31797464285714283,-940.5784553609353,0.0,-940.5784553609353,6
120,one_step,23.0583362579,22.7805614471,23.0583362579,22.7805614471,23.1744284671,23.174428467094035,-5.965006266706041e-12,22.8310991016,22.83109910162586,2.5860202867988846e-11,13.9463033676,18.4664211273,24.0,25.0,739.3866602,180.0,2609.77959528,18.4664211273,100.0,0.31797464285714283,-944.4623821769962,0.0,-944.4623821769962,6
121,one_step,23.1744289398,22.8311004639,23.1744289398,22.8311004639,23.2830953099,23.283095309906766,6.767919558114954e-12,22.8770197413,22.87701974129842,-1.580957587066223e-12,13.9463033676,18.4664211273,24.0,25.3,730.3185855,180.0,2609.77959528,18.4664211273,100.0,0.31797464285714283,-949.42007722048,0.0,-949.42007722048,6
122,one_step,23.2830963135,22.8770198822,23.2830963135,22.8770198822,23.3822547656,23.382254765621763,2.176392399633187e-11,22.9149909517,22.914990951658723,-4.127542752030422e-11,13.9463033676,18.4664211273,24.0,25.5,718.6380214,180.0,2609.77959528,18.4664211273,100.0,0.31797464285714283,-953.5604494881,0.0,-953.5604494881,6
123,one_step,23.3822555542,22.9149913788,23.3822555542,22.9149913788,23.4561639984,23.456163998403408,3.4070524179696804e-12,22.8701845665,22.870184566471018,-2.8983038191654487e-11,13.9463033676,18.4664211273,24.0,25.7,649.7882838,180.0,2609.77959528,18.4664211273,100.0,0.31797464285714283,-949.3208026107507,0.0,-949.3208026107507,6
124,one_step,23.4561634064,22.8701858521,23.4561634064,22.8701858521,23.5128943656,23.51289436559701,-2.9913849175500218e-12,22.8590964299,22.85909642989577,-4.227729277772596e-12,13.9463033676,18.4664211273,24.0,25.8,619.4570317,180.0,2609.77959528,18.4664211273,100.0,0.31797464285714283,-948.1152100136449,0.0,-948.1152100136449,6
125,one_step,23.5128936768,22.8590965271,23.5128936768,22.8590965271,23.5696027297,23.569602729708507,8.5051965470484e-12,22.9135049768,22.91350497680011,1.1013412404281553e-13,14.5,20.0,24.0,25.9,494.5346672,180.0,3631.993168886,20.0,99.199959004247,0.31607826053973903,-893.9669071484202,0.0,-893.9669071484202,6
126,one_step,23.5696029663,22.9135055542,23.5696029663,22.9135055542,23.5732621921,23.573262192114843,1.4843237750028493e-11,22.7712397945,22.77123979454676,4.675726472669339e-11,14.5,20.0,24.0,25.8,434.2262578,180.0,3631.99316887,20.0,100.0,0.31797464285714283,-880.7715683108696,0.0,-880.7715683108696,6
127,one_step,23.573261261,22.7712402344,23.573261261,22.7712402344,23.5226239728,23.52262397279032,-9.681144774731365e-12,22.546266301,22.546266301054622,5.46229728115577e-11,14.5,20.0,24.0,25.7,276.8261154,180.0,3631.99316887,20.0,100.0,0.31797464285714283,-857.559591137563,0.0,-857.559591137563,6
128,one_step,23.5226249695,22.5462665558,23.5226249695,22.5462665558,23.4389718052,23.438971805201188,1.1866063687193673e-12,22.4147163653,22.414716365356202,5.6203930398623925e-11,14.5,20.0,24.0,25.2,212.85395,180.0,3631.99316887,20.0,100.0,0.31797464285714283,-843.3889276664944,0.0,-843.3889276664944,6
129,one_step,23.4389724731,22.4147167206,23.4389724731,22.4147167206,23.4747688174,23.4747688173814,-1.8602008822199423e-11,23.7506753657,23.750675365725833,2.5831781158558442e-11,16.0,24.0,24.0,24.7,128.9326669,180.0,0.0,24.0,0.0,0.080939,-208.55013903383036,30.089590978810676,-178.46054805501967,6
130,one_step,23.4747695923,23.7506752014,23.4747695923,23.7506752014,23.5364368028,23.536436802774222,-2.5778490453376435e-11,23.8054717776,23.805471777610165,1.0164313835048233e-11,16.0,24.0,24.0,23.7,90.98752998,180.0,0.0,24.0,0.0,0.080939,-211.26977235912187,20.049444203731426,-191.22032815539046,6
131,one_step,23.5364379883,23.8054714203,23.5364379883,23.8054714203,23.5427173187,23.542717318693704,-6.295408638834488e-12,23.549386651,23.549386651004422,4.423128530106624e-12,16.0,24.0,24.0,22.8,56.595,50.0,0.0,24.0,0.0,0.080939,-204.73965874958364,44.1568481276331,-160.58281062195056,6
132,one_step,23.54271698,23.5493850708,23.54271698,23.5493850708,23.5321838441,23.532183844118283,1.8282264591107378e-11,23.5125473791,23.512547379064742,-3.525713054841617e-11,16.0,24.0,24.0,22.8,40.59,50.0,0.0,24.0,0.0,0.080939,-203.55182886386734,48.5419930975489,-155.00983576631845,6
133,one_step,23.5321846008,23.5125465393,23.5321846008,23.5125465393,23.3876518343,23.387651834257277,-4.2724934701254824e-11,22.6091267731,22.609126773056392,-4.360956040727615e-11,17.7000007629,18.0,24.0,20.4,25.245,50.0,1653.7639617900002,18.0,100.0,0.31797464285714283,-527.6540979283179,0.0,-527.6540979283179,6
134,one_step,23.3876533508,22.6091270447,23.3876533508,22.6091270447,23.1863638953,23.186363895240106,-5.989519991089765e-11,22.4376819304,22.43768193040551,5.510258915819577e-12,17.7000007629,18.0,24.0,19.2,11.88,50.0,1653.76396179,18.0,99.93733655014775,0.3178261081459491,-506.0320931932909,0.0,-506.0320931932909,6
135,one_step,23.1863632202,22.4376811981,23.1863632202,22.4376811981,22.9792985335,22.979298533494315,-5.6843418860808015e-12,22.3307921233,22.330792123263336,-3.666400516522117e-11,17.7000007629,18.0,24.0,18.1,15.52479867,50.0,2985.06832122,18.0,100.0,0.31797464285714283,-494.681427326554,0.0,-494.681427326554,6
136,one_step,22.9792976379,22.3307914734,22.9792976379,22.3307914734,22.7762045415,22.776204541456444,-4.355626970209414e-11,22.2044751885,22.20447518843164,-6.835776389380044e-11,17.7000007629,18.0,24.0,17.6,0.0,50.0,2985.06832123,18.0,100.0,0.31797464285714283,-481.2885281795332,0.0,-481.2885281795332,6
137,one_step,22.7762031555,22.2044754028,22.7762031555,22.2044754028,22.4999909523,22.49999095227038,-2.9618973940159776e-11,21.2888687493,21.288868749254878,-4.512301643444516e-11,13.6181669235,18.1816959381,24.0,17.1,0.0,50.0,2985.06832123,18.1816959381,100.0,0.31797464285714283,-822.1055852923835,0.0,-822.1055852923835,6
138,one_step,22.4999904633,21.2888679504,22.4999904633,21.2888679504,22.20398178,22.203981780030944,3.094413614235236e-11,21.0877565128,21.087756512774554,-2.5444535367569188e-11,13.6181669235,18.1816959381,24.0,16.7,0.0,50.0,2985.06832123,18.1816959381,100.0,0.31797464285714283,-797.7842577539676,0.0,-797.7842577539676,6
139,one_step,22.2039833069,21.0877571106,22.2039833069,21.0877571106,21.9239740935,21.923974093487974,-1.2025935802739696e-11,20.935800982,20.93580098199488,-5.119460411151522e-12,13.6181669235,18.1816959381,24.0,16.3,0.0,50.0,2985.06832123,18.1816959381,100.0,0.31797464285714283,-781.2930862137455,0.0,-781.2930862137455,6
140,one_step,21.9239730835,20.9358005524,21.9239730835,20.9358005524,21.6605434727,21.66054347269605,-3.9470648971473565e-12,20.7961830082,20.796183008229587,2.958699951705057e-11,13.6181669235,18.1816959381,24.0,15.9,0.0,50.0,3782.889043120501,18.1816959381,100.0,0.31797464285714283,-766.3456950197935,0.0,-766.3456950197935,6
141,one_step,21.6605434418,20.7961826324,21.6605434418,20.7961826324,21.492529249,21.49252924900749,7.489120434911456e-12,21.4734414936,21.473441493613276,1.3276491017677472e-11,17.7000007629,18.0,24.0,15.5,0.0,50.0,3782.88904311,18.0,100.0,0.31797464285714283,-399.81538921525436,0.0,-399.81538921525436,6
142,one_step,21.4925289154,21.4734420776,21.4925289154,21.4734420776,21.3674144657,21.367414465659266,-4.0735415041126544e-11,21.4503019852,21.450301985196873,-3.126388037344441e-12,17.7000007629,18.0,24.0,15.1,0.0,50.0,3782.88904311,18.0,100.0,0.31797464285714283,-400.0530397012968,0.0,-400.0530397012968,6
143,one_step,21.3674144745,21.450302124,21.3674144745,21.450302124,21.2474715631,21.247471563110512,1.0512479775570682e-11,21.3895239017,21.389523901656688,-4.331113245825691e-11,17.7000007629,18.0,24.0,14.7,0.0,50.0,3782.88904311,18.0,100.0,0.31797464285714283,-393.71061575479064,0.0,-393.71061575479064,6
144,one_step,21.2474708557,21.3895244598,21.2474708557,21.3895244598,21.132298023,21.132298022992014,-7.986500349943526e-12,21.3286921335,21.32869213352598,2.5980995133068063e-11,17.7000007629,18.0,24.0,14.4,0.0,50.0,3782.88904311,18.0,100.0,0.31797464285714283,-387.20446969812065,0.0,-387.20446969812065,6
145,one_step,21.1322975159,21.3286933899,21.1322975159,21.3286933899,21.0213565706,21.021356570667624,6.762590487596754e-11,21.2699975724,21.269997572428355,2.8354207870506798e-11,17.7000007629,18.0,24.0,14.1,0.0,50.0,3782.88904311,18.0,100.0,0.31797464285714283,-380.9201001741119,0.0,-380.9201001741119,6
146,one_step,21.0213565826,21.2699966431,21.0213565826,21.2699966431,21.0231254602,21.0231254601655,-3.4500402534831665e-11,22.3397181832,22.339718183180086,-1.9912960169676808e-11,16.0,26.0,24.0,13.9,0.0,50.0,0.0,26.0,0.0,0.080939,-170.14590991471272,300.0,129.85409008528728,6
147,one_step,21.0231246948,22.339717865,21.0231246948,22.339717865,21.0799693001,21.079969300099986,-1.4210854715202004e-14,22.4761999756,22.4761999755504,-4.9599435669733793e-11,16.0,26.0,24.0,13.7,0.0,50.0,0.0,26.0,0.0,0.080939,-175.11822458263728,300.0,124.88177541736272,6
148,one_step,21.0799694061,22.4762001038,21.0799694061,22.4762001038,21.1434850602,21.143485060133848,-6.615152869926533e-11,22.6181238672,22.618123867157877,-4.212452608953754e-11,17.7000007629,26.0,24.0,13.5,0.0,50.0,0.0,26.0,0.0,0.080939,-132.89333207200377,300.0,167.10666792799623,6
149,one_step,21.1434841156,22.6181240082,21.1434841156,22.6181240082,21.2040595437,21.204059543697817,-2.184918912462308e-12,22.6671754285,22.66717542849138,-8.618883384770015e-12,17.7000007629,26.0,24.0,13.3,0.0,50.0,0.0,26.0,0.0,0.080939,-134.3644938702097,300.0,165.6355061297903,6
150,one_step,21.2040596008,22.667175293,21.2040596008,22.667175293,21.2376303367,21.237630336687992,-1.2008172234345693e-11,22.5195699916,22.519569991602335,2.334132886971929e-12,14.5,26.0,24.0,13.0,0.0,50.0,0.0,26.0,0.0,0.080939,-217.386581619418,300.0,82.613418380582,6
151,one_step,21.2376289368,22.519569397,21.2376289368,22.519569397,21.2535436293,21.253543629371887,7.188560857684934e-11,22.5155406447,22.515540644674974,-2.502531515347073e-11,14.5,26.0,24.0,12.7,0.0,50.0,0.0,26.0,0.0,0.080939,-217.09818877649175,300.0,82.90181122350825,6
152,one_step,21.2535438538,22.5155410767,21.2535438538,22.5155410767,21.2616591229,21.2616591229672,6.719957923451148e-11,22.5209171113,22.520917111350634,5.063327535026474e-11,14.5,26.0,24.0,12.4,0.0,50.0,0.0,26.0,0.0,0.080939,-217.24435349725042,300.0,82.75564650274958,6
153,one_step,21.2616596222,22.5209178925,21.2616596222,22.5209178925,21.2613916839,21.26139168391253,1.2530421145129367e-11,22.5227900763,22.52279007630381,3.808509063674137e-12,14.5,26.0,24.0,12.0,0.0,50.0,0.0,26.0,0.0,0.080939,-217.31574314032878,300.0,82.68425685967122,6
154,one_step,21.261390686,22.5227890015,21.261390686,22.5227890015,21.2741074077,21.274107407652846,-4.715516865871905e-11,22.4370724956,22.437072495557114,-4.2884806816800847e-11,12.8000001907,26.0,24.0,13.1,1.98,50.0,0.0,26.0,0.0,0.080939,-261.14801156986204,300.0,38.851988430137965,6
155,one_step,21.2741088867,22.4370727539,21.2741088867,22.4370727539,21.3186584948,21.318658494757948,-4.205347181596153e-11,22.5349059633,22.53490596328983,-1.0171419262405834e-11,12.8000001907,26.0,24.0,14.1,63.894325,50.0,0.0,26.0,0.0,0.080939,-263.4684372464461,300.0,36.531562753553885,6
156,one_step,21.3186588287,22.5349063873,21.3186588287,22.5349063873,21.3739642129,21.37396421289092,-9.07718344933528e-12,22.520216932,22.52021693195682,-4.317968205214129e-11,12.8000001907,26.0,24.0,15.2,26.07,50.0,0.0,26.0,0.0,0.080939,-263.216717356953,300.0,36.783282643047016,6
157,one_step,21.3739624023,22.5202178955,21.3739624023,22.5202178955,21.4172496638,21.417249663768963,-3.1036506698001176e-11,22.1246019095,22.12460190948172,-1.8282264591107378e-11,16.0,22.0,24.0,16.3,111.4428186,50.0,525.1963278846919,22.0,11.834582684244896,0.10899117914506,-224.24724695996477,0.0,-224.24724695996477,6
158,one_step,21.4172496796,22.1246013641,21.4172496796,22.1246013641,21.4331127907,21.433112790692835,-7.16582349014061e-12,22.0061273675,22.006127367470526,-2.9473312679328956e-11,16.0,22.0,24.0,17.2,57.915,50.0,621.2807285700999,22.0,12.527705129647922,0.11063412638930821,-222.5733212905839,0.0,-222.5733212905839,6
159,one_step,21.4331130981,22.0061264038,21.4331130981,22.0061264038,21.5127693371,21.51276933706926,-3.0741631462660735e-11,22.3603859489,22.360385948902426,2.426503442620742e-12,16.0,22.0,24.0,18.1,169.0888447,180.0,1042.1048165545908,22.0,24.032550962426686,0.13790471166875856,-293.27335143570406,0.0,-293.27335143570406,6
160,one_step,21.5127696991,22.3603858948,21.5127696991,22.3603858948,21.5764429883,21.576442988352852,5.285372139951505e-11,22.1305508372,22.13055083717371,-2.6290081223123707e-11,14.5,22.0,24.0,18.8,119.5705731,180.0,1453.571372324626,22.0,30.37495613840605,0.15293847255024595,-391.2887929831522,0.0,-391.2887929831522,6
161,one_step,21.5764427185,22.1305503845,21.5764427185,22.1305503845,21.6861251812,21.686125181160726,-3.927524971913954e-11,22.3331932662,22.33319326622204,2.2041035663278308e-11,14.5,22.0,24.0,19.4,330.3370582,180.0,1941.2858585437716,22.0,41.849512637931305,0.18013726131390173,-472.3992306069922,0.0,-472.3992306069922,6
162,one_step,21.686126709,22.3331928253,21.686126709,22.3331928253,21.8798382115,21.879838211499944,-5.684341886080802e-14,23.198455828,23.198455828018183,1.8182788608100964e-11,17.2520446777,23.59765625,24.0,20.0,324.7283306,180.0,0.0,23.59765625,0.0,0.080939,-159.87367059152996,44.351034680637014,-115.52263591089294,6
163,one_step,21.8798370361,23.1984558105,21.8798370361,23.1984558105,22.1551231081,22.155123108039366,-6.063416435608815e-11,23.5939774622,23.59397746216319,-3.681321913973079e-11,17.2520446777,23.59765625,24.0,20.6,510.1311855,180.0,0.0,23.59765625,0.0,0.080939,-170.91541828466717,3.5879044227712598,-167.3275138618959,6
164,one_step,22.155122757,23.5939769745,22.155122757,23.5939769745,22.4366643119,22.436664311939456,3.9456438116758363e-11,23.7763636603,23.776363660263854,-3.6145308968116296e-11,17.2520446777,23.59765625,24.0,21.2,538.3897064,180.0,154.39376922258924,23.59765625,4.509595075619362,0.09162834767774841,-199.43199260594724,0.0,-199.43199260594724,6
165,one_step,22.4366645813,23.7763633728,22.4366645813,23.7763633728,22.7330345398,22.733034539782867,-1.7131185359176015e-11,23.9930336224,23.993033622372334,-2.76649814168195e-11,17.2520446777,23.59765625,24.0,21.8,648.0742248,180.0,702.4942577334798,23.59765625,17.503277922272453,0.12242800734413087,-275.71763279888813,0.0,-275.71763279888813,6
166,one_step,22.7330341339,23.9930343628,22.7330341339,23.9930343628,23.008916919,23.00891691898936,-1.06403774680075e-11,24.0357726295,24.035772629475215,-2.4783730623312294e-11,16.6158790588,23.7351207733,24.0,22.3,673.4987,180.0,1204.168865444502,23.7351207733,26.748669602773333,0.14434288094866693,-358.2131700830687,0.0,-358.2131700830687,6
167,one_step,23.0089168549,24.0357723236,23.0089168549,24.0357723236,23.2680510204,23.26805102041933,1.9326762412674725e-11,24.1048965217,24.104896521735657,3.565858719412063e-11,16.6158790588,23.7351207733,24.0,22.8,723.9465739,180.0,1826.7763399557496,23.7351207733,39.86055214172629,0.17542271601554751,-439.6469679969288,0.0,-439.6469679969288,6
168,one_step,23.2680511475,24.1048965454,23.2680511475,24.1048965454,23.4959431937,23.495943193764894,6.489386805696995e-11,24.0964380227,24.096438022721937,2.1938006966593093e-11,16.6158790588,23.7351207733,24.0,23.1,735.2223364,180.0,2495.6167484109333,23.7351207733,53.20950500424473,0.20706449224791507,-518.733570448119,0.0,-518.733570448119,6
169,one_step,23.4959449768,24.0964374542,23.4959449768,24.0964374542,23.7841416627,23.78414166269985,-1.5276668818842154e-13,25.0398977229,25.03989772291434,1.4338752407638822e-11,16.0,26.0,24.0,23.5,726.2296871,180.0,0.0,26.0,0.0,0.080939,-243.42689234254397,101.33410067013742,-142.09279167240655,6
170,one_step,23.7841415405,25.0398979187,23.7841415405,25.0398979187,24.0830234667,24.083023466655796,-4.420286359163583e-11,25.2200396116,25.22003961154895,-5.10524955643632e-11,16.0,26.0,24.0,23.7,715.3576322,180.0,0.0,26.0,0.0,0.080939,-249.05070719550721,80.57250533501268,-168.47820186049455,6
171,one_step,24.0830230713,25.2200393677,24.0830230713,25.2200393677,24.3400040653,24.34000406534363,4.363087668934895e-11,25.2711930433,25.271193043263864,-3.6134650827079895e-11,16.0,26.0,24.0,23.9,644.9089318,180.0,0.0,26.0,0.0,0.080939,-250.6378230731289,74.71330504790323,-175.92451802522567,6
172,one_step,24.3400039673,25.2711925507,24.3400039673,25.2711925507,24.5562026536,24.556202653637087,3.708677809299843e-11,25.2739396425,25.273939642468175,-3.182520913469489e-11,14.5,26.0,24.0,24.0,614.8040202,180.0,0.0,26.0,0.0,0.080939,-291.46263600084234,73.99919588928654,-217.4634401115558,6
173,one_step,24.5562019348,25.27394104,24.5562019348,25.27394104,24.7143079675,24.714307967489034,-1.0967227126457146e-11,25.2032974106,25.203297410628508,2.850697455869522e-11,14.5,26.0,24.0,24.1,489.5666343,180.0,0.0,26.0,0.0,0.080939,-289.72310461781655,80.42107278093091,-209.30203183688565,6
174,one_step,24.714307785,25.2032966614,24.714307785,25.2032966614,24.8352093925,24.8352093924561,-4.390088292893779e-11,25.1922007596,25.192200759592332,-7.666756118851481e-12,14.5,26.0,24.0,24.1,432.9948978,180.0,0.0,26.0,0.0,0.080939,-289.42748972014357,81.51240260614507,-207.91508711399848,6
175,one_step,24.8352088928,25.192199707,24.8352088928,25.192199707,24.8964214728,24.896421472778748,-2.1252333226584597e-11,25.0329266349,25.032926634916347,1.6346035636161105e-11,14.5,26.0,24.0,24.1,273.3120913,180.0,0.0,26.0,0.0,0.080939,-285.3646285122202,96.51138150340302,-188.85324700881716,6
176,one_step,24.8964214325,25.0329265594,24.8964214325,25.0329265594,24.922027727,24.9220277269947,-5.300648808770347e-12,24.9651006036,24.965100603595964,-4.035882739117369e-12,14.5,26.0,24.0,23.9,211.5331912,180.0,0.0,26.0,0.0,0.080939,-283.49770799930343,103.40354442580022,-180.0941635735032,6
177,one_step,24.9220275879,24.9650993347,24.9220275879,24.9650993347,24.913991086,24.91399108596283,-3.716849050761084e-11,24.8596589221,24.859658922056063,-4.3936410065725795e-11,14.5,26.0,24.0,23.7,128.0335723,180.0,0.0,26.0,0.0,0.080939,-280.7374286302762,113.59374534278821,-167.143683287488,6
178,one_step,24.9139900208,24.8596591949,24.9139900208,24.8596591949,24.8890313525,24.889031352515495,1.5493384353248985e-11,24.8691417229,24.869141722936682,3.668176873361517e-11,16.0,26.0,24.0,23.2,90.46356319,180.0,0.0,26.0,0.0,0.080939,-240.2774064564572,112.96114622377367,-127.31626023268352,6
179,one_step,24.8890304565,24.869140625,24.8890304565,24.869140625,24.8246229424,24.824622942350175,-4.9826809345177026e-11,24.5765866145,24.576586614506592,6.59383658785373e-12,16.0,26.0,24.0,22.7,57.42,50.0,0.0,26.0,0.0,0.080939,-232.72295209920046,140.850137672415,-91.87281442678545,6
180,one_step,24.8246231079,24.5765857697,24.8246231079,24.5765857697,24.7497158305,24.74971583045939,-4.0611070062368526e-11,24.5061680004,24.506168000384072,-1.5926815422062646e-11,16.0,26.0,24.0,22.7,41.25,50.0,0.0,26.0,0.0,0.080939,-230.61171337862922,148.6442569879273,-81.96745639070193,6
181,one_step,24.7497158051,24.5061683655,24.7497158051,24.5061683655,24.5123185819,24.51231858194596,4.595790414896328e-11,23.2303975439,23.230397543966014,6.601297286579211e-11,17.7000007629,18.0,24.0,20.4,25.08,50.0,1951.8505096499996,18.0,100.0,0.31797464285714283,-595.6792649707679,0.0,-595.6792649707679,6
182,one_step,24.5123176575,23.2303962708,24.5123176575,23.2303962708,24.2173920284,24.217392028409762,9.762857189343777e-12,22.9922251734,22.99222517340833,8.327560863108374e-12,17.7000007629,18.0,24.0,19.4,10.395,50.0,1951.85050964,18.0,100.0,0.31797464285714283,-566.2298836762559,0.0,-566.2298836762559,6
183,one_step,24.2173919678,22.992225647,24.2173919678,22.992225647,23.9258127978,23.925812797853133,5.313438578014029e-11,22.8378953447,22.8378953447164,1.6399326341343112e-11,17.7000007629,18.0,24.0,18.4,13.5123849,50.0,1951.85050964,18.0,100.0,0.31797464285714283,-549.4250277908361,0.0,-549.4250277908361,6
184,one_step,23.9258117676,22.8378944397,23.9258117676,22.8378944397,23.6461004419,23.646100441941307,4.1307401943413424e-11,22.672641306,22.672641305969133,-3.086597644141875e-11,17.7000007629,18.0,24.0,17.9,0.0,50.0,1951.85050964,18.0,100.0,0.31797464285714283,-531.804223071596,0.0,-531.804223071596,6
185,one_step,23.6460990906,22.6726417542,23.6460990906,22.6726417542,23.4971315293,23.497131529281678,-1.8321344441574183e-11,23.6913072976,23.69130729765609,5.608669084722351e-11,14.5,26.0,24.0,17.5,0.0,50.0,0.0,26.0,0.0,0.080939,-248.17293207260897,233.81301242376404,-14.359919648844937,6
186,one_step,23.4971313477,23.6913070679,23.4971313477,23.6913070679,23.4044723489,23.40447234893757,3.75699471533153e-11,23.6996718485,23.69967184849424,-5.758948873335612e-12,14.5,26.0,24.0,17.1,0.0,50.0,0.0,26.0,0.0,0.080939,-249.34909726000683,229.47093034843604,-19.878166911570787,6
187,one_step,23.4044723511,23.699672699,23.4044723511,23.699672699,23.3148927269,23.31489272696895,6.895106707816012e-11,23.6573028261,23.65730282614104,4.1040948417503387e-11,14.5,26.0,24.0,16.7,0.0,50.0,0.0,26.0,0.0,0.080939,-248.24678178297947,233.54037937263854,-14.706402410340928,6
188,one_step,23.3148918152,23.6573028564,23.3148918152,23.6573028564,23.2296508547,23.229650854721992,2.19912976717751e-11,23.613962386,23.613962386046815,4.68141081455542e-11,14.5,26.0,24.0,16.5,0.0,50.0,0.0,26.0,0.0,0.080939,-247.0662457271094,237.8985975059372,-9.167648221172186,6
189,one_step,23.2296524048,23.6139621735,23.2296524048,23.6139621735,23.1501620127,23.150162012693485,-6.515676886920119e-12,23.5731091399,23.573109139917687,1.7685408693068894e-11,14.5,26.0,24.0,16.4,0.0,50.0,0.0,26.0,0.0,0.080939,-245.947179876311,242.0298843557152,-3.9172955205957862,6
190,one_step,23.1501617432,23.5731086731,23.1501617432,23.5731086731,23.0758831248,23.07588312480833,8.327560863108374e-12,23.5349346585,23.534934658525575,2.5575985773684806e-11,14.5,26.0,24.0,16.3,0.0,50.0,0.0,26.0,0.0,0.080939,-244.90141748347466,245.89055476973485,0.9891372862601884,6
191,one_step,23.0758838654,23.5349349976,23.0758838654,23.5349349976,22.9186961936,22.91869619367051,7.051070838315354e-11,22.4770435861,22.477043586107833,7.833733661755105e-12,16.3253688812,21.4567451477,24.0,16.2,0.0,50.0,2773.8417166034533,21.4567451477,65.63182245738999,0.23650981228073298,-495.46812001890027,0.0,-495.46812001890027,6
192,one_step,22.9186973572,22.4770431519,22.9186973572,22.4770431519,22.6915660834,22.691566083376046,-2.3955948336151778e-11,22.0315737993,22.03157379926128,-3.871747367156786e-11,16.3253688812,21.4567451477,24.0,16.1,0.0,50.0,4238.627109231909,21.4567451477,90.4716310784749,0.2953890123302056,-569.8710598450615,0.0,-569.8710598450615,6
193,one_step,22.6915664673,22.0315742493,22.6915664673,22.0315742493,22.4507726571,22.450772657071255,-2.8745006375174853e-11,21.7734831388,21.77348313877837,-2.162892087653745e-11,16.3253688812,21.4567451477,24.0,16.0,0.0,50.0,4822.427770254485,21.4567451477,100.0,0.31797464285714283,-582.9095471793013,0.0,-582.9095471793013,6
194,one_step,22.4507732391,21.7734832764,22.4507732391,21.7734832764,22.3359698934,22.335969893345606,-5.439559913611447e-11,22.8094995176,22.809499517595036,-4.9631410092843e-12,16.0,24.0,24.0,15.8,0.0,50.0,0.0,24.0,0.0,0.080939,-183.61662442627983,122.13734754597851,-61.47927688030131,6
195,one_step,22.3359699249,22.8094997406,22.3359699249,22.8094997406,22.2769607108,22.27696071081017,1.0167866548727034e-11,22.8327413947,22.832741394714773,1.4772183476452483e-11,16.0,24.0,24.0,15.6,0.0,50.0,0.0,24.0,0.0,0.080939,-185.1614931242019,116.4341123594113,-68.72738076479061,6
196,one_step,22.2769603729,22.8327407837,22.2769603729,22.8327407837,22.221785405,22.22178540494709,-5.290701210469706e-11,22.807413379,22.80741337899246,-7.538858426414663e-12,16.0,24.0,24.0,15.4,0.0,50.0,0.0,24.0,0.0,0.080939,-184.51730542867978,118.81227817816153,-65.70502725051824,6
197,one_step,22.221786499,22.8074131012,22.221786499,22.8074131012,22.1678226447,22.167822644716466,1.6466827901240322e-11,22.7802605926,22.78026059263372,3.3718805525495554e-11,16.0,24.0,24.0,15.2,0.0,50.0,0.0,24.0,0.0,0.080939,-183.7815270727348,121.52857181190804,-62.25295526082677,6
198,one_step,22.1678237915,22.7802600861,22.1678237915,22.7802600861,22.1148516579,22.114851657877985,-2.2016166667526704e-11,22.7535032281,22.753503228061966,-3.803535264523816e-11,16.0,24.0,24.0,15.0,0.0,50.0,0.0,24.0,0.0,0.080939,-183.0546208847179,124.21211181398562,-58.84250907073229,6
199,one_step,22.1148529053,22.7535037994,22.1148529053,22.7535037994,22.0627780757,22.06277807576158,6.158273890832788e-11,22.7272056973,22.727205697340118,4.0117242861015256e-11,16.0,24.0,24.0,14.8,0.0,50.0,0.0,24.0,0.0,0.080939,-182.34027103405776,126.84929723258058,-55.49097380147718,6
200,one_step,22.0627784729,22.7272071838,22.0627784729,22.7272071838,22.0173616704,22.017361670408654,8.65441052155802e-12,22.7033387385,22.70333873850336,3.3573144264664734e-12,16.0,24.0,24.0,14.9,0.0,50.0,0.0,24.0,0.0,0.080939,-181.6798079826593,129.28754723999526,-52.392260742664035,6
201,one_step,22.0173606873,22.703338623,22.0173606873,22.703338623,21.968649712,21.968649712041177,4.1175951537297806e-11,22.6083092196,22.608309219617944,1.794475679162133e-11,14.5,24.0,24.0,14.9,0.0,50.0,0.0,24.0,0.0,0.080939,-219.8138792028159,138.50692485934422,-81.30695434347169,6
202,one_step,21.9686508179,22.6083087921,21.9686508179,22.6083087921,21.9332783037,21.933278303764606,6.460609824898711e-11,22.5862713671,22.586271367141233,4.1232794956158614e-11,14.5,24.0,24.0,15.5,1.485,50.0,0.0,24.0,0.0,0.080939,-219.1208792675646,141.06529219524157,-78.05558707232302,6
203,one_step,21.9332790375,22.586271286,21.9332790375,22.586271286,21.9541076907,21.954107690735782,3.5782932172878645e-11,22.966136247,22.966136247048496,4.849454171562684e-11,14.5,26.0,24.0,16.0,41.39498136,50.0,0.0,26.0,0.0,0.080939,-228.7281855097133,300.0,71.27181449028669,6
204,one_step,21.9541091919,22.9661369324,21.9541091919,22.9661369324,22.0112469471,22.011246947117396,1.7397638885086053e-11,23.0381301686,23.038130168605075,5.076827847005916e-12,14.5,26.0,24.0,16.8,48.45134952,50.0,0.0,26.0,0.0,0.080939,-231.09998155326983,296.8417036461212,65.74172209285135,6
205,one_step,22.0112457275,23.0381317139,22.0112457275,23.0381317139,22.1032966275,22.103296627444923,-5.5077720162444166e-11,23.1860560965,23.186056096503435,3.4354741274000844e-12,14.5,26.0,24.0,17.5,133.7924499,50.0,0.0,26.0,0.0,0.080939,-234.97697151350118,282.52891085738764,47.55193934388646,6
206,one_step,22.1032962799,23.1860561371,22.1032962799,23.1860561371,22.1993219093,22.199321909270523,-2.9476865393007756e-11,23.197316228,23.197316228001835,1.836752971939859e-12,14.5,26.0,24.0,18.4,99.4199223,50.0,0.0,26.0,0.0,0.080939,-235.41165126447393,280.924191405197,45.512540140723075,6
207,one_step,22.1993217468,23.1973152161,22.1993217468,23.1973152161,22.3600818368,22.36008183675152,-4.8480330860911636e-11,23.639088845,23.639088844953374,-4.6625814320577774e-11,14.5,26.0,24.0,19.3,218.8266454,180.0,0.0,26.0,0.0,0.080939,-246.83585628114662,238.74913269808397,-8.08672358306265,6
208,one_step,22.360080719,23.639087677,22.360080719,23.639087677,22.4908202213,22.490820221306837,6.835421118012164e-12,23.271255056,23.2712550560372,3.7200464930720045e-11,12.8000001907,24.0,24.0,20.3,195.5727283,180.0,0.0,24.0,0.0,0.080939,-283.78200952010474,72.35396144191597,-211.42804807818877,6
209,one_step,22.490819931,23.2712554932,22.490819931,23.2712554932,22.6418762315,22.641876231482584,-1.7415402453480056e-11,23.4494592108,23.44945921080218,2.177813485104707e-12,12.8000001907,24.0,24.0,21.4,301.8317655,180.0,0.0,24.0,0.0,0.080939,-288.02831570467487,56.67775356913545,-231.3505621355394,6
210,one_step,22.6418762207,23.4494590759,22.6418762207,23.4494590759,22.7799720815,22.779972081478835,-2.1163515384614584e-11,23.0903114733,23.09031147329825,-1.751487843648647e-12,16.0,22.0,24.0,22.5,334.0320003,180.0,2367.86099649798,22.0,57.77216488159253,0.21787962241957137,-521.8830629546745,0.0,-521.8830629546745,6
211,one_step,22.7799720764,23.0903129578,22.7799720764,23.0903129578,22.8919401305,22.891940130459595,-4.04050126689981e-11,22.8741962899,22.874196289896748,-3.2507330161024584e-12,16.0,22.0,24.0,23.5,437.9453062,180.0,4203.211931287739,22.0,92.3502533903177,0.2998420168039399,-694.4691904751579,0.0,-694.4691904751579,6
212,one_step,22.8919410706,22.8741950989,22.8919410706,22.8741950989,22.9923553237,22.992355323742043,4.204281367492513e-11,22.8551277401,22.855127740135188,3.518962898851896e-11,16.0,22.0,24.0,24.3,509.3134134,180.0,4465.47046094,22.0,100.0,0.31797464285714283,-728.9543361196767,0.0,-728.9543361196767,6
213,one_step,22.9923553467,22.8551273346,22.9923553467,22.8551273346,23.2561557436,23.256155743665374,6.537348440360802e-11,24.3317847148,24.331784714846666,4.666489417104458e-11,17.7000007629,24.0,24.0,25.1,625.0572553,180.0,129.03074835264795,24.0,4.931018229267092,0.09262727075914615,-203.39095420886824,0.0,-203.39095420886824,6
214,one_step,23.2561569214,24.3317832947,23.2561569214,24.3317832947,23.5685352088,23.568535208845407,4.54072335287492e-11,24.4775332555,24.4775332554767,-2.3298696305573685e-11,17.7000007629,24.0,24.0,25.8,637.7928161,180.0,887.0676131696541,24.0,21.997261731898625,0.13308035075717417,-301.64744557942475,0.0,-301.64744557942475,6
215,one_step,23.5685348511,24.4775333405,23.5685348511,24.4775333405,23.8390092824,23.83900928242432,2.432187784506823e-11,24.4182922387,24.418292238674358,-2.5643487333582016e-11,17.7000007629,24.0,24.0,26.5,598.4283241,180.0,1689.0680410519842,24.0,37.59410395380179,0.17005042598327663,-382.64360910658525,0.0,-382.64360910658525,6
216,one_step,23.8390083313,24.4182929993,23.8390083313,24.4182929993,24.0686100944,24.068610094395066,-4.934719299853896e-12,24.3951708143,24.395170814298986,-1.0125233984581428e-12,17.7000007629,24.0,24.0,26.8,603.7678876,180.0,2427.6828183031275,24.0,52.15644201165124,0.20456835761373043,-458.71794726377675,0.0,-458.71794726377675,6
217,one_step,24.068611145,24.3951702118,24.068611145,24.3951702118,24.2163485706,24.21634857054552,-5.448086426440568e-11,23.6466270746,23.646627074573402,-2.659916731317935e-11,14.5,22.0,24.0,27.2,591.0822006,180.0,3817.3225100284985,22.0,92.41465320282488,0.2999946673135151,-932.2331599511242,0.0,-932.2331599511242,6
218,one_step,24.2163486481,23.6466255188,24.2163486481,23.6466255188,24.268978561,24.268978560996363,-3.637978807091713e-12,23.4056000584,23.40560005837344,-2.6560087462712545e-11,14.5,22.0,24.0,27.3,635.2402779,180.0,4280.612447396403,22.0,100.0,0.31797464285714283,-948.3880799971033,0.0,-948.3880799971033,6
219,one_step,24.2689781189,23.4056015015,24.2689781189,23.4056015015,24.2863879403,24.286387940297562,-2.4371615836571436e-12,23.3161295628,23.316129562771717,-2.8283153596930788e-11,14.5,22.0,24.0,27.4,566.4009333,180.0,4280.6124474,22.0,100.0,0.31797464285714283,-938.435508801801,0.0,-938.435508801801,6
220,one_step,24.2863883972,23.3161296844,24.2863883972,23.3161296844,24.4228426611,24.422842661082896,-1.710276364974561e-11,24.6811618599,24.681161859842952,-5.7049476254178444e-11,15.1632871628,24.2618808746,24.0,27.2,505.1647633,180.0,247.8705539755037,24.2618808746,8.325356869506965,0.10067306317578714,-319.15713925111135,0.0,-319.15713925111135,6
221,one_step,24.4228420258,24.6811618805,24.4228420258,24.6811618805,24.5632485618,24.563248561813865,1.3866241488358355e-11,24.548673038,24.548673037960164,-3.983657848039002e-11,15.1632871628,24.2618808746,24.0,27.1,410.6284184,180.0,893.202509342421,24.2618808746,20.604396222166336,0.12977876304204483,-408.4003097128081,0.0,-408.4003097128081,6
222,one_step,24.5632476807,24.5486717224,24.5632476807,24.5486717224,24.5514561885,24.551456188480635,-1.936584226314153e-11,23.340805562,23.34080556200169,1.6910917111090384e-12,14.5,20.0,24.0,26.6,400.6730685,180.0,2637.0781838928197,20.0,100.0,0.31797464285714283,-947.7939836465903,0.0,-947.7939836465903,6
223,one_step,24.5514564514,23.3408050537,24.5514564514,23.3408050537,24.4194442432,24.419444243142394,-5.760725230175012e-11,23.0064189373,23.006418937337102,3.710098894771363e-11,14.5,20.0,24.0,26.1,254.9407668,180.0,3564.923103070568,20.0,100.0,0.31797464285714283,-907.6747747800611,0.0,-907.6747747800611,6
224,one_step,24.4194450378,23.0064201355,24.4194450378,23.0064201355,24.2573441534,24.257344153332173,-6.782485684198036e-11,22.8662849558,22.86628495580124,1.2398970739013748e-12,14.5,20.0,24.0,25.1,221.8525224,180.0,3564.92310307,20.0,100.0,0.31797464285714283,-892.0211769245467,0.0,-892.0211769245467,6
225,one_step,24.2573432922,22.8662853241,24.2573432922,22.8662853241,24.0532092412,24.053209241196583,-3.417710559006082e-12,22.6134095846,22.613409584583426,-1.6573409311604337e-11,14.5,20.0,24.0,24.1,102.9867147,180.0,3564.92310307,20.0,100.0,0.31797464285714283,-865.8838140953144,0.0,-865.8838140953144,6
226,one_step,24.0532093048,22.6134090424,24.0532093048,22.6134090424,24.0279611978,24.02796119780676,6.760814130757353e-12,24.356050847,24.356050846956233,-4.376587980914337e-11,14.5,26.0,24.0,22.7,168.16952,180.0,0.0,26.0,0.0,0.080939,-265.2346264996147,170.8258756337969,-94.40875086581781,6
227,one_step,24.027961731,24.3560504913,24.027961731,24.3560504913,24.004306281,24.004306281012234,1.2231993196110125e-11,24.0869725923,24.086972592365097,6.509637273666158e-11,14.5,26.0,24.0,21.3,60.94621952,50.0,0.0,26.0,0.0,0.080939,-259.99779568158914,190.1588311319795,-69.83896454960964,6
228,one_step,24.0043067932,24.0869731903,24.0043067932,24.0869731903,23.9825443395,23.982544339459924,-4.007461029686965e-11,24.1099416595,24.109941659504955,4.956035581926699e-12,14.5,26.0,24.0,21.3,100.748281,50.0,0.0,26.0,0.0,0.080939,-260.32487417022685,188.95134628379998,-71.37352788642687,6
229,one_step,23.9825439453,24.1099414825,23.9825439453,24.1099414825,23.8829809306,23.88298093056815,-3.185007813044649e-11,23.9759031808,23.975903180745245,-5.475442321767332e-11,14.5,26.0,24.0,18.3,20.43476285,50.0,0.0,26.0,0.0,0.080939,-256.9857919839531,201.27832982693903,-55.70746215701408,6
230,one_step,23.8829803467,23.9759025574,23.8829803467,23.9759025574,23.7644433285,23.76444332848823,-1.177014041786606e-11,23.9026778859,23.9026778858903,-9.702461056804168e-12,14.5,26.0,24.0,17.2,10.65311344,50.0,0.0,26.0,0.0,0.080939,-254.9744076074092,208.70381405446352,-46.270593552945684,6
231,one_step,23.7644424438,23.902677536,23.7644424438,23.902677536,23.6307933056,23.630793305569846,-3.015543370565865e-11,23.8291731137,23.8291731136406,-5.940137270954438e-11,14.5,26.0,24.0,16.0,4.1003381,50.0,0.0,26.0,0.0,0.080939,-253.00980658931584,215.95658684287358,-37.05321974644227,6
232,one_step,23.6307945251,23.8291740417,23.6307945251,23.8291740417,23.3678978727,23.367897872702844,2.8457236567192012e-12,22.3240563071,22.324056307081168,-1.8832935211321455e-11,16.0,20.0,24.0,15.4,0.0,50.0,3834.5823239377764,20.0,98.5191735553596,0.3144645563744909,-676.2017214433953,0.0,-676.2017214433953,6
233,one_step,23.3678970337,22.3240566254,23.3678970337,22.3240566254,23.0328895319,23.032889531900093,9.237055564881302e-14,22.0216103761,22.021610376152516,5.2516213600029005e-11,16.0,20.0,24.0,14.8,0.0,50.0,3834.58232398,20.0,100.0,0.31797464285714283,-644.3995630031108,0.0,-644.3995630031108,6
234,one_step,23.0328903198,22.02161026,23.0328903198,22.02161026,22.7154479071,22.715447907119827,1.9827695041385596e-11,21.8445969471,21.844596947106535,6.533440455314121e-12,16.0,20.0,24.0,14.5,0.0,50.0,3834.58232398,20.0,100.0,0.31797464285714283,-624.9047243104401,0.0,-624.9047243104401,6
235,one_step,22.7154464722,21.8445968628,22.7154464722,21.8445968628,22.4175430797,22.417543079762044,6.204459168657195e-11,21.6849753235,21.684975323497255,-2.7462476737127872e-12,16.0,20.0,24.0,14.1,0.0,50.0,3834.58232398,20.0,100.0,0.31797464285714283,-607.7092052256381,0.0,-607.7092052256381,6
236,one_step,22.4175415039,21.6849746704,22.4175415039,21.6849746704,22.2998370063,22.299837006310742,1.0743406164692715e-11,23.1910576828,23.191057682747722,-5.227818178354937e-11,17.7000007629,26.0,24.0,13.9,0.0,50.0,0.0,26.0,0.0,0.080939,-146.9547827727623,287.4828223723504,140.52803959958814,6
237,one_step,22.2998371124,23.1910572052,22.2998371124,23.1910572052,22.2677454369,22.267745436894113,-5.88684656577243e-12,23.2765521083,23.276552108249426,-5.057287921772513e-11,17.7000007629,26.0,24.0,13.6,0.0,50.0,0.0,26.0,0.0,0.080939,-151.0254907812973,272.45487522076104,121.42938443946375,6
238,one_step,22.2677459717,23.2765522003,22.2677459717,23.2765522003,22.2353520523,22.235352052350837,5.083578002995637e-11,23.2660682935,23.266068293464542,-3.5456082514429e-11,17.7000007629,26.0,24.0,13.2,0.0,50.0,0.0,26.0,0.0,0.080939,-150.83793700617608,273.1472727630788,122.3093357569027,6
239,one_step,22.2353515625,23.2660675049,22.2353515625,23.2660675049,22.125224735,22.125224735005354,5.353939513952355e-12,22.4280511318,22.428051131760036,-3.9964476172826835e-11,17.7000007629,22.0,24.0,12.9,0.0,50.0,1450.92581950931,22.0,33.45373593621237,0.160236278036132,-257.0175272539573,0.0,-257.0175272539573,6
240,one_step,22.1252250671,22.4280509949,22.1252250671,22.4280509949,21.9651480348,21.965148034774106,-2.589217729109805e-11,22.1952192847,22.195219284651124,-4.887468207925849e-11,17.7000007629,22.0,24.0,12.5,0.0,50.0,2021.5792347547647,22.0,42.44747660360578,0.18155464904399227,-274.8787723062197,0.0,-274.8787723062197,6
241,one_step,21.9651489258,22.1952190399,21.9651489258,22.1952190399,21.8005201811,21.800520181084547,-1.545430450278218e-11,22.0575945744,22.057594574434276,3.427658157306723e-11,17.7000007629,22.0,24.0,12.2,0.0,50.0,2262.404526419528,22.0,45.94319151056272,0.18984073934615062,-278.10033217706484,0.0,-278.10033217706484,6
242,one_step,21.8005199432,22.0575942993,21.8005199432,22.0575942993,21.6401287347,21.640128734683657,-1.6342482922482304e-11,21.9588684242,21.958868424146065,-5.3933746357870405e-11,17.7000007629,22.0,24.0,11.9,0.0,50.0,2287.453890176264,22.0,45.50757913408751,0.1888081827492073,-270.0119838855549,0.0,-270.0119838855549,6
243,one_step,21.6401290894,21.9588680267,21.6401290894,21.9588680267,21.453838885,21.45383888503995,3.995026531811163e-11,21.578975277,21.578975276976678,-2.332356530132529e-11,14.5,22.0,24.0,11.6,0.0,50.0,1775.6687789600812,22.0,31.79523965638693,0.15630505071748596,-370.7150077569632,0.0,-370.7150077569632,6
244,one_step,21.4538383484,21.5789756775,21.4538383484,21.5789756775,21.2795478369,21.27954783691494,1.4939161019356106e-11,21.6169392326,21.616939232646253,4.625277938430372e-11,14.5,22.0,24.0,11.3,0.0,50.0,1034.7062136323136,22.0,17.152071223661302,0.12159552228832057,-289.1891838464208,0.0,-289.1891838464208,6
245,one_step,21.279548645,21.6169395447,21.279548645,21.6169395447,21.1354547716,21.135454771605524,5.524469770534779e-12,21.6822985865,21.68229858644805,-5.1951332125099725e-11,14.5,22.0,24.0,11.0,0.0,50.0,394.3545881745931,22.0,4.931056257283659,0.09262736089909969,-222.31300894063813,0.0,-222.31300894063813,6
246,one_step,21.1354560852,21.6822986603,21.1354560852,21.6822986603,21.0190333477,21.01903334765555,-4.444800083547307e-11,21.7526304422,21.75263044224275,4.274980369700643e-11,14.5,22.0,24.0,10.7,0.0,50.0,126.77251484516604,22.0,0.0,0.080939,-196.45626769630076,24.736875661831803,-171.71939203446897,6
247,one_step,21.019033432,21.7526302338,21.019033432,21.7526302338,20.918602007,20.91860200698529,-1.4711787343912874e-11,21.7142636884,21.71426368843186,3.186073627148289e-11,14.5,22.0,24.0,10.5,0.0,50.0,126.772514834,22.0,0.0,0.080939,-195.62934710978166,27.78964162950004,-167.83970548028162,6
248,one_step,20.9186019897,21.714263916,20.9186019897,21.714263916,20.8258653848,20.8258653847821,-1.7898571513796924e-11,21.6671617563,21.66716175625679,-4.321165647525049e-11,14.5,22.0,24.0,10.4,0.0,50.0,126.772514834,22.0,0.0,0.080939,-194.34886471966553,32.51683445366211,-161.83203026600341,6
249,one_step,20.8258647919,21.6671619415,20.8258647919,21.6671619415,20.7404724426,20.74047244262853,2.8528290840768022e-11,21.6507052795,21.650705279499867,-1.3145040611561853e-13,13.4872207642,22.4322891235,24.0,10.2,0.0,50.0,126.772514834,22.4322891235,0.0,0.080939,-221.29349484488552,77.55142214283204,-143.74207270205346,6
250,one_step,20.7404727936,21.6507053375,20.7404727936,21.6507053375,20.6840899272,20.684089927215116,1.511679670329613e-11,21.6219155415,21.621915541464766,-3.523581426634337e-11,13.4872207642,22.4322891235,24.0,11.2,2.145,50.0,126.772514834,22.4322891235,0.0,0.080939,-220.47570629153876,80.57047512700635,-139.9052311645324,6
251,one_step,20.6840896606,21.6219158173,20.6840896606,21.6219158173,20.6699266067,20.66992660665274,-4.7258197355404263e-11,21.6839421486,21.68394214855923,-4.077094217791455e-11,13.4872207642,22.4322891235,24.0,12.2,64.12887319,50.0,126.772514834,22.4322891235,0.0,0.080939,-221.99195384615757,74.97290141949335,-147.01905242666422,6
252,one_step,20.6699256897,21.6839408875,20.6699256897,21.6839408875,20.6613383519,20.661338351893324,-6.675549002466141e-12,21.5273497359,21.52734973594252,4.2518877307884395e-11,12.8000001907,22.0,24.0,13.4,25.575,50.0,126.772514834,22.0,0.0,0.080939,-236.5741743057701,46.632453354008874,-189.94172095176123,6
253,one_step,20.6613388062,21.527349472,20.6613388062,21.527349472,20.6956217359,20.6956217359442,4.419931087795703e-11,21.6390795326,21.63907953265133,5.132960723130964e-11,12.8000001907,22.0,24.0,14.6,115.3798774,50.0,126.772514834,22.0,0.0,0.080939,-239.25826792177105,36.72350952246717,-202.53475839930388,6
254,one_step,20.6956214905,21.6390800476,20.6956214905,21.6390800476,20.6975653725,20.697565372528043,2.8041569066772354e-11,21.0497524858,21.04975248578092,-1.907807245515869e-11,14.5,20.0,24.0,15.8,58.56735122,50.0,2470.4407782039075,20.0,59.581232001236,0.2221677562963355,-492.9746674116453,0.0,-492.9746674116453,6
255,one_step,20.6975650787,21.0497531891,20.6975650787,21.0497531891,20.7121104839,20.712110483838625,-6.137312880127865e-11,21.0116907311,21.01169073109145,-8.551381824872806e-12,14.5,20.0,24.0,17.1,172.7271834,180.0,4459.8837572646535,20.0,98.75168485577336,0.31501569103014215,-691.7537568798466,0.0,-691.7537568798466,6
256,one_step,20.7121105194,21.0116901398,20.7121105194,21.0116901398,20.7054901971,20.705490197095724,-4.277467269275803e-12,20.8549105426,20.854910542598773,-1.2256862191861728e-12,14.5,20.0,24.0,18.0,121.6166718,180.0,4459.88375727,20.0,100.0,0.31797464285714283,-676.9774674023371,0.0,-676.9774674023371,6
257,one_step,20.7054901123,20.8549098969,20.7054901123,20.8549098969,20.7705883943,20.770588394294325,-5.6736837450444e-12,21.1248846795,21.124884679479944,-2.0055068716828828e-11,14.5,20.0,24.0,19.0,326.3605193,180.0,4459.88375727,20.0,100.0,0.31797464285714283,-703.3861273421365,0.0,-703.3861273421365,6
258,one_step,20.7705879211,21.1248855591,20.7705879211,21.1248855591,20.8543497599,20.85434975982286,-7.714007210779528e-11,21.1706343732,21.1706343732075,7.499778575947857e-12,14.5,20.0,24.0,19.8,318.3817948,180.0,4459.88375727,20.0,100.0,0.31797464285714283,-709.0849653412588,0.0,-709.0849653412588,6
259,one_step,20.8543510437,21.1706352234,20.8543510437,21.1706352234,21.159700665,21.15970066499283,-7.169376203819411e-12,23.0991909851,23.09919098504936,-5.064038077762234e-11,13.3279304504,25.3280944824,24.0,20.7,502.835609,180.0,0.0,25.3280944824,0.0,0.080939,-261.9977512228843,232.79194225672023,-29.205808966164057,6
260,one_step,21.1597003937,23.0991897583,21.1597003937,23.0991897583,21.5445391457,21.544539145737065,3.7065461810925626e-11,23.4222462685,23.422246268496515,-3.4852121189032914e-12,13.3279304504,25.3280944824,24.0,21.4,527.0519262,180.0,0.0,25.3280944824,0.0,0.080939,-272.4409897758872,194.2383450110043,-78.2026447648829,6
261,one_step,21.5445384979,23.422246933,21.5445384979,23.422246933,21.9477239061,21.947723906080764,-1.9234391857025912e-11,23.7656036128,23.76560361275957,-4.04298816647497e-11,13.3279304504,25.3280944824,24.0,22.2,638.5913125,180.0,0.0,25.3280944824,0.0,0.080939,-281.68963581373913,160.0948585243341,-121.59477728940504,6
262,one_step,21.9477233887,23.7656021118,21.9477233887,23.7656021118,22.3401539158,22.340153915832186,3.218758592993254e-11,23.9971673897,23.997167389689096,-1.0903278280238737e-11,13.3279304504,25.3280944824,24.0,22.9,658.9123948,180.0,0.0,25.3280944824,0.0,0.080939,-288.0924793570564,136.45730108048895,-151.63517827656744,6
263,one_step,22.3401546478,23.9971675873,22.3401546478,23.9971675873,22.7231498766,22.723149876618958,1.8957280190079473e-11,24.2398576404,24.23985764033281,-6.718892109347507e-11,13.3279304504,25.3280944824,24.0,23.6,697.2725064,180.0,0.0,25.3280944824,0.0,0.080939,-294.67160561811755,112.16895577358912,-182.50264984452843,6
264,one_step,22.7231502533,24.23985672,22.7231502533,24.23985672,23.0885299899,23.08852998988743,-1.2569500995596172e-11,24.5020590166,24.502059016610747,1.0746958878371515e-11,12.8000001907,26.0,24.0,24.1,681.4563209,180.0,0.0,26.0,0.0,0.080939,-316.08539083040387,153.0986608576022,-162.98672997280167,6
265,one_step,23.0885295868,24.5020599365,23.0885295868,24.5020599365,23.4229753283,23.422975328277495,-2.2506441155201173e-11,24.6315815528,24.631581552824333,2.433253598610463e-11,12.8000001907,26.0,24.0,24.6,642.4392002,180.0,0.0,26.0,0.0,0.080939,-319.78002280911477,139.45908415393652,-180.32093865517825,6
266,one_step,23.4229736328,24.6315803528,23.4229736328,24.6315803528,23.6051237025,23.60512370246747,-3.2528646443097387e-11,23.4388057741,23.438805774050817,-4.9183768169314135e-11,16.0,20.0,24.0,24.9,637.7336903,180.0,2672.657523192129,20.0,100.0,0.31797464285714283,-796.8527376902041,0.0,-796.8527376902041,6
267,one_step,23.6051254272,23.4388065338,23.6051254272,23.4388065338,23.6928546513,23.69285465120994,-9.00577390439139e-11,23.3310430074,23.331043007401732,1.730171561575844e-12,16.0,20.0,24.0,25.3,585.9585331,180.0,2672.65752319,20.0,100.0,0.31797464285714283,-779.9920094432803,0.0,-779.9920094432803,6
268,one_step,23.692855835,23.3310432434,23.692855835,23.3310432434,23.7632944943,23.763294494363077,6.30784313671029e-11,23.3333331496,23.333333149586238,-1.376321279167314e-11,16.0,20.0,24.0,25.5,564.1478081,180.0,2672.65752319,20.0,100.0,0.31797464285714283,-779.8842954237247,0.0,-779.8842954237247,6
269,one_step,23.76329422,23.3333320618,23.76329422,23.3333320618,23.8303441279,23.830344127932992,3.299405193502025e-11,23.4047401514,23.404740151369655,-3.034372753063508e-11,16.7604312897,20.5371112823,24.0,25.7,427.3706743,180.0,3576.347920979811,20.5371112823,100.0,0.31797464285714283,-710.6279584035125,0.0,-710.6279584035125,6
270,one_step,23.8303451538,23.4047393799,23.8303451538,23.4047393799,23.8617611182,23.86176111816357,-3.6429526062420337e-11,23.3360461917,23.336046191694525,-5.474731779031572e-12,16.7604312897,20.5371112823,24.0,25.7,404.5248898,180.0,3576.3479209,20.5371112823,100.0,0.31797464285714283,-699.8243989807487,0.0,-699.8243989807487,6
271,one_step,23.8617610931,23.3360462189,23.8617610931,23.3360462189,23.8450375068,23.845037506788074,-1.1926459819733282e-11,23.1399784912,23.13997849117219,-2.781064267765032e-11,16.7604312897,20.5371112823,24.0,25.8,253.8081434,180.0,3576.3479209,20.5371112823,100.0,0.31797464285714283,-679.8370162201621,0.0,-679.8370162201621,6
272,one_step,23.8450393677,23.1399784088,23.8450393677,23.1399784088,23.961696174,23.96169617401361,1.3610446103484719e-11,24.5795778535,24.57957785346188,-3.8117065059850574e-11,17.7000007629,26.0,24.0,25.6,241.4189939,180.0,0.0,26.0,0.0,0.080939,-184.71051566124484,148.0989222429386,-36.61159341830623,6
273,one_step,23.9616966248,24.5795783997,23.9616966248,24.5795783997,24.0919853227,24.091985322728092,2.809130705827556e-11,24.5741196297,24.574119629713397,1.3397283282756689e-11,17.7000007629,26.0,24.0,25.4,121.5903995,180.0,0.0,26.0,0.0,0.080939,-185.98297199303553,143.40135944384755,-42.58161254918798,6
274,one_step,24.0919857025,24.5741195679,24.0919857025,24.5741195679,24.1984261419,24.19842614192778,2.7778668254541117e-11,24.6144190784,24.614419078389528,-1.0473399925103877e-11,17.7000007629,26.0,24.0,25.1,111.0297964,180.0,0.0,26.0,0.0,0.080939,-187.07018846212083,139.38765185158246,-47.682536610538364,6
275,one_step,24.198425293,24.6144180298,24.198425293,24.6144180298,24.2457587069,24.2457587068924,-7.599254558954271e-12,24.3442396595,24.344239659542794,4.2792436261152034e-11,17.7000007629,26.0,24.0,24.7,49.5,50.0,0.0,26.0,0.0,0.080939,-180.1643358848342,164.8821818818707,-15.282154002963495,6
276,one_step,24.2457580566,24.3442401886,24.2457580566,24.3442401886,24.2854091465,24.285409146443193,-5.680789172402001e-11,24.3910956356,24.391095635615084,1.5084822280186927e-11,17.7000007629,26.0,24.0,24.7,84.07869119,50.0,0.0,26.0,0.0,0.080939,-181.1300772452764,161.31692736191994,-19.81314988335646,6
277,one_step,24.28540802,24.3910942078,24.28540802,24.3910942078,24.1130355687,24.113035568673503,-2.6496138616494136e-11,22.7130526874,22.71305268735518,-4.482103577174712e-11,16.0,20.0,24.0,22.5,16.5,50.0,3433.331365135974,20.0,100.0,0.31797464285714283,-724.8644385124682,0.0,-724.8644385124682,6
278,one_step,24.1130371094,22.7130527496,24.1130371094,22.7130527496,23.8467706652,23.846770665223147,2.3145929617385264e-11,22.4592469933,22.4592469932686,-3.139888349323883e-11,16.0,20.0,24.0,21.4,19.43577404,50.0,3433.33136512,20.0,100.0,0.31797464285714283,-690.2882059164774,0.0,-690.2882059164774,6
279,one_step,23.8467712402,22.4592475891,23.8467712402,22.4592475891,23.575116504,23.575116504011742,1.1741718708435656e-11,22.3024055803,22.30240558032069,2.0691004465334117e-11,16.0,20.0,24.0,20.3,12.69591984,50.0,3433.33136512,20.0,100.0,0.31797464285714283,-673.2202463166507,0.0,-673.2202463166507,6
280,one_step,23.5751171112,22.302406311,23.5751171112,22.302406311,23.3151571403,23.315157140324576,2.4577673229941865e-11,22.1476876598,22.147687659759097,-4.090239258403017e-11,16.0,20.0,24.0,19.9,0.0,50.0,3433.33136512,20.0,100.0,0.31797464285714283,-656.6660326075702,0.0,-656.6660326075702,6
281,one_step,23.3151569366,22.147687912,23.3151569366,22.147687912,23.0712954988,23.071295498762712,-3.728928277269006e-11,22.0165399876,22.01653998755122,-4.878231152360968e-11,16.0,20.0,24.0,19.6,0.0,50.0,4057.51764460274,20.0,100.0,0.31797464285714283,-642.5092237716757,0.0,-642.5092237716757,6
282,one_step,23.0712966919,22.0165405273,23.0712966919,22.0165405273,22.8447424764,22.844742476426138,2.6137314534935285e-11,21.8948697769,21.89486977692324,2.3241852886712877e-11,16.0,20.0,24.0,19.4,0.0,50.0,4057.51764461,20.0,100.0,0.31797464285714283,-629.3902713270836,0.0,-629.3902713270836,6
283,one_step,22.8447418213,21.8948707581,22.8447418213,21.8948707581,22.7672962669,22.767296266912787,1.2786216530003003e-11,23.0963442269,23.09634422691231,1.2310152897043736e-11,17.7000007629,24.0,24.0,19.3,0.0,50.0,0.0,24.0,0.0,0.080939,-145.10757796628334,94.30220026723362,-50.80537769904973,6
284,one_step,22.7672958374,23.0963439941,22.7672958374,23.0963439941,22.7488713938,22.748871393752164,-4.7833736971369945e-11,23.1477299233,23.147729923327724,2.772537754935911e-11,17.7000007629,24.0,24.0,19.1,0.0,50.0,0.0,24.0,0.0,0.080939,-147.54640860226255,85.2987006715054,-62.247707930757144,6
285,one_step,22.7488708496,23.1477298737,22.7488708496,23.1477298737,22.7329011612,22.732901161198587,-1.4139800441625994e-12,23.1427437472,23.142743747200782,7.815970093361102e-13,17.7000007629,24.0,24.0,19.0,0.0,50.0,0.0,24.0,0.0,0.080939,-147.46341949327513,85.60507389734369,-61.85834559593144,6
286,one_step,22.7329025269,23.142742157,22.7329025269,23.142742157,22.7126745165,22.712674516499707,-2.948752353404416e-13,23.1334333903,23.13343339029641,-3.588240815588506e-12,17.7000007629,24.0,24.0,18.7,0.0,50.0,0.0,24.0,0.0,0.080939,-147.22292247354864,86.4929235036005,-60.72999896994814,6
287,one_step,22.7126731873,23.1334342957,22.7126731873,23.1334342957,22.5047640191,22.504764019176307,7.630518439327716e-11,21.1999465277,21.199946527715667,1.566746732351021e-11,12.8000001907,18.0,24.0,18.4,0.0,50.0,2895.953156407427,18.0,100.0,0.31797464285714283,-904.5802356762092,0.0,-904.5802356762092,6
288,one_step,22.5047645569,21.1999473572,22.5047645569,21.1999473572,22.2171719112,22.217171911205675,5.6736837450444e-12,20.9304049829,20.930404982945216,4.5215386990093975e-11,12.8000001907,18.0,24.0,18.2,0.0,50.0,2895.95315638,18.0,100.0,0.31797464285714283,-868.339882224223,0.0,-868.339882224223,6
289,one_step,22.2171707153,20.9304046631,22.2171707153,20.9304046631,21.9433687556,21.943368755572777,-2.722444492064824e-11,20.777632638,20.777632637963677,-3.632294465205632e-11,12.8000001907,18.0,24.0,17.9,0.0,50.0,2895.95315638,18.0,99.93806954948016,0.3178278456156288,-851.0658413374961,0.0,-851.0658413374961,6
290,one_step,21.9433670044,20.777633667,21.9433670044,20.777633667,21.6893440215,21.689344021468077,-3.19211324040225e-11,20.6408835015,20.64088350146369,-3.630873379734112e-11,12.8000001907,18.0,24.0,17.7,0.0,50.0,3729.24325648,18.0,100.0,0.31797464285714283,-836.7431476140878,0.0,-836.7431476140878,6
291,one_step,21.6893424988,20.6408843994,21.6893424988,20.6408843994,21.4534145245,21.45341452453134,3.133848736069922e-11,20.5141396334,20.5141396333777,-2.2300383761830744e-11,12.8000001907,18.0,24.0,17.5,0.0,50.0,3729.24325648,18.0,100.0,0.31797464285714283,-823.0752121799181,0.0,-823.0752121799181,6
292,one_step,21.453414917,20.5141391754,21.453414917,20.5141391754,21.2360772851,21.236077285144976,4.497735517361434e-11,20.3972446384,20.39724463837815,-2.184918912462308e-11,12.8000001907,18.0,24.0,17.4,0.0,50.0,3729.24325648,18.0,100.0,0.31797464285714283,-810.4652811401955,0.0,-810.4652811401955,6
293,one_step,21.236076355,20.3972434998,21.236076355,20.3972434998,21.2349638187,21.23496381869332,-6.679101716144942e-12,22.3779065028,22.377906502776135,-2.3863577780502965e-11,16.4681797028,25.1263408661,24.0,17.3,0.0,50.0,0.0,25.1263408661,0.0,0.080939,-157.44353273269132,284.5774020067079,127.1338692740166,6
294,one_step,21.2349624634,22.3779067993,21.2349624634,22.3779067993,21.3350177805,21.335017780533345,3.33457705892215e-11,22.5605103401,22.56051034014539,4.5393022674034e-11,16.4681797028,25.1263408661,24.0,17.2,0.0,50.0,0.0,25.1263408661,0.0,0.080939,-164.6706897463397,257.89670335929173,93.22601361295204,6
295,one_step,21.335018158,22.5605106354,21.335018158,22.5605106354,21.4300272213,21.430027221356433,5.6431304074067157e-11,22.6164830663,22.616483066305676,5.6772364587232005e-12,16.4681797028,25.1263408661,24.0,17.1,0.0,50.0,0.0,25.1263408661,0.0,0.080939,-166.3221319231938,251.80002786558546,85.47789594239165,6
296,one_step,21.4300270081,22.6164836884,21.4300270081,22.6164836884,21.5168015232,21.51680152322553,2.55298004958604e-11,22.6618238656,22.66182386564214,4.214228965793154e-11,16.4681797028,25.1263408661,24.0,17.1,0.0,50.0,0.0,25.1263408661,0.0,0.080939,-167.57519743316567,247.17405070833075,79.59885327516508,6
297,one_step,21.5167999268,22.6618232727,21.5167999268,22.6618232727,21.5977403313,21.597740331327707,2.7707613980965107e-11,22.7034877219,22.703487721883107,-1.6893153542696382e-11,16.4681797028,25.1263408661,24.0,17.2,0.0,50.0,0.0,25.1263408661,0.0,0.080939,-168.7175528779657,242.95678500988453,74.23923213191884,6
298,one_step,21.5977401733,22.7034873962,21.5977401733,22.7034873962,21.6854003449,21.685400344847775,-5.2224891078367364e-11,22.7481108622,22.748110862225502,2.5501378786429996e-11,16.4681797028,25.1263408661,24.0,17.9,1.32,50.0,0.0,25.1263408661,0.0,0.080939,-169.911685303755,238.54837277566503,68.63668747191002,6
299,one_step,21.6854019165,22.7481117249,21.6854019165,22.7481117249,21.6832997681,21.683299768078705,-2.1294965790730203e-11,21.6318651565,21.631865156491408,-8.594014389018412e-12,15.3424062729,20.527431488,24.0,18.6,35.15155489,50.0,2949.2261856805717,20.527431488,69.86499673366308,0.2465439441397601,-527.5664448431569,0.0,-527.5664448431569,6
300,one_step,21.6833000183,21.6318645477,21.6833000183,21.6318645477,21.6100090156,21.610009015605797,5.7980287238024175e-12,21.2424413831,21.24244138313509,3.509015300551255e-11,15.3424062729,20.527431488,24.0,19.4,52.11890201,50.0,4615.146476066312,20.527431488,99.20729271744258,0.3160956440539575,-629.6609833653399,0.0,-629.6609833653399,6
301,one_step,21.6100082397,21.2424411774,21.6100082397,21.2424411774,21.5997982322,21.599798232176212,-2.3788970793248154e-11,21.6856380688,21.685638068800877,8.775202786637237e-13,17.7000007629,18.0,24.0,20.2,103.1705886,50.0,3119.3886391630995,18.0,100.0,0.31797464285714283,-423.815346329136,0.0,-423.815346329136,6
302,one_step,21.5997982025,21.6856384277,21.5997982025,21.6856384277,21.6273549397,21.627354939683823,-1.617550537957868e-11,21.7190147846,21.719014784604642,4.643396778192255e-12,17.7000007629,18.0,24.0,21.3,118.2119072,50.0,3119.38863915,18.0,100.0,0.31797464285714283,-427.35240352122304,0.0,-427.35240352122304,6
303,one_step,21.6273555756,21.7190151215,21.6273555756,21.7190151215,21.7268033134,21.72680331339012,-9.880096740744193e-12,22.116772147,22.11677214705385,5.385203394325799e-11,17.7000007629,18.0,24.0,22.4,215.5118592,180.0,3119.38863915,18.0,100.0,0.31797464285714283,-467.6248197945972,0.0,-467.6248197945972,6
304,one_step,21.7268028259,22.116771698,21.7268028259,22.116771698,21.8623593721,21.86235937207444,-2.5558222205290804e-11,22.1924394656,22.19243946556246,-3.753797273020609e-11,17.7000007629,18.0,24.0,24.0,206.5466754,180.0,3119.38863915,18.0,100.0,0.31797464285714283,-476.8055615823386,0.0,-476.8055615823386,6
305,one_step,21.8623580933,22.192440033,21.8623580933,22.192440033,22.0874489582,22.087448958254424,5.4424020845544874e-11,22.7378385431,22.73783854310954,9.539036227579345e-12,14.5,22.0,24.0,25.6,311.3110626,180.0,1011.583189347271,22.0,26.904612945592362,0.14471252225381093,-399.13665088794403,0.0,-399.13665088794403,6
306,one_step,22.0874481201,22.7378387451,22.0874481201,22.7378387451,22.308790052,22.30879005195545,-4.454747681847948e-11,22.6052220058,22.60522200576474,-3.526068326209497e-11,14.5,22.0,24.0,26.7,325.6391487,180.0,2260.5245907582694,22.0,50.91297252921032,0.20162089173229422,-548.8217050494865,0.0,-548.8217050494865,6
307,one_step,22.3087902069,22.605222702,22.3087902069,22.605222702,22.5244095142,22.524409514225987,2.5988100560425664e-11,22.5787053575,22.578705357521173,2.1174173525650986e-11,14.5,22.0,24.0,27.8,435.52913,180.0,3380.3261251881813,22.0,73.01009674425256,0.253998952168361,-688.5741182325241,0.0,-688.5741182325241,6
308,one_step,22.5244102478,22.578704834,22.5244102478,22.578704834,22.7070901227,22.707090122671268,-2.873079552045965e-11,22.4697091475,22.46970914746468,-3.532107939463458e-11,14.5,22.0,24.0,28.4,454.5937732,180.0,4347.089538525562,22.0,91.34864145061317,0.2974678395037274,-795.3902007183838,0.0,-795.3902007183838,6
309,one_step,22.7070903778,22.4697093964,22.7070903778,22.4697093964,22.8933393741,22.89333937405111,-4.8892445647652494e-11,22.5742625454,22.574262545393577,-6.423306331271306e-12,14.5,22.0,24.0,29.0,580.4206376,180.0,4642.264100863207,22.0,100.0,0.31797464285714283,-857.7973055559827,0.0,-857.7973055559827,6
310,one_step,22.8933391571,22.574262619,22.8933391571,22.574262619,23.2639952018,23.263995201766075,-3.3924862918865983e-11,24.5638379903,24.563837990337692,3.7690739418394514e-11,16.0,26.0,24.0,29.4,619.7803923,180.0,0.0,26.0,0.0,0.080939,-229.29443607785214,153.5072866178002,-75.78714946005195,6
311,one_step,23.2639961243,24.5638389587,23.2639961243,24.5638389587,23.7043806432,23.704380643225214,2.5213608978447155e-11,24.9321957932,24.932195793203782,3.7836400679225335e-12,16.0,26.0,24.0,29.8,663.7260124,180.0,0.0,26.0,0.0,0.080939,-240.82044999401052,110.95637713538586,-129.86407285862464,6
312,one_step,23.7043800354,24.9321956635,23.7043800354,24.9321956635,24.0825598489,24.08255984888737,-1.262989712813578e-11,24.717945984,24.71794598395009,-4.990852175978944e-11,17.7000007629,24.0,24.0,30.0,674.8781294,180.0,1482.8355842340907,24.0,36.32270308236356,0.1670367527543717,-393.584669792745,0.0,-393.584669792745,6
313,one_step,24.0825614929,24.7179450989,24.0825614929,24.7179450989,24.3836556626,24.383655662597633,-2.3661073100811336e-12,24.6073866791,24.60738667906713,-3.2869706956262235e-11,17.7000007629,24.0,24.0,30.2,671.7087303,180.0,2685.801327312622,24.0,59.32598848332982,0.2215627381828154,-513.3624636526016,0.0,-513.3624636526016,6
314,one_step,24.3836555481,24.6073875427,24.3836555481,24.6073875427,24.5177742003,24.51777420033864,3.863931397063425e-11,23.4507878594,23.450787859440993,4.099476313967898e-11,13.5510931015,19.4341468811,24.0,30.2,665.6367001,180.0,2896.9641463452936,19.4341468811,100.0,0.31797464285714283,-1058.6158642507637,0.0,-1058.6158642507637,6
315,one_step,24.5177745819,23.4507865906,24.5177745819,23.4507865906,24.552887761,24.552887760994242,-5.758948873335612e-12,23.2897672619,23.289767261865055,-3.494449174468173e-11,13.5510931015,19.4341468811,24.0,30.3,586.1941688,180.0,2896.96414635,19.4341468811,100.0,0.31797464285714283,-1036.7924115294115,0.0,-1036.7924115294115,6
316,one_step,24.5528869629,23.289768219,24.5528869629,23.289768219,24.7735733994,24.77357339939027,-9.730882766234572e-12,25.2834140618,25.283414061765576,-3.4422242833898054e-11,16.0,26.0,24.0,30.3,572.1824811,180.0,0.0,26.0,0.0,0.080939,-249.09077952002815,80.42456920845211,-168.66621031157604,6
317,one_step,24.7735729218,25.2834129333,24.7735729218,25.2834129333,25.0256979477,25.02569794775902,5.902123234591272e-11,25.367722416,25.367722415993708,-6.291855925155687e-12,16.0,26.0,24.0,30.3,454.8860944,180.0,0.0,26.0,0.0,0.080939,-253.22785523329148,65.15161053622833,-188.07624469706315,6
318,one_step,25.0256977081,25.3677215576,25.0256977081,25.3677215576,25.2395784804,25.239578480390907,-9.091394304050482e-12,25.4291783417,25.429178341703714,3.716138508025324e-12,16.0,26.0,24.0,30.2,414.3494852,180.0,0.0,26.0,0.0,0.080939,-254.98165222515792,58.67706889552977,-196.30458332962814,6
319,one_step,25.2395782471,25.4291782379,25.2395782471,25.4291782379,25.3687698587,25.36876985874252,4.2522430021563196e-11,25.2416191586,25.241619158595796,-4.202860282020993e-12,16.0,26.0,24.0,30.1,199.232742,180.0,0.0,26.0,0.0,0.080939,-250.29669705283945,75.97264956345029,-174.32404748938916,6
320,one_step,25.3687705994,25.2416191101,25.3687705994,25.2416191101,25.4907258806,25.490725880629928,2.992806003021542e-11,25.3661652949,25.366165294940316,4.0316194827028085e-11,16.0,26.0,24.0,30.0,261.6700759,180.0,0.0,26.0,0.0,0.080939,-253.37102914014596,64.62305140076978,-188.74797773937618,6
321,one_step,25.4907264709,25.3661651611,25.4907264709,25.3661651611,25.5605606271,25.56056062704908,-5.091749244456878e-11,25.2327693684,25.232769368414118,1.411848415955319e-11,16.0,26.0,24.0,29.9,114.3458143,180.0,0.0,26.0,0.0,0.080939,-250.10571112978633,76.67771766273965,-173.4279934670467,6
322,one_step,25.5605602264,25.2327690125,25.5605602264,25.2327690125,25.4392884283,25.43928842827293,-2.7068125518781017e-11,23.4687263537,23.468726353666902,-3.3097080631705467e-11,14.5,20.0,24.0,29.5,115.2699438,180.0,2824.9049646319677,20.0,100.0,0.31797464285714283,-964.210352225138,0.0,-964.210352225138,6
323,one_step,25.439289093,23.4687271118,25.439289093,23.4687271118,25.1890068143,25.18900681426857,-3.143085791634803e-11,22.9129241165,22.91292411651858,1.858069254012662e-11,14.5,20.0,24.0,29.1,50.47379171,50.0,2824.90496462,20.0,100.0,0.31797464285714283,-899.3713190617331,0.0,-899.3713190617331,6
324,one_step,25.1890068054,22.9129238129,25.1890068054,22.9129238129,24.9291874409,24.929187440892658,-7.343459174080635e-12,22.700551651,22.700551650955987,-4.4014569766659406e-11,14.5,20.0,24.0,29.1,9.822621031,50.0,3682.845725523037,20.0,100.0,0.31797464285714283,-875.398406521198,0.0,-875.398406521198,6
325,one_step,24.9291877747,22.7005519867,24.9291877747,22.7005519867,24.7617532934,24.761753293388285,-1.1716849712684052e-11,23.5971380549,23.597138054939247,3.9246828009709134e-11,17.5619487762,22.0059299469,24.0,26.9,7.753900341,50.0,2447.121896293521,22.0059299469,63.635329897726194,0.23177741330733892,-471.34492898456597,0.0,-471.34492898456597,6
326,one_step,24.7617530823,23.5971374512,24.7617530823,23.5971374512,24.5915656851,24.591565685103635,3.6344260934129125e-12,23.1800424678,23.180042467841524,4.1524117477820255e-11,17.5619487762,22.0059299469,24.0,26.0,4.883980219,50.0,4229.006584187957,22.0059299469,100.0,0.31797464285714283,-602.9570648980506,0.0,-602.9570648980506,6
327,one_step,24.5915660858,23.1800422668,24.5915660858,23.1800422668,24.3936049441,24.393604944120824,2.0822454871449736e-11,23.0262838581,23.02628385807668,-2.3320012587646488e-11,17.5619487762,22.0059299469,24.0,25.2,3.351779879,50.0,4229.00658417,22.0059299469,100.0,0.31797464285714283,-583.5145558703118,0.0,-583.5145558703118,6
328,one_step,24.3936042786,23.0262832642,24.3936042786,23.0262832642,24.1960713346,24.1960713345844,-1.5599965763613e-11,22.9156216546,22.915621654591256,-8.743228363528033e-12,17.5619487762,22.0059299469,24.0,24.5,0.0,50.0,4535.1125793599995,22.0059299469,100.0,0.31797464285714283,-571.5534510357732,0.0,-571.5534510357732,6
329,one_step,24.1960716248,22.9156227112,24.1960716248,22.9156227112,24.073258335,24.073258335072936,7.293721182577428e-11,23.5465311721,23.546531172165704,6.570388677573646e-11,12.8000001907,24.0,24.0,23.7,0.0,50.0,0.0,24.0,0.0,0.080939,-290.6799706354494,46.88856454344723,-243.7914060920022,6
330,one_step,24.0732574463,23.5465316772,24.0732574463,23.5465316772,23.97915245,23.979152449981875,-1.8125945189240156e-11,23.5338105434,23.533810543356434,-4.356692784313054e-11,12.8000001907,24.0,24.0,23.0,0.0,50.0,0.0,24.0,0.0,0.080939,-290.92877994411873,45.97002822650538,-244.95875171761335,6
331,one_step,23.9791526794,23.5338096619,23.9791526794,23.5338096619,23.9177308756,23.91773087557152,-2.8478552849264815e-11,23.8493863949,23.84938639489739,-2.611244553918368e-12,12.8000001907,26.0,24.0,22.3,0.0,50.0,0.0,26.0,0.0,0.080939,-299.0922933667295,215.8325563103027,-83.25973705642681,6
332,one_step,23.9177322388,23.8493881226,23.9177322388,23.8493881226,23.8658037596,23.865803759649225,4.922640073345974e-11,23.8413561209,23.841356120935338,3.533884296302858e-11,12.8000001907,26.0,24.0,21.7,0.0,50.0,0.0,26.0,0.0,0.080939,-299.18167820214023,215.5025718014926,-83.67910640064764,6
333,one_step,23.8658027649,23.8413562775,23.8658027649,23.8413562775,23.7891270333,23.789127033327482,2.7480240305521875e-11,23.6096862161,23.609686216100084,8.526512829121202e-14,16.0,24.0,24.0,21.2,0.0,50.0,0.0,24.0,0.0,0.080939,-206.49237706317678,37.68628867382944,-168.80608838934734,6
334,one_step,23.7891273499,23.6096858978,23.7891273499,23.6096858978,23.7029035842,23.70290358420964,9.638512210585759e-12,23.5570059512,23.557005951176052,-2.3948842908794177e-11,16.0,24.0,24.0,20.8,0.0,50.0,0.0,24.0,0.0,0.080939,-204.90309060942528,43.553502137835665,-161.3495884715896,6
335,one_step,23.7029037476,23.5570068359,23.7029037476,23.5570068359,23.6182267923,23.618226792378213,7.821299163879303e-11,23.5137147067,23.513714706722016,2.2016166667526704e-11,16.0,24.0,24.0,20.5,0.0,50.0,0.0,24.0,0.0,0.080939,-203.71837454879258,47.92715171218447,-155.7912228366081,6
