row_index,simulation_type,T_env_start_measured,T_zone_start_measured,T_env_start_model,T_zone_start_model,T_env_measured,T_env_predicted,T_env_error,T_zone_measured,T_zone_predicted,T_zone_error,SAT_sp,ZAT_sp,T_cor_used,T_out_used,Qsg_used,Qint_used,integral_error_predicted_end,prev_zat_sp_predicted_end,damper_signal_predicted_end,m_fan_predicted_end,Q_air_last_predicted_W,Q_reheat_last_predicted_W,Q_hvac_last_predicted_W,n_pi_loops
0,rollout,20.0,24.0,20.0,24.0,20.316447094,20.3164470939597,-4.030198397231288e-11,22.0244188476,22.024418847639982,3.998223974122084e-11,14.950504303,24.8687839508,24.0,18.0,0.0,50.0,0.0,24.8687839508,0.0,0.080939,-193.04096084660605,279.17322471701453,86.13226387040848,6
1,rollout,20.3164482117,22.0244178772,20.3164470939597,22.024418847639982,20.5275044316,20.527503484186493,-9.474135076459334e-07,22.0266505424,22.026650126165812,-4.162341866731367e-07,14.950504303,24.8687839508,24.0,19.0,0.0,50.0,0.0,24.8687839508,0.0,0.080939,-191.3077563419051,285.5717444941469,94.26398815224181,6
2,rollout,20.5275039673,22.0266513824,20.527503484186493,22.026650126165812,20.7436509031,20.74365040289618,-5.002038214740878e-07,22.2301548781,22.230154471135865,-4.069641335036067e-07,16.0,26.0,24.0,20.0,0.0,50.0,0.0,26.0,0.0,0.080939,-168.06028850717638,300.0,131.93971149282362,6
3,rollout,20.7436504364,22.2301559448,20.74365040289618,22.230154471135865,20.9729564198,20.972956308424305,-1.1137569444485962e-07,22.3758744901,22.375874284248862,-2.058511370250926e-07,16.0,26.0,24.0,21.3,0.0,50.0,0.0,26.0,0.0,0.080939,-172.06844619586576,300.0,127.93155380413424,6
4,rollout,20.9729576111,22.3758735657,20.972956308424305,22.375874284248862,21.1795978825,21.17959676086372,-1.1216362807431324e-06,22.5090976622,22.509097090987648,-5.712123503087696e-07,16.0,26.0,24.0,21.0,0.0,50.0,0.0,26.0,0.0,0.080939,-175.7374380105576,300.0,124.26256198944239,6
5,rollout,21.1795978546,22.509098053,21.17959676086372,22.509097090987648,21.3653403259,21.36533929756323,-1.028336768627014e-06,22.6291780187,22.62917733854214,-6.801578606996372e-07,16.0,26.0,24.0,20.7,0.0,50.0,0.0,26.0,0.0,0.080939,-179.04811725481946,300.0,120.95188274518054,6
6,rollout,21.3653411865,22.6291770935,21.36533929756323,22.62917733854214,21.410172882,21.410171218942246,-1.6630577555076798e-06,21.3637961683,21.363795358669925,-8.096300732063355e-07,16.651714325,19.0249099731,24.0,20.5,0.0,50.0,3751.3064669532105,19.0249099731,100.0,0.31797464285714283,-509.36686795298493,0.0,-509.36686795298493,6
7,rollout,21.4101734161,21.3637962341,21.410171218942246,21.363795358669925,21.3717752631,21.371773271538977,-1.9915610245391235e-06,21.2323788058,21.2323777482623,-1.057537698301303e-06,16.651714325,19.0249099731,24.0,20.4,0.0,50.0,3751.3064669532105,19.0249099731,100.0,0.31797464285714283,-488.28095187241047,0.0,-488.28095187241047,6
8,rollout,21.3717765808,21.2323799133,21.371773271538977,21.2323777482623,21.3315151723,21.331512132903192,-3.039396808901529e-06,21.2044653307,21.204463669224058,-1.661475941716617e-06,16.651714325,19.0249099731,24.0,20.4,0.0,50.0,3751.3064669532105,19.0249099731,100.0,0.31797464285714283,-484.88054610986944,0.0,-484.88054610986944,6
9,rollout,21.3315162659,21.2044639587,21.331512132903192,21.204463669224058,21.296411929,21.296408246559217,-3.6824407843027984e-06,21.1848057761,21.184803897172426,-1.8789275735286992e-06,16.651714325,19.0249099731,24.0,20.5,0.0,50.0,3751.3064669532105,19.0249099731,100.0,0.31797464285714283,-482.7175234244027,0.0,-482.7175234244027,6
10,rollout,21.2964115143,21.1848068237,21.296408246559217,21.184803897172426,21.276533893,21.276530854712373,-3.0382876268220116e-06,21.1740161706,21.17401446592218,-1.7046778211238234e-06,16.651714325,19.0249099731,24.0,21.1,1.815,50.0,3751.3064669532105,19.0249099731,100.0,0.31797464285714283,-481.426287068342,0.0,-481.426287068342,6
11,rollout,21.2765350342,21.1740150452,21.276530854712373,21.17401446592218,21.2855684803,21.285564742931317,-3.737368682976694e-06,21.2417373547,21.241735431371858,-1.9233281420838466e-06,16.651714325,19.0249099731,24.0,21.7,55.72619567,50.0,3751.3064669532105,19.0249099731,100.0,0.31797464285714283,-488.09737847753,0.0,-488.09737847753,6
12,rollout,21.2855682373,21.2417373657,21.285564742931317,21.241735431371858,21.3377367049,21.337733534111617,-3.1707883820786265e-06,21.4582533342,21.45825201442496,-1.3197750377003103e-06,16.0,20.0,24.0,22.4,22.77,50.0,2628.1058978968094,20.0,66.10453138416744,0.23763030092416304,-437.7729527936505,0.0,-437.7729527936505,6
13,rollout,21.3377361298,21.4582538605,21.337733534111617,21.45825201442496,21.3926316037,21.39262927233804,-2.3313619585962897e-06,21.2830096275,21.28300859543721,-1.0320627907844937e-06,16.0,20.0,24.0,23.0,117.7942964,50.0,4342.70083719299,20.0,100.0,0.31797464285714283,-564.1448769485013,0.0,-564.1448769485013,6
14,rollout,21.3926315308,21.2830085754,21.39262927233804,21.28300859543721,21.4285953534,21.428593349531948,-2.00386805104813e-06,21.2025161187,21.20251510641201,-1.012287988544358e-06,16.0,20.0,24.0,24.0,65.67801958,50.0,4342.70083719299,20.0,100.0,0.31797464285714283,-553.7243581749397,0.0,-553.7243581749397,6
15,rollout,21.4285964966,21.2025165558,21.428593349531948,21.20251510641201,21.6658326648,21.665829802906224,-2.861893776184843e-06,22.9555796479,22.95557816381318,-1.4840868196586143e-06,15.9549388885,24.5820922852,24.0,25.0,177.4316214,180.0,0.0,24.5820922852,0.0,0.080939,-187.42398293505136,170.79695481340735,-16.627028121644003,6
16,rollout,21.6658325195,22.9555797577,21.665829802906224,22.95557816381318,21.9625013759,21.96249889497877,-2.4809212320064944e-06,23.1308519993,23.130850703339796,-1.2959602031514805e-06,15.9549388885,24.5820922852,24.0,26.0,129.2898191,180.0,0.0,24.5820922852,0.0,0.080939,-193.68892080697307,147.6685076121271,-46.020413194845986,6
17,rollout,21.9625015259,23.1308517456,21.96249889497877,23.130850703339796,22.3110647749,22.3110623948635,-2.380036498550453e-06,23.5487139467,23.54871272768989,-1.2190101124076591e-06,15.9549388885,24.5820922852,24.0,27.0,333.23752,180.0,0.0,24.5820922852,0.0,0.080939,-204.67547185401585,107.1091483638039,-97.56632349021196,6
18,rollout,22.3110656738,23.5487136841,22.3110623948635,23.54871272768989,22.6495743182,22.649571367375547,-2.950824452341294e-06,23.729233716,23.729232221339885,-1.4946601147869387e-06,15.9549388885,24.5820922852,24.0,27.6,329.361975,180.0,0.0,24.5820922852,0.0,0.080939,-209.81988835680627,88.1173613902348,-121.70252696657147,6
19,rollout,22.6495742798,23.7292327881,22.649571367375547,23.729232221339885,23.0393094891,23.039306880931328,-2.6081686712586816e-06,24.3078614485,24.307860141244326,-1.3072556726001494e-06,14.5,26.0,24.0,28.3,502.1707031,180.0,0.0,26.0,0.0,0.080939,-264.4177406149566,173.84159621060638,-90.5761444043502,6
20,rollout,23.0393104553,24.3078613281,23.039306880931328,24.307860141244326,23.4235471405,23.423543917307768,-3.2231922304504224e-06,24.543720698,24.543719058246445,-1.6397535560486176e-06,14.5,26.0,24.0,28.7,518.8843589,180.0,0.0,26.0,0.0,0.080939,-271.1586177551956,148.9561106374648,-122.20250711773082,6
21,rollout,23.4235477448,24.5437202454,23.423543917307768,24.543719058246445,23.6844544001,23.68445095746966,-3.442630340799724e-06,23.4561969996,23.456195214763344,-1.7848366553607775e-06,16.0,20.0,24.0,29.2,632.8191194,180.0,2630.926700443993,20.0,100.0,0.31797464285714283,-797.8030554581114,0.0,-797.8030554581114,6
22,rollout,23.6844558716,23.4561958313,23.68445095746966,23.456195214763344,23.862308227,23.86230383579035,-4.3912096501230735e-06,23.4830152328,23.48301297664462,-2.256155379853908e-06,16.0,20.0,24.0,29.4,649.8086212,180.0,2630.926700443993,20.0,100.0,0.31797464285714283,-794.9660124047207,0.0,-794.9660124047207,6
23,rollout,23.8623085022,23.4830150604,23.86230383579035,23.48301297664462,24.0402447487,24.040240508369525,-4.2403304760796345e-06,23.6369899259,23.636987661671263,-2.264228736947871e-06,16.0,20.0,24.0,29.6,701.6350699,180.0,2630.926700443993,20.0,100.0,0.31797464285714283,-810.8067634899455,0.0,-810.8067634899455,6
24,rollout,24.0402450562,23.6369895935,24.040240508369525,23.636987661671263,24.2077901607,24.20778603284055,-4.127859451585891e-06,23.7319936086,23.731991409990272,-2.1986097280546346e-06,16.0,20.0,24.0,29.7,703.0527701,180.0,2630.926700443993,20.0,100.0,0.31797464285714283,-821.2406511314338,0.0,-821.2406511314338,6
25,rollout,24.2077903748,23.7319946289,24.20778603284055,23.731991409990272,24.3026762648,24.302672259202257,-4.005597741496558e-06,23.5301598497,23.530157638961512,-2.210738486496666e-06,16.0,20.0,24.0,29.8,493.4677368,180.0,2630.926700443993,20.0,100.0,0.31797464285714283,-801.5339056274556,0.0,-801.5339056274556,6
26,rollout,24.3026771545,23.5301589966,24.302672259202257,23.530157638961512,24.2595746586,24.259570257979583,-4.40062041562328e-06,23.0071022486,23.0071000198838,-2.228716198260372e-06,16.0,20.0,24.0,29.7,89.94650763,180.0,3566.2150871095637,20.0,100.0,0.31797464285714283,-748.2652280333309,0.0,-748.2652280333309,6
27,rollout,24.2595748901,23.0071029663,24.259570257979583,23.0071000198838,24.3059832321,24.30597901783588,-4.214264119895006e-06,23.7742217128,23.774220053287358,-1.6595126410834382e-06,17.7000007629,22.0,24.0,29.6,180.2523886,180.0,2856.4873712778544,22.0,73.47693721867188,0.25510553048801815,-522.185635765813,0.0,-522.185635765813,6
28,rollout,24.3059825897,23.7742214203,24.30597901783588,23.774220053287358,24.4162148877,24.416211695463687,-3.192236313509511e-06,23.8967387721,23.89673716992287,-1.6021771322982659e-06,17.7000007629,22.0,24.0,29.4,474.8740792,180.0,3947.551314263855,22.0,100.0,0.31797464285714283,-658.678191955887,0.0,-658.678191955887,6
29,rollout,24.4162139893,23.8967380524,24.416211695463687,23.89673716992287,24.4983275452,24.49832546987488,-2.0753251170901876e-06,23.8836934369,23.883692340363126,-1.0965368737458903e-06,17.7000007629,18.0,24.0,29.1,426.4738543,180.0,1769.0211509768606,18.0,100.0,0.31797464285714283,-657.8029067215253,0.0,-657.8029067215253,6
30,rollout,24.4983272552,23.8836936951,24.49832546987488,23.883692340363126,24.5599148003,24.55991315176956,-1.648530439268825e-06,23.9092809166,23.909280005036088,-9.115639123535857e-07,17.7000007629,18.0,24.0,28.7,424.6044764,180.0,1769.0211509768606,18.0,100.0,0.31797464285714283,-660.2289646960648,0.0,-660.2289646960648,6
31,rollout,24.5599136353,23.909280777,24.55991315176956,23.909280005036088,24.5524149717,24.552414510990694,-4.6070930537212007e-07,23.5330225032,23.533022236229943,-2.6697005850451205e-07,16.6140785217,19.5571098328,24.0,28.3,269.3540575,180.0,2607.6071084255495,19.5571098328,100.0,0.31797464285714283,-739.2930241914139,0.0,-739.2930241914139,6
32,rollout,24.5524139404,23.5330238342,24.552414510990694,23.533022236229943,24.4923350758,24.49233550721521,4.314152093343182e-07,23.4064329715,23.40643309787445,1.263744522361776e-07,16.6140785217,19.5571098328,24.0,27.7,221.8666509,180.0,2607.6071084255495,19.5571098328,100.0,0.31797464285714283,-723.7682372042349,0.0,-723.7682372042349,6
33,rollout,24.4923343658,23.4064331055,24.49233550721521,23.40643309787445,24.3940083119,24.394009324746598,1.0128465994796443e-06,23.2354748796,23.235475391382646,5.117826447076368e-07,16.6140785217,19.5571098328,24.0,27.1,126.7057476,180.0,2607.6071084255495,19.5571098328,100.0,0.31797464285714283,-706.0295564033053,0.0,-706.0295564033053,6
34,rollout,24.3940086365,23.2354736328,24.394009324746598,23.235475391382646,24.2724778856,24.27247857916267,6.935626686299656e-07,23.1301664643,23.130166916137036,4.5183703534235065e-07,16.6140785217,19.5571098328,24.0,26.2,96.50280202,180.0,2607.6071084255495,19.5571098328,100.0,0.31797464285714283,-694.7024688213996,0.0,-694.7024688213996,6
35,rollout,24.2724781036,23.1301670074,24.27247857916267,23.130166916137036,24.1078139234,24.10781434120931,4.1780931070434235e-07,22.7609968965,22.76099710257499,2.0607498996128015e-07,16.6140785217,19.5571098328,24.0,25.4,53.955,50.0,2607.6071084255495,19.5571098328,100.0,0.31797464285714283,-656.8436508099371,0.0,-656.8436508099371,6
36,rollout,24.1078147888,22.7609977722,24.10781434120931,22.76099710257499,23.9398804683,23.93988004247515,-4.258248509358964e-07,22.6361000273,22.63609978145629,-2.458437080576914e-07,16.6140785217,19.5571098328,24.0,25.4,38.445,50.0,3559.967693248404,19.5571098328,100.0,0.31797464285714283,-642.5386184987352,0.0,-642.5386184987352,6
37,rollout,23.9398803711,22.636100769,23.93988004247515,22.63609978145629,23.8698143933,23.869814053414714,-3.398852861380419e-07,23.8847939532,23.884793731559608,-2.216403913735121e-07,14.5,26.0,24.0,23.0,24.09,50.0,0.0,26.0,0.0,0.080939,-253.04324065555767,215.83315736095267,-37.210083294605,6
38,rollout,23.8698139191,23.8847942352,23.869814053414714,23.884793731559608,23.8364927688,23.836492865235154,9.643515497259614e-08,23.9214829716,23.921482993792022,2.219202244191365e-08,14.5,26.0,24.0,21.7,11.385,50.0,0.0,26.0,0.0,0.080939,-255.22630286546453,207.7738852514507,-47.452417614013825,6
39,rollout,23.8364944458,23.9214820862,23.836492865235154,23.921482993792022,23.7915921535,23.791590792770048,-1.360729953603368e-06,23.9788797209,23.978879098848704,-6.220512958066138e-07,16.0,26.0,24.0,20.4,14.70273145,50.0,0.0,26.0,0.0,0.080939,-216.1490234401501,202.03657586945454,-14.112447570695565,6
40,rollout,23.7915916443,23.9788799286,23.791590792770048,23.978879098848704,23.7287518164,23.72875102389379,-7.925062099900515e-07,23.9366870062,23.936686576232407,-4.299675921970447e-07,16.0,26.0,24.0,19.3,0.0,50.0,0.0,26.0,0.0,0.080939,-215.1367229940793,205.77371387424037,-9.363009119838921,6
41,rollout,23.7287521362,23.9366874695,23.72875102389379,23.936686576232407,23.6497067788,23.64970575210282,-1.0266971806061065e-06,23.8989648831,23.898964335163985,-5.479360147830903e-07,16.0,26.0,24.0,18.2,0.0,50.0,0.0,26.0,0.0,0.080939,-214.1385326372993,209.4587612658646,-4.679771371434697,6
42,rollout,23.6497077942,23.8989639282,23.64970575210282,23.898964335163985,23.5603873881,23.560385595545277,-1.792554723323292e-06,23.8558557535,23.85585489471838,-8.587816182625829e-07,16.0,26.0,24.0,17.3,0.0,50.0,0.0,26.0,0.0,0.080939,-212.99398926798867,213.68410418671255,0.6901149187238786,6
43,rollout,23.5603866577,23.8558559418,23.560385595545277,23.85585489471838,23.4617121008,23.461711111674592,-9.891254073579603e-07,23.8078904393,23.80788990209472,-5.372052811480899e-07,16.0,26.0,24.0,16.4,0.0,50.0,0.0,26.0,0.0,0.080939,-211.71579434396412,218.40285230802118,6.687057964057061,6
44,rollout,23.4617118835,23.8078918457,23.461711111674592,23.80788990209472,23.2579177635,23.257917017385964,-7.461140363318464e-07,22.5997581506,22.599758009770852,-1.4082914745472408e-07,14.5,22.0,24.0,15.8,0.0,50.0,2111.049335373041,22.0,48.60072321788516,0.19614003671273478,-538.8421232743602,0.0,-538.8421232743602,6
45,rollout,23.2579174042,22.5997581482,23.257917017385964,22.599758009770852,22.9792099741,22.979209661043583,-3.130564181219597e-07,22.1943549856,22.19435515050531,1.6490530896362543e-07,14.5,22.0,24.0,15.2,0.0,50.0,2841.6879706411237,22.0,59.0230595217659,0.22084468857137185,-572.2990306086572,0.0,-572.2990306086572,6
46,rollout,22.9792098999,22.194355011,22.979209661043583,22.19435515050531,22.6965655457,22.696565369246887,-1.764531134540448e-07,21.9810671561,21.981067330138355,1.7403835528284617e-07,14.5,22.0,24.0,14.8,0.0,50.0,3014.4326408622014,22.0,60.36930419108789,0.22403576827772925,-563.0016697723512,0.0,-563.0016697723512,6
47,rollout,22.6965656281,21.9810676575,22.696565369246887,21.981067330138355,22.4284252145,22.428424997783456,-2.1671654337751534e-07,21.8569620137,21.856962147565323,1.338653241589327e-07,14.5,22.0,24.0,14.4,0.0,50.0,2877.3499455915335,22.0,56.404765198872894,0.21463839779121036,-529.6257902000649,0.0,-529.6257902000649,6
48,rollout,22.4284248352,21.856962204,22.428424997783456,21.856962147565323,22.1860663201,22.1860664861138,1.6601379826397533e-07,21.7889536328,21.788953918240672,2.854406737640147e-07,14.5,22.0,24.0,14.2,0.0,50.0,2562.209493915792,22.0,49.41916876562257,0.1980800443782498,-483.73845716549954,0.0,-483.73845716549954,6
49,rollout,22.1860656738,21.7889537811,22.1860664861138,21.788953918240672,21.9698557989,21.969856539921157,7.410211573244396e-07,21.7577282898,21.757728752043295,4.6224329608435255e-07,14.5,22.0,24.0,13.9,0.0,50.0,2154.5654953544195,22.0,40.93948058800665,0.17798016099415676,-432.48891297101187,0.0,-432.48891297101187,6
50,rollout,21.9698562622,21.7577285767,21.969856539921157,21.757728752043295,21.8781921156,21.87819236973653,2.5413653048644846e-07,22.6692213525,22.669221485894717,1.3339471749418408e-07,17.7000007629,24.0,24.0,13.8,0.0,50.0,0.0,24.0,0.0,0.080939,-133.85224613164368,135.85382510250136,2.001578970857679,6
51,rollout,21.8781929016,22.6692218781,21.87819236973653,22.669221485894717,21.8360382117,21.836037722357883,-4.893421170493184e-07,22.6942401876,22.69423992812737,-2.594726282723059e-07,17.7000007629,24.0,24.0,13.7,0.0,50.0,0.0,24.0,0.0,0.080939,-135.32992615177355,130.39863224589965,-4.9312939058739005,6
52,rollout,21.8360385895,22.6942405701,21.836037722357883,22.69423992812737,21.7978370441,21.797836246203918,-7.978960816501512e-07,22.6770389107,22.67703848745647,-4.232435273365809e-07,17.7000007629,24.0,24.0,13.6,0.0,50.0,0.0,24.0,0.0,0.080939,-134.89931746942847,131.98832241963103,-2.9109950497974353,6
53,rollout,21.7978363037,22.6770401001,21.797836246203918,22.67703848745647,21.6696651128,21.669664991802847,-1.2099715362978714e-07,21.6873974557,21.687397314706804,-1.4099319756155637e-07,17.7000007629,18.0,24.0,13.5,0.0,50.0,2716.955897421012,18.0,100.0,0.31797464285714283,-430.1808028335981,0.0,-430.1808028335981,6
54,rollout,21.6696643829,21.6873970032,21.669664991802847,21.687397314706804,21.5016002141,21.501600769287695,5.551876931519928e-07,21.535602664,21.535602962644894,2.9864489548003803e-07,17.7000007629,18.0,24.0,13.4,0.0,50.0,2716.955897421012,18.0,100.0,0.31797464285714283,-409.9772925614766,0.0,-409.9772925614766,6
55,rollout,21.5016002655,21.5356025696,21.501600769287695,21.535602962644894,21.434864358,21.434864822488354,4.644883553339696e-07,22.3629043551,22.36290460247676,2.473767608535127e-07,16.0,24.0,24.0,13.3,0.0,50.0,0.0,24.0,0.0,0.080939,-171.6447068177498,166.33441222046486,-5.310294597284951,6
56,rollout,21.4348640442,22.362903595,21.434864822488354,22.36290460247676,21.4129681641,21.412968899706584,7.356065836461312e-07,22.3933776657,22.393378076626885,4.10926883631646e-07,16.0,24.0,24.0,13.3,0.0,50.0,0.0,24.0,0.0,0.080939,-173.18866577997727,160.63453553072725,-12.554130249250022,6
57,rollout,21.4129676819,22.3933773041,21.412968899706584,22.393378076626885,21.3949243114,21.394925426124047,1.1147240464026709e-06,22.3860472839,22.386047869035835,5.851358331199208e-07,16.0,24.0,24.0,13.3,0.0,50.0,0.0,24.0,0.0,0.080939,-173.0212067505351,161.252748735712,-11.768458014823096,6
58,rollout,21.3949241638,22.3860473633,21.394925426124047,22.386047869035835,21.3906995256,21.39070066778542,1.1421854217985583e-06,22.3836518283,22.383652413639787,5.853397873067934e-07,16.0,24.0,24.0,13.9,1.485,50.0,0.0,24.0,0.0,0.080939,-172.9274437240301,161.5988963356223,-11.328547388407799,6
59,rollout,21.3907012939,22.3836517334,21.39070066778542,22.383652413639787,21.3786019878,21.378601460127957,-5.276720429492343e-07,22.0583061164,22.05830584448953,-2.719104692516794e-07,16.0,22.0,24.0,14.6,58.55607957,50.0,356.61265878175925,22.0,7.841793046220214,0.09952684455863481,-202.4758571132017,0.0,-202.4758571132017,6
60,rollout,21.3786010742,22.0583057404,21.378601460127957,22.05830584448953,21.3622152944,21.362215637877387,3.434773887533993e-07,21.9678144113,21.967814540411467,1.291114664070392e-07,16.0,22.0,24.0,15.8,23.925,50.0,364.9308214679959,22.0,7.048332708095061,0.09764606074534339,-195.1645130756125,0.0,-195.1645130756125,6
61,rollout,21.3622169495,21.9678153992,21.362215637877387,21.967814540411467,21.3942332826,21.394232079040282,-1.2035597158899236e-06,22.0885189168,22.08851834142612,-5.753738783198514e-07,16.0,22.0,24.0,17.0,119.0683878,50.0,439.8660565832905,22.0,9.554580831174416,0.10358676209547962,-210.9191015713839,0.0,-210.9191015713839,6
62,rollout,21.3942337036,22.08852005,21.394232079040282,22.08851834142612,21.4532079032,21.45320641210119,-1.4910988106464629e-06,22.0944315282,22.094431072566785,-4.5563321648955935e-07,16.0,22.0,24.0,18.4,118.3605563,50.0,605.9070176608021,22.0,12.967553591102174,0.11167672401751355,-227.7742368825453,0.0,-227.7742368825453,6
63,rollout,21.4532089233,22.0944328308,21.45320641210119,22.094431072566785,21.5662584258,21.566256181893007,-2.243906994436884e-06,22.3741699101,22.37416944077355,-4.6932645147990115e-07,16.0,22.0,24.0,19.8,165.0533408,180.0,1101.907771279321,22.0,25.372106882190174,0.14107993665460086,-300.7787007634904,0.0,-300.7787007634904,6
64,rollout,21.5662574768,22.374168396,21.566256181893007,22.37416944077355,21.7474337469,21.747432645644288,-1.1012557123990518e-06,22.8580227503,22.858022262326024,-4.879739776697534e-07,12.8000001907,24.0,24.0,21.0,209.380991,180.0,0.0,24.0,0.0,0.080939,-271.65011476313475,117.14161825103275,-154.508496512102,6
65,rollout,21.7474327087,22.8580226898,21.747432645644288,22.858022262326024,21.978268402,21.978268326748477,-7.525152412313219e-08,23.0955991112,23.09559905300913,-5.819086723590772e-08,12.8000001907,24.0,24.0,22.2,297.120158,180.0,0.0,24.0,0.0,0.080939,-278.24553036455194,92.7931371285716,-185.45239323598034,6
66,rollout,21.9782676697,23.0956001282,21.978268326748477,23.09559905300913,22.2206330233,22.22063355753745,5.342374507222303e-07,23.2544839317,23.254484140108048,2.084080463760074e-07,12.8000001907,24.0,24.0,23.2,323.3944953,180.0,0.0,24.0,0.0,0.080939,-282.6079954897396,76.68810203037353,-205.91989345936608,6
67,rollout,22.2206325531,23.2544841766,22.22063355753745,23.254484140108048,22.4802164923,22.48021738133656,8.890365599256711e-07,23.4699794662,23.469979900370056,4.341700545751337e-07,12.8000001907,24.0,24.0,24.1,393.4954187,180.0,0.0,24.0,0.0,0.080939,-288.35885256714283,55.45750134509824,-232.90135122204458,6
68,rollout,22.48021698,23.4699783325,22.48021738133656,23.469979900370056,22.7446594473,22.744659873852758,4.2655275933611847e-07,23.6369118961,23.636912183351644,2.872516446927875e-07,12.8000001907,24.0,24.0,25.0,418.1074349,180.0,0.0,24.0,0.0,0.080939,-292.92075142512743,38.6162111309762,-254.30454029415125,6
69,rollout,22.7446594238,23.6369113922,22.744659873852758,23.636912183351644,23.0266619433,23.02666237804355,4.3474355138073406e-07,23.8740828164,23.87408306901189,2.526118869639049e-07,12.8000001907,24.0,24.0,25.9,496.9062356,180.0,0.0,24.0,0.0,0.080939,-299.2445264337127,15.270553218813276,-283.9739732148994,6
70,rollout,23.0266609192,23.8740844727,23.02666237804355,23.87408306901189,23.229525505,23.229526749537904,1.2445379020675773e-06,23.0667867058,23.066787318929883,6.131298846412392e-07,12.8000001907,22.0,24.0,26.6,508.5705081,180.0,2716.7864277519843,22.0,64.91067056370191,0.234800425253553,-815.2656885713502,0.0,-815.2656885713502,6
71,rollout,23.2295246124,23.0667877197,23.229526749537904,23.066787318929883,23.3477080966,23.347709970936837,1.8743368350726541e-06,22.6899113505,22.689912097677773,7.471777720979844e-07,12.8000001907,22.0,24.0,27.3,585.9484111,180.0,4353.816551210981,22.0,93.8162237807732,0.3033168891430515,-1009.9110018279872,0.0,-1009.9110018279872,6
72,rollout,23.3477096558,22.6899108887,23.347709970936837,22.689912097677773,23.427292018,23.42729234457935,3.2657935022939455e-07,22.5924134496,22.592413668295872,2.1869587385481282e-07,12.8000001907,22.0,24.0,27.8,626.0118392,180.0,4560.790180514313,22.0,100.0,0.31797464285714283,-1042.0296059096572,0.0,-1042.0296059096572,6
73,rollout,23.4272918701,22.592414856,23.42729234457935,22.592413668295872,23.6212533893,23.621253763861496,3.7456149470926903e-07,23.5852712181,23.585271406174858,1.8807485702154736e-07,16.7433452606,21.0998268127,24.0,28.3,624.281796,180.0,3305.072629942692,21.0998268127,100.0,0.31797464285714283,-733.8060005747377,0.0,-733.8060005747377,6
74,rollout,23.6212539673,23.585269928,23.621253763861496,23.585271406174858,23.7996640605,23.799663949379376,-1.1112062381357646e-07,23.5607298796,23.560729908400432,2.880043226127782e-08,16.7433452606,21.0998268127,24.0,28.5,616.1062069,180.0,3305.072629942692,21.0998268127,100.0,0.31797464285714283,-724.3486941971009,0.0,-724.3486941971009,6
75,rollout,23.7996635437,23.5607299805,23.799663949379376,23.560729908400432,23.9478147111,23.947815067848996,3.567489947897684e-07,23.5787690001,23.57876917640827,1.763082693173601e-07,16.7433452606,21.0998268127,24.0,28.7,571.0052776,180.0,3305.072629942692,21.0998268127,100.0,0.31797464285714283,-726.2951106695023,0.0,-726.2951106695023,6
76,rollout,23.9478149414,23.5787696838,23.947815067848996,23.57876917640827,24.0861613864,24.08616147483663,8.843662868684987e-08,23.6750944595,23.67509447504142,1.5541420594900046e-08,16.7433452606,21.0998268127,24.0,28.7,591.8202484,180.0,3305.072629942692,21.0998268127,100.0,0.31797464285714283,-736.2784102218931,0.0,-736.2784102218931,6
77,rollout,24.0861625671,23.6750946045,24.08616147483663,23.67509447504142,24.1828231465,24.182822170802737,-9.756972616514759e-07,23.5911628698,23.5911623689267,-5.008733019451483e-07,16.7433452606,21.0998268127,24.0,28.8,478.3471966,180.0,3305.072629942692,21.0998268127,100.0,0.31797464285714283,-728.4056636879974,0.0,-728.4056636879974,6
78,rollout,24.1828231812,23.5911636353,24.182822170802737,23.5911623689267,24.2508947341,24.250893777656557,-9.564434435560543e-07,23.5538644096,23.553863853181028,-5.564189713425094e-07,16.7433452606,21.0998268127,24.0,28.9,423.6056223,180.0,3305.072629942692,21.0998268127,100.0,0.31797464285714283,-724.4344139730047,0.0,-724.4344139730047,6
79,rollout,24.2508945465,23.5538635254,24.250893777656557,23.553863853181028,24.2290118271,24.22901115820654,-6.688934597320895e-07,22.914881272,22.91488094870906,-3.2329093713201473e-07,14.5,20.0,24.0,28.9,216.3686579,180.0,3141.316013836731,20.0,100.0,0.31797464285714283,-901.9168128143228,0.0,-901.9168128143228,6
80,rollout,24.2290115356,22.9148807526,24.22901115820654,22.91488094870906,24.1576363583,24.15763603248828,-3.258117189375298e-07,22.8060737283,22.806073574793103,-1.5350689608339962e-07,14.5,20.0,24.0,28.8,227.3332997,180.0,3141.316013836731,20.0,100.0,0.31797464285714283,-884.8533443051664,0.0,-884.8533443051664,6
81,rollout,24.1576347351,22.8060741425,24.15763603248828,22.806073574793103,24.0552352907,24.055236415719264,1.1250192635259282e-06,22.6215591615,22.62155969786847,5.363684714154715e-07,14.5,20.0,24.0,28.6,122.8774965,180.0,3141.316013836731,20.0,100.0,0.31797464285714283,-865.7562704752481,0.0,-865.7562704752481,6
82,rollout,24.0552368164,22.6215591431,24.055236415719264,22.62155969786847,23.9518187623,23.9518184326359,-3.2966410046242345e-07,22.5680071668,22.568007031943253,-1.3485674799085245e-07,14.5,20.0,24.0,28.3,129.819488,180.0,3141.316013836731,20.0,100.0,0.31797464285714283,-859.5042270395429,0.0,-859.5042270395429,6
83,rollout,23.9518203735,22.5680065155,23.9518184326359,22.568007031943253,23.8032867591,23.80328506026557,-1.69883443135177e-06,22.1568399157,22.156839085712246,-8.299877549688972e-07,14.5,20.0,24.0,28.0,44.385,50.0,3868.0186278570086,20.0,100.0,0.31797464285714283,-817.6304975904445,0.0,-817.6304975904445,6
84,rollout,23.8032875061,22.1568393707,23.80328506026557,22.156839085712246,23.7894659385,23.789463756773696,-2.1817263053947045e-06,23.4194553068,23.419454222667483,-1.0841325170929395e-06,12.8000001907,24.0,24.0,28.0,52.59964202,50.0,0.0,24.0,0.0,0.080939,-286.4176894149109,62.62374790544847,-223.79394150946246,6
85,rollout,23.7894668579,23.4194564819,23.789463756773696,23.419454222667483,23.8037238176,23.80372096580581,-2.8517941927930224e-06,23.4552768309,23.45527531986324,-1.5110367606041564e-06,12.8000001907,24.0,24.0,26.9,21.12,50.0,0.0,24.0,0.0,0.080939,-288.5651763839983,54.695809912227844,-233.86936647177043,6
86,rollout,23.8037223816,23.4552764893,23.80372096580581,23.45527531986324,23.7953578928,23.795356584610964,-1.3081890344324165e-06,23.4427483777,23.44274767798246,-6.997175390210941e-07,12.8000001907,24.0,24.0,25.9,10.065,50.0,0.0,24.0,0.0,0.080939,-288.31334236139986,55.62551265058353,-232.68782971081635,6
87,rollout,23.7953567505,23.4427490234,23.795356584610964,23.44274767798246,23.7684449899,23.768444782205183,-2.0769481778870613e-07,23.4340305124,23.434030343495607,-1.6890439269445778e-07,12.8000001907,24.0,24.0,24.9,11.96649567,50.0,0.0,24.0,0.0,0.080939,-288.1055424142656,56.39265355508698,-231.7128888591786,6
88,rollout,23.7684440613,23.4340305328,23.768444782205183,23.434030343495607,23.7232522248,23.723252855521093,6.307210931311147e-07,23.3998612265,23.399861526391447,2.998914467866598e-07,12.8000001907,24.0,24.0,24.0,0.0,50.0,0.0,24.0,0.0,0.080939,-287.2370989868375,59.59871056142845,-227.63838842540906,6
89,rollout,23.7232513428,23.3998603821,23.723252855521093,23.399861526391447,23.6660590195,23.66606041249628,1.3929962783265637e-06,23.3723975874,23.372398327549547,7.401495487613374e-07,12.8000001907,24.0,24.0,23.2,0.0,50.0,0.0,24.0,0.0,0.080939,-286.5072813344637,62.29299889829143,-224.21428243617225,6
90,rollout,23.6660575867,23.3723983765,23.66606041249628,23.372398327549547,23.615803238,23.615805741703525,2.503703523615286e-06,23.4377032242,23.437704449478726,1.225278726479928e-06,16.0577697754,23.6413230896,24.0,22.8,0.0,50.0,0.0,23.6413230896,0.0,0.080939,-199.926436363325,20.281287893867272,-179.64514846945772,6
91,rollout,23.6158027649,23.437702179,23.615805741703525,23.437704449478726,23.5663927425,23.56639548461054,2.742110538633824e-06,23.417868724,23.417870181756147,1.4577561451289966e-06,16.0577697754,23.6413230896,24.0,22.4,0.0,50.0,0.0,23.6413230896,0.0,0.080939,-199.47278452998293,21.956047115700983,-177.51673741428195,6
92,rollout,23.5663909912,23.4178695679,23.56639548461054,23.417870181756147,23.4810094452,23.481013439252944,3.994052942601911e-06,22.9664795659,22.96648119026846,1.6243684619610121e-06,15.0486869812,22.5499286652,24.0,22.1,0.0,50.0,1174.2257215837956,22.5499286652,27.72265451723648,0.14665157235199625,-391.2680924050119,0.0,-391.2680924050119,6
93,rollout,23.481010437,22.9664802551,23.481013439252944,22.96648119026846,23.358413555,23.358416186803577,2.6318035786232485e-06,22.7317099985,22.731710557239182,5.587391811445741e-07,15.0486869812,22.5499286652,24.0,21.8,0.0,50.0,1728.8004440667878,22.5499286652,36.4881443838716,0.1674289076069525,-432.22084971410465,0.0,-432.22084971410465,6
94,rollout,23.3584136963,22.731710434,23.358416186803577,22.731710557239182,23.2812627639,23.281264977962824,2.214062824634766e-06,23.1549874482,23.15498854008914,1.0918891391042962e-06,12.8000001907,24.0,24.0,21.6,0.0,50.0,0.0,24.0,0.0,0.080939,-280.20237109510776,85.56901321174628,-194.6333578833615,6
95,rollout,23.2812633514,23.1549873352,23.281264977962824,23.15498854008914,23.2280290396,23.22803053626179,1.4966617918332759e-06,23.1505387635,23.150539557416458,7.939164596848514e-07,12.8000001907,24.0,24.0,21.4,0.0,50.0,0.0,24.0,0.0,0.080939,-280.4678083405338,84.5890910733953,-195.87871726713848,6
96,rollout,23.2280292511,23.1505393982,23.22803053626179,23.150539557416458,23.178674585,23.178675731824228,1.1468242284706776e-06,23.126400274,23.1264008443615,5.70361496698979e-07,12.8000001907,24.0,24.0,21.3,0.0,50.0,0.0,24.0,0.0,0.080939,-279.82690059288615,86.95514821640309,-192.87175237648307,6
97,rollout,23.1786746979,23.1263999939,23.178675731824228,23.1264008443615,23.1318729911,23.13187394631708,9.552170787685554e-07,23.1025327601,23.102533270865084,5.107650835611821e-07,12.8000001907,24.0,24.0,21.2,0.0,50.0,0.0,24.0,0.0,0.080939,-279.17569086737143,89.35923746061256,-189.81645340675885,6
98,rollout,23.1318740845,23.1025333405,23.13187394631708,23.102533270865084,23.1069457961,23.10694567041139,-1.256886115186262e-07,23.2380675749,23.238067509840402,-6.505959859737231e-08,16.0,24.0,24.0,21.3,0.0,50.0,0.0,24.0,0.0,0.080939,-195.96953876034087,76.53374655294414,-119.43579220739673,6
99,rollout,23.1069450378,23.238067627,23.10694567041139,23.238067509840402,23.0909473963,23.090947951999922,5.556999234102022e-07,23.2369736894,23.236973956012815,2.6661281538054027e-07,16.0,24.0,24.0,21.3,0.0,50.0,0.0,24.0,0.0,0.080939,-196.0609630900677,76.19623278565264,-119.86473030441506,6
100,rollout,23.0909461975,23.2369728088,23.090947951999922,23.236973956012815,23.0728162991,23.072817906684875,1.60758487410817e-06,23.2285992418,23.228600087277925,8.454779241162669e-07,16.0,24.0,24.0,21.1,0.0,50.0,0.0,24.0,0.0,0.080939,-195.84510471590292,76.99312321168534,-118.85198150421758,6
101,rollout,23.0728168488,23.2285995483,23.072817906684875,23.228600087277925,23.0524678959,23.052468858357734,9.624577330669126e-07,23.2187749015,23.2187754002728,4.98772799062408e-07,16.0,24.0,24.0,20.9,0.0,50.0,0.0,24.0,0.0,0.080939,-195.5842724339739,77.9560450768841,-117.6282273570898,6
102,rollout,23.0524673462,23.2187747955,23.052468858357734,23.2187754002728,23.0242437894,23.02424515759414,1.3681941410936815e-06,23.2058730392,23.205873740283025,7.010830245235411e-07,16.0,24.0,24.0,20.4,0.0,50.0,0.0,24.0,0.0,0.080939,-195.25151736032123,79.18448633348873,-116.0670310268325,6
103,rollout,23.0242424011,23.205871582,23.02424515759414,23.205873740283025,22.9888971763,22.988899717922127,2.5416221269836115e-06,23.1893250767,23.18932643057542,1.3538754188857638e-06,16.0,24.0,24.0,19.9,0.0,50.0,0.0,24.0,0.0,0.080939,-194.81927402417418,80.78021120459837,-114.0390628195758,6
104,rollout,22.9888954163,23.1893253326,22.988899717922127,23.18932643057542,22.9101422402,22.910146088466263,3.8482662638728016e-06,22.7597918986,22.75979351585837,1.6172583698903509e-06,15.9101200104,22.4286346436,24.0,19.3,0.0,50.0,979.4394672232793,22.4286346436,22.97325666216367,0.13539380661438105,-312.4051792019018,0.0,-312.4051792019018,6
105,rollout,22.9101409912,22.7597923279,22.910146088466263,22.75979351585837,22.7919349183,22.7919394195895,4.501289499359018e-06,22.5703910197,22.57039244454925,1.4248492483659447e-06,15.9101200104,22.4286346436,24.0,18.6,0.0,50.0,1417.9812533814254,22.4286346436,29.859186466797123,0.15171591459348555,-339.4326551674233,0.0,-339.4326551674233,6
106,rollout,22.791934967,22.5703907013,22.7919394195895,22.57039244454925,22.6707881025,22.67079200560221,3.903102207658549e-06,22.4589675826,22.458968288531214,7.059312139290341e-07,15.9101200104,22.4286346436,24.0,18.5,2.145,50.0,1582.8177581597552,22.4286346436,32.068091315589854,0.15695180640192402,-344.7980140643132,0.0,-344.7980140643132,6
107,rollout,22.6707878113,22.4589672089,22.67079200560221,22.458968288531214,22.568666316,22.568669926313323,3.610313321189551e-06,22.4558622476,22.45586250514617,2.5754617283269e-07,15.9101200104,22.4286346436,24.0,18.3,59.83794549,50.0,1658.9352723324125,22.4286346436,33.50208534323395,0.16035088336388323,-351.7384026237657,0.0,-351.7384026237657,6
108,rollout,22.5686664581,22.4558620453,22.568669926313323,22.45586250514617,22.4561369921,22.45614008949404,3.0973940390310872e-06,22.0864486993,22.086450285125007,1.5858250073108593e-06,17.7000007629,18.0,24.0,18.9,24.255,50.0,2659.0923801461513,18.0,100.0,0.31797464285714283,-469.946379143053,0.0,-469.946379143053,6
109,rollout,22.4561367035,22.0864486694,22.45614008949404,22.086450285125007,22.3685507954,22.36855387710682,3.081706818619523e-06,22.1192300909,22.11923174227451,1.6513745109136835e-06,17.7000007629,18.0,24.0,19.4,115.4087307,50.0,2659.0923801461513,18.0,100.0,0.31797464285714283,-470.73921326327087,0.0,-470.73921326327087,6
110,rollout,22.3685512543,22.1192302704,22.36855387710682,22.11923174227451,22.2940766042,22.294079001684537,2.3974845362317865e-06,22.0138939964,22.013895293482875,1.2970828748848362e-06,17.7000007629,18.0,24.0,20.3,60.47298408,50.0,2659.0923801461513,18.0,100.0,0.31797464285714283,-460.0301131350903,0.0,-460.0301131350903,6
111,rollout,22.2940750122,22.0138950348,22.294079001684537,22.013895293482875,22.3365052835,22.336508820837846,3.537337846637456e-06,22.7220607036,22.722062162429765,1.4588297645445891e-06,14.5,22.0,24.0,21.1,172.3152619,180.0,896.4212735666639,22.0,24.491209546455657,0.1389918959919311,-382.7890106728307,0.0,-382.7890106728307,6
112,rollout,22.3365058899,22.7220611572,22.336508820837846,22.722062162429765,22.3774204823,22.377423060260373,2.5779603731734824e-06,22.4607969817,22.460797564851802,5.831518024024263e-07,14.5,22.0,24.0,21.7,122.2668529,180.0,1989.305761319135,22.0,44.27381499486192,0.18588372199045305,-497.5876643251177,0.0,-497.5876643251177,6
113,rollout,22.3774204254,22.4607963562,22.377423060260373,22.460797564851802,22.4522373241,22.452239613473477,2.2893734765716545e-06,22.5171239354,22.517124089384332,1.539843310638389e-07,14.5,22.0,24.0,22.4,330.8368044,180.0,2956.7695224420754,22.0,64.00527013716386,0.23265430353207722,-626.0930596818224,0.0,-626.0930596818224,6
114,rollout,22.4522380829,22.517124176,22.452239613473477,22.517124089384332,22.5082124757,22.508213723778358,1.248078358884186e-06,22.3557528333,22.355752486012374,-3.472876244359213e-07,14.5,22.0,24.0,22.9,326.0023189,180.0,3761.2462358235853,22.0,78.64273205896804,0.26735030549639527,-705.0272980734629,0.0,-705.0272980734629,6
115,rollout,22.5082130432,22.3557529449,22.508213723778358,22.355752486012374,22.6164345362,22.616435121568095,5.85368095329386e-07,22.4682275153,22.46822779417958,2.788795789854248e-07,14.5,20.0,24.0,23.3,509.5403113,180.0,3129.7814618630064,20.0,100.0,0.31797464285714283,-854.7583689419671,0.0,-854.7583689419671,6
116,rollout,22.6164340973,22.4682273865,22.616435121568095,22.46822779417958,22.6960349829,22.69603591034784,9.274478429688315e-07,22.4381362478,22.438136738680797,4.908807973436069e-07,14.5,20.0,24.0,23.7,540.764517,180.0,3870.24980011688,20.0,100.0,0.31797464285714283,-844.3316385575393,0.0,-844.3316385575393,6
117,rollout,22.6960353851,22.4381370544,22.69603591034784,22.438136738680797,22.8044256194,22.804426070753347,4.5135334758583667e-07,22.6229419285,22.622942138656843,2.1015684126268752e-07,14.5,20.0,24.0,24.1,650.159358,180.0,3870.24980011688,20.0,100.0,0.31797464285714283,-862.8681319309377,0.0,-862.8681319309377,6
118,rollout,22.8044242859,22.6229419708,22.804426070753347,22.622942138656843,22.9235664688,22.92356806116119,1.5923611904611334e-06,22.7284389884,22.728439803282313,8.148823127385185e-07,14.5,20.0,24.0,24.4,679.3646442,180.0,3870.24980011688,20.0,100.0,0.31797464285714283,-874.3597583614691,0.0,-874.3597583614691,6
119,rollout,22.9235668182,22.7284393311,22.92356806116119,22.728439803282313,23.0583368612,23.05833798242449,1.1212244892533363e-06,22.7805613593,22.780561943508477,5.842084789264845e-07,13.9463033676,18.4664211273,24.0,24.8,729.5834909,180.0,2609.779889962114,18.4664211273,100.0,0.31797464285714283,-940.5785171882817,0.0,-940.5785171882817,6
120,rollout,23.0583362579,22.7805614471,23.05833798242449,22.780561943508477,23.1744284671,23.17443002128735,1.554187349483982e-06,22.8310991016,22.831099916151818,8.145518179958344e-07,13.9463033676,18.4664211273,24.0,25.0,739.3866602,180.0,2609.779889962114,18.4664211273,100.0,0.31797464285714283,-944.4624686703203,0.0,-944.4624686703203,6
121,rollout,23.1744289398,22.8311004639,23.17443002128735,22.831099916151818,23.2830953099,23.283096244209894,9.3430989522858e-07,22.8770197413,22.877020182318923,4.410189227144201e-07,13.9463033676,18.4664211273,24.0,25.3,730.3185855,180.0,2609.779889962114,18.4664211273,100.0,0.31797464285714283,-949.4201209382338,0.0,-949.4201209382338,6
122,rollout,23.2830963135,22.8770198822,23.283096244209894,22.877020182318923,23.3822547656,23.382254718214774,-4.7385224632989775e-08,22.9149909517,22.914990944932548,-6.767450599909353e-09,13.9463033676,18.4664211273,24.0,25.5,718.6380214,180.0,2609.779889962114,18.4664211273,100.0,0.31797464285714283,-953.5604499339,0.0,-953.5604499339,6
123,rollout,23.3822555542,22.9149913788,23.382254718214774,22.914990944932548,23.4561639984,23.45616323590894,-7.624910622894276e-07,22.8701845665,22.870184155922104,-4.105778970142637e-07,13.9463033676,18.4664211273,24.0,25.7,649.7882838,180.0,2609.779889962114,18.4664211273,100.0,0.31797464285714283,-949.3207583148265,0.0,-949.3207583148265,6
124,rollout,23.4561634064,22.8701858521,23.45616323590894,22.870184155922104,23.5128943656,23.512894134550514,-2.3104948709828932e-07,22.8590964299,22.85909621556496,-2.1433503860635028e-07,13.9463033676,18.4664211273,24.0,25.8,619.4570317,180.0,2609.779889962114,18.4664211273,100.0,0.31797464285714283,-948.1151812844041,0.0,-948.1151812844041,6
125,rollout,23.5128936768,22.8590965271,23.512894134550514,22.85909621556496,23.5696027297,23.569603123391023,3.936910211166378e-07,22.9135049768,22.913505161631267,1.8483126851265297e-07,14.5,20.0,24.0,25.9,494.5346672,180.0,3631.9931104873986,20.0,99.19995940655565,0.31607826149335394,-893.9669283017195,0.0,-893.9669283017195,6
126,rollout,23.5696029663,22.9135055542,23.569603123391023,22.913505161631267,23.5732621921,23.573262313119006,1.2101900637162544e-07,22.7712397945,22.771239833179557,3.867955555847402e-08,14.5,20.0,24.0,25.8,434.2262578,180.0,3631.9931104873986,20.0,100.0,0.31797464285714283,-880.7715708265094,0.0,-880.7715708265094,6
127,rollout,23.573261261,22.7712402344,23.573262313119006,22.771239833179557,23.5226239728,23.52262488790816,9.151081599156896e-07,22.546266301,22.54626674079403,4.39794032303098e-07,14.5,20.0,24.0,25.7,276.8261154,180.0,3631.9931104873986,20.0,100.0,0.31797464285714283,-857.559635280995,0.0,-857.559635280995,6
128,rollout,23.5226249695,22.5462665558,23.52262488790816,22.54626674079403,23.4389718052,23.438971741464357,-6.373564431783052e-08,22.4147163653,22.414716343755014,-2.154498446316211e-08,14.5,20.0,24.0,25.2,212.85395,180.0,3631.9931104873986,20.0,100.0,0.31797464285714283,-843.3889261283133,0.0,-843.3889261283133,6
129,rollout,23.4389724731,22.4147167206,23.438971741464357,22.414716343755014,23.4747688174,23.47476815159969,-6.658003108839239e-07,23.7506753657,23.750675020466268,-3.4523373315664685e-07,16.0,24.0,24.0,24.7,128.9326669,180.0,0.0,24.0,0.0,0.080939,-208.55012953591014,30.08962604254961,-178.46050349336053,6
130,rollout,23.4747695923,23.7506752014,23.47476815159969,23.750675020466268,23.5364368028,23.53643551703869,-1.2857613107541965e-06,23.8054717776,23.80547113809526,-6.395047407181664e-07,16.0,24.0,24.0,23.7,90.98752998,180.0,0.0,24.0,0.0,0.080939,-211.2697552259072,20.049507454901416,-191.2202477710058,6
131,rollout,23.5364379883,23.8054714203,23.53643551703869,23.80547113809526,23.5427173187,23.542715114515328,-2.204184671228404e-06,23.549386651,23.54938555605673,-1.0949432684981275e-06,16.0,24.0,24.0,22.8,56.595,50.0,0.0,24.0,0.0,0.080939,-204.73962943940117,44.15695633285743,-160.58267310654372,6
132,rollout,23.54271698,23.5493850708,23.542715114515328,23.54938555605673,23.5321838441,23.532182211716552,-1.6323834479692323e-06,23.5125473791,23.51254660273619,-7.763638087965319e-07,16.0,24.0,24.0,22.8,40.59,50.0,0.0,24.0,0.0,0.080939,-203.55180869171434,48.542067567652936,-155.0097411240614,6
133,rollout,23.5321846008,23.5125465393,23.532182211716552,23.51254660273619,23.3876518343,23.387649716291964,-2.118008037399477e-06,22.6091267731,22.609125705360384,-1.0677396176106413e-06,17.7000007629,18.0,24.0,20.4,25.245,50.0,1653.7639808208571,18.0,100.0,0.31797464285714283,-527.6539872589917,0.0,-527.6539872589917,6
134,rollout,23.3876533508,22.6091270447,23.387649716291964,22.609125705360384,23.1863638953,23.186360606870366,-3.2884296352619913e-06,22.4376819304,22.43768025998953,-1.6704104695008937e-06,17.7000007629,18.0,24.0,19.2,11.88,50.0,1653.7639808208571,18.0,99.93731072976948,0.3178260469424495,-506.03180995449975,0.0,-506.03180995449975,6
135,rollout,23.1863632202,22.4376811981,23.186360606870366,22.43768025998953,22.9792985335,22.97929617168113,-2.361818868479304e-06,22.3307921233,22.33079087829367,-1.2450063309188408e-06,17.7000007629,18.0,24.0,18.1,15.52479867,50.0,2985.0680588177165,18.0,100.0,0.31797464285714283,-494.6812946650921,0.0,-494.6812946650921,6
136,rollout,22.9792976379,22.3307914734,22.97929617168113,22.33079087829367,22.7762045415,22.776203211924475,-1.32957552523294e-06,22.2044751885,22.204474481850276,-7.066497218488621e-07,17.7000007629,18.0,24.0,17.6,0.0,50.0,2985.0680588177165,18.0,100.0,0.31797464285714283,-481.28845252147806,0.0,-481.28845252147806,6
137,rollout,22.7762031555,22.2044754028,22.776203211924475,22.204474481850276,22.4999909523,22.4999909590846,6.784599548836923e-09,21.2888687493,21.28886869977116,-4.952883969622235e-08,13.6181669235,18.1816959381,24.0,17.1,0.0,50.0,2985.0680588177165,18.1816959381,100.0,0.31797464285714283,-822.1055766410171,0.0,-822.1055766410171,6
138,rollout,22.4999904633,21.2888679504,22.4999909590846,21.28886869977116,22.20398178,22.20398225535288,4.753528806134e-07,21.0877565128,21.087756796225857,2.834258587824934e-07,13.6181669235,18.1816959381,24.0,16.7,0.0,50.0,2985.0680588177165,18.1816959381,100.0,0.31797464285714283,-797.7842900520244,0.0,-797.7842900520244,6
139,rollout,22.2039833069,21.0877571106,22.20398225535288,21.087756796225857,21.9239740935,21.9239731452531,-9.482468996679927e-07,20.935800982,20.935800484379882,-4.976201175566075e-07,13.6181669235,18.1816959381,24.0,16.3,0.0,50.0,2985.0680588177165,18.1816959381,100.0,0.31797464285714283,-781.2930333303875,0.0,-781.2930333303875,6
140,rollout,21.9239730835,20.9358005524,21.9239731452531,20.935800484379882,21.6605434727,21.660543525920012,5.322001328522674e-08,20.7961830082,20.79618305133229,4.313228885166609e-08,13.6181669235,18.1816959381,24.0,15.9,0.0,50.0,3782.8887913640615,18.1816959381,100.0,0.31797464285714283,-766.3457005705372,0.0,-766.3457005705372,6
141,rollout,21.6605434418,20.7961826324,21.660543525920012,20.79618305133229,21.492529249,21.49252934336618,9.436617887104148e-08,21.4734414936,21.47344156541025,7.18102519670083e-08,17.7000007629,18.0,24.0,15.5,0.0,50.0,3782.8887913640615,18.0,100.0,0.31797464285714283,-399.81539826988893,0.0,-399.81539826988893,6
142,rollout,21.4925289154,21.4734420776,21.49252934336618,21.47344156541025,21.3674144657,21.367414821499665,3.557996635095151e-07,21.4503019852,21.450302135717443,1.5051744384209087e-07,17.7000007629,18.0,24.0,15.1,0.0,50.0,3782.8887913640615,18.0,100.0,0.31797464285714283,-400.0530533819789,0.0,-400.0530533819789,6
143,rollout,21.3674144745,21.450302124,21.367414821499665,21.450302135717443,21.2474715631,21.247471871694195,3.085941955305316e-07,21.3895239017,21.38952405838889,1.5668889119524465e-07,17.7000007629,18.0,24.0,14.7,0.0,50.0,3782.8887913640615,18.0,100.0,0.31797464285714283,-393.71063207840064,0.0,-393.71063207840064,6
144,rollout,21.2474708557,21.3895244598,21.247471871694195,21.38952405838889,21.132298023,21.13229890603274,8.830327402620242e-07,21.3286921335,21.328692557032205,4.235322066392655e-07,17.7000007629,18.0,24.0,14.4,0.0,50.0,3782.8887913640615,18.0,100.0,0.31797464285714283,-387.2045121547725,0.0,-387.2045121547725,6
145,rollout,21.1322975159,21.3286933899,21.13229890603274,21.328692557032205,21.0213565706,21.021357765559255,1.1949592568782919e-06,21.2699975724,21.269998128848513,5.564485121567486e-07,17.7000007629,18.0,24.0,14.1,0.0,50.0,3782.8887913640615,18.0,100.0,0.31797464285714283,-380.9201547905894,0.0,-380.9201547905894,6
146,rollout,21.0213565826,21.2699966431,21.021357765559255,21.269998128848513,21.0231254602,21.023126596975228,1.1367752286162158e-06,22.3397181832,22.339718975909538,7.927095388993166e-07,16.0,26.0,24.0,13.9,0.0,50.0,0.0,26.0,0.0,0.080939,-170.14593249570387,300.0,129.85406750429613,6
147,rollout,21.0231246948,22.339717865,21.023126596975228,22.339718975909538,21.0799693001,21.079971057371857,1.7572718569169865e-06,22.4761999756,22.47620108648421,1.110884209509777e-06,16.0,26.0,24.0,13.7,0.0,50.0,0.0,26.0,0.0,0.080939,-175.11825494277798,300.0,124.88174505722202,6
148,rollout,21.0799694061,22.4762001038,21.079971057371857,22.47620108648421,21.1434850602,21.143486586628203,1.5264282033911059e-06,22.6181238672,22.61812483390135,9.667013500802568e-07,17.7000007629,26.0,24.0,13.5,0.0,50.0,0.0,26.0,0.0,0.080939,-132.8933585127583,300.0,167.1066414872417,6
149,rollout,21.1434841156,22.6181240082,21.143486586628203,22.61812483390135,21.2040595437,21.20406179233792,2.2486379194219808e-06,22.6671754285,22.66717679254743,1.364047431451354e-06,17.7000007629,26.0,24.0,13.3,0.0,50.0,0.0,26.0,0.0,0.080939,-134.3645304355889,300.0,165.6354695644111,6
150,rollout,21.2040596008,22.667175293,21.20406179233792,22.66717679254743,21.2376303367,21.237632373428372,2.0367283717348528e-06,22.5195699916,22.51957129967505,1.3080750491667459e-06,14.5,26.0,24.0,13.0,0.0,50.0,0.0,26.0,0.0,0.080939,-217.38661762042764,300.0,82.61338237957236,6
151,rollout,21.2376289368,22.519569397,21.237632373428372,22.51957129967505,21.2535436293,21.253546798432016,3.169132014591014e-06,22.5155406447,22.51554263840631,1.993706309377785e-06,14.5,26.0,24.0,12.7,0.0,50.0,0.0,26.0,0.0,0.080939,-217.0982431417427,300.0,82.9017568582573,6
152,rollout,21.2535438538,22.5155410767,21.253546798432016,22.51554263840631,21.2616591229,21.261661834543638,2.711643638519945e-06,22.5209171113,22.520918810868096,1.6995680951481518e-06,14.5,26.0,24.0,12.4,0.0,50.0,0.0,26.0,0.0,0.080939,-217.24439976021557,300.0,82.75560023978443,6
153,rollout,21.2616596222,22.5209178925,21.261661834543638,22.520918810868096,21.2613916839,21.26139370705584,2.023155840191748e-06,22.5227900763,22.52279132050859,1.2442085868258346e-06,14.5,26.0,24.0,12.0,0.0,50.0,0.0,26.0,0.0,0.080939,-217.31577671151413,300.0,82.68422328848587,6
154,rollout,21.261390686,22.5227890015,21.26139370705584,22.52279132050859,21.2741074077,21.27411022924995,2.821549948350821e-06,22.4370724956,22.437074331017847,1.835417847928511e-06,12.8000001907,26.0,24.0,13.1,1.98,50.0,0.0,26.0,0.0,0.080939,-261.14806237001943,300.0,38.85193762998057,6
155,rollout,21.2741088867,22.4370727539,21.27411022924995,22.437074331017847,21.3186584948,21.31865977889962,1.2840996177487796e-06,22.5349059633,22.534906848990474,8.856904720744296e-07,12.8000001907,26.0,24.0,14.1,63.894325,50.0,0.0,26.0,0.0,0.080939,-263.4684623660828,300.0,36.531537633917196,6
156,rollout,21.3186588287,22.5349063873,21.31865977889962,22.534906848990474,21.3739642129,21.373965085548967,8.726489681976091e-07,22.520216932,22.5202174749582,5.429582010663125e-07,12.8000001907,26.0,24.0,15.2,26.07,50.0,0.0,26.0,0.0,0.080939,-263.21673208880003,300.0,36.78326791119997,6
157,rollout,21.3739624023,22.5202178955,21.373965085548967,22.5202174749582,21.4172496638,21.41725202424686,2.3604468601945428e-06,22.1246019095,22.124603002631787,1.093131785978585e-06,16.0,22.0,24.0,16.3,111.4428186,50.0,525.1973892207093,22.0,11.834613724917201,0.10899125272251714,-224.24743811873486,0.0,-224.24743811873486,6
158,rollout,21.4172496796,22.1246013641,21.41725202424686,22.124603002631787,21.4331127907,21.4331149150438,2.1243437977602753e-06,22.0061273675,22.006128102796932,7.352969326746006e-07,16.0,22.0,24.0,17.2,57.915,50.0,621.2839174978438,22.0,12.527776379864424,0.11063429527771693,-222.5736917977451,0.0,-222.5736917977451,6
159,rollout,21.4331130981,22.0061264038,21.4331149150438,22.006128102796932,21.5127693371,21.512770957552153,1.6204521529061822e-06,22.3603859489,22.360386082358794,1.3345879423809492e-07,16.0,22.0,24.0,18.1,169.0888447,180.0,1042.1094810290713,22.0,24.032646395560725,0.13790493787930133,-293.27384349621326,0.0,-293.27384349621326,6
160,rollout,21.5127696991,22.3603858948,21.512770957552153,22.360386082358794,21.5764429883,21.57644400957215,1.0212721512914413e-06,22.1305508372,22.13055040445615,-4.3274384964320234e-07,14.5,22.0,24.0,18.8,119.5705731,180.0,1453.5756716747617,22.0,30.375038387626905,0.15293866751021534,-391.2892705258041,0.0,-391.2892705258041,6
161,rollout,21.5764427185,22.1305503845,21.57644400957215,22.13055040445615,21.6861251812,21.686126233132818,1.0519328164093622e-06,22.3331932662,22.333192913928126,-3.5227187211717137e-07,14.5,22.0,24.0,19.4,330.3370582,180.0,1941.2897907282945,22.0,41.84958824041499,0.18013744051873493,-472.39968018963214,0.0,-472.39968018963214,6
162,rollout,21.686126709,22.3331928253,21.686126233132818,22.333192913928126,21.8798382115,21.879837793505587,-4.179944141924352e-07,23.198455828,23.198455627456028,-2.0054397253943534e-07,17.2520446777,23.59765625,24.0,20.0,324.7283306,180.0,0.0,23.59765625,0.0,0.080939,-159.8736653474678,44.35105404028867,-115.52261130717913,6
163,rollout,21.8798370361,23.1984558105,21.879837793505587,23.198455627456028,22.1551231081,22.15512377144075,6.633407494405219e-07,23.5939774622,23.593977778365417,3.1616541562584644e-07,17.2520446777,23.59765625,24.0,20.6,510.1311855,180.0,0.0,23.59765625,0.0,0.080939,-170.91542651385666,3.5878740428412215,-167.32755247101545,6
164,rollout,22.155122757,23.5939769745,22.15512377144075,23.593977778365417,22.4366643119,22.43666524547799,9.335779900254693e-07,23.7763636603,23.776364083728602,4.234286024029643e-07,17.2520446777,23.59765625,24.0,21.2,538.3897064,180.0,154.39463165353936,23.59765625,4.509616548164246,0.09162839857533321,-199.43211777798845,0.0,-199.43211777798845,6
165,rollout,22.4366645813,23.7763633728,22.43666524547799,23.776364083728602,22.7330345398,22.733035139573314,5.997733154572416e-07,23.9930336224,23.993033704993167,8.259316786052295e-08,17.2520446777,23.59765625,24.0,21.8,648.0742248,180.0,702.4957653684677,23.59765625,17.50330920245419,0.12242808148931072,-275.71780491261825,0.0,-275.71780491261825,6
166,rollout,22.7330341339,23.9930343628,22.733035139573314,23.993033704993167,23.008916919,23.00891775396125,8.349612485858415e-07,24.0357726295,24.03577276242694,1.3292694234223745e-07,16.6158790588,23.7351207733,24.0,22.3,673.4987,180.0,1204.1700902229936,23.7351207733,26.748695125163746,0.1443429414458291,-358.21332572918044,0.0,-358.21332572918044,6
167,rollout,23.0089168549,24.0357723236,23.00891775396125,24.03577276242694,23.2680510204,23.268051806214615,7.858146133798982e-07,24.1048965217,24.10489660413401,8.243400984042637e-08,16.6158790588,23.7351207733,24.0,22.8,723.9465739,180.0,1826.7780119225984,23.7351207733,39.86058659603694,0.17542279768454427,-439.6471792977634,0.0,-439.6471792977634,6
168,rollout,23.2680511475,24.1048965454,23.268051806214615,24.10489660413401,23.4959431937,23.49594374427575,5.50575748547999e-07,24.0964380227,24.096437954149586,-6.855041334574707e-08,16.6158790588,23.7351207733,24.0,23.1,735.2223364,180.0,2495.618399052522,23.7351207733,53.20953748269778,0.2070645692334251,-518.7337591960103,0.0,-518.7337591960103,6
169,rollout,23.4959449768,24.0964374542,23.49594374427575,24.096437954149586,23.7841416627,23.784140592255678,-1.0704443234033079e-06,25.0398977229,25.03989722289174,-5.000082623496382e-07,16.0,26.0,24.0,23.5,726.2296871,180.0,0.0,26.0,0.0,0.080939,-243.42687951647716,101.33414802048861,-142.09273149598855,6
170,rollout,23.7841415405,25.0398979187,23.784140592255678,25.03989722289174,24.0830234667,24.083022594415528,-8.722844704323052e-07,25.2200396116,25.220039149157067,-4.624429337241054e-07,16.0,26.0,24.0,23.7,715.3576322,180.0,0.0,26.0,0.0,0.080939,-249.0506943054943,80.57255292143566,-168.47814138405863,6
171,rollout,24.0830230713,25.2200393677,24.083022594415528,25.220039149157067,24.3400040653,24.340003632603867,-4.3269613314578237e-07,25.2711930433,25.271192820169535,-2.2313046343924725e-07,16.0,26.0,24.0,23.9,644.9089318,180.0,0.0,26.0,0.0,0.080939,-250.63781695809632,74.7133276229409,-175.92448933515544,6
172,rollout,24.3400039673,25.2711925507,24.340003632603867,25.271192820169535,24.5562026536,24.556202368980117,-2.846198832173741e-07,25.2739396425,25.273939516300672,-1.261993283208085e-07,14.5,26.0,24.0,24.0,614.8040202,180.0,0.0,26.0,0.0,0.080939,-291.46263289188914,73.9992073666965,-217.46342552519263,6
173,rollout,24.5562019348,25.27394104,24.556202368980117,25.273939516300672,24.7143079675,24.714308283841778,3.1634177588557577e-07,25.2032974106,25.20329748986139,7.92613903399797e-08,14.5,26.0,24.0,24.1,489.5666343,180.0,0.0,26.0,0.0,0.080939,-289.7231053665368,80.42107001685928,-209.3020353496775,6
174,rollout,24.714307785,25.2032966614,24.714308283841778,25.20329748986139,24.8352093925,24.83520987215434,4.796543393581487e-07,25.1922007596,25.192201036096478,2.76496479045818e-07,14.5,26.0,24.0,24.1,432.9948978,180.0,0.0,26.0,0.0,0.080939,-289.42749779467044,81.51237279718728,-207.91512499748316,6
175,rollout,24.8352088928,25.192199707,24.83520987215434,25.192201036096478,24.8964214728,24.896422401147127,9.283471271714916e-07,25.0329266349,25.032927156378808,5.214788068030884e-07,14.5,26.0,24.0,24.1,273.3120913,180.0,0.0,26.0,0.0,0.080939,-285.36464353272964,96.51132605176613,-188.8533174809635,6
176,rollout,24.8964214325,25.0329265594,24.896422401147127,25.032927156378808,24.922027727,24.922028612873767,8.8587376723126e-07,24.9651006036,24.96510106775302,4.6415302179525497e-07,14.5,26.0,24.0,23.9,211.5331912,180.0,0.0,26.0,0.0,0.080939,-283.4977208483355,103.40349699066742,-180.0942238576681,6
177,rollout,24.9220275879,24.9650993347,24.922028612873767,24.96510106775302,24.913991086,24.913992072990645,9.869906456572153e-07,24.8596589221,24.85965949240659,5.703065895090731e-07,14.5,26.0,24.0,23.7,128.0335723,180.0,0.0,26.0,0.0,0.080939,-280.7374453072403,113.59368377597114,-167.14376153126915,6
178,rollout,24.9139900208,24.8596591949,24.913992072990645,24.85965949240659,24.8890313525,24.889033185760823,1.833260821371141e-06,24.8691417229,24.869142636747604,9.13847603811746e-07,16.0,26.0,24.0,23.2,90.46356319,180.0,0.0,26.0,0.0,0.080939,-240.2774309729542,112.96105571553277,-127.31637525742143,6
179,rollout,24.8890304565,24.869140625,24.889033185760823,24.869142636747604,24.8246229424,24.82462545326226,2.5108622594416374e-06,24.5765866145,24.576587946025764,1.3315257660906354e-06,16.0,26.0,24.0,22.7,57.42,50.0,0.0,26.0,0.0,0.080939,-232.72298922489,140.8500006144635,-91.87298861042649,6
180,rollout,24.8246231079,24.5765857697,24.82462545326226,24.576587946025764,24.7497158305,24.749718008355707,2.177855705554066e-06,24.5061680004,24.506169176796437,1.1763964380406833e-06,16.0,26.0,24.0,22.7,41.25,50.0,0.0,26.0,0.0,0.080939,-230.6117465341152,148.64413458688796,-81.96761194722725,6
181,rollout,24.7497158051,24.5061683655,24.749718008355707,24.506169176796437,24.5123185819,24.512320573236014,1.9913360134182767e-06,23.2303975439,23.230398593408697,1.04950869683762e-06,17.7000007629,18.0,24.0,20.4,25.08,50.0,1951.850753038931,18.0,100.0,0.31797464285714283,-595.6793767835728,0.0,-595.6793767835728,6
182,rollout,24.5123176575,23.2303962708,24.512320573236014,23.230398593408697,24.2173920284,24.21739472585708,2.6974570808135923e-06,22.9922251734,22.992226671064852,1.4976648508024937e-06,17.7000007629,18.0,24.0,19.4,10.395,50.0,1951.850753038931,18.0,100.0,0.31797464285714283,-566.2300480863253,0.0,-566.2300480863253,6
183,rollout,24.2173919678,22.992225647,24.21739472585708,22.992226671064852,23.9258127978,23.92581529431157,2.496511569916038e-06,22.8378953447,22.837896666096288,1.3213962866132078e-06,17.7000007629,18.0,24.0,18.4,13.5123849,50.0,1951.850753038931,18.0,100.0,0.31797464285714283,-549.4251689404026,0.0,-549.4251689404026,6
184,rollout,23.9258117676,22.8378944397,23.92581529431157,22.837896666096288,23.6461004419,23.646103677233384,3.2353333843104792e-06,22.672641306,22.67264307009805,1.7640980516375748e-06,17.7000007629,18.0,24.0,17.9,0.0,50.0,1951.850753038931,18.0,100.0,0.31797464285714283,-531.8044147918412,0.0,-531.8044147918412,6
185,rollout,23.6460990906,22.6726417542,23.646103677233384,22.67264307009805,23.4971315293,23.497135661227457,4.131927457962092e-06,23.6913072976,23.69130939714501,2.0995450071836785e-06,14.5,26.0,24.0,17.5,0.0,50.0,0.0,26.0,0.0,0.080939,-248.17298909894396,233.8128018980406,-14.360187200903368,6
186,rollout,23.4971313477,23.6913070679,23.497135661227457,23.69130939714501,23.4044723489,23.404476279051178,3.9301511769451736e-06,23.6996718485,23.699673891780403,2.043280403540848e-06,14.5,26.0,24.0,17.1,0.0,50.0,0.0,26.0,0.0,0.080939,-249.34915355780865,229.47072251225896,-19.87843104554969,6
187,rollout,23.4044723511,23.699672699,23.404476279051178,23.699673891780403,23.3148927269,23.314896263944885,3.5370448863147885e-06,23.6573028261,23.657304620028082,1.793928081639251e-06,14.5,26.0,24.0,16.7,0.0,50.0,0.0,26.0,0.0,0.080939,-248.2468304518922,233.54019970024567,-14.706630751646543,6
188,rollout,23.3148918152,23.6573028564,23.314896263944885,23.657304620028082,23.2296508547,23.22965487925275,4.024552747949883e-06,23.613962386,23.613964447458077,2.0614580762412515e-06,14.5,26.0,24.0,16.5,0.0,50.0,0.0,26.0,0.0,0.080939,-247.06630200328974,237.89838974958073,-9.167912253709005,6
189,rollout,23.2296524048,23.6139621735,23.22965487925275,23.613964447458077,23.1501620127,23.150164309464426,2.2967644248694796e-06,23.5731091399,23.57311037948747,1.239587469115122e-06,14.5,26.0,24.0,16.4,0.0,50.0,0.0,26.0,0.0,0.080939,-245.94721479472898,242.02975544641026,-3.9174593483187152,6
190,rollout,23.1501617432,23.5731086731,23.150164309464426,23.57311037948747,23.0758831248,23.075885477417103,2.3526171020193942e-06,23.5349346585,23.534935897204527,1.2387045273953845e-06,14.5,26.0,24.0,16.3,0.0,50.0,0.0,26.0,0.0,0.080939,-244.90145187386102,245.89042780977906,0.9889759359180346,6
191,rollout,23.0758838654,23.5349349976,23.075885477417103,23.534935897204527,22.9186961936,22.918697652095947,1.4584959480146154e-06,22.4770435861,22.47704415884062,5.727406211519792e-07,16.3253688812,21.4567451477,24.0,16.2,0.0,50.0,2773.8430985512578,21.4567451477,65.63185573293383,0.23650989115563226,-495.4683348270616,0.0,-495.4683348270616,6
192,rollout,22.9186973572,22.4770431519,22.918697652095947,22.47704415884062,22.6915660834,22.69156635801949,2.74619488038752e-07,22.0315737993,22.031573676296954,-1.2300304419454733e-07,16.3253688812,21.4567451477,24.0,16.1,0.0,50.0,4238.6290393346135,21.4567451477,90.47166892534891,0.2953891020407867,-569.8712246217398,0.0,-569.8712246217398,6
193,rollout,22.6915664673,22.0315742493,22.69156635801949,22.031573676296954,22.4507726571,22.450772515239496,-1.4186050378839354e-07,21.7734831388,21.773482941679028,-1.9712097198976153e-07,16.3253688812,21.4567451477,24.0,16.0,0.0,50.0,4822.429181414803,21.4567451477,100.0,0.31797464285714283,-582.9095183895867,0.0,-582.9095183895867,6
194,rollout,22.4507732391,21.7734832764,22.450772515239496,21.773482941679028,22.3359698934,22.335969236357126,-6.570428752183943e-07,22.8094995176,22.80949917874587,-3.3885412875633847e-07,16.0,24.0,24.0,15.8,0.0,50.0,0.0,24.0,0.0,0.080939,-183.61661513592344,122.13738184344827,-61.47923329247517,6
195,rollout,22.3359699249,22.8094997406,22.335969236357126,22.80949917874587,22.2769607108,22.276960074904377,-6.358956241570013e-07,22.8327413947,22.83274105488987,-3.398101320328806e-07,16.0,24.0,24.0,15.6,0.0,50.0,0.0,24.0,0.0,0.080939,-185.16148360610097,116.43414749765206,-68.72733610844891,6
196,rollout,22.2769603729,22.8327407837,22.276960074904377,22.83274105488987,22.221785405,22.22178515291285,-2.520871476008324e-07,22.807413379,22.807413268908267,-1.1009173306320008e-07,16.0,24.0,24.0,15.4,0.0,50.0,0.0,24.0,0.0,0.080939,-184.51730274809884,118.81228807413748,-65.70501467396136,6
197,rollout,22.221786499,22.8074131012,22.22178515291285,22.807413268908267,22.1678226447,22.167821458594073,-1.1861059263651441e-06,22.7802605926,22.780260019334435,-5.732655665724451e-07,16.0,24.0,24.0,15.2,0.0,50.0,0.0,24.0,0.0,0.080939,-183.78151200668296,121.52862743167496,-62.252884575008,6
198,rollout,22.1678237915,22.7802600861,22.167821458594073,22.780260019334435,22.1148516579,22.114849586099332,-2.0718006688014157e-06,22.7535032281,22.753502208772552,-1.0193274491143711e-06,16.0,24.0,24.0,15.0,0.0,50.0,0.0,24.0,0.0,0.080939,-183.05459377392694,124.21221189965443,-58.842381874272505,6
199,rollout,22.1148529053,22.7535037994,22.114849586099332,22.753502208772552,22.0627780757,22.062775060682448,-3.0150175511778343e-06,22.7272056973,22.727204139563845,-1.5577361551777358e-06,16.0,24.0,24.0,14.8,0.0,50.0,0.0,24.0,0.0,0.080939,-182.34022827785356,126.84945507686116,-55.49077320099239,6
200,rollout,22.0627784729,22.7272071838,22.062775060682448,22.727204139563845,22.0173616704,22.01735850733433,-3.163065670719334e-06,22.7033387385,22.703337035743427,-1.7027565739624606e-06,16.0,24.0,24.0,14.9,0.0,50.0,0.0,24.0,0.0,0.080939,-181.67976008686284,129.28772405825308,-52.392036028609766,6
201,rollout,22.0173606873,22.703338623,22.01735850733433,22.703337035743427,21.968649712,21.96864770736253,-2.004637472907689e-06,22.6083092196,22.6083081574921,-1.0621078985195709e-06,14.5,24.0,24.0,14.9,0.0,50.0,0.0,24.0,0.0,0.080939,-219.81384960393464,138.50703413036598,-81.30681547356866,6
202,rollout,21.9686508179,22.6083087921,21.96864770736253,22.6083081574921,21.9332783037,21.933275516808397,-2.786891602823971e-06,22.5862713671,22.586269968855152,-1.3982448479055165e-06,14.5,24.0,24.0,15.5,1.485,50.0,0.0,24.0,0.0,0.080939,-219.12084159375112,141.0654312767175,-78.05541031703362,6
203,rollout,21.9332790375,22.586271286,21.933275516808397,22.586269968855152,21.9541076907,21.95410447911807,-3.211581930173679e-06,22.966136247,22.966134285531375,-1.961468626632268e-06,14.5,26.0,24.0,16.0,41.39498136,50.0,0.0,26.0,0.0,0.080939,-228.72813275687167,300.0,71.27186724312833,6
204,rollout,21.9541091919,22.9661369324,21.95410447911807,22.966134285531375,22.0112469471,22.011242627300252,-4.319799746355102e-06,23.0381301686,23.038127876719756,-2.2918802429217067e-06,14.5,26.0,24.0,16.8,48.45134952,50.0,0.0,26.0,0.0,0.080939,-231.09991763203735,296.84193962593145,65.7420219938941,6
205,rollout,22.0112457275,23.0381317139,22.011242627300252,23.038127876719756,22.1032966275,22.103293705325473,-2.922174527242305e-06,23.1860560965,23.186054472404138,-1.6240958622404378e-06,14.5,26.0,24.0,17.5,133.7924499,50.0,0.0,26.0,0.0,0.080939,-234.97692500064608,282.529082570202,47.5521575695559,6
206,rollout,22.1032962799,23.1860561371,22.103293705325473,23.186054472404138,22.1993219093,22.199319551171442,-2.3581285581997236e-06,23.197316228,23.197314988707344,-1.2392926542759142e-06,14.5,26.0,24.0,18.4,99.4199223,50.0,0.0,26.0,0.0,0.080939,-235.41161689480194,280.924318288681,45.51270139387904,6
207,rollout,22.1993217468,23.1973152161,22.199319551171442,23.197314988707344,22.3600818368,22.36007987946843,-1.9573315697130056e-06,23.639088845,23.639087873809153,-9.711908468545971e-07,14.5,26.0,24.0,19.3,218.8266454,180.0,0.0,26.0,0.0,0.080939,-246.83583030535988,238.7492285936258,-8.08660171173409,6
208,rollout,22.360080719,23.639087677,22.36007987946843,23.639087873809153,22.4908202213,22.490819485698292,-7.356017093229639e-07,23.271255056,23.271254705111552,-3.5088844896336013e-07,12.8000001907,24.0,24.0,20.3,195.5727283,180.0,0.0,24.0,0.0,0.080939,-283.78200038160503,72.35399517877212,-211.4280052028329,6
209,rollout,22.490819931,23.2712554932,22.490819485698292,23.271254705111552,22.6418762315,22.641875801081977,-4.3041802300081144e-07,23.4494592108,23.449458960483845,-2.5031615535908713e-07,12.8000001907,24.0,24.0,21.4,301.8317655,180.0,0.0,24.0,0.0,0.080939,-288.02830836098565,56.67778068003919,-231.35052768094647,6
210,rollout,22.6418762207,23.4494590759,22.641875801081977,23.449458960483845,22.7799720815,22.779971706372695,-3.751273034424685e-07,23.0903114733,23.09031132438509,-1.489149106248533e-07,16.0,22.0,24.0,22.5,334.0320003,180.0,2367.86071664307,22.0,57.77215784799242,0.21787960574743215,-521.8830113818198,0.0,-521.8830113818198,6
211,rollout,22.7799720764,23.0903129578,22.779971706372695,23.09031132438509,22.8919401305,22.89193975287333,-3.7762666948992774e-07,22.8741962899,22.874196287060098,-2.8399007589996472e-09,16.0,22.0,24.0,23.5,437.9453062,180.0,4203.210500365514,22.0,92.35022414857187,0.2998419474905797,-694.4690229876974,0.0,-694.4690229876974,6
212,rollout,22.8919410706,22.8741950989,22.89193975287333,22.874196287060098,22.9923553237,22.9923542123821,-1.1113178999266893e-06,22.8551277401,22.855127250437803,-4.896621952354963e-07,16.0,22.0,24.0,24.3,509.3134134,180.0,4465.4693864835435,22.0,100.0,0.31797464285714283,-728.9542900574288,0.0,-728.9542900574288,6
213,rollout,22.9923553467,22.8551273346,22.9923542123821,22.855127250437803,23.2561557436,23.256154733905152,-1.0096948486193469e-06,24.3317847148,24.331784228285944,-4.865140574850102e-07,17.7000007629,24.0,24.0,25.1,625.0572553,180.0,129.03032322477586,24.0,4.931005276673439,0.09262724005688251,-203.39087146530852,0.0,-203.39087146530852,6
214,rollout,23.2561569214,24.3317832947,23.256154733905152,24.331784228285944,23.5685352088,23.5685333161893,-1.8926107010486248e-06,24.4775332555,24.477532439092023,-8.164079758898879e-07,17.7000007629,24.0,24.0,25.8,637.7928161,180.0,887.0668248036832,24.0,21.99723881903265,0.133080296445515,-301.64728711298585,0.0,-301.64728711298585,6
215,rollout,23.5685348511,24.4775333405,23.5685333161893,24.477532439092023,23.8390092824,23.83900790531284,-1.3770871589713352e-06,24.4182922387,24.41829182351745,-4.1518255144978866e-07,17.7000007629,24.0,24.0,26.5,598.4283241,180.0,1689.0660537304339,24.0,37.59405995635298,0.17005032169364098,-382.6433475557291,0.0,-382.6433475557291,6
216,rollout,23.8390083313,24.4182929993,23.83900790531284,24.41829182351745,24.0686100944,24.068609711044637,-3.833553634535747e-07,24.3951708143,24.39517103941699,2.2511699171445798e-07,17.7000007629,24.0,24.0,26.8,603.7678876,180.0,2427.680253024945,24.0,52.15639223507215,0.2045682396254962,-458.717694321345,0.0,-458.717694321345,6
217,rollout,24.068611145,24.3951702118,24.068609711044637,24.39517103941699,24.2163485706,24.216347331921607,-1.2386783936335632e-06,23.6466270746,23.646626533906154,-5.406938470287059e-07,14.5,22.0,24.0,27.2,591.0822006,180.0,3817.322337815718,22.0,92.41464489152993,0.29999464761278366,-932.2330444375598,0.0,-932.2330444375598,6
218,rollout,24.2163486481,23.6466255188,24.216347331921607,23.646626533906154,24.268978561,24.268977439648225,-1.1213517758790204e-06,23.4056000584,23.405599547856742,-5.105432592245052e-07,14.5,22.0,24.0,27.3,635.2402779,180.0,4280.612390958545,22.0,100.0,0.31797464285714283,-948.3880307262967,0.0,-948.3880307262967,6
219,rollout,24.2689781189,23.4056015015,24.268977439648225,23.405599547856742,24.2863879403,24.28638724552409,-6.94775909693135e-07,23.3161295628,23.31612909912483,-4.6367517114731527e-07,14.5,22.0,24.0,27.4,566.4009333,180.0,4280.612390958545,22.0,100.0,0.31797464285714283,-938.435453195677,0.0,-938.435453195677,6
220,rollout,24.2863883972,23.3161296844,24.28638724552409,23.31612909912483,24.4228426611,24.42284161503313,-1.0460668704581622e-06,24.6811618599,24.681161377666434,-4.822335668563937e-07,15.1632871628,24.2618808746,24.0,27.2,505.1647633,180.0,247.87006051958224,24.2618808746,8.325342289106228,0.10067302861504052,-319.1570120485688,0.0,-319.1570120485688,6
221,rollout,24.4228420258,24.6811618805,24.42284161503313,24.681161377666434,24.5632485618,24.563248194875136,-3.669248620497001e-07,24.548673038,24.548673045491675,7.491674836046514e-09,15.1632871628,24.2618808746,24.0,27.1,410.6284184,180.0,893.2016463049838,24.2618808746,20.60437878028549,0.12977872169857044,-408.4001787350657,0.0,-408.4001787350657,6
222,rollout,24.5632476807,24.5486717224,24.563248194875136,24.548673045491675,24.5514561885,24.55145669575378,5.072537803130217e-07,23.340805562,23.340805870187438,3.0818743823601835e-07,14.5,20.0,24.0,26.6,400.6730685,180.0,2637.0788332209613,20.0,100.0,0.31797464285714283,-947.7940190826686,0.0,-947.7940190826686,6
223,rollout,24.5514564514,23.3408050537,24.55145669575378,23.340805870187438,24.4194442432,24.41944449001426,2.468142596967482e-07,23.0064189373,23.00641905685884,1.1955883749692475e-07,14.5,20.0,24.0,26.1,254.9407668,180.0,3564.9238149801595,20.0,100.0,0.31797464285714283,-907.6747868406567,0.0,-907.6747868406567,6
224,rollout,24.4194450378,23.0064201355,24.41944449001426,23.00641905685884,24.2573441534,24.257343616376694,-5.370233040480343e-07,22.8662849558,22.86628462225608,-3.3354391959505847e-07,14.5,20.0,24.0,25.1,221.8525224,180.0,3564.9238149801595,20.0,100.0,0.31797464285714283,-892.0211381679404,0.0,-892.0211381679404,6
225,rollout,24.2573432922,22.8662853241,24.257343616376694,22.86628462225608,24.0532092412,24.05320949599105,2.5479105048020756e-07,22.6134095846,22.61340967310244,8.850243915503597e-08,14.5,20.0,24.0,24.1,102.9867147,180.0,3564.9238149801595,20.0,100.0,0.31797464285714283,-865.8838206130403,0.0,-865.8838206130403,6
226,rollout,24.0532093048,22.6134090424,24.05320949599105,22.61340967310244,24.0279611978,24.027961398322805,2.0052280547133705e-07,24.356050847,24.356050980396862,1.3339686333324607e-07,14.5,26.0,24.0,22.7,168.16952,180.0,0.0,26.0,0.0,0.080939,-265.234630667453,170.82586024727107,-94.40877042018195,6
227,rollout,24.027961731,24.3560504913,24.027961398322805,24.356050980396862,24.004306281,24.004306008043564,-2.7295643789670976e-07,24.0869725923,24.08697248286975,-1.0943024975063054e-07,14.5,26.0,24.0,21.3,60.94621952,50.0,0.0,26.0,0.0,0.080939,-259.9977932102857,190.15884025535996,-69.83895295492573,6
228,rollout,24.0043067932,24.0869731903,24.004306008043564,24.08697248286975,23.9825443395,23.982543611318643,-7.281813552140193e-07,24.1099416595,24.109941267197733,-3.9230226533959467e-07,14.5,26.0,24.0,21.3,100.748281,50.0,0.0,26.0,0.0,0.080939,-260.3248631298993,188.95138704168738,-71.37347608821193,6
229,rollout,23.9825439453,24.1099414825,23.982543611318643,24.109941267197733,23.8829809306,23.882980624697772,-3.059022262164035e-07,23.9759031808,23.975903020026855,-1.607731441310989e-07,14.5,26.0,24.0,18.3,20.43476285,50.0,0.0,26.0,0.0,0.080939,-256.9857875272282,201.27834627995574,-55.70744124727244,6
230,rollout,23.8829803467,23.9759025574,23.882980624697772,23.975903020026855,23.7644433285,23.764443595859788,2.673597876423628e-07,23.9026778859,23.902678040049672,1.541496708057366e-07,14.5,26.0,24.0,17.2,10.65311344,50.0,0.0,26.0,0.0,0.080939,-254.97441210985357,208.70379743266307,-46.27061467719051,6
231,rollout,23.7644424438,23.902677536,23.764443595859788,23.902678040049672,23.6307933056,23.630794349907198,1.0443071971621976e-06,23.8291731137,23.829173650873663,5.371736619963485e-07,14.5,26.0,24.0,16.0,4.1003381,50.0,0.0,26.0,0.0,0.080939,-253.00982129516603,215.95653255287317,-37.053288742292864,6
232,rollout,23.6307945251,23.8291740417,23.630794349907198,23.829173650873663,23.3678978727,23.367897702704937,-1.6999506158299482e-07,22.3240563071,22.32405623325249,-7.384750944083862e-08,16.0,20.0,24.0,15.4,0.0,50.0,3834.582044065599,20.0,98.51916703549364,0.3144645409200847,-676.2016774250889,0.0,-676.2016774250889,6
233,rollout,23.3678970337,22.3240566254,23.367897702704937,22.32405623325249,23.0328895319,23.032890107352237,5.75452236972751e-07,22.0216103761,22.021610644635636,2.6853563639406275e-07,16.0,20.0,24.0,14.8,0.0,50.0,3834.582044065599,20.0,100.0,0.31797464285714283,-644.3995893936715,0.0,-644.3995893936715,6
234,rollout,23.0328903198,22.02161026,23.032890107352237,22.021610644635636,22.7154479071,22.715447736602485,-1.7049751477316022e-07,21.8445969471,21.8445968829777,-6.41223003583491e-08,16.0,20.0,24.0,14.5,0.0,50.0,3834.582044065599,20.0,100.0,0.31797464285714283,-624.904719116414,0.0,-624.904719116414,6
235,rollout,22.7154464722,21.8445968628,22.715447736602485,21.8445968829777,22.4175430797,22.417544203125708,1.123425708016157e-06,21.6849753235,21.684975892771035,5.692710338678353e-07,16.0,20.0,24.0,14.1,0.0,50.0,3834.582044065599,20.0,100.0,0.31797464285714283,-607.7092644299798,0.0,-607.7092644299798,6
236,rollout,22.4175415039,21.6849746704,22.417544203125708,21.684975892771035,22.2998370063,22.299839475279747,2.4689797477606135e-06,23.1910576828,23.19105903641339,1.3536133884883839e-06,17.7000007629,26.0,24.0,13.9,0.0,50.0,0.0,26.0,0.0,0.080939,-146.9548212482445,287.4826803313315,140.52785908308698,6
237,rollout,22.2998371124,23.1910572052,22.299839475279747,23.19105903641339,22.2677454369,22.26774761477136,2.1778713588105347e-06,23.2765521083,23.276553267461157,1.1591611581707184e-06,17.7000007629,26.0,24.0,13.6,0.0,50.0,0.0,26.0,0.0,0.080939,-151.02552317359167,272.4547556372176,121.42923246362594,6
238,rollout,22.2677459717,23.2765522003,22.26774761477136,23.276553267461157,22.2353520523,22.235353557484235,1.5051842332525212e-06,23.2660682935,23.266069084714427,7.912144290855849e-07,17.7000007629,26.0,24.0,13.2,0.0,50.0,0.0,26.0,0.0,0.080939,-150.8379589539388,273.14719173790644,122.30923278396764,6
239,rollout,22.2353515625,23.2660675049,22.235353557484235,23.266069084714427,22.125224735,22.12522656791917,1.8329191711075055e-06,22.4280511318,22.428051944554767,8.127547665992552e-07,17.7000007629,22.0,24.0,12.9,0.0,50.0,1450.9279559140944,22.0,33.4537866709734,0.16023639829559896,-257.01776785612066,0.0,-257.01776785612066,6
240,rollout,22.1252250671,22.4280509949,22.12522656791917,22.428051944554767,21.9651480348,21.965149375756138,1.340956139017635e-06,22.1952192847,22.195219634461466,3.497614677883121e-07,17.7000007629,22.0,24.0,12.5,0.0,50.0,2021.5824945277668,22.0,42.4475453911811,0.18155481209506363,-274.8790434209689,0.0,-274.8790434209689,6
241,rollout,21.9651489258,22.1952190399,21.965149375756138,22.195219634461466,21.8005201811,21.800520563165854,3.8206585273314886e-07,22.0575945744,22.057594367864112,-2.0653588705954462e-07,17.7000007629,22.0,24.0,12.2,0.0,50.0,2262.407979252783,22.0,45.943259007071404,0.18984089933693388,-278.10055553621845,0.0,-278.10055553621845,6
242,rollout,21.8005199432,22.0575942993,21.800520563165854,22.057594367864112,21.6401287347,21.640129244544127,5.098441278050814e-07,21.9588684242,21.958868274215945,-1.4998405362121048e-07,17.7000007629,22.0,24.0,11.9,0.0,50.0,2287.457234473072,22.0,45.50764477507265,0.18880833834173844,-270.0121976556495,0.0,-270.0121976556495,6
243,rollout,21.6401290894,21.9588680267,21.640129244544127,21.958868274215945,21.453838885,21.453838965063245,8.006324492271233e-08,21.578975277,21.578974722004396,-5.549956050288074e-07,14.5,22.0,24.0,11.6,0.0,50.0,1775.6716195881265,22.0,31.795291571693426,0.15630517377526648,-370.71527115407366,0.0,-370.71527115407366,6
244,rollout,21.4538383484,21.5789756775,21.453838965063245,21.578974722004396,21.2795478369,21.27954829197217,4.550721683926895e-07,21.6169392326,21.616938996851246,-2.357487538517944e-07,14.5,22.0,24.0,11.3,0.0,50.0,1034.7081053367785,22.0,17.152106617161778,0.12159560618353196,-289.1893723381469,0.0,-289.1893723381469,6
245,rollout,21.279548645,21.6169395447,21.27954829197217,21.616938996851246,21.1354547716,21.13545440099286,-3.7060713964365277e-07,21.6822985865,21.682298120885655,-4.6561434530190127e-07,14.5,22.0,24.0,11.0,0.0,50.0,394.35551606934035,22.0,4.931070378746806,0.09262739437200064,-222.31307399755542,0.0,-222.31307399755542,6
246,rollout,21.1354560852,21.6822986603,21.13545440099286,21.682298120885655,21.0190333477,21.019031821767708,-1.5259322907468231e-06,21.7526304422,21.752629653460076,-7.887399249284499e-07,14.5,22.0,24.0,10.7,0.0,50.0,126.77281202074549,22.0,0.0,0.080939,-196.45624603960218,24.73695561247453,-171.71929042712765,6
247,rollout,21.019033432,21.7526302338,21.019031821767708,21.752629653460076,20.918602007,20.918600552912455,-1.4540875454827074e-06,21.7142636884,21.71426294647147,-7.419285275034326e-07,14.5,22.0,24.0,10.5,0.0,50.0,126.77281202074549,22.0,0.0,0.080939,-195.62932690276764,27.789716228301486,-167.83961067446614,6
248,rollout,20.9186019897,21.714263916,20.918600552912455,21.71426294647147,20.8258653848,20.825864066976667,-1.3178233331245792e-06,21.6671617563,21.667161061732653,-6.94567347636621e-07,14.5,22.0,24.0,10.4,0.0,50.0,126.77281202074549,22.0,0.0,0.080939,-194.3488454257226,32.51690568165344,-161.83193974406916,6
249,rollout,20.8258647919,21.6671619415,20.825864066976667,21.667161061732653,20.7404724426,20.74047176013392,-6.82466080093036e-07,21.6507052795,21.65070490099224,-3.7850776024583865e-07,13.4872207642,22.4322891235,24.0,10.2,0.0,50.0,126.77281202074549,22.4322891235,0.0,0.080939,-221.29348401763988,77.55146211407897,-143.7420219035609,6
250,rollout,20.7404727936,21.6507053375,20.74047176013392,21.65070490099224,20.6840899272,20.684088991087982,-9.361120163475789e-07,21.6219155415,21.62191506066058,-4.808394216126999e-07,13.4872207642,22.4322891235,24.0,11.2,2.145,50.0,126.77281202074549,22.4322891235,0.0,0.080939,-220.47569314330747,80.57052366670128,-139.9051694766062,6
251,rollout,20.6840896606,21.6219158173,20.684088991087982,21.62191506066058,20.6699266067,20.66992597884467,-6.278553286165334e-07,21.6839421486,21.683941803002355,-3.4559764472419374e-07,13.4872207642,22.4322891235,24.0,12.2,64.12887319,50.0,126.77281202074549,22.4322891235,0.0,0.080939,-221.9919440028309,74.97293775837903,-147.01900624445187,6
252,rollout,20.6699256897,21.6839408875,20.66992597884467,21.683941803002355,20.6613383519,20.661338649559447,2.9765944731252603e-07,21.5273497359,21.52734992751716,1.9161716124926897e-07,12.8000001907,22.0,24.0,13.4,25.575,50.0,126.77281202074549,22.0,0.0,0.080939,-236.57418020366,46.63243158060304,-189.94174862305698,6
253,rollout,20.6613388062,21.527349472,20.661338649559447,21.52734992751716,20.6956217359,20.69562161756762,-1.1833238033887028e-07,21.6390795326,21.639079497292485,-3.530751513380892e-08,12.8000001907,22.0,24.0,14.6,115.3798774,50.0,126.77281202074549,22.0,0.0,0.080939,-239.25826738817352,36.723511492364125,-202.53475589580938,6
254,rollout,20.6956214905,21.6390800476,20.69562161756762,21.639079497292485,20.6975653725,20.697565464651547,9.215154506136969e-08,21.0497524858,21.049752557100646,7.130064716420748e-08,14.5,20.0,24.0,15.8,58.56735122,50.0,2470.440475309997,20.0,59.58122638727134,0.22216774298923825,-492.97464155145457,0.0,-492.97464155145457,6
255,rollout,20.6975650787,21.0497531891,20.697565464651547,21.049752557100646,20.7121104839,20.71211080787344,3.2397344185142174e-07,21.0116907311,21.011690946028104,2.1492810375889349e-07,14.5,20.0,24.0,17.1,172.7271834,180.0,4459.8832934276925,20.0,98.75167734793766,0.31501567323389557,-691.7537385212461,0.0,-691.7537385212461,6
256,rollout,20.7121105194,21.0116901398,20.71211080787344,21.011690946028104,20.7054901971,20.705490491058285,2.9395828349265685e-07,20.8549105426,20.85491073759969,1.949996892847139e-07,14.5,20.0,24.0,18.0,121.6166718,180.0,4459.8832934276925,20.0,100.0,0.31797464285714283,-676.9774907303346,0.0,-676.9774907303346,6
257,rollout,20.7054901123,20.8549098969,20.705490491058285,20.85491073759969,20.7705883943,20.770588770022904,3.7572290523257834e-07,21.1248846795,21.124884917813244,2.3831324469369974e-07,14.5,20.0,24.0,19.0,326.3605193,180.0,4459.8832934276925,20.0,100.0,0.31797464285714283,-703.3861553022826,0.0,-703.3861553022826,6
258,rollout,20.7705879211,21.1248855591,20.770588770022904,21.124884917813244,20.8543497599,20.8543504832823,7.233822998387041e-07,21.1706343732,21.170634702222934,3.2902293511938296e-07,14.5,20.0,24.0,19.8,318.3817948,180.0,4459.8832934276925,20.0,100.0,0.31797464285714283,-709.0849970689685,0.0,-709.0849970689685,6
259,rollout,20.8543510437,21.1706352234,20.8543504832823,21.170634702222934,21.159700665,21.159700139055225,-5.25944773954734e-07,23.0991909851,23.099190686897693,-2.982023090680741e-07,13.3279304504,25.3280944824,24.0,20.7,502.835609,180.0,0.0,25.3280944824,0.0,0.080939,-261.9977425921723,232.79197411896214,-29.205768473210156,6
260,rollout,21.1597003937,23.0991897583,21.159700139055225,23.099190686897693,21.5445391457,21.544538961772844,-1.8392715617210342e-07,23.4222462685,23.42224622454048,-4.395952046820639e-08,13.3279304504,25.3280944824,24.0,21.4,527.0519262,180.0,0.0,25.3280944824,0.0,0.080939,-272.44098943454225,194.23834627115716,-78.20264316338509,6
261,rollout,21.5445384979,23.422246933,21.544538961772844,23.42224622454048,21.9477239061,21.947724285504833,3.794048346605905e-07,23.7656036128,23.765603763531523,1.5073152326294803e-07,13.3279304504,25.3280944824,24.0,22.2,638.5913125,180.0,0.0,25.3280944824,0.0,0.080939,-281.68963918556045,160.09484607648653,-121.59479310907392,6
262,rollout,21.9477233887,23.7656021118,21.947724285504833,23.765603763531523,22.3401539158,22.340154785537678,8.697376792099476e-07,23.9971673897,23.99716789845592,5.087559209471237e-07,13.3279304504,25.3280944824,24.0,22.9,658.9123948,180.0,0.0,25.3280944824,0.0,0.080939,-288.09249432734936,136.45724581423764,-151.63524851311172,6
263,rollout,22.3401546478,23.9971675873,22.340154785537678,23.99716789845592,22.7231498766,22.72315001278459,1.3618458893915886e-07,24.2398576404,24.239857722605816,8.220581548812333e-08,13.3279304504,25.3280944824,24.0,23.6,697.2725064,180.0,0.0,25.3280944824,0.0,0.080939,-294.6716080781224,112.16894669192001,-182.5026613862024,6
264,rollout,22.7231502533,24.23985672,22.72315001278459,24.239857722605816,23.0885299899,23.08852982178814,-1.6811186043241833e-07,24.5020590166,24.502058984121206,-3.247879476475646e-08,12.8000001907,26.0,24.0,24.1,681.4563209,180.0,0.0,26.0,0.0,0.080939,-316.0853908591438,153.0986607515022,-162.9867301076416,6
265,rollout,23.0885295868,24.5020599365,23.08852982178814,24.502058984121206,23.4229753283,23.422975493738907,1.654389052418992e-07,24.6315815528,24.631581586522294,3.3722294290328136e-08,12.8000001907,26.0,24.0,24.6,642.4392002,180.0,0.0,26.0,0.0,0.080939,-319.7800228570816,139.45908397685614,-180.32093888022544,6
266,rollout,23.4229736328,24.6315803528,23.422975493738907,24.631581586522294,23.6051237025,23.605125402485385,1.6999853862387226e-06,23.4388057741,23.43880668280778,9.087077792457876e-07,16.0,20.0,24.0,24.9,637.7336903,180.0,2672.6582124724364,20.0,100.0,0.31797464285714283,-796.8528353298378,0.0,-796.8528353298378,6
267,rollout,23.6051254272,23.4388065338,23.605125402485385,23.43880668280778,23.6928546513,23.69285463627231,-1.5027691091518136e-08,23.3310430074,23.331043008411324,1.0113225812347082e-09,16.0,20.0,24.0,25.3,585.9585331,180.0,2672.6582124724364,20.0,100.0,0.31797464285714283,-779.9920101163367,0.0,-779.9920101163367,6
268,rollout,23.692855835,23.3310432434,23.69285463627231,23.331043008411324,23.7632944943,23.763293419205574,-1.075094424152212e-06,23.3333331496,23.333332592345705,-5.5725429604081e-07,16.0,20.0,24.0,25.5,564.1478081,180.0,2672.6582124724364,20.0,100.0,0.31797464285714283,-779.884236650096,0.0,-779.884236650096,6
269,rollout,23.76329422,23.3333320618,23.763293419205574,23.333332592345705,23.8303441279,23.830343439393662,-6.885063363881727e-07,23.4047401514,23.404739825245866,-3.261541330346063e-07,16.7604312897,20.5371112823,24.0,25.7,427.3706743,180.0,3576.348053773495,20.5371112823,100.0,0.31797464285714283,-710.6279259963,0.0,-710.6279259963,6
270,rollout,23.8303451538,23.4047393799,23.830343439393662,23.404739825245866,23.8617611182,23.861759617203806,-1.5009961948919681e-06,23.3360461917,23.3360454582157,-7.334842990758261e-07,16.7604312897,20.5371112823,24.0,25.7,404.5248898,180.0,3576.348053773495,20.5371112823,100.0,0.31797464285714283,-699.824324496445,0.0,-699.824324496445,6
271,rollout,23.8617610931,23.3360462189,23.861759617203806,23.3360454582157,23.8450375068,23.845036160885254,-1.3459147467642651e-06,23.1399784912,23.139977766795376,-7.24404625174202e-07,16.7604312897,20.5371112823,24.0,25.8,253.8081434,180.0,3576.348053773495,20.5371112823,100.0,0.31797464285714283,-679.8369380824091,0.0,-679.8369380824091,6
272,rollout,23.8450393677,23.1399784088,23.845036160885254,23.139977766795376,23.961696174,23.961693301347484,-2.8726525158617733e-06,24.5795778535,24.579576412776717,-1.4407232811208814e-06,17.7000007629,26.0,24.0,25.6,241.4189939,180.0,0.0,26.0,0.0,0.080939,-184.71047685560632,148.0990655028048,-36.611411352801525,6
273,rollout,23.9616966248,24.5795783997,23.961693301347484,24.579576412776717,24.0919853227,24.091982286018634,-3.036681366808125e-06,24.5741196297,24.574118041589088,-1.5881109121096415e-06,17.7000007629,26.0,24.0,25.4,121.5903995,180.0,0.0,26.0,0.0,0.080939,-185.9829280792281,143.40152156168458,-42.58140651754351,6
274,rollout,24.0919857025,24.5741195679,24.091982286018634,24.574118041589088,24.1984261419,24.19842304348082,-3.0984191816685325e-06,24.6144190784,24.614417482934982,-1.5954650187666175e-06,17.7000007629,26.0,24.0,25.1,111.0297964,180.0,0.0,26.0,0.0,0.080939,-187.07014476311008,139.38781317644845,-47.68233158666163,6
275,rollout,24.198425293,24.6144180298,24.19842304348082,24.614417482934982,24.2457587069,24.245756687422613,-2.019477385317714e-06,24.3442396595,24.344238641989254,-1.0175107476584344e-06,17.7000007629,26.0,24.0,24.7,49.5,50.0,0.0,26.0,0.0,0.080939,-180.16430839345725,164.8822833725596,-15.282025020897635,6
276,rollout,24.2457580566,24.3442401886,24.245756687422613,24.344238641989254,24.2854091465,24.28540786258557,-1.283914432548272e-06,24.3910956356,24.391094928991834,-7.066081657569612e-07,17.7000007629,26.0,24.0,24.7,84.07869119,50.0,0.0,26.0,0.0,0.080939,-181.13005711738646,161.3170016686169,-19.813055448769546,6
277,rollout,24.28540802,24.3910942078,24.28540786258557,24.391094928991834,24.1130355687,24.113035456838077,-1.1186192239165393e-07,22.7130526874,22.713052650315646,-3.708435514226949e-08,16.0,20.0,24.0,22.5,16.5,50.0,3433.3317226044555,20.0,100.0,0.31797464285714283,-724.8644359603766,0.0,-724.8644359603766,6
278,rollout,24.1130371094,22.7130527496,24.113035456838077,22.713052650315646,23.8467706652,23.84676919357158,-1.4716284226778953e-06,22.4592469933,22.4592462433101,-7.499898977414432e-07,16.0,20.0,24.0,21.4,19.43577404,50.0,3433.3317226044555,20.0,100.0,0.31797464285714283,-690.2881276437382,0.0,-690.2881276437382,6
279,rollout,23.8467712402,22.4592475891,23.84676919357158,22.4592462433101,23.575116504,23.575114623974233,-1.880025767064808e-06,22.3024055803,22.30240455219029,-1.0281097111430881e-06,16.0,20.0,24.0,20.3,12.69591984,50.0,3433.3317226044555,20.0,100.0,0.31797464285714283,-673.2201343985281,0.0,-673.2201343985281,6
280,rollout,23.5751171112,22.302406311,23.575114623974233,22.30240455219029,23.3151571403,23.315154849759722,-2.2905402765616145e-06,22.1476876598,22.14768640027686,-1.2595231382306338e-06,16.0,20.0,24.0,19.9,0.0,50.0,3433.3317226044555,20.0,100.0,0.31797464285714283,-656.6658950852544,0.0,-656.6658950852544,6
281,rollout,23.3151569366,22.147687912,23.315154849759722,22.14768640027686,23.0712954988,23.071293576861855,-1.9219381464097296e-06,22.0165399876,22.016538942544788,-1.0450552139218416e-06,16.0,20.0,24.0,19.6,0.0,50.0,4057.5176494341267,20.0,100.0,0.31797464285714283,-642.5091103857162,0.0,-642.5091103857162,6
282,rollout,23.0712966919,22.0165405273,23.071293576861855,22.016538942544788,22.8447424764,22.844739636728082,-2.8396719180534546e-06,21.8948697769,21.89486824973357,-1.5271664288718512e-06,16.0,20.0,24.0,19.4,0.0,50.0,4057.5176494341267,20.0,100.0,0.31797464285714283,-629.3901066631432,0.0,-629.3901066631432,6
283,rollout,22.8447418213,21.8948707581,22.844739636728082,21.89486824973357,22.7672962669,22.76729421663771,-2.050262292385696e-06,23.0963442269,23.09634309654302,-1.1303569813492231e-06,17.7000007629,24.0,24.0,19.3,0.0,50.0,0.0,24.0,0.0,0.080939,-145.10754573768048,94.30231924647252,-50.80522649120796,6
284,rollout,22.7672958374,23.0963439941,22.76729421663771,23.09634309654302,22.7488713938,22.748869916045518,-1.4777544805610887e-06,23.1477299233,23.147729153976023,-7.693239751915826e-07,17.7000007629,24.0,24.0,19.1,0.0,50.0,0.0,24.0,0.0,0.080939,-147.54638738639122,85.29877899473384,-62.24760839165738,6
285,rollout,22.7488708496,23.1477298737,22.748869916045518,23.147729153976023,22.7329011612,22.73290030090714,-8.6029286094913e-07,23.1427437472,23.142743289477067,-4.5772293333357084e-07,17.7000007629,24.0,24.0,19.0,0.0,50.0,0.0,24.0,0.0,0.080939,-147.46340670589947,85.60512110485767,-61.8582856010418,6
286,rollout,22.7329025269,23.142742157,22.73290030090714,23.142743289477067,22.7126745165,22.712672593575547,-1.922924454333952e-06,23.1334333903,23.133432503741165,-8.865588334572294e-07,17.7000007629,24.0,24.0,18.7,0.0,50.0,0.0,24.0,0.0,0.080939,-147.2228999512039,86.49300664997348,-60.72989330123043,6
287,rollout,22.7126731873,23.1334342957,22.712672593575547,23.133432503741165,22.5047640191,22.504763424150717,-5.949492845047644e-07,21.1999465277,21.199946158355708,-3.6934429203938635e-07,12.8000001907,18.0,24.0,18.4,0.0,50.0,2895.9522868910353,18.0,100.0,0.31797464285714283,-904.5801927719547,0.0,-904.5801927719547,6
288,rollout,22.5047645569,21.1999473572,22.504763424150717,21.199946158355708,22.2171719112,22.217170849327363,-1.0618726378197607e-06,20.9304049829,20.93040437702454,-6.05875460024663e-07,12.8000001907,18.0,24.0,18.2,0.0,50.0,2895.9522868910353,18.0,100.0,0.31797464285714283,-868.3398147190815,0.0,-868.3398147190815,6
289,rollout,22.2171707153,20.9304046631,22.217170849327363,20.93040437702454,21.9433687556,21.943368862140613,1.0654061100012768e-07,20.777632638,20.777632752538544,1.1453854398268959e-07,12.8000001907,18.0,24.0,17.9,0.0,50.0,2895.9522868910353,18.0,99.93805254660535,0.31782780531275523,-851.0657361597563,0.0,-851.0657361597563,6
290,rollout,21.9433670044,20.777633667,21.943368862140613,20.777632752538544,21.6893440215,21.68934563580692,1.6143069210272643e-06,20.6408835015,20.640884278285473,7.767854732776414e-07,12.8000001907,18.0,24.0,17.7,0.0,50.0,3729.2421126525987,18.0,100.0,0.31797464285714283,-836.7432256716065,0.0,-836.7432256716065,6
291,rollout,21.6893424988,20.6408843994,21.68934563580692,20.640884278285473,21.4534145245,21.45341730357493,2.7790749292933015e-06,20.5141396334,20.5141410318512,1.3984512001741223e-06,12.8000001907,18.0,24.0,17.5,0.0,50.0,3729.2421126525987,18.0,100.0,0.31797464285714283,-823.0753569699923,0.0,-823.0753569699923,6
292,rollout,21.453414917,20.5141391754,21.45341730357493,20.5141410318512,21.2360772851,21.236079490949674,2.2058496753629697e-06,20.3972446384,20.397245860606745,1.2222067446998608e-06,12.8000001907,18.0,24.0,17.4,0.0,50.0,3729.2421126525987,18.0,100.0,0.31797464285714283,-810.4654151655019,0.0,-810.4654151655019,6
293,rollout,21.236076355,20.3972434998,21.236079490949674,20.397245860606745,21.2349638187,21.23496674317595,2.924475950294436e-06,22.3779065028,22.377908262613012,1.7598130135354495e-06,16.4681797028,25.1263408661,24.0,17.3,0.0,50.0,0.0,25.1263408661,0.0,0.080939,-157.44358524886093,284.5772081312887,127.1336228824278,6
294,rollout,21.2349624634,22.3779067993,21.23496674317595,22.377908262613012,21.3350177805,21.33502164169186,3.861191860465851e-06,22.5605103401,22.56051230648203,1.966382029650049e-06,16.4681797028,25.1263408661,24.0,17.2,0.0,50.0,0.0,25.1263408661,0.0,0.080939,-164.67074323240027,257.8965059032988,93.22576267089855,6
295,rollout,21.335018158,22.5605106354,21.33502164169186,22.56051230648203,21.4300272213,21.430030385928593,3.164628591179053e-06,22.6164830663,22.616484701398416,1.635098417551717e-06,16.4681797028,25.1263408661,24.0,17.1,0.0,50.0,0.0,25.1263408661,0.0,0.080939,-166.3221768028387,251.79986218213912,85.47768537930042,6
296,rollout,21.4300270081,22.6164836884,21.430030385928593,22.616484701398416,21.5168015232,21.516804564262582,3.041062580422249e-06,22.6618238656,22.661825407373954,1.5417739547274323e-06,16.4681797028,25.1263408661,24.0,17.1,0.0,50.0,0.0,25.1263408661,0.0,0.080939,-167.57523925022937,247.1738963311015,79.59865708087213,6
297,rollout,21.5167999268,22.6618232727,21.516804564262582,22.661825407373954,21.5977403313,21.597744539931114,4.208631114721584e-06,22.7034877219,22.703489892043457,2.1701434569365574e-06,16.4681797028,25.1263408661,24.0,17.2,0.0,50.0,0.0,25.1263408661,0.0,0.080939,-168.7176123700367,242.95656538133414,74.23895301129744,6
298,rollout,21.5977401733,22.7034873962,21.597744539931114,22.703489892043457,21.6854003449,21.68540432956064,3.984660640554694e-06,22.7481108622,22.748112940585038,2.0783850374073154e-06,16.4681797028,25.1263408661,24.0,17.9,1.32,50.0,0.0,25.1263408661,0.0,0.080939,-169.91174268044048,238.5481609565428,68.63641827610232,6
299,rollout,21.6854019165,22.7481117249,21.68540432956064,22.748112940585038,21.6832997681,21.683301945354813,2.1772548137732883e-06,21.6318651565,21.631866006902467,8.50402464891431e-07,15.3424062729,20.527431488,24.0,18.6,35.15155489,50.0,2949.2281562410817,20.527431488,69.86504448137217,0.24654405731884932,-527.5667634563904,0.0,-527.5667634563904,6
300,rollout,21.6833000183,21.6318645477,21.683301945354813,21.631866006902467,21.6100090156,21.61001073728572,1.7216857202129177e-06,21.2424413831,21.24244174581112,3.6271111980568094e-07,15.3424062729,20.527431488,24.0,19.4,52.11890201,50.0,4615.149946517178,20.527431488,99.20736603482355,0.3160958178422828,-629.6613754900624,0.0,-629.6613754900624,6
301,rollout,21.6100082397,21.2424411774,21.61001073728572,21.24244174581112,21.5997982322,21.59980047222383,2.2400238286479635e-06,21.6856380688,21.685639219493233,1.1506932331428743e-06,17.7000007629,18.0,24.0,20.2,103.1705886,50.0,3119.3893529664574,18.0,100.0,0.31797464285714283,-423.81546702913846,0.0,-423.81546702913846,6
302,rollout,21.5997982025,21.6856384277,21.59980047222383,21.685639219493233,21.6273549397,21.627356991732633,2.052032634480838e-06,21.7190147846,21.7190158678857,1.0832857029186016e-06,17.7000007629,18.0,24.0,21.3,118.2119072,50.0,3119.3893529664574,18.0,100.0,0.31797464285714283,-427.3525190550503,0.0,-427.3525190550503,6
303,rollout,21.6273555756,21.7190151215,21.627356991732633,21.7190158678857,21.7268033134,21.72680460556871,1.2921687080336142e-06,22.116772147,22.116772843439144,6.964391445762885e-07,17.7000007629,18.0,24.0,22.4,215.5118592,180.0,3119.3893529664574,18.0,100.0,0.31797464285714283,-467.6248949704981,0.0,-467.6248949704981,6
304,rollout,21.7268028259,22.116771698,21.72680460556871,22.116772843439144,21.8623593721,21.862361005716483,1.63361648475302e-06,22.1924394656,22.19244035756951,8.919695098086322e-07,17.7000007629,18.0,24.0,24.0,206.5466754,180.0,3119.3893529664574,18.0,100.0,0.31797464285714283,-476.8056585980854,0.0,-476.8056585980854,6
305,rollout,21.8623580933,22.192440033,21.862361005716483,22.19244035756951,22.0874489582,22.087451545150877,2.5869508775144823e-06,22.7378385431,22.73783959524699,1.052146988200775e-06,14.5,22.0,24.0,25.6,311.3110626,180.0,1011.5848280889679,22.0,26.90465574872603,0.144712623712494,-399.1369846886162,0.0,-399.1369846886162,6
306,rollout,22.0874481201,22.7378387451,22.087451545150877,22.73783959524699,22.308790052,22.308793070555673,3.018555673861556e-06,22.6052220058,22.605222855675926,8.498759243025233e-07,14.5,22.0,24.0,26.7,325.6391487,180.0,2260.5280084886494,22.0,50.913049293107065,0.20162107369009036,-548.8222633944115,0.0,-548.8222633944115,6
307,rollout,22.3087902069,22.605222702,22.308793070555673,22.605222855675926,22.5244095142,22.524411974101373,2.4599013741521958e-06,22.5787053575,22.57870569802694,3.405269417555701e-07,14.5,22.0,24.0,27.8,435.52913,180.0,3380.3301730591256,22.0,73.01018114037734,0.2539991522172579,-688.5746930302583,0.0,-688.5746930302583,6
308,rollout,22.5244102478,22.578704834,22.524411974101373,22.57870569802694,22.7070901227,22.70709158873028,1.4660302802838032e-06,22.4697091475,22.46970893636843,-2.1113157089303058e-07,14.5,22.0,24.0,28.4,454.5937732,180.0,4347.093965181101,22.0,91.34872849506763,0.2974680458301096,-795.3907359415866,0.0,-795.3907359415866,6
309,rollout,22.7070903778,22.4697093964,22.70709158873028,22.46970893636843,22.8933393741,22.893340385525452,1.0114254500592779e-06,22.5742625454,22.574262942865552,3.974655520266879e-07,14.5,22.0,24.0,29.0,580.4206376,180.0,4642.2682605778755,22.0,100.0,0.31797464285714283,-857.7973392718787,0.0,-857.7973392718787,6
310,rollout,22.8933391571,22.574262619,22.893340385525452,22.574262942865552,23.2639952018,23.263996307010906,1.1052109059050963e-06,24.5638379903,24.56383855035974,5.60059739029839e-07,16.0,26.0,24.0,29.4,619.7803923,180.0,0.0,26.0,0.0,0.080939,-229.29445126222132,153.50723056123775,-75.78722070098357,6
311,rollout,23.2639961243,24.5638389587,23.263996307010906,24.56383855035974,23.7043806432,23.704380786846546,1.436465453252822e-07,24.9321957932,24.932195843292252,5.0092253900402284e-08,16.0,26.0,24.0,29.8,663.7260124,180.0,0.0,26.0,0.0,0.080939,-240.82045096045042,110.95637356755255,-129.86407739289785,6
312,rollout,23.7043800354,24.9321956635,23.704380786846546,24.932195843292252,24.0825598489,24.082560520352352,6.71452351497237e-07,24.717945984,24.717946261056337,2.7705633698360543e-07,17.7000007629,24.0,24.0,30.0,674.8781294,180.0,1482.8360750616466,24.0,36.32271554814767,0.1670367823027232,-393.5847558719768,0.0,-393.5847558719768,6
313,rollout,24.0825614929,24.7179450989,24.082560520352352,24.717946261056337,24.3836556626,24.383654835387897,-8.27212101484065e-07,24.6073866791,24.607386178883793,-5.002162062339721e-07,17.7000007629,24.0,24.0,30.2,671.7087303,180.0,2685.8020007579858,24.0,59.32599778121334,0.22156276022211335,-513.3624803533658,0.0,-513.3624803533658,6
314,rollout,24.3836555481,24.6073875427,24.383654835387897,24.607386178883793,24.5177742003,24.517773515707933,-6.845920665909944e-07,23.4507878594,23.450787470909116,-3.884908821305544e-07,13.5510931015,19.4341468811,24.0,30.2,665.6367001,180.0,2896.963529000118,19.4341468811,100.0,0.31797464285714283,-1058.615821089794,0.0,-1058.615821089794,6
315,rollout,24.5177745819,23.4507865906,24.517773515707933,23.450787470909116,24.552887761,24.552886855895334,-9.051046667707396e-07,23.2897672619,23.28976685472719,-4.071728092469584e-07,13.5510931015,19.4341468811,24.0,30.3,586.1941688,180.0,2896.963529000118,19.4341468811,100.0,0.31797464285714283,-1036.7923725989847,0.0,-1036.7923725989847,6
316,rollout,24.5528869629,23.289768219,24.552886855895334,23.28976685472719,24.7735733994,24.773573243017122,-1.5638287820252117e-07,25.2834140618,25.283413917123656,-1.4467634201764668e-07,16.0,26.0,24.0,30.3,572.1824811,180.0,0.0,26.0,0.0,0.080939,-249.09077446889668,80.42458785585609,-168.6661866130406,6
317,rollout,24.7735729218,25.2834129333,24.773573243017122,25.283413917123656,25.0256979477,25.025698276945334,3.292453349956759e-07,25.367722416,25.367722626428616,2.104286167536884e-07,16.0,26.0,24.0,30.3,454.8860944,180.0,0.0,26.0,0.0,0.080939,-253.22786169243994,65.15158669080847,-188.07627500163147,6
318,rollout,25.0256977081,25.3677215576,25.025698276945334,25.367722626428616,25.2395784804,25.239579032999412,5.525994133392942e-07,25.4291783417,25.429178665935307,3.2423530882397245e-07,16.0,26.0,24.0,30.2,414.3494852,180.0,0.0,26.0,0.0,0.080939,-254.98166177995853,58.67703362180379,-196.30462815815474,6
319,rollout,25.2395782471,25.4291782379,25.239579032999412,25.429178665935307,25.3687698587,25.368770574951146,7.162511472813549e-07,25.2416191586,25.241619531133797,3.7253379758794836e-07,16.0,26.0,24.0,30.1,199.232742,180.0,0.0,26.0,0.0,0.080939,-250.29670732020813,75.97261165911675,-174.32409566109138,6
320,rollout,25.3687705994,25.2416191101,25.368770574951146,25.241619531133797,25.4907258806,25.49072587792398,-2.6760211824239377e-09,25.3661652949,25.36616531458656,1.9686559937781567e-08,16.0,26.0,24.0,30.0,261.6700759,180.0,0.0,26.0,0.0,0.080939,-253.37103003571283,64.62304809458033,-188.7479819411325,6
321,rollout,25.4907264709,25.3661651611,25.49072587792398,25.36616531458656,25.5605606271,25.560560108128158,-5.189718415010702e-07,25.2327693684,25.232769121590195,-2.46809804593795e-07,16.0,26.0,24.0,29.9,114.3458143,180.0,0.0,26.0,0.0,0.080939,-250.10570471559714,76.67774134218206,-173.42796337341508,6
322,rollout,25.5605602264,25.2327690125,25.560560108128158,25.232769121590195,25.4392884283,25.439288327711303,-1.0058869648332802e-07,23.4687263537,23.468726307396388,-4.630361161162e-08,14.5,20.0,24.0,29.5,115.2699438,180.0,2824.904997870556,20.0,100.0,0.31797464285714283,-964.2103477235453,0.0,-964.2103477235453,6
323,rollout,25.439289093,23.4687271118,25.439288327711303,23.468726307396388,25.1890068143,25.189006097120775,-7.171792262283816e-07,22.9129241165,22.91292370760679,-4.0889321084591757e-07,14.5,20.0,24.0,29.1,50.47379171,50.0,2824.904997870556,20.0,100.0,0.31797464285714283,-899.3712735229218,0.0,-899.3712735229218,6
324,rollout,25.1890068054,22.9129238129,25.189006097120775,22.91292370760679,24.9291874409,24.929186807829243,-6.330707584822903e-07,22.700551651,22.700551326399022,-3.2460097898479034e-07,14.5,20.0,24.0,29.1,9.822621031,50.0,3682.845698097758,20.0,100.0,0.31797464285714283,-875.39837251926,0.0,-875.39837251926,6
325,rollout,24.9291877747,22.7005519867,24.929186807829243,22.700551326399022,24.7617532934,24.761752411288857,-8.821111450174612e-07,23.5971380549,23.59713770391715,-3.509828516712332e-07,17.5619487762,22.0059299469,24.0,26.9,7.753900341,50.0,2447.1209519844056,22.0059299469,63.63530746196335,0.23177736012658423,-471.3447902429236,0.0,-471.3447902429236,6
326,rollout,24.7617530823,23.5971374512,24.761752411288857,23.59713770391715,24.5915656851,24.591565113317273,-5.7178272783176e-07,23.1800424678,23.180042242823724,-2.2497627583106805e-07,17.5619487762,22.0059299469,24.0,26.0,4.883980219,50.0,4229.005715421615,22.0059299469,100.0,0.31797464285714283,-602.9570457828111,0.0,-602.9570457828111,6
327,rollout,24.5915660858,23.1800422668,24.591565113317273,23.180042242823724,24.3936049441,24.393604079717086,-8.643829154664218e-07,23.0262838581,23.02628341954733,-4.3855267151116095e-07,17.5619487762,22.0059299469,24.0,25.2,3.351779879,50.0,4229.005715421615,22.0059299469,100.0,0.31797464285714283,-583.5145102312051,0.0,-583.5145102312051,6
328,rollout,24.3936042786,23.0262832642,24.393604079717086,23.02628341954733,24.1960713346,24.19607116805054,-1.6654945866889648e-07,22.9156216546,22.915621583601883,-7.099811583088922e-08,17.5619487762,22.0059299469,24.0,24.5,0.0,50.0,4535.111757215814,22.0059299469,100.0,0.31797464285714283,-571.5534445403403,0.0,-571.5534445403403,6
329,rollout,24.1960716248,22.9156227112,24.19607116805054,22.915621583601883,24.073258335,24.07325787922002,-4.557799790916306e-07,23.5465311721,23.546530892453813,-2.7964618709575007e-07,12.8000001907,24.0,24.0,23.7,0.0,50.0,0.0,24.0,0.0,0.080939,-290.6799622099534,46.88859564808787,-243.79136656186552,6
330,rollout,24.0732574463,23.5465316772,24.07325787922002,23.546530892453813,23.97915245,23.97915279851963,3.485196309327421e-07,23.5338105434,23.533810675182174,1.3178217272979964e-07,12.8000001907,24.0,24.0,23.0,0.0,50.0,0.0,24.0,0.0,0.080939,-290.9287827453222,45.97001788522377,-244.95876486009846,6
331,rollout,23.9791526794,23.5338096619,23.97915279851963,23.533810675182174,23.9177308756,23.917731026869838,1.5126983754498724e-07,23.8493863949,23.849386519566607,1.2466660592735934e-07,12.8000001907,26.0,24.0,22.3,0.0,50.0,0.0,26.0,0.0,0.080939,-299.0922975758763,215.83254077127734,-83.25975680459894,6
332,rollout,23.9177322388,23.8493881226,23.917731026869838,23.849386519566607,23.8658037596,23.86580261269218,-1.146907820270826e-06,23.8413561209,23.841355478635087,-6.422649114767864e-07,12.8000001907,26.0,24.0,21.7,0.0,50.0,0.0,26.0,0.0,0.080939,-299.18165973121063,215.50263999114244,-83.67901974006818,6
333,rollout,23.8658027649,23.8413562775,23.86580261269218,23.841355478635087,23.7891270333,23.789126862350447,-1.7094955495622344e-07,23.6096862161,23.609686092461658,-1.2363834045459043e-07,16.0,24.0,24.0,21.2,0.0,50.0,0.0,24.0,0.0,0.080939,-206.4923730719353,37.686303408407795,-168.80606966352752,6
334,rollout,23.7891273499,23.6096858978,23.789126862350447,23.609686092461658,23.7029035842,23.70290316063424,-4.2356576201996177e-07,23.5570059512,23.557005753158965,-1.980410360147289e-07,16.0,24.0,24.0,20.8,0.0,50.0,0.0,24.0,0.0,0.080939,-204.90308552713782,43.5535209002591,-161.3495646268787,6
335,rollout,23.7029037476,23.5570068359,23.70290316063424,23.557005753158965,23.6182267923,23.61822622307392,-5.692260813816574e-07,23.5137147067,23.51371437361007,-3.330899289721856e-07,16.0,24.0,24.0,20.5,0.0,50.0,0.0,24.0,0.0,0.080939,-203.71836474594787,47.92718790162169,-155.79117684432617,6
