row_index,simulation_type,T_env_start_measured,T_zone_start_measured,T_env_start_model,T_zone_start_model,T_env_measured,T_env_predicted,T_env_error,T_zone_measured,T_zone_predicted,T_zone_error,SAT_sp,ZAT_sp,T_cor_used,T_out_used,Qsg_used,Qint_used,integral_error_predicted_end,prev_zat_sp_predicted_end,damper_signal_predicted_end,m_fan_predicted_end,Q_air_last_predicted_W,Q_reheat_last_predicted_W,Q_hvac_last_predicted_W,n_pi_loops
0,one_step,20.0,24.0,20.0,24.0,20.316447094,20.31644709395738,-4.262190600456961e-11,22.0244188476,22.024418847641964,4.196465397399152e-11,14.950504303,24.8687839508,24.0,18.0,0.0,50.0,0.0,24.8687839508,0.0,0.080939,-193.04096084667034,279.1732247167772,86.13226387010687,6
1,one_step,20.3164482117,22.0244178772,20.3164482117,22.0244178772,20.5275044316,20.527504431637585,3.75841580080305e-11,22.0266505424,22.026650542440148,4.014921728412446e-11,14.950504303,24.8687839508,24.0,19.0,0.0,50.0,0.0,24.8687839508,0.0,0.080939,-191.3077665272198,285.5717068927344,94.26394036551463,6
2,one_step,20.5275039673,22.0266513824,20.5275039673,22.0266513824,20.7436509031,20.743650903084152,-1.5848655721129035e-11,22.2301548781,22.23015487809485,-5.147882120581926e-12,16.0,26.0,24.0,20.0,0.0,50.0,0.0,26.0,0.0,0.080939,-168.06030075236276,300.0,131.93969924763724,6
3,one_step,20.7436504364,22.2301559448,20.7436504364,22.2301559448,20.9729564198,20.972956419803662,3.6628478028433165e-12,22.3758744901,22.37587449012144,2.1440627051561023e-11,16.0,26.0,24.0,21.3,0.0,50.0,0.0,26.0,0.0,0.080939,-172.06845349935907,300.0,127.93154650064093,6
4,one_step,20.9729576111,22.3758735657,20.9729576111,22.3758735657,21.1795978825,21.17959788247996,-2.0040857862113626e-11,22.5090976622,22.509097662258625,5.862688112756587e-11,16.0,26.0,24.0,21.0,0.0,50.0,0.0,26.0,0.0,0.080939,-175.73745191610146,300.0,124.26254808389854,6
5,one_step,21.1795978546,22.509098053,21.1795978546,22.509098053,21.3653403259,21.36534032585958,-4.04192235237133e-11,22.6291780187,22.629178018737786,3.778666268772213e-11,16.0,26.0,24.0,20.7,0.0,50.0,0.0,26.0,0.0,0.080939,-179.04813621640503,300.0,120.95186378359497,6
6,one_step,21.3653411865,22.6291770935,21.3653411865,22.6291770935,21.410172882,21.410172881999014,-9.876544027065393e-13,21.3637961683,21.363796168329717,2.971844992316619e-11,16.651714325,19.0249099731,24.0,20.5,0.0,50.0,3751.3067931236947,19.0249099731,100.0,0.31797464285714283,-509.3669499653695,0.0,-509.3669499653695,6
7,one_step,21.4101734161,21.3637962341,21.4101734161,21.3637962341,21.3717752631,21.371775263099707,-2.948752353404416e-13,21.2323788058,21.232378805758156,-4.18438617089123e-11,16.651714325,19.0249099731,24.0,20.4,0.0,50.0,3751.30679308,19.0249099731,100.0,0.31797464285714283,-488.28106504700173,0.0,-488.28106504700173,6
8,one_step,21.3717765808,21.2323799133,21.3717765808,21.2323799133,21.3315151723,21.33151517227954,-2.0460078076212085e-11,21.2044653307,21.204465330745144,4.5144332716517965e-11,16.651714325,19.0249099731,24.0,20.4,0.0,50.0,3751.30679308,19.0249099731,100.0,0.31797464285714283,-484.8807269388289,0.0,-484.8807269388289,6
9,one_step,21.3315162659,21.2044639587,21.3315162659,21.2044639587,21.296411929,21.296411929039657,3.965539008277119e-11,21.1848057761,21.18480577613356,3.356248612362833e-11,16.651714325,19.0249099731,24.0,20.5,0.0,50.0,3751.30679308,19.0249099731,100.0,0.31797464285714283,-482.7177196858076,0.0,-482.7177196858076,6
10,one_step,21.2964115143,21.1848068237,21.2964115143,21.1848068237,21.276533893,21.27653389301281,1.2811085525754606e-11,21.1740161706,21.174016170664302,6.430056487261027e-11,16.651714325,19.0249099731,24.0,21.1,1.815,50.0,3751.30679308,19.0249099731,100.0,0.31797464285714283,-481.4264752901416,0.0,-481.4264752901416,6
11,one_step,21.2765350342,21.1740150452,21.2765350342,21.1740150452,21.2855684803,21.28556848030007,7.105427357601002e-14,21.2417373547,21.241737354747276,4.7275960923798266e-11,16.651714325,19.0249099731,24.0,21.7,55.72619567,50.0,3751.30679308,19.0249099731,100.0,0.31797464285714283,-488.09758045707014,0.0,-488.09758045707014,6
12,one_step,21.2855682373,21.2417373657,21.2855682373,21.2417373657,21.3377367049,21.337736704941744,4.1744385725905886e-11,21.4582533342,21.458253334168226,-3.177191842951288e-11,16.0,20.0,24.0,22.4,22.77,50.0,2628.1089975711648,20.0,66.10460635930701,0.23763047864196712,-437.773394903385,0.0,-437.773394903385,6
13,one_step,21.3377361298,21.4582538605,21.3377361298,21.4582538605,21.3926316037,21.3926316036877,-1.2299494756007334e-11,21.2830096275,21.283009627510808,1.0807355010911124e-11,16.0,20.0,24.0,23.0,117.7942964,50.0,4342.705505438632,20.0,100.0,0.31797464285714283,-564.1449743947676,0.0,-564.1449743947676,6
14,one_step,21.3926315308,21.2830085754,21.3926315308,21.2830085754,21.4285953534,21.428595353438602,3.860378683384624e-11,21.2025161187,21.20251611868566,-1.4338752407638822e-11,16.0,20.0,24.0,24.0,65.67801958,50.0,4342.70550541,20.0,100.0,0.31797464285714283,-553.7244632379362,0.0,-553.7244632379362,6
15,one_step,21.4285964966,21.2025165558,21.4285964966,21.2025165558,21.6658326648,21.665832664834525,3.452527153058327e-11,22.9555796479,22.95557964794075,4.0749625895841746e-11,15.9549388885,24.5820922852,24.0,25.0,177.4316214,180.0,0.0,24.5820922852,0.0,0.080939,-187.42402376255424,170.79680408936753,-16.627219673186715,6
16,one_step,21.6658325195,22.9555797577,21.6658325195,22.9555797577,21.9625013759,21.962501375828808,-7.119282940948324e-11,23.1308519993,23.130851999303452,3.453237695794087e-12,15.9549388885,24.5820922852,24.0,26.0,129.2898191,180.0,0.0,24.5820922852,0.0,0.080939,-193.68895661768607,147.66837540871157,-46.020581208974505,6
17,one_step,21.9625015259,23.1308517456,21.9625015259,23.1308517456,22.3110647749,22.311064774881334,-1.8665957668417832e-11,23.5487139467,23.548713946728977,2.8975932764296886e-11,15.9549388885,24.5820922852,24.0,27.0,333.23752,180.0,0.0,24.5820922852,0.0,0.080939,-204.67550513296533,107.10902550697092,-97.5664796259944,6
18,one_step,22.3110656738,23.5487136841,22.3110656738,23.5487136841,22.6495743182,22.649574318170302,-2.969713364109339e-11,23.729233716,23.72923371600118,1.1795009413617663e-12,15.9549388885,24.5820922852,24.0,27.6,329.361975,180.0,0.0,24.5820922852,0.0,0.080939,-209.81992887434546,88.1172118104967,-121.70271706384877,6
19,one_step,22.6495742798,23.7292327881,22.6495742798,23.7292327881,23.0393094891,23.03930948915113,5.113065526529681e-11,24.3078614485,24.30786144850365,3.652189661806915e-12,14.5,26.0,24.0,28.3,502.1707031,180.0,0.0,26.0,0.0,0.080939,-264.41777581265967,173.84146627025672,-90.57630954240295,6
20,one_step,23.0393104553,24.3078613281,23.0393104553,24.3078613281,23.4235471405,23.4235471404711,-2.8897773063363275e-11,24.543720698,24.543720697952264,-4.773781370204233e-11,14.5,26.0,24.0,28.7,518.8843589,180.0,0.0,26.0,0.0,0.080939,-271.1586623269395,148.95594609070528,-122.20271623623424,6
21,one_step,23.4235477448,24.5437202454,23.4235477448,24.5437202454,23.6844544001,23.684454400151033,5.1031179282290395e-11,23.4561969996,23.45619699959167,-8.331113576787175e-12,16.0,20.0,24.0,29.2,632.8191194,180.0,2630.927481576839,20.0,100.0,0.31797464285714283,-797.8032437430431,0.0,-797.8032437430431,6
22,one_step,23.6844558716,23.4561958313,23.6844558716,23.4561958313,23.862308227,23.86230822705932,5.931966029493196e-11,23.4830152328,23.483015232855738,5.573852490670106e-11,16.0,20.0,24.0,29.4,649.8086212,180.0,2630.92748156,20.0,100.0,0.31797464285714283,-794.9662490961598,0.0,-794.9662490961598,6
23,one_step,23.8623085022,23.4830150604,23.8623085022,23.4830150604,24.0402447487,24.0402447486782,-2.1799451133119874e-11,23.6369899259,23.63698992586347,-3.652900204542675e-11,16.0,20.0,24.0,29.6,701.6350699,180.0,2630.92748156,20.0,100.0,0.31797464285714283,-810.8070066051237,0.0,-810.8070066051237,6
24,one_step,24.0402450562,23.6369895935,24.0402450562,23.6369895935,24.2077901607,24.20779016074714,4.714095780400385e-11,23.7319936086,23.731993608606064,6.064482249712455e-12,16.0,20.0,24.0,29.7,703.0527701,180.0,2630.92748156,20.0,100.0,0.31797464285714283,-821.2408868562187,0.0,-821.2408868562187,6
25,one_step,24.2077903748,23.7319946289,24.2077903748,23.7319946289,24.3026762648,24.302676264834275,3.427658157306723e-11,23.5301598497,23.530159849711744,1.1745271422114456e-11,16.0,20.0,24.0,29.8,493.4677368,180.0,2630.92748156,20.0,100.0,0.31797464285714283,-801.5341475204722,0.0,-801.5341475204722,6
26,one_step,24.3026771545,23.5301589966,24.3026771545,23.5301589966,24.2595746586,24.259574658537062,-6.293632281995087e-11,23.0071022486,23.007102248557025,-4.297362465877086e-11,16.0,20.0,24.0,29.7,89.94650763,180.0,3566.2165263065317,20.0,100.0,0.31797464285714283,-748.2654597259647,0.0,-748.2654597259647,6
27,one_step,24.2595748901,23.0071029663,24.2595748901,23.0071029663,24.3059832321,24.305983232087158,-1.2843059948863811e-11,23.7742217128,23.774221712748197,-5.1802118150590104e-11,17.7000007629,22.0,24.0,29.6,180.2523886,180.0,2856.4917085805027,22.0,73.4770406761748,0.25510577571917525,-522.1862962666149,0.0,-522.1862962666149,6
28,one_step,24.3059825897,23.7742214203,24.3059825897,23.7742214203,24.4162148877,24.41621488771353,1.3528733688872308e-11,23.8967387721,23.896738772093823,-6.178169087434071e-12,17.7000007629,22.0,24.0,29.4,474.8740792,180.0,3947.5564177460824,22.0,100.0,0.31797464285714283,-658.6783575532414,0.0,-658.6783575532414,6
29,one_step,24.4162139893,23.8967380524,24.4162139893,23.8967380524,24.4983275452,24.498327545220445,2.0445867221496883e-11,23.8836934369,23.883693436877014,-2.298605750183924e-11,17.7000007629,18.0,24.0,29.1,426.4738543,180.0,1769.02141572,18.0,100.0,0.31797464285714283,-657.8030237261473,0.0,-657.8030237261473,6
30,one_step,24.4983272552,23.8836936951,24.4983272552,23.8836936951,24.5599148003,24.559914800270608,-2.9391600264716544e-11,23.9092809166,23.90928091658487,-1.5131007558011333e-11,17.7000007629,18.0,24.0,28.7,424.6044764,180.0,1769.02141571,18.0,100.0,0.31797464285714283,-660.2290645395784,0.0,-660.2290645395784,6
31,one_step,24.5599136353,23.909280777,24.5599136353,23.909280777,24.5524149717,24.552414971774784,7.478462293875054e-11,23.5330225032,23.5330225031784,-2.1600499167107046e-11,16.6140785217,19.5571098328,24.0,28.3,269.3540575,180.0,2607.60750370035,19.5571098328,100.0,0.31797464285714283,-739.2930541684502,0.0,-739.2930541684502,6
32,one_step,24.5524139404,23.5330238342,24.5524139404,23.5330238342,24.4923350758,24.492335075788162,-1.1837641977763269e-11,23.4064329715,23.406432971528016,2.801670007102075e-11,16.6140785217,19.5571098328,24.0,27.7,221.8666509,180.0,2607.60750371,19.5571098328,100.0,0.31797464285714283,-723.7682301746665,0.0,-723.7682301746665,6
33,one_step,24.4923343658,23.4064331055,24.4923343658,23.4064331055,24.3940083119,24.394008311867918,-3.2081004519568523e-11,23.2354748796,23.23547487957883,-2.1170620811972185e-11,16.6140785217,19.5571098328,24.0,27.1,126.7057476,180.0,2607.60750371,19.5571098328,100.0,0.31797464285714283,-706.0295032740675,0.0,-706.0295032740675,6
34,one_step,24.3940086365,23.2354736328,24.3940086365,23.2354736328,24.2724778856,24.272477885571703,-2.829736445164599e-11,23.1301664643,23.130166464295847,-4.1531222905177856e-12,16.6140785217,19.5571098328,24.0,26.2,96.50280202,180.0,2607.60750371,19.5571098328,100.0,0.31797464285714283,-694.7024151852663,0.0,-694.7024151852663,6
35,one_step,24.2724781036,23.1301670074,24.2724781036,23.1301670074,24.1078139234,24.107813923339783,-6.021494414198969e-11,22.7609968965,22.76099689648915,-1.084998757505673e-11,16.6140785217,19.5571098328,24.0,25.4,53.955,50.0,2607.60750371,19.5571098328,100.0,0.31797464285714283,-656.8436297529144,0.0,-656.8436297529144,6
36,one_step,24.1078147888,22.7609977722,24.1078147888,22.7609977722,23.9398804683,23.939880468250806,-4.9194426310350536e-11,22.6361000273,22.636100027310846,1.084643486137793e-11,16.6140785217,19.5571098328,24.0,25.4,38.445,50.0,3559.968240706491,19.5571098328,100.0,0.31797464285714283,-642.5386460600645,0.0,-642.5386460600645,6
37,one_step,23.9398803711,22.636100769,23.9398803711,22.636100769,23.8698143933,23.86981439332695,2.69508859673806e-11,23.8847939532,23.884793953222726,2.2726709403286804e-11,14.5,26.0,24.0,23.0,24.09,50.0,0.0,26.0,0.0,0.080939,-253.04324751917483,215.83313202234427,-37.210115496830554,6
38,one_step,23.8698139191,23.8847942352,23.8698139191,23.8847942352,23.8364927688,23.836492768823867,2.3867130494181765e-11,23.9214829716,23.921482971602092,2.092548356813495e-12,14.5,26.0,24.0,21.7,11.385,50.0,0.0,26.0,0.0,0.080939,-255.22630272413264,207.7738857732097,-47.452416950922924,6
39,one_step,23.8364944458,23.9214820862,23.8364944458,23.9214820862,23.7915921535,23.791592153475268,-2.4733992631809087e-11,23.9788797209,23.97887972090475,4.74997818855627e-12,16.0,26.0,24.0,20.4,14.70273145,50.0,0.0,26.0,0.0,0.080939,-216.14903914266674,202.03651790003255,-14.112521242634188,6
40,one_step,23.7915916443,23.9788799286,23.7915916443,23.9788799286,23.7287518164,23.728751816403065,3.0659919048048323e-12,23.9366870062,23.93668700619864,-1.3606893389805919e-12,16.0,26.0,24.0,19.3,0.0,50.0,0.0,26.0,0.0,0.080939,-215.13673514256934,205.77366902531827,-9.363066117251066,6
41,one_step,23.7287521362,23.9366874695,23.7287521362,23.9366874695,23.6497067788,23.649706778724493,-7.550582381554705e-11,23.8989648831,23.89896488309893,-1.0693668173189508e-12,16.0,26.0,24.0,18.2,0.0,50.0,0.0,26.0,0.0,0.080939,-214.13854797307008,209.4587046503687,-4.679843322701373,6
42,one_step,23.6497077942,23.8989639282,23.6497077942,23.8989639282,23.5603873881,23.560387388086976,-1.3024248346482636e-11,23.8558557535,23.85585575347792,-2.2080115513745113e-11,16.0,26.0,24.0,17.3,0.0,50.0,0.0,26.0,0.0,0.080939,-212.99401169740636,213.68402138340096,0.6900096859945961,6
43,one_step,23.5603866577,23.8558559418,23.5603866577,23.8558559418,23.4617121008,23.461712100753807,-4.619238325176411e-11,23.8078904393,23.807890439281834,-1.816502503970696e-11,16.0,26.0,24.0,16.4,0.0,50.0,0.0,26.0,0.0,0.080939,-211.71580953118647,218.40279624092568,6.686986709739216,6
44,one_step,23.4617118835,23.8078918457,23.4617118835,23.8078918457,23.2579177635,23.257917763462153,-3.7847058820261736e-11,22.5997581506,22.599758150595612,-4.387601393318619e-12,14.5,22.0,24.0,15.8,0.0,50.0,2111.050911863932,22.0,48.600756821101584,0.19614011636433482,-538.8423572181059,0.0,-538.8423572181059,6
45,one_step,23.2579174042,22.5997581482,23.2579174042,22.5997581482,22.9792099741,22.97920997410136,1.3571366253017914e-12,22.1943549856,22.19435498562703,2.702904566831421e-11,14.5,22.0,24.0,15.2,0.0,50.0,2841.689444621938,22.0,59.0230875726581,0.22084475506198448,-572.2991911801635,0.0,-572.2991911801635,6
46,one_step,22.9792098999,22.194355011,22.9792098999,22.194355011,22.6965655457,22.69656554568457,-1.5429435507030576e-11,21.9810671561,21.981067156137783,3.778310997404333e-11,14.5,22.0,24.0,14.8,0.0,50.0,3014.4338065608176,22.0,60.369325893063696,0.2240358197191471,-563.0017856153424,0.0,-563.0017856153424,6
47,one_step,22.6965656281,21.9810676575,22.6965656281,21.9810676575,22.4284252145,22.428425214494553,-5.446310069601168e-12,21.8569620137,21.85696201371111,1.1112888387287967e-11,14.5,22.0,24.0,14.4,0.0,50.0,2877.3511825384985,22.0,56.40478886845079,0.21463845389654646,-529.625920106461,0.0,-529.625920106461,6
48,one_step,22.4284248352,21.856962204,22.4284248352,21.856962204,22.1860663201,22.186066320049797,-5.020339699512988e-11,21.7889536328,21.78895363275989,-4.0110137433657655e-11,14.5,22.0,24.0,14.2,0.0,50.0,2562.210415459681,22.0,49.419184624862766,0.19808008197030175,-483.73853002864405,0.0,-483.73853002864405,6
49,one_step,22.1860656738,21.7889537811,22.1860656738,21.7889537811,21.9698557989,21.969855798912842,1.2843059948863811e-11,21.7577282898,21.75772828976566,-3.434053041928564e-11,14.5,22.0,24.0,13.9,0.0,50.0,2154.5657312973963,22.0,40.93948101112204,0.17798016199709105,-432.4888869779234,0.0,-432.4888869779234,6
50,one_step,21.9698562622,21.7577285767,21.9698562622,21.7577285767,21.8781921156,21.8781921155513,-4.8700599108997267e-11,22.6692213525,22.66922135251379,1.3791634501103545e-11,17.7000007629,24.0,24.0,13.8,0.0,50.0,0.0,24.0,0.0,0.080939,-133.85224243596036,135.85383874595925,2.001596309998888,6
51,one_step,21.8781929016,22.6692218781,21.8781929016,22.6692218781,21.8360382117,21.83603821167214,-2.7860380669153528e-11,22.6942401876,22.69424018761741,1.7411849739801255e-11,17.7000007629,24.0,24.0,13.7,0.0,50.0,0.0,24.0,0.0,0.080939,-135.32993338707246,130.39860553514336,-4.9313278519290975,6
52,one_step,21.8360385895,22.6942405701,21.8360385895,22.6942405701,21.7978370441,21.797837044092145,-7.855049943827908e-12,22.6770389107,22.677038910707584,7.58504370423907e-12,17.7000007629,24.0,24.0,13.6,0.0,50.0,0.0,24.0,0.0,0.080939,-134.8993292728323,131.98827884467335,-2.911050428158944,6
53,one_step,21.7978363037,22.6770401001,21.7978363037,22.6770401001,21.6696651128,21.669665112778972,-2.1028512264820165e-11,21.6873974557,21.687397455709526,9.524825372864143e-12,17.7000007629,18.0,24.0,13.5,0.0,50.0,2716.9566765345135,18.0,100.0,0.31797464285714283,-430.180822774844,0.0,-430.180822774844,6
54,one_step,21.6696643829,21.6873970032,21.6696643829,21.6873970032,21.5016002141,21.50160021411882,1.8818724356606253e-11,21.535602664,21.53560266397794,-2.205879923167231e-11,17.7000007629,18.0,24.0,13.4,0.0,50.0,2716.95667653,18.0,100.0,0.31797464285714283,-409.97726035275997,0.0,-409.97726035275997,6
55,one_step,21.5016002655,21.5356025696,21.5016002655,21.5356025696,21.434864358,21.43486435802101,2.1010748696426162e-11,22.3629043551,22.36290435513286,3.285904881522583e-11,16.0,24.0,24.0,13.3,0.0,50.0,0.0,24.0,0.0,0.080939,-171.6446999040763,166.33443774386762,-5.31026216020868,6
56,one_step,21.4348640442,22.362903595,21.4348640442,22.362903595,21.4129681641,21.412968164127413,2.7412738745624665e-11,22.3933776657,22.393377665727794,2.779287910925632e-11,16.0,24.0,24.0,13.3,0.0,50.0,0.0,24.0,0.0,0.080939,-173.18865397959556,160.63457909452802,-12.554074885067536,6
57,one_step,21.4129676819,22.3933773041,21.4129676819,22.3933773041,21.3949243114,21.394924311378283,-2.1717738718507462e-11,22.3860472839,22.38604728390388,3.879563337250147e-12,16.0,24.0,24.0,13.3,0.0,50.0,0.0,24.0,0.0,0.080939,-173.02119053489133,161.25280859945974,-11.768381935431592,6
58,one_step,21.3949241638,22.3860473633,21.3949241638,22.3860473633,21.3906995256,21.390699525586456,-1.354294454358751e-11,22.3836518283,22.383651828335026,3.502620415929414e-11,16.0,24.0,24.0,13.9,1.485,50.0,0.0,24.0,0.0,0.080939,-172.92742774089172,161.59895534102338,-11.328472399868332,6
59,one_step,21.3907012939,22.3836517334,21.3907012939,22.3836517334,21.3786019878,21.378601987783323,-1.667643800828955e-11,22.0583061164,22.058306116390398,-9.602985073797754e-12,16.0,22.0,24.0,14.6,58.55607957,50.0,356.6124994773997,22.0,7.8417920437657855,0.09952684218246051,-202.47586036060886,0.0,-202.47586036060886,6
60,one_step,21.3786010742,22.0583057404,21.3786010742,22.0583057404,21.3622152944,21.362215294399306,-6.927791673660977e-13,21.9678144113,21.967814411253645,-4.6355808080988936e-11,16.0,22.0,24.0,15.8,23.925,50.0,364.9304233498138,22.0,7.04832351539517,0.09764603895536811,-195.16446505680435,0.0,-195.16446505680435,6
61,one_step,21.3622169495,21.9678153992,21.3622169495,21.9678153992,21.3942332826,21.39423328263002,3.002043058586423e-11,22.0885189168,22.08851891683087,3.087308186877635e-11,16.0,22.0,24.0,17.0,119.0683878,50.0,439.8670039753711,22.0,9.554605408498732,0.1035868203524983,-210.91924187610445,0.0,-210.91924187610445,6
62,one_step,21.3942337036,22.08852005,21.3942337036,22.08852005,21.4532079032,21.45320790321248,1.248068315362616e-11,22.0944315282,22.094431528158108,-4.189359970041551e-11,16.0,22.0,24.0,18.4,118.3605563,50.0,605.9098005718961,22.0,12.967614210543074,0.11167686770719498,-227.77455055252707,0.0,-227.77455055252707,6
63,one_step,21.4532089233,22.0944328308,21.4532089233,22.0944328308,21.5662584258,21.566258425785673,-1.432809426660242e-11,22.3741699101,22.374169910116976,1.6974865957308793e-11,16.0,22.0,24.0,19.8,165.0533408,180.0,1101.9124883423328,22.0,25.372206454643653,0.14108017267680606,-300.77923139992424,0.0,-300.77923139992424,6
64,one_step,21.5662574768,22.374168396,21.5662574768,22.374168396,21.7474337469,21.747433746853677,-4.632383365787973e-11,22.8580227503,22.858022750297362,-2.639666263348772e-12,12.8000001907,24.0,24.0,21.0,209.380991,180.0,0.0,24.0,0.0,0.080939,-271.65012678519184,117.14157386886654,-154.5085529163253,6
65,one_step,21.7474327087,22.8580226898,21.7474327087,22.8580226898,21.978268402,21.97826840192977,-7.02300440025283e-11,23.0955991112,23.095599111172458,-2.7540636438061483e-11,12.8000001907,24.0,24.0,22.2,297.120158,180.0,0.0,24.0,0.0,0.080939,-278.2455322880668,92.79313002747784,-185.45240226058894,6
66,one_step,21.9782676697,23.0956001282,21.9782676697,23.0956001282,22.2206330233,22.22063302333743,3.743139131984208e-11,23.2544839317,23.25448393170651,6.508571459562518e-12,12.8000001907,24.0,24.0,23.2,323.3944953,180.0,0.0,24.0,0.0,0.080939,-282.6079909143625,76.68811892142173,-205.91987199294078,6
67,one_step,22.2206325531,23.2544841766,22.2206325531,23.2544841766,22.4802164923,22.480216492269044,-3.0954794283388765e-11,23.4699794662,23.469979466206436,6.433964472307707e-12,12.8000001907,24.0,24.0,24.1,393.4954187,180.0,0.0,24.0,0.0,0.080939,-288.3588410770737,55.4575437633094,-232.9012973137643,6
68,one_step,22.48021698,23.4699783325,22.48021698,23.4699783325,22.7446594473,22.744659447298467,-1.531219595563016e-12,23.6369118961,23.63691189607717,-2.282973809997202e-11,12.8000001907,24.0,24.0,25.0,418.1074349,180.0,0.0,24.0,0.0,0.080939,-292.9207424076597,38.61624442101537,-254.30449798664432,6
69,one_step,22.7446594238,23.6369113922,22.7446594238,23.6369113922,23.0266619433,23.026661943293703,-6.295408638834488e-12,23.8740828164,23.874082816409533,9.531930800221744e-12,12.8000001907,24.0,24.0,25.9,496.9062356,180.0,0.0,24.0,0.0,0.080939,-299.24451902668045,15.27058056356232,-283.97393846311815,6
70,one_step,23.0266609192,23.8740844727,23.0266609192,23.8740844727,23.229525505,23.229525505008098,8.096634473986342e-12,23.0667867058,23.06678670582223,2.2232882201933535e-11,12.8000001907,22.0,24.0,26.6,508.5705081,180.0,2716.786566895781,22.0,64.91066800540023,0.23480041918946615,-815.2656208815033,0.0,-815.2656208815033,6
71,one_step,23.2295246124,23.0667877197,23.2295246124,23.0667877197,23.3477080966,23.347708096621847,2.184563641094428e-11,22.6899113505,22.689911350536725,3.672440129776078e-11,12.8000001907,22.0,24.0,27.3,585.9484111,180.0,4353.815906812141,22.0,93.81620387271289,0.3033168419538527,-1009.9107655300693,0.0,-1009.9107655300693,6
72,one_step,23.3477096558,22.6899108887,23.3477096558,22.6899108887,23.427292018,23.4272920180568,5.680078629666241e-11,22.5924134496,22.59241344957004,-2.9960034453324624e-11,12.8000001907,22.0,24.0,27.8,626.0118392,180.0,4560.78917345,22.0,100.0,0.31797464285714283,-1042.0295796360735,0.0,-1042.0295796360735,6
73,one_step,23.4272918701,22.592414856,23.4272918701,22.592414856,23.6212533893,23.62125338932879,2.878763893932046e-11,23.5852712181,23.585271218087282,-1.2718714970105793e-11,16.7433452606,21.0998268127,24.0,28.3,624.281796,180.0,3305.073251313094,21.0998268127,100.0,0.31797464285714283,-733.8059811269203,0.0,-733.8059811269203,6
74,one_step,23.6212539673,23.585269928,23.6212539673,23.585269928,23.7996640605,23.799664060518904,1.8903989484897465e-11,23.5607298796,23.560729879650076,5.007549930269306e-11,16.7433452606,21.0998268127,24.0,28.5,616.1062069,180.0,3305.07325123,21.0998268127,100.0,0.31797464285714283,-724.348685574368,0.0,-724.348685574368,6
75,one_step,23.7996635437,23.5607299805,23.7996635437,23.5607299805,23.9478147111,23.94781471111708,1.7077894653994008e-11,23.5787690001,23.578769000142014,4.2014391965494724e-11,16.7433452606,21.0998268127,24.0,28.7,571.0052776,180.0,3305.07325123,21.0998268127,100.0,0.31797464285714283,-726.2950926365828,0.0,-726.2950926365828,6
76,one_step,23.9478149414,23.5787696838,23.9478149414,23.5787696838,24.0861613864,24.086161386432376,3.2375879754908965e-11,23.6750944595,23.67509445949296,-7.037925797703792e-12,16.7433452606,21.0998268127,24.0,28.7,591.8202484,180.0,3305.07325123,21.0998268127,100.0,0.31797464285714283,-736.278410541718,0.0,-736.278410541718,6
77,one_step,24.0861625671,23.6750946045,24.0861625671,23.6750946045,24.1828231465,24.182823146496197,-3.801403636316536e-12,23.5911628698,23.591162869798644,-1.3571366253017914e-12,16.7433452606,21.0998268127,24.0,28.8,478.3471966,180.0,3305.07325123,21.0998268127,100.0,0.31797464285714283,-728.4057162044974,0.0,-728.4057162044974,6
78,one_step,24.1828231812,23.5911636353,24.1828231812,23.5911636353,24.2508947341,24.250894734099088,-9.130474154517287e-13,23.5538644096,23.553864409659035,5.903544320062792e-11,16.7433452606,21.0998268127,24.0,28.9,423.6056223,180.0,3305.07325123,21.0998268127,100.0,0.31797464285714283,-724.4344766002813,0.0,-724.4344766002813,6
79,one_step,24.2508945465,23.5538635254,24.2508945465,23.5538635254,24.2290118271,24.22901182708974,-1.0260237104375847e-11,22.914881272,22.914881271996578,-3.4212632726848824e-12,14.5,20.0,24.0,28.9,216.3686579,180.0,3141.3159416164153,20.0,100.0,0.31797464285714283,-901.916845398532,0.0,-901.916845398532,6
80,one_step,24.2290115356,22.9148807526,24.2290115356,22.9148807526,24.1576363583,24.15763635829085,-9.14823772291129e-12,22.8060737283,22.806073728284957,-1.504218971604132e-11,14.5,20.0,24.0,28.8,227.3332997,180.0,3141.31594161,20.0,100.0,0.31797464285714283,-884.8533594997155,0.0,-884.8533594997155,6
81,one_step,24.1576347351,22.8060741425,24.1576347351,22.8060741425,24.0552352907,24.05523529070133,1.3287149158713873e-12,22.6215591615,22.62155916154144,4.1442405063207843e-11,14.5,20.0,24.0,28.6,122.8774965,180.0,3141.31594161,20.0,100.0,0.31797464285714283,-865.7562169346061,0.0,-865.7562169346061,6
82,one_step,24.0552368164,22.6215591431,24.0552368164,22.6215591431,23.9518187623,23.951818762257595,-4.240519047016278e-11,22.5680071668,22.568007166753084,-4.6917136842239415e-11,14.5,20.0,24.0,28.3,129.819488,180.0,3141.31594161,20.0,100.0,0.31797464285714283,-859.5042389260534,0.0,-859.5042389260534,6
83,one_step,23.9518203735,22.5680065155,23.9518203735,22.5680065155,23.8032867591,23.803286759100345,3.446132268436486e-13,22.1568399157,22.156839915657837,-4.2163605940004345e-11,14.5,20.0,24.0,28.0,44.385,50.0,3868.0185699608824,20.0,100.0,0.31797464285714283,-817.6305818554371,0.0,-817.6305818554371,6
84,one_step,23.8032875061,22.1568393707,23.8032875061,22.1568393707,23.7894659385,23.789465938532647,3.26458859944978e-11,23.4194553068,23.419455306757964,-4.203570824756753e-11,12.8000001907,24.0,24.0,28.0,52.59964202,50.0,0.0,24.0,0.0,0.080939,-286.4177184394114,62.62364075488449,-223.79407768452688,6
85,one_step,23.7894668579,23.4194564819,23.7894668579,23.4194564819,23.8037238176,23.80372381763574,3.573674689505424e-11,23.4552768309,23.45527683088929,-1.071143174158351e-11,12.8000001907,24.0,24.0,26.9,21.12,50.0,0.0,24.0,0.0,0.080939,-288.5652184936464,54.695654454856424,-233.86956403878997,6
86,one_step,23.8037223816,23.4552764893,23.8037223816,23.4552764893,23.7953578928,23.795357892810802,1.0803802297232323e-11,23.4427483777,23.4427483777531,5.310241135703109e-11,12.8000001907,24.0,24.0,25.9,10.065,50.0,0.0,24.0,0.0,0.080939,-288.3133619722348,55.62544025271308,-232.68792171952174,6
87,one_step,23.7953567505,23.4427490234,23.7953567505,23.4427490234,23.7684449899,23.768444989946815,4.68141081455542e-11,23.4340305124,23.434030512387388,-1.2612133559741778e-11,12.8000001907,24.0,24.0,24.9,11.96649567,50.0,0.0,24.0,0.0,0.080939,-288.10554809221935,56.392632593625436,-231.71291549859393,6
88,one_step,23.7684440613,23.4340305328,23.7684440613,23.4340305328,23.7232522248,23.72325222476986,-3.014122285094345e-11,23.3998612265,23.39986122651113,1.113065195568197e-11,12.8000001907,24.0,24.0,24.0,0.0,50.0,0.0,24.0,0.0,0.080939,-287.23709119638727,59.598739321652516,-227.63835187473475,6
89,one_step,23.7232513428,23.3998603821,23.7232513428,23.3998603821,23.6660590195,23.66605901947832,-2.1682211581719457e-11,23.3723975874,23.372397587436065,3.6067149267182685e-11,12.8000001907,24.0,24.0,23.2,0.0,50.0,0.0,24.0,0.0,0.080939,-286.5072606752935,62.29307516633078,-224.21418550896271,6
90,one_step,23.6660575867,23.3723983765,23.6660575867,23.3723983765,23.615803238,23.61580323805495,5.494982247000735e-11,23.4377032242,23.43770322417157,-2.842881485776161e-11,16.0577697754,23.6413230896,24.0,22.8,0.0,50.0,0.0,23.6413230896,0.0,0.080939,-199.92640388775658,20.281407784835892,-179.6449961029207,6
91,one_step,23.6158027649,23.437702179,23.6158027649,23.437702179,23.5663927425,23.566392742521945,2.1945112393950694e-11,23.417868724,23.417868723983286,-1.6715517858756357e-11,16.0577697754,23.6413230896,24.0,22.4,0.0,50.0,0.0,23.6413230896,0.0,0.080939,-199.47274382365254,21.956197392404775,-177.51654643124778,6
92,one_step,23.5663909912,23.4178695679,23.5663909912,23.4178695679,23.4810094452,23.4810094451736,-2.6400215347166522e-11,22.9664795659,22.966479565926498,2.6499691330172936e-11,15.0486869812,22.5499286652,24.0,22.1,0.0,50.0,1174.2231355508889,22.5499286652,27.722587376267526,0.14665141320396885,-391.2675837052693,0.0,-391.2675837052693,6
93,one_step,23.481010437,22.9664802551,23.481010437,22.9664802551,23.358413555,23.358413554986623,-1.3375967000683886e-11,22.7317099985,22.731709998485833,-1.4168222151056398e-11,15.0486869812,22.5499286652,24.0,21.8,0.0,50.0,1728.7964127607934,22.5499286652,36.488058055729816,0.16742870297848667,-432.22028596186925,0.0,-432.22028596186925,6
94,one_step,23.3584136963,22.731710434,23.3584136963,22.731710434,23.2812627639,23.28126276388375,-1.625011236683349e-11,23.1549874482,23.154987448204324,4.32365254710021e-12,12.8000001907,24.0,24.0,21.6,0.0,50.0,0.0,24.0,0.0,0.080939,-280.2023420074831,85.56912059534767,-194.6332214121354,6
95,one_step,23.2812633514,23.1549873352,23.2812633514,23.1549873352,23.2280290396,23.228029039559466,-4.0532910361434915e-11,23.1505387635,23.150538763439872,-6.012612630001968e-11,12.8000001907,24.0,24.0,21.4,0.0,50.0,0.0,24.0,0.0,0.080939,-280.46778619801205,84.58917281756513,-195.87861338044692,6
96,one_step,23.2280292511,23.1505393982,23.2280292511,23.1505393982,23.178674585,23.17867458499419,-5.808686864838819e-12,23.126400274,23.126400274044826,4.482458848542592e-11,12.8000001907,24.0,24.0,21.3,0.0,50.0,0.0,24.0,0.0,0.080939,-279.8268853154621,86.9552046164987,-192.87168069896342,6
97,one_step,23.1786746979,23.1263999939,23.1786746979,23.1263999939,23.1318729911,23.13187299112657,2.6570745603748946e-11,23.1025327601,23.102532760091698,-8.30269186735677e-12,12.8000001907,24.0,24.0,21.2,0.0,50.0,0.0,24.0,0.0,0.080939,-279.1756765559016,89.35929029466791,-189.81638626123367,6
98,one_step,23.1318740845,23.1025333405,23.1318740845,23.1025333405,23.1069457961,23.106945796085853,-1.4146905868983595e-11,23.2380675749,23.238067574937702,3.7701397559430916e-11,16.0,24.0,24.0,21.3,0.0,50.0,0.0,24.0,0.0,0.080939,-195.96954054987762,76.53373994646095,-119.43580060341667,6
99,one_step,23.1069450378,23.238067627,23.1069450378,23.238067627,23.0909473963,23.090947396292723,-7.275957614183426e-12,23.2369736894,23.236973689340047,-5.995204332975845e-11,16.0,24.0,24.0,21.3,0.0,50.0,0.0,24.0,0.0,0.080939,-196.060956116819,76.19625852899077,-119.86469758782823,6
100,one_step,23.0909461975,23.2369728088,23.0909461975,23.2369728088,23.0728162991,23.072816299129887,2.9885427466069814e-11,23.2285992418,23.22859924181475,1.474731448070088e-11,16.0,24.0,24.0,21.1,0.0,50.0,0.0,24.0,0.0,0.080939,-195.8450812582075,76.99320981111875,-118.85187144708875,6
101,one_step,23.0728168488,23.2285995483,23.0728168488,23.2285995483,23.0524678959,23.052467895956898,5.689670956599002e-11,23.2187749015,23.218774901480188,-1.9813484186670394e-11,16.0,24.0,24.0,20.9,0.0,50.0,0.0,24.0,0.0,0.080939,-195.584258717278,77.95609571519577,-117.62816300208223,6
102,one_step,23.0524673462,23.2187747955,23.0524673462,23.2187747955,23.0242437894,23.02424378938859,-1.1411316336307209e-11,23.2058730392,23.205873039213554,1.3553602684623911e-11,16.0,24.0,24.0,20.4,0.0,50.0,0.0,24.0,0.0,0.080939,-195.25149821682342,79.18455700607758,-116.06694121074584,6
103,one_step,23.0242424011,23.205871582,23.0242424011,23.205871582,22.9888971763,22.98889717625391,-4.60893545550789e-11,23.1893250767,23.189325076674816,-2.518518726901675e-11,16.0,24.0,24.0,19.9,0.0,50.0,0.0,24.0,0.0,0.080939,-194.81923617427304,80.78035093614204,-114.038885238131,6
104,one_step,22.9888954163,23.1893253326,22.9888954163,23.1893253326,22.9101422402,22.910142240251187,5.118749868415762e-11,22.7597918986,22.759791898644988,4.4988013314650743e-11,15.9101200104,22.4286346436,24.0,19.3,0.0,50.0,979.4365936023073,22.4286346436,22.973183792393094,0.13539363388705192,-312.40470313396025,0.0,-312.40470313396025,6
105,one_step,22.9101409912,22.7597923279,22.9101409912,22.7597923279,22.7919349183,22.791934918280724,-1.9277024421171518e-11,22.5703910197,22.5703910196918,-8.199663170671556e-12,15.9101200104,22.4286346436,24.0,18.6,0.0,50.0,1417.9756612584642,22.4286346436,29.85906088444797,0.15171561691855692,-339.43191166737864,0.0,-339.43191166737864,6
106,one_step,22.791934967,22.5703907013,22.791934967,22.5703907013,22.6707881025,22.670788102434845,-6.515676886920119e-11,22.4589675826,22.458967582581003,-1.899636004054628e-11,15.9101200104,22.4286346436,24.0,18.5,2.145,50.0,1582.8099360697402,22.4286346436,32.06792743255242,0.1569514179407127,-344.797117248116,0.0,-344.797117248116,6
107,one_step,22.6707878113,22.4589672089,22.6707878113,22.4589672089,22.568666316,22.568666316025176,2.517452912798035e-11,22.4558622476,22.455862247648678,4.8679282826924464e-11,15.9101200104,22.4286346436,24.0,18.3,59.83794549,50.0,1658.9262331926097,22.4286346436,33.50190141058626,0.16035044737794935,-351.7374274833584,0.0,-351.7374274833584,6
108,one_step,22.5686664581,22.4558620453,22.5686664581,22.4558620453,22.4561369921,22.456136992039916,-6.008349373587407e-11,22.0864486993,22.086448699274012,-2.5988100560425664e-11,17.7000007629,18.0,24.0,18.9,24.255,50.0,2659.091958608861,18.0,100.0,0.31797464285714283,-469.94621314301406,0.0,-469.94621314301406,6
109,one_step,22.4561367035,22.0864486694,22.4561367035,22.0864486694,22.3685507954,22.368550795422685,2.26840768391412e-11,22.1192300909,22.119230090925026,2.502531515347073e-11,17.7000007629,18.0,24.0,19.4,115.4087307,50.0,2659.09195861,18.0,100.0,0.31797464285714283,-470.73903558544185,0.0,-470.73903558544185,6
110,one_step,22.3685512543,22.1192302704,22.3685512543,22.1192302704,22.2940766042,22.29407660424498,4.498090788729314e-11,22.0138939964,22.01389399644094,4.094147243449697e-11,17.7000007629,18.0,24.0,20.3,60.47298408,50.0,2659.09195861,18.0,100.0,0.31797464285714283,-460.0299728058054,0.0,-460.0299728058054,6
111,one_step,22.2940750122,22.0138950348,22.2940750122,22.0138950348,22.3365052835,22.33650528345997,-4.0028425019045244e-11,22.7220607036,22.722060703572485,-2.751576744230988e-11,14.5,22.0,24.0,21.1,172.3152619,180.0,896.4191457980123,22.0,24.4911531768623,0.1389917623759031,-382.78857129127476,0.0,-382.78857129127476,6
112,one_step,22.3365058899,22.7220611572,22.3365058899,22.7220611572,22.3774204823,22.37742048234253,4.2529535448920797e-11,22.4607969817,22.46079698168655,-1.3450573987938697e-11,14.5,22.0,24.0,21.7,122.2668529,180.0,1989.3021015961383,22.0,44.273735835216364,0.18588353435387833,-497.5871208132431,0.0,-497.5871208132431,6
113,one_step,22.3774204254,22.4607963562,22.3774204254,22.4607963562,22.4522373241,22.45223732410173,1.730171561575844e-12,22.5171239354,22.51712393536638,-3.361932954248914e-11,14.5,22.0,24.0,22.4,330.8368044,180.0,2956.7647247135137,22.0,64.00517206955553,0.2326540710768914,-626.0924158441202,0.0,-626.0924158441202,6
114,one_step,22.4522380829,22.517124176,22.4522380829,22.517124176,22.5082124757,22.50821247566802,-3.197797582288331e-11,22.3557528333,22.35575283328394,-1.6058265828178264e-11,14.5,22.0,24.0,22.9,326.0023189,180.0,3761.241893908655,22.0,78.64264829322917,0.2673501069417376,-705.0268050123433,0.0,-705.0268050123433,6
115,one_step,22.5082130432,22.3557529449,22.5082130432,22.3557529449,22.6164345362,22.61643453616912,-3.0880187296133954e-11,22.4682275153,22.46822751528752,-1.248068315362616e-11,14.5,20.0,24.0,23.3,509.5403113,180.0,3129.781575648479,20.0,100.0,0.31797464285714283,-854.7583411135092,0.0,-854.7583411135092,6
116,one_step,22.6164340973,22.4682273865,22.6164340973,22.4682273865,22.6960349829,22.696034982950334,5.03348474012455e-11,22.4381362478,22.43813624783231,3.2311930908690556e-11,14.5,20.0,24.0,23.7,540.764517,180.0,3870.2497916300003,20.0,100.0,0.31797464285714283,-844.3315861268493,0.0,-844.3315861268493,6
117,one_step,22.6960353851,22.4381370544,22.6960353851,22.4381370544,22.8044256194,22.804425619324753,-7.524647571699461e-11,22.6229419285,22.622941928501785,1.7834622667578515e-12,14.5,20.0,24.0,24.1,650.159358,180.0,3870.24979162,20.0,100.0,0.31797464285714283,-862.8681113071558,0.0,-862.8681113071558,6
118,one_step,22.8044242859,22.6229419708,22.8044242859,22.6229419708,22.9235664688,22.92356646885298,5.297806637827307e-11,22.7284389884,22.7284389883623,-3.7701397559430916e-11,14.5,20.0,24.0,24.4,679.3646442,180.0,3870.24979162,20.0,100.0,0.31797464285714283,-874.3596730800413,0.0,-874.3596730800413,6
119,one_step,22.9235668182,22.7284393311,22.9235668182,22.7284393311,23.0583368612,23.058336861210766,1.0764722446765518e-11,22.7805613593,22.780561359247393,-5.260503144199902e-11,13.9463033676,18.4664211273,24.0,24.8,729.5834909,180.0,2609.779595314695,18.4664211273,100.0,0.31797464285714283,-940.5784553608684,0.0,-940.5784553608684,6
120,one_step,23.0583362579,22.7805614471,23.0583362579,22.7805614471,23.1744284671,23.174428467095478,-4.522604513113038e-12,22.8310991016,22.831099101625064,2.5064395003937534e-11,13.9463033676,18.4664211273,24.0,25.0,739.3866602,180.0,2609.77959528,18.4664211273,100.0,0.31797464285714283,-944.4623821769063,0.0,-944.4623821769063,6
121,one_step,23.1744289398,22.8311004639,23.1744289398,22.8311004639,23.2830953099,23.283095309908372,8.37374614093278e-12,22.8770197413,22.87701974129757,-2.4300561562995426e-12,13.9463033676,18.4664211273,24.0,25.3,730.3185855,180.0,2609.77959528,18.4664211273,100.0,0.31797464285714283,-949.4200772203841,0.0,-949.4200772203841,6
122,one_step,23.2830963135,22.8770198822,23.2830963135,22.8770198822,23.3822547656,23.38225476562345,2.3451462993762107e-11,22.9149909517,22.914990951657803,-4.219558036311355e-11,13.9463033676,18.4664211273,24.0,25.5,718.6380214,180.0,2609.77959528,18.4664211273,100.0,0.31797464285714283,-953.5604494879957,0.0,-953.5604494879957,6
123,one_step,23.3822555542,22.9149913788,23.3822555542,22.9149913788,23.4561639984,23.4561639984052,5.197620112085133e-12,22.8701845665,22.87018456646988,-3.011990656887065e-11,13.9463033676,18.4664211273,24.0,25.7,649.7882838,180.0,2609.77959528,18.4664211273,100.0,0.31797464285714283,-949.320802610624,0.0,-949.320802610624,6
124,one_step,23.4561634064,22.8701858521,23.4561634064,22.8701858521,23.5128943656,23.512894365598846,-1.1546319456101628e-12,22.8590964299,22.8590964298945,-5.4996007747831754e-12,13.9463033676,18.4664211273,24.0,25.8,619.4570317,180.0,2609.77959528,18.4664211273,100.0,0.31797464285714283,-948.1152100135034,0.0,-948.1152100135034,6
125,one_step,23.5128936768,22.8590965271,23.5128936768,22.8590965271,23.5696027297,23.569602729710347,1.0345502232667059e-11,22.9135049768,22.91350497679917,-8.277822871605167e-13,14.5,20.0,24.0,25.9,494.5346672,180.0,3631.9931688853567,20.0,99.19995900422535,0.3160782605396877,-893.9669071481716,0.0,-893.9669071481716,6
126,one_step,23.5696029663,22.9135055542,23.5696029663,22.9135055542,23.5732621921,23.573262192116633,1.6633805444143945e-11,22.7712397945,22.771239794545124,4.512301643444516e-11,14.5,20.0,24.0,25.8,434.2262578,180.0,3631.99316887,20.0,100.0,0.31797464285714283,-880.7715683106926,0.0,-880.7715683106926,6
127,one_step,23.573261261,22.7712402344,23.573261261,22.7712402344,23.5226239728,23.522623972792083,-7.918998790046317e-12,22.546266301,22.546266301052498,5.2498450031635e-11,14.5,20.0,24.0,25.7,276.8261154,180.0,3631.99316887,20.0,100.0,0.31797464285714283,-857.5595911373362,0.0,-857.5595911373362,6
128,one_step,23.5226249695,22.5462665558,23.5226249695,22.5462665558,23.4389718052,23.438971805202648,2.646771690706373e-12,22.4147163653,22.41471636535377,5.377032152864558e-11,14.5,20.0,24.0,25.2,212.85395,180.0,3631.99316887,20.0,100.0,0.31797464285714283,-843.3889276662362,0.0,-843.3889276662362,6
129,one_step,23.4389724731,22.4147167206,23.4389724731,22.4147167206,23.4747688174,23.474768817382294,-1.7706724975141697e-11,23.7506753657,23.750675365726288,2.6286528509444906e-11,16.0,24.0,24.0,24.7,128.9326669,180.0,0.0,24.0,0.0,0.080939,-208.55013903383605,30.089590978789715,-178.46054805504633,6
130,one_step,23.4747695923,23.7506752014,23.4747695923,23.7506752014,23.5364368028,23.536436802774283,-2.5718094320836826e-11,23.8054717776,23.80547177761062,1.0619061185934697e-11,16.0,24.0,24.0,23.7,90.98752998,180.0,0.0,24.0,0.0,0.080939,-211.26977235913378,20.049444203687372,-191.2203281554464,6
131,one_step,23.5364379883,23.8054714203,23.5364379883,23.8054714203,23.5427173187,23.542717318693146,-6.853184686406166e-12,23.549386651,23.549386651004053,4.0536463075113716e-12,16.0,24.0,24.0,22.8,56.595,50.0,0.0,24.0,0.0,0.080939,-204.73965874957594,44.15684812766152,-160.5828106219144,6
132,one_step,23.54271698,23.5493850708,23.54271698,23.5493850708,23.5321838441,23.532183844117746,1.7745804825608502e-11,23.5125473791,23.512547379064262,-3.573674689505424e-11,16.0,24.0,24.0,22.8,40.59,50.0,0.0,24.0,0.0,0.080939,-203.5518288638559,48.541993097591174,-155.0098357662647,6
133,one_step,23.5321846008,23.5125465393,23.5321846008,23.5125465393,23.3876518343,23.387651834255223,-4.4778403207601514e-11,22.6091267731,22.6091267730535,-4.6501469341819757e-11,17.7000007629,18.0,24.0,20.4,25.245,50.0,1653.7639617900002,18.0,100.0,0.31797464285714283,-527.6540979280495,0.0,-527.6540979280495,6
134,one_step,23.3876533508,22.6091270447,23.3876533508,22.6091270447,23.1863638953,23.186363895237356,-6.264500029828923e-11,22.4376819304,22.437681930402253,2.2524204723595176e-12,17.7000007629,18.0,24.0,19.2,11.88,50.0,1653.76396179,18.0,99.9373365501016,0.3178261081458397,-506.0320931927896,0.0,-506.0320931927896,6
135,one_step,23.1863632202,22.4376811981,23.1863632202,22.4376811981,22.9792985335,22.97929853349089,-9.109157872444484e-12,22.3307921233,22.330792123259847,-4.015276999780326e-11,17.7000007629,18.0,24.0,18.1,15.52479867,50.0,2985.06832122,18.0,100.0,0.31797464285714283,-494.68142732621936,0.0,-494.68142732621936,6
136,one_step,22.9792976379,22.3307914734,22.9792976379,22.3307914734,22.7762045415,22.776204541452774,-4.722622293229506e-11,22.2044751885,22.204475188428155,-7.184297601270373e-11,17.7000007629,18.0,24.0,17.6,0.0,50.0,2985.06832123,18.0,100.0,0.31797464285714283,-481.2885281792005,0.0,-481.2885281792005,6
137,one_step,22.7762031555,22.2044754028,22.7762031555,22.2044754028,22.4999909523,22.49999095226662,-3.3377745012330706e-11,21.2888687493,21.288868749249716,-5.028510940974229e-11,13.6181669235,18.1816959381,24.0,17.1,0.0,50.0,2985.06832123,18.1816959381,100.0,0.31797464285714283,-822.1055852918912,0.0,-822.1055852918912,6
138,one_step,22.4999904633,21.2888679504,22.4999904633,21.2888679504,22.20398178,22.2039817800271,2.710009994189022e-11,21.0877565128,21.087756512769264,-3.0734526035303134e-11,13.6181669235,18.1816959381,24.0,16.7,0.0,50.0,2985.06832123,18.1816959381,100.0,0.31797464285714283,-797.7842577534516,0.0,-797.7842577534516,6
139,one_step,22.2039833069,21.0877571106,22.2039833069,21.0877571106,21.9239740935,21.923974093484013,-1.5987211554602254e-11,20.935800982,20.935800981989725,-1.0274447959091049e-11,13.6181669235,18.1816959381,24.0,16.3,0.0,50.0,2985.06832123,18.1816959381,100.0,0.31797464285714283,-781.2930862132438,0.0,-781.2930862132438,6
140,one_step,21.9239730835,20.9358005524,21.9239730835,20.9358005524,21.6605434727,21.660543472691984,-8.01492205937393e-12,20.7961830082,20.796183008224794,2.4794388764348696e-11,13.6181669235,18.1816959381,24.0,15.9,0.0,50.0,3782.8890431193445,18.1816959381,100.0,0.31797464285714283,-766.3456950193455,0.0,-766.3456950193455,6
141,one_step,21.6605434418,20.7961826324,21.6605434418,20.7961826324,21.492529249,21.4925292490031,3.097966327914037e-12,21.4734414936,21.47344149361007,1.007194327939942e-11,17.7000007629,18.0,24.0,15.5,0.0,50.0,3782.88904311,18.0,100.0,0.31797464285714283,-399.815389214944,0.0,-399.815389214944,6
142,one_step,21.4925289154,21.4734420776,21.4925289154,21.4734420776,21.3674144657,21.36741446565462,-4.53823645329976e-11,21.4503019852,21.450301985193946,-6.0538241086760536e-12,17.7000007629,18.0,24.0,15.1,0.0,50.0,3782.88904311,18.0,100.0,0.31797464285714283,-400.05303970102807,0.0,-400.05303970102807,6
143,one_step,21.3674144745,21.450302124,21.3674144745,21.450302124,21.2474715631,21.247471563105638,5.638156608256395e-12,21.3895239017,21.38952390165377,-4.622791038855212e-11,17.7000007629,18.0,24.0,14.7,0.0,50.0,3782.88904311,18.0,100.0,0.31797464285714283,-393.71061575452524,0.0,-393.71061575452524,6
144,one_step,21.2474708557,21.3895244598,21.2474708557,21.3895244598,21.132298023,21.132298022986998,-1.3002932064409833e-11,21.3286921335,21.3286921335231,2.3099744339560857e-11,17.7000007629,18.0,24.0,14.4,0.0,50.0,3782.88904311,18.0,100.0,0.31797464285714283,-387.2044696978602,0.0,-387.2044696978602,6
145,one_step,21.1322975159,21.3286933899,21.1322975159,21.3286933899,21.0213565706,21.021356570662455,6.24567064733128e-11,21.2699975724,21.269997572425495,2.5494273359072395e-11,17.7000007629,18.0,24.0,14.1,0.0,50.0,3782.88904311,18.0,100.0,0.31797464285714283,-380.92010017385445,0.0,-380.92010017385445,6
146,one_step,21.0213565826,21.2699966431,21.0213565826,21.2699966431,21.0231254602,21.023125460160045,-3.9953818031790433e-11,22.3397181832,22.33971818317957,-2.042810365310288e-11,16.0,26.0,24.0,13.9,0.0,50.0,0.0,26.0,0.0,0.080939,-170.14590991470425,300.0,129.85409008529575,6
147,one_step,21.0231246948,22.339717865,21.0231246948,22.339717865,21.0799693001,21.079969300094284,-5.716316309190006e-12,22.4761999756,22.47619997555043,-4.957101396030339e-11,16.0,26.0,24.0,13.7,0.0,50.0,0.0,26.0,0.0,0.080939,-175.11822458264805,300.0,124.88177541735195,6
148,one_step,21.0799694061,22.4762001038,21.0799694061,22.4762001038,21.1434850602,21.14348506012795,-7.204903340607416e-11,22.6181238672,22.6181238671581,-4.190070512777311e-11,17.7000007629,26.0,24.0,13.5,0.0,50.0,0.0,26.0,0.0,0.080939,-132.89333207201992,300.0,167.10666792798008,6
149,one_step,21.1434841156,22.6181240082,21.1434841156,22.6181240082,21.2040595437,21.204059543691724,-8.277822871605167e-12,22.6671754285,22.66717542849157,-8.427036846114788e-12,17.7000007629,26.0,24.0,13.3,0.0,50.0,0.0,26.0,0.0,0.080939,-134.36449387022597,300.0,165.63550612977403,6
150,one_step,21.2040596008,22.667175293,21.2040596008,22.667175293,21.2376303367,21.237630336681693,-1.830713358685898e-11,22.5195699916,22.519569991602005,2.0037305148434825e-12,14.5,26.0,24.0,13.0,0.0,50.0,0.0,26.0,0.0,0.080939,-217.38658161942203,300.0,82.61341838057797,6
151,one_step,21.2376289368,22.519569397,21.2376289368,22.519569397,21.2535436293,21.253543629365367,6.536637897625042e-11,22.5155406447,22.51554064467445,-2.5551116777933203e-11,14.5,26.0,24.0,12.7,0.0,50.0,0.0,26.0,0.0,0.080939,-217.0981887764905,300.0,82.9018112235095,6
152,one_step,21.2535438538,22.5155410767,21.2535438538,22.5155410767,21.2616591229,21.261659122960463,6.046363409950573e-11,22.5209171113,22.52091711135001,5.000799774279585e-11,14.5,26.0,24.0,12.4,0.0,50.0,0.0,26.0,0.0,0.080939,-217.24435349724695,300.0,82.75564650275305,6
153,one_step,21.2616596222,22.5209178925,21.2616596222,22.5209178925,21.2613916839,21.261391683905504,5.503153488461976e-12,22.5227900763,22.52279007630308,3.0802027595200343e-12,14.5,26.0,24.0,12.0,0.0,50.0,0.0,26.0,0.0,0.080939,-217.31574314032312,300.0,82.68425685967688,6
154,one_step,21.261390686,22.5227890015,21.261390686,22.5227890015,21.2741074077,21.274107407646607,-5.339373387869273e-11,22.4370724956,22.437072495556453,-4.354561156105774e-11,12.8000001907,26.0,24.0,13.1,1.98,50.0,0.0,26.0,0.0,0.080939,-261.14801156985703,300.0,38.85198843014297,6
155,one_step,21.2741088867,22.4370727539,21.2741088867,22.4370727539,21.3186584948,21.31865849475241,-4.759215244121151e-11,22.5349059633,22.534905963289557,-1.0444978215673473e-11,12.8000001907,26.0,24.0,14.1,63.894325,50.0,0.0,26.0,0.0,0.080939,-263.46843724644907,300.0,36.53156275355093,6
156,one_step,21.3186588287,22.5349063873,21.3186588287,22.5349063873,21.3739642129,21.373964212886136,-1.3862688774679555e-11,22.520216932,22.520216931956714,-4.3286263462505303e-11,12.8000001907,26.0,24.0,15.2,26.07,50.0,0.0,26.0,0.0,0.080939,-263.2167173569594,300.0,36.78328264304059,6
157,one_step,21.3739624023,22.5202178955,21.3739624023,22.5202178955,21.4172496638,21.41724966376502,-3.498001888146973e-11,22.1246019095,22.124601909480816,-1.9184653865522705e-11,16.0,22.0,24.0,16.3,111.4428186,50.0,525.1963278847655,22.0,11.834582684241605,0.1089911791450522,-224.24724695992938,0.0,-224.24724695992938,6
158,one_step,21.4172496796,22.1246013641,21.4172496796,22.1246013641,21.4331127907,21.433112790689552,-1.0448530929352273e-11,22.0061273675,22.00612736746948,-3.05178105008963e-11,16.0,22.0,24.0,17.2,57.915,50.0,621.2807285696213,22.0,12.527705129631283,0.11063412638926877,-222.57332129047546,0.0,-222.57332129047546,6
159,one_step,21.4331130981,22.0061264038,21.4331130981,22.0061264038,21.5127693371,21.512769337066548,-3.3452351999585517e-11,22.3603859489,22.360385948902227,2.227551476607914e-12,16.0,22.0,24.0,18.1,169.0888447,180.0,1042.1048165547359,22.0,24.032550962429298,0.13790471166876475,-293.27335143571577,0.0,-293.27335143571577,6
160,one_step,21.5127696991,22.3603858948,21.5127696991,22.3603858948,21.5764429883,21.576442988350625,5.062616992290714e-11,22.1305508372,22.1305508371731,-2.6901147975877393e-11,14.5,22.0,24.0,18.8,119.5705731,180.0,1453.5713723245738,22.0,30.374956138401487,0.15293847255023513,-391.2887929831045,0.0,-391.2887929831045,6
161,one_step,21.5764427185,22.1305503845,21.5764427185,22.1305503845,21.6861251812,21.686125181158893,-4.1108449977400596e-11,22.3331932662,22.333193266221798,2.1799451133119874e-11,14.5,22.0,24.0,19.4,330.3370582,180.0,1941.2858585438341,22.0,41.84951263793165,0.1801372613139025,-472.3992306069883,0.0,-472.3992306069883,6
162,one_step,21.686126709,22.3331928253,21.686126709,22.3331928253,21.8798382115,21.879838211498313,-1.687538997430238e-12,23.198455828,23.19845582801966,1.9660717498481972e-11,17.2520446777,23.59765625,24.0,20.0,324.7283306,180.0,0.0,23.59765625,0.0,0.080939,-159.87367059156912,44.35103468049242,-115.5226359110767,6
163,one_step,21.8798370361,23.1984558105,21.8798370361,23.1984558105,22.1551231081,22.155123108037948,-6.205169711392955e-11,23.5939774622,23.59397746216532,-3.468159093245049e-11,17.2520446777,23.59765625,24.0,20.6,510.1311855,180.0,0.0,23.59765625,0.0,0.080939,-170.915418284725,3.5879044225577417,-167.32751386216728,6
164,one_step,22.155122757,23.5939769745,22.155122757,23.5939769745,22.4366643119,22.4366643119383,3.83018061711482e-11,23.7763636603,23.776363660265858,-3.4141578453272814e-11,17.2520446777,23.59765625,24.0,21.2,538.3897064,180.0,154.39376922529215,23.59765625,4.509595075692413,0.09162834767792156,-199.43199260638886,0.0,-199.43199260638886,6
165,one_step,22.4366645813,23.7763633728,22.4366645813,23.7763633728,22.7330345398,22.73303453978197,-1.8030021919912542e-11,23.9930336224,23.993033622374362,-2.5636381906224415e-11,17.2520446777,23.59765625,24.0,21.8,648.0742248,180.0,702.4942577362029,23.59765625,17.503277922346197,0.12242800734430566,-275.7176327993696,0.0,-275.7176327993696,6
166,one_step,22.7330341339,23.9930343628,22.7330341339,23.9930343628,23.008916919,23.00891691898868,-1.1318945780658396e-11,24.0357726295,24.03577262947686,-2.3138824190027663e-11,16.6158790588,23.7351207733,24.0,22.3,673.4987,180.0,1204.1688654468715,23.7351207733,26.74866960283674,0.14434288094881723,-358.2131700835277,0.0,-358.2131700835277,6
167,one_step,23.0089168549,24.0357723236,23.0089168549,24.0357723236,23.2680510204,23.26805102041888,1.8879120489145862e-11,24.1048965217,24.104896521737068,3.7069014524604427e-11,16.6158790588,23.7351207733,24.0,22.8,723.9465739,180.0,1826.7763399577766,23.7351207733,39.860552141780616,0.1754227160156763,-439.64696799734145,0.0,-439.64696799734145,6
168,one_step,23.2680511475,24.1048965454,23.2680511475,24.1048965454,23.4959431937,23.495943193764553,6.45528075438051e-11,24.0964380227,24.096438022722957,2.2957635792408837e-11,16.6158790588,23.7351207733,24.0,23.1,735.2223364,180.0,2495.616748412497,23.7351207733,53.2095050042862,0.20706449224801338,-518.7335704484439,0.0,-518.7335704484439,6
169,one_step,23.4959449768,24.0964374542,23.4959449768,24.0964374542,23.7841416627,23.784141662699547,-4.547473508864641e-13,25.0398977229,25.03989772291717,1.717026520964282e-11,16.0,26.0,24.0,23.5,726.2296871,180.0,0.0,26.0,0.0,0.080939,-243.42689234261633,101.33410066987025,-142.09279167274607,6
170,one_step,23.7841415405,25.0398979187,23.7841415405,25.0398979187,24.0830234667,24.08302346665541,-4.459010938262509e-11,25.2200396116,25.220039611551773,-4.82280881897168e-11,16.0,26.0,24.0,23.7,715.3576322,180.0,0.0,26.0,0.0,0.080939,-249.0507071955824,80.57250533473521,-168.47820186084718,6
171,one_step,24.0830230713,25.2200393677,24.0830230713,25.2200393677,24.3400040653,24.340004065343248,4.32471836120385e-11,25.2711930433,25.271193043266326,-3.367262024767115e-11,16.0,26.0,24.0,23.9,644.9089318,180.0,0.0,26.0,0.0,0.080939,-250.63782307319482,74.71330504765987,-175.92451802553495,6
172,one_step,24.3400039673,25.2711925507,24.3400039673,25.2711925507,24.5562026536,24.556202653636667,3.666755787889997e-11,25.2739396425,25.273939642470204,-2.97966096240998e-11,14.5,26.0,24.0,24.0,614.8040202,180.0,0.0,26.0,0.0,0.080939,-291.4626360008968,73.99919588908546,-217.46344011181134,6
173,one_step,24.5562019348,25.27394104,24.5562019348,25.27394104,24.7143079675,24.714307967488605,-1.1397105481592007e-11,25.2032974106,25.203297410630046,3.0045299581615836e-11,14.5,26.0,24.0,24.1,489.5666343,180.0,0.0,26.0,0.0,0.080939,-289.72310461785844,80.42107278077637,-209.30203183708207,6
174,one_step,24.714307785,25.2032966614,24.714307785,25.2032966614,24.8352093925,24.83520939245562,-4.438049927557586e-11,25.1922007596,25.19220075959356,-6.437517185986508e-12,14.5,26.0,24.0,24.1,432.9948978,180.0,0.0,26.0,0.0,0.080939,-289.42748972017705,81.51240260602144,-207.9150871141556,6
175,one_step,24.8352088928,25.192199707,24.8352088928,25.192199707,24.8964214728,24.896421472778236,-2.176392399633187e-11,25.0329266349,25.032926634917057,1.7056578371921205e-11,14.5,26.0,24.0,24.1,273.3120913,180.0,0.0,26.0,0.0,0.080939,-285.3646285122405,96.51138150332805,-188.85324700891243,6
176,one_step,24.8964214325,25.0329265594,24.8964214325,25.0329265594,24.922027727,24.92202772699404,-5.9614535530272406e-12,24.9651006036,24.965100603596373,-3.6273206660553114e-12,14.5,26.0,24.0,23.9,211.5331912,180.0,0.0,26.0,0.0,0.080939,-283.4977079993156,103.40354442575546,-180.09416357356014,6
177,one_step,24.9220275879,24.9650993347,24.9220275879,24.9650993347,24.913991086,24.913991085962046,-3.795364023062575e-11,24.8596589221,24.859658922056173,-4.382627594168298e-11,14.5,26.0,24.0,23.7,128.0335723,180.0,0.0,26.0,0.0,0.080939,-280.7374286302808,113.59374534277116,-167.14368328750965,6
178,one_step,24.9139900208,24.8596591949,24.9139900208,24.8596591949,24.8890313525,24.889031352514362,1.4360068689711625e-11,24.8691417229,24.86914172293671,3.6710190443045576e-11,16.0,26.0,24.0,23.2,90.46356319,180.0,0.0,26.0,0.0,0.080939,-240.2774064564598,112.96114622376408,-127.31626023269573,6
179,one_step,24.8890304565,24.869140625,24.8890304565,24.869140625,24.8246229424,24.824622942348743,-5.125855295773363e-11,24.5765866145,24.576586614505967,5.9685589803848416e-12,16.0,26.0,24.0,22.7,57.42,50.0,0.0,26.0,0.0,0.080939,-232.72295209918744,140.85013767246295,-91.87281442672449,6
180,one_step,24.8246231079,24.5765857697,24.8246231079,24.5765857697,24.7497158305,24.749715830458015,-4.198597025606432e-11,24.5061680004,24.50616800038339,-1.6608936448392342e-11,16.0,26.0,24.0,22.7,41.25,50.0,0.0,26.0,0.0,0.080939,-230.61171337861364,148.64425698798485,-81.9674563906288,6
181,one_step,24.7497158051,24.5061683655,24.7497158051,24.5061683655,24.5123185819,24.51231858194324,4.32400781846809e-11,23.2303975439,23.230397543962255,6.225420179362118e-11,17.7000007629,18.0,24.0,20.4,25.08,50.0,1951.8505096499996,18.0,100.0,0.31797464285714283,-595.6792649704186,0.0,-595.6792649704186,6
182,one_step,24.5123176575,23.2303962708,24.5123176575,23.2303962708,24.2173920284,24.21739202840656,6.561862164744525e-12,22.9922251734,22.992225173404126,4.1247005810873816e-12,17.7000007629,18.0,24.0,19.4,10.395,50.0,1951.85050964,18.0,100.0,0.31797464285714283,-566.2298836758468,0.0,-566.2298836758468,6
183,one_step,24.2173919678,22.992225647,24.2173919678,22.992225647,23.9258127978,23.92581279784939,4.9389825562684564e-11,22.8378953447,22.837895344712173,1.2171597063570516e-11,17.7000007629,18.0,24.0,18.4,13.5123849,50.0,1951.85050964,18.0,100.0,0.31797464285714283,-549.4250277904271,0.0,-549.4250277904271,6
184,one_step,23.9258117676,22.8378944397,23.9258117676,22.8378944397,23.6461004419,23.646100441937364,3.736388975994487e-11,22.672641306,22.67264130596498,-3.501909873193654e-11,17.7000007629,18.0,24.0,17.9,0.0,50.0,1951.85050964,18.0,100.0,0.31797464285714283,-531.8042230711967,0.0,-531.8042230711967,6
185,one_step,23.6460990906,22.6726417542,23.6460990906,22.6726417542,23.4971315293,23.497131529277382,-2.261657527924399e-11,23.6913072976,23.691307297654557,5.455547125166049e-11,14.5,26.0,24.0,17.5,0.0,50.0,0.0,26.0,0.0,0.080939,-248.17293207257194,233.8130124239008,-14.359919648671138,6
186,one_step,23.4971313477,23.6913070679,23.4971313477,23.6913070679,23.4044723489,23.404472348932977,3.297628836662625e-11,23.6996718485,23.69967184849304,-6.959766096770181e-12,14.5,26.0,24.0,17.1,0.0,50.0,0.0,26.0,0.0,0.080939,-249.34909725998295,229.47093034852415,-19.878166911458806,6
187,one_step,23.4044723511,23.699672699,23.4044723511,23.699672699,23.3148927269,23.314892726964125,6.412648190234904e-11,23.6573028261,23.657302826139844,3.984368390774762e-11,14.5,26.0,24.0,16.7,0.0,50.0,0.0,26.0,0.0,0.080939,-248.24678178295636,233.5403793727238,-14.706402410232556,6
188,one_step,23.3148918152,23.6573028564,23.3148918152,23.6573028564,23.2296508547,23.22965085471706,1.7060131085600005e-11,23.613962386,23.613962386045642,4.5641712631550035e-11,14.5,26.0,24.0,16.5,0.0,50.0,0.0,26.0,0.0,0.080939,-247.06624572708705,237.89859750601963,-9.167648221067424,6
189,one_step,23.2296524048,23.6139621735,23.2296524048,23.6139621735,23.1501620127,23.15016201268852,-1.1482370609883219e-11,23.5731091399,23.573109139916554,1.6552093029531534e-11,14.5,26.0,24.0,16.4,0.0,50.0,0.0,26.0,0.0,0.080939,-245.9471798762899,242.029884355793,-3.917295520496907,6
190,one_step,23.1501617432,23.5731086731,23.1501617432,23.5731086731,23.0758831248,23.075883124803337,3.3359981443936704e-12,23.5349346585,23.534934658524485,2.4485302674293052e-11,14.5,26.0,24.0,16.3,0.0,50.0,0.0,26.0,0.0,0.080939,-244.90141748345465,245.89055476980874,0.9891372863540937,6
191,one_step,23.0758838654,23.5349349976,23.0758838654,23.5349349976,22.9186961936,22.918696193665657,6.565770149791206e-11,22.4770435861,22.477043586104962,4.9631410092843e-12,16.3253688812,21.4567451477,24.0,16.2,0.0,50.0,2773.841716601749,21.4567451477,65.63182245733505,0.23650981228060275,-495.4681200184441,0.0,-495.4681200184441,6
192,one_step,22.9186973572,22.4770431519,22.9186973572,22.4770431519,22.6915660834,22.69156608337138,-2.8620661396416835e-11,22.0315737993,22.03157379925779,-4.220979121782875e-11,16.3253688812,21.4567451477,24.0,16.1,0.0,50.0,4238.627109228795,21.4567451477,90.47163107838455,0.29538901232999143,-569.87105984434,0.0,-569.87105984434,6
193,one_step,22.6915664673,22.0315742493,22.6915664673,22.0315742493,22.4507726571,22.45077265706669,-3.3310243452433497e-11,21.7734831388,21.773483138774306,-2.5693225325085223e-11,16.3253688812,21.4567451477,24.0,16.0,0.0,50.0,4822.427770252656,21.4567451477,100.0,0.31797464285714283,-582.9095471789293,0.0,-582.9095471789293,6
194,one_step,22.4507732391,21.7734832764,22.4507732391,21.7734832764,22.3359698934,22.33596989334081,-5.919176260249515e-11,22.8094995176,22.80949951759342,-6.579625733138528e-12,16.0,24.0,24.0,15.8,0.0,50.0,0.0,24.0,0.0,0.080939,-183.6166244262417,122.1373475461192,-61.47927688012251,6
195,one_step,22.3359699249,22.8094997406,22.3359699249,22.8094997406,22.2769607108,22.2769607108052,5.197620112085133e-12,22.8327413947,22.832741394713494,1.3493206552084303e-11,16.0,24.0,24.0,15.6,0.0,50.0,0.0,24.0,0.0,0.080939,-185.1614931241769,116.43411235950367,-68.72738076467323,6
196,one_step,22.2769603729,22.8327407837,22.2769603729,22.8327407837,22.221785405,22.221785404941997,-5.800160352009698e-11,22.807413379,22.807413378991193,-8.807177209746442e-12,16.0,24.0,24.0,15.4,0.0,50.0,0.0,24.0,0.0,0.080939,-184.51730542865533,118.81227817825177,-65.70502725040356,6
197,one_step,22.221786499,22.8074131012,22.221786499,22.8074131012,22.1678226447,22.16782264471125,1.1251444220761186e-11,22.7802605926,22.780260592632448,3.2446934028484975e-11,16.0,24.0,24.0,15.2,0.0,50.0,0.0,24.0,0.0,0.080939,-183.78152707271065,121.52857181199721,-62.252955260713435,6
198,one_step,22.1678237915,22.7802600861,22.1678237915,22.7802600861,22.1148516579,22.114851657872656,-2.7345237185727456e-11,22.7535032281,22.753503228060698,-3.930367142856994e-11,16.0,24.0,24.0,15.0,0.0,50.0,0.0,24.0,0.0,0.080939,-183.05462088469395,124.21211181407408,-58.84250907061987,6
199,one_step,22.1148529053,22.7535037994,22.1148529053,22.7535037994,22.0627780757,22.062778075756146,5.6147086979763117e-11,22.7272056973,22.727205697338846,3.884537136400468e-11,16.0,24.0,24.0,14.8,0.0,50.0,0.0,24.0,0.0,0.080939,-182.3402710340337,126.8492972326694,-55.49097380136429,6
200,one_step,22.0627784729,22.7272071838,22.0627784729,22.7272071838,22.0173616704,22.01736167040332,3.3217872896784684e-12,22.7033387385,22.703338738502147,2.1458390619955026e-12,16.0,24.0,24.0,14.9,0.0,50.0,0.0,24.0,0.0,0.080939,-181.6798079826368,129.28754724007837,-52.39226074255842,6
201,one_step,22.0173606873,22.703338623,22.0173606873,22.703338623,21.968649712,21.968649712035873,3.587175001484866e-11,22.6083092196,22.608309219616622,1.6623147303107544e-11,14.5,24.0,24.0,14.9,0.0,50.0,0.0,24.0,0.0,0.080939,-219.81387920279062,138.50692485943767,-81.30695434335294,6
202,one_step,21.9686508179,22.6083087921,21.9686508179,22.6083087921,21.9332783037,21.93327830375976,5.976019679110323e-11,22.5862713671,22.58627136714007,4.007105758319085e-11,14.5,24.0,24.0,15.5,1.485,50.0,0.0,24.0,0.0,0.080939,-219.12087926754265,141.06529219532257,-78.05558707222008,6
203,one_step,21.9332790375,22.586271286,21.9332790375,22.586271286,21.9541076907,21.954107690731234,3.1235458664014004e-11,22.966136247,22.966136247048293,4.829203703593521e-11,14.5,26.0,24.0,16.0,41.39498136,50.0,0.0,26.0,0.0,0.080939,-228.72818550971468,300.0,71.27181449028532,6
204,one_step,21.9541091919,22.9661369324,21.9541091919,22.9661369324,22.0112469471,22.011246947113364,1.3365308859647484e-11,23.0381301686,23.038130168605182,5.183409257369931e-12,14.5,26.0,24.0,16.8,48.45134952,50.0,0.0,26.0,0.0,0.080939,-231.09998155327975,296.84170364608457,65.74172209280482,6
205,one_step,22.0112457275,23.0381317139,22.0112457275,23.0381317139,22.1032966275,22.10329662744135,-5.865175012331747e-11,23.1860560965,23.186056096503886,3.886668764607748e-12,14.5,26.0,24.0,17.5,133.7924499,50.0,0.0,26.0,0.0,0.080939,-234.97697151351898,282.52891085732193,47.55193934380296,6
206,one_step,22.1032962799,23.1860561371,22.1032962799,23.1860561371,22.1993219093,22.199321909267518,-3.248246116527298e-11,23.197316228,23.19731622800235,2.3518964553659316e-12,14.5,26.0,24.0,18.4,99.4199223,50.0,0.0,26.0,0.0,0.080939,-235.41165126449297,280.9241914051267,45.51254014063372,6
207,one_step,22.1993217468,23.1973152161,22.1993217468,23.1973152161,22.3600818368,22.36008183674904,-5.0960125008714385e-11,23.639088845,23.6390888449548,-4.5201176135378773e-11,14.5,26.0,24.0,19.3,218.8266454,180.0,0.0,26.0,0.0,0.080939,-246.83585628118712,238.74913269793439,-8.086723583252734,6
208,one_step,22.360080719,23.639087677,22.360080719,23.639087677,22.4908202213,22.490820221305036,5.03419528286031e-12,23.271255056,23.27125505603783,3.7829295251867734e-11,12.8000001907,24.0,24.0,20.3,195.5727283,180.0,0.0,24.0,0.0,0.080939,-283.78200952012617,72.35396144183674,-211.4280480782894,6
209,one_step,22.490819931,23.2712554932,22.490819931,23.2712554932,22.6418762315,22.641876231481515,-1.8484769270799006e-11,23.4494592108,23.449459210803113,3.112177182629239e-12,12.8000001907,24.0,24.0,21.4,301.8317655,180.0,0.0,24.0,0.0,0.080939,-288.02831570470113,56.67775356903846,-231.35056213566267,6
210,one_step,22.6418762207,23.4494590759,22.6418762207,23.4494590759,22.7799720815,22.779972081478515,-2.148325961570663e-11,23.0903114733,23.090311473298417,-1.5845103007450234e-12,16.0,22.0,24.0,22.5,334.0320003,180.0,2367.8609964988045,22.0,57.772164881612476,0.21787962241961867,-521.8830629548158,0.0,-521.8830629548158,6
211,one_step,22.7799720764,23.0903129578,22.7799720764,23.0903129578,22.8919401305,22.891940130460018,-3.998223974122084e-11,22.8741962899,22.874196289896457,-3.5420555377640994e-12,16.0,22.0,24.0,23.5,437.9453062,180.0,4203.211931287661,22.0,92.3502533903144,0.29984201680393213,-694.4691904751207,0.0,-694.4691904751207,6
212,one_step,22.8919410706,22.8741950989,22.8919410706,22.8741950989,22.9923553237,22.992355323743027,4.3026915363952867e-11,22.8551277401,22.855127740134666,3.466738007773529e-11,16.0,22.0,24.0,24.3,509.3134134,180.0,4465.47046094,22.0,100.0,0.31797464285714283,-728.9543361196191,0.0,-728.9543361196191,6
213,one_step,22.9923553467,22.8551273346,22.9923553467,22.8551273346,23.2561557436,23.25615574366661,6.660982876383059e-11,24.3317847148,24.331784714849142,4.914113560516853e-11,17.7000007629,24.0,24.0,25.1,625.0572553,180.0,129.0307483542211,24.0,4.931018229318315,0.09262727075926756,-203.3909542092029,0.0,-203.3909542092029,6
214,one_step,23.2561569214,24.3317832947,23.2561569214,24.3317832947,23.5685352088,23.568535208846892,4.689226784648781e-11,24.4775332555,24.47753325547914,-2.085798200823774e-11,17.7000007629,24.0,24.0,25.8,637.7928161,180.0,887.0676131724817,24.0,21.997261731976916,0.13308035075735974,-301.6474455799529,0.0,-301.6474455799529,6
215,one_step,23.5685348511,24.4775333405,23.5685348511,24.4775333405,23.8390092824,23.839009282426172,2.617284167172329e-11,24.4182922387,24.41829223867629,-2.3710811092314543e-11,17.7000007629,24.0,24.0,26.5,598.4283241,180.0,1689.0680410542543,24.0,37.5941039538644,0.170050425983425,-382.64360910702794,0.0,-382.64360910702794,6
216,one_step,23.8390083313,24.4182929993,23.8390083313,24.4182929993,24.0686100944,24.068610094397034,-2.9665159217984183e-12,24.3951708143,24.395170814300464,4.654054919228656e-13,17.7000007629,24.0,24.0,26.8,603.7678876,180.0,2427.6828183047733,24.0,52.15644201169704,0.20456835761383899,-458.71794726411815,0.0,-458.71794726411815,6
217,one_step,24.068611145,24.3951702118,24.068611145,24.3951702118,24.2163485706,24.2163485705478,-5.220002208261576e-11,23.6466270746,23.646627074573303,-2.6698643296185764e-11,14.5,22.0,24.0,27.2,591.0822006,180.0,3817.322510028943,22.0,92.41465320283457,0.2999946673135381,-932.2331599512045,0.0,-932.2331599512045,6
218,one_step,24.2163486481,23.6466255188,24.2163486481,23.6466255188,24.268978561,24.26897856099881,-1.1901590823981678e-12,23.4056000584,23.405600058372322,-2.7679192271534703e-11,14.5,22.0,24.0,27.3,635.2402779,180.0,4280.612447396226,22.0,100.0,0.31797464285714283,-948.3880799969771,0.0,-948.3880799969771,6
219,one_step,24.2689781189,23.4056015015,24.2689781189,23.4056015015,24.2863879403,24.286387940300084,8.526512829121202e-14,23.3161295628,23.3161295627703,-2.970068635477219e-11,14.5,22.0,24.0,27.4,566.4009333,180.0,4280.6124474,22.0,100.0,0.31797464285714283,-938.4355088016407,0.0,-938.4355088016407,6
220,one_step,24.2863883972,23.3161296844,24.2863883972,23.3161296844,24.4228426611,24.42284266108502,-1.4978240869822912e-11,24.6811618599,24.681161859844302,-5.5699445056234254e-11,15.1632871628,24.2618808746,24.0,27.2,505.1647633,180.0,247.87055397609203,24.2618808746,8.325356869528228,0.10067306317583753,-319.15713925130666,0.0,-319.15713925130666,6
221,one_step,24.4228420258,24.6811618805,24.4228420258,24.6811618805,24.5632485618,24.563248561815755,1.5756285165480222e-11,24.548673038,24.54867303796106,-3.894129463333229e-11,15.1632871628,24.2618808746,24.0,27.1,410.6284184,180.0,893.2025093434261,24.2618808746,20.604396222194207,0.1297787630421109,-408.40030971305345,0.0,-408.40030971305345,6
222,one_step,24.5632476807,24.5486717224,24.5632476807,24.5486717224,24.5514561885,24.55145618848236,-1.7642776128923288e-11,23.340805562,23.34080556199986,-1.3855583347321954e-13,14.5,20.0,24.0,26.6,400.6730685,180.0,2637.078183892776,20.0,100.0,0.31797464285714283,-947.7939836464155,0.0,-947.7939836464155,6
223,one_step,24.5514564514,23.3408050537,24.5514564514,23.3408050537,24.4194442432,24.41944424314394,-5.6061821851471905e-11,23.0064189373,23.006418937334377,3.437605755607365e-11,14.5,20.0,24.0,26.1,254.9407668,180.0,3564.9231030698897,20.0,100.0,0.31797464285714283,-907.6747747797816,0.0,-907.6747747797816,6
224,one_step,24.4194450378,23.0064201355,24.4194450378,23.0064201355,24.2573441534,24.257344153333094,-6.690470399917103e-11,22.8662849558,22.866284955798104,-1.8971491044794675e-12,14.5,20.0,24.0,25.1,221.8525224,180.0,3564.92310307,20.0,100.0,0.31797464285714283,-892.0211769242189,0.0,-892.0211769242189,6
225,one_step,24.2573432922,22.8662853241,24.2573432922,22.8662853241,24.0532092412,24.053209241196914,-3.0873081868776353e-12,22.6134095846,22.613409584579856,-2.014388655879884e-11,14.5,20.0,24.0,24.1,102.9867147,180.0,3564.92310307,20.0,100.0,0.31797464285714283,-865.8838140949473,0.0,-865.8838140949473,6
226,one_step,24.0532093048,22.6134090424,24.0532093048,22.6134090424,24.0279611978,24.027961197805876,5.8761884247360285e-12,24.356050847,24.3560508469564,-4.359890226623975e-11,14.5,26.0,24.0,22.7,168.16952,180.0,0.0,26.0,0.0,0.080939,-265.234626499614,170.82587563379937,-94.40875086581465,6
227,one_step,24.027961731,24.3560504913,24.027961731,24.3560504913,24.004306281,24.00430628101029,1.028865881380625e-11,24.0869725923,24.086972592364685,6.468425794992072e-11,14.5,26.0,24.0,21.3,60.94621952,50.0,0.0,26.0,0.0,0.080939,-259.9977956815825,190.15883113200402,-69.83896454957846,6
228,one_step,24.0043067932,24.0869731903,24.0043067932,24.0869731903,23.9825443395,23.982544339458006,-4.199307568342192e-11,24.1099416595,24.109941659504592,4.593658786689048e-12,14.5,26.0,24.0,21.3,100.748281,50.0,0.0,26.0,0.0,0.080939,-260.3248741702207,188.95134628382272,-71.373527886398,6
229,one_step,23.9825439453,24.1099414825,23.9825439453,24.1099414825,23.8829809306,23.882980930564127,-3.587175001484866e-11,23.9759031808,23.975903180744023,-5.597655672318069e-11,14.5,26.0,24.0,18.3,20.43476285,50.0,0.0,26.0,0.0,0.080939,-256.98579198392827,201.2783298270307,-55.70746215689758,6
230,one_step,23.8829803467,23.9759025574,23.8829803467,23.9759025574,23.7644433285,23.764443328483495,-1.6505907751707127e-11,23.9026778859,23.902677885888863,-1.113775738303957e-11,14.5,26.0,24.0,17.2,10.65311344,50.0,0.0,26.0,0.0,0.080939,-254.97440760737965,208.7038140545726,-46.27059355280704,6
231,one_step,23.7644424438,23.902677536,23.7644424438,23.902677536,23.6307933056,23.630793305564328,-3.567279804883583e-11,23.8291731137,23.829173113638966,-6.10356210017926e-11,14.5,26.0,24.0,16.0,4.1003381,50.0,0.0,26.0,0.0,0.080939,-253.00980658928245,215.95658684299687,-37.05321974628558,6
232,one_step,23.6307945251,23.8291740417,23.6307945251,23.8291740417,23.3678978727,23.367897872697217,-2.7817748105007922e-12,22.3240563071,22.324056307076788,-2.3213431177282473e-11,16.0,20.0,24.0,15.4,0.0,50.0,3834.5823239362194,20.0,98.51917355529422,0.3144645563743359,-676.2017214426617,0.0,-676.2017214426617,6
233,one_step,23.3678970337,22.3240566254,23.3678970337,22.3240566254,23.0328895319,23.032889531894334,-5.666578317686799e-12,22.0216103761,22.0216103761473,4.730082991954987e-11,16.0,20.0,24.0,14.8,0.0,50.0,3834.58232398,20.0,100.0,0.31797464285714283,-644.3995630026162,0.0,-644.3995630026162,6
234,one_step,23.0328903198,22.02161026,23.0328903198,22.02161026,22.7154479071,22.715447907114044,1.404387717229838e-11,21.8445969471,21.844596947101472,1.4708234630234074e-12,16.0,20.0,24.0,14.5,0.0,50.0,3834.58232398,20.0,100.0,0.31797464285714283,-624.9047243099599,0.0,-624.9047243099599,6
235,one_step,22.7154464722,21.8445968628,22.7154464722,21.8445968628,22.4175430797,22.417543079756133,5.6132876125047915e-11,21.6849753235,21.684975323492342,-7.65965069149388e-12,16.0,20.0,24.0,14.1,0.0,50.0,3834.58232398,20.0,100.0,0.31797464285714283,-607.7092052251743,0.0,-607.7092052251743,6
236,one_step,22.4175415039,21.6849746704,22.4175415039,21.6849746704,22.2998370063,22.29983700630454,4.54036808150704e-12,23.1910576828,23.191057682746433,-5.356781684895395e-11,17.7000007629,26.0,24.0,13.9,0.0,50.0,0.0,26.0,0.0,0.080939,-146.9547827727313,287.48282237246485,140.52803959973355,6
237,one_step,22.2998371124,23.1910572052,22.2998371124,23.1910572052,22.2677454369,22.267745436887616,-1.2384759884298546e-11,23.2765521083,23.27655210824874,-5.125855295773363e-11,17.7000007629,26.0,24.0,13.6,0.0,50.0,0.0,26.0,0.0,0.080939,-151.0254907812902,272.45487522078736,121.42938443949717,6
238,one_step,22.2677459717,23.2765522003,22.2677459717,23.2765522003,22.2353520523,22.23535205234406,4.405720233080501e-11,23.2660682935,23.26606829346382,-3.61772833912255e-11,17.7000007629,26.0,24.0,13.2,0.0,50.0,0.0,26.0,0.0,0.080939,-150.83793700616886,273.14727276310543,122.30933575693658,6
239,one_step,22.2353515625,23.2660675049,22.2353515625,23.2660675049,22.125224735,22.125224734998525,-1.4743761767022079e-12,22.4280511318,22.42805113175762,-4.2380321474411176e-11,17.7000007629,22.0,24.0,12.9,0.0,50.0,1450.9258195084392,22.0,33.45373593617916,0.16023627803605328,-257.01752725373694,0.0,-257.01752725373694,6
240,one_step,22.1252250671,22.4280509949,22.1252250671,22.4280509949,21.9651480348,21.965148034767164,-3.283417981947423e-11,22.1952192847,22.19521928464827,-5.1727511163335294e-11,17.7000007629,22.0,24.0,12.5,0.0,50.0,2021.5792347528877,22.0,42.44747660354743,0.18155464904385393,-274.8787723058697,0.0,-274.8787723058697,6
241,one_step,21.9651489258,22.1952190399,21.9651489258,22.1952190399,21.8005201811,21.800520181077502,-2.2499335727843572e-11,22.0575945744,22.05759457443134,3.134204007437802e-11,17.7000007629,22.0,24.0,12.2,0.0,50.0,2262.404526417485,22.0,45.943191510500114,0.1898407393460022,-278.10033217669394,0.0,-278.10033217669394,6
242,one_step,21.8005199432,22.0575942993,21.8005199432,22.0575942993,21.6401287347,21.640128734676487,-2.3511859126301715e-11,21.9588684242,21.958868424143137,-5.686118242920202e-11,17.7000007629,22.0,24.0,11.9,0.0,50.0,2287.453890174229,22.0,45.50757913402516,0.18880818274905953,-270.0119838851917,0.0,-270.0119838851917,6
243,one_step,21.6401290894,21.9588680267,21.6401290894,21.9588680267,21.453838885,21.45383888503272,3.2720492981752614e-11,21.578975277,21.578975276973335,-2.666666887307656e-11,14.5,22.0,24.0,11.6,0.0,50.0,1775.6687789575649,22.0,31.795239656310926,0.15630505071730583,-370.71500775638674,0.0,-370.71500775638674,6
244,one_step,21.4538383484,21.5789756775,21.4538383484,21.5789756775,21.2795478369,21.27954783690759,7.58859641791787e-12,21.6169392326,21.616939232643173,4.317257662478369e-11,14.5,22.0,24.0,11.3,0.0,50.0,1034.706213629871,22.0,17.152071223588656,0.12159552228814838,-289.18918384590376,0.0,-289.18918384590376,6
245,one_step,21.279548645,21.6169395447,21.279548645,21.6169395447,21.1354547716,21.13545477159801,-1.9895196601282805e-12,21.6822985865,21.682298586445295,-5.4704685226170113e-11,14.5,22.0,24.0,11.0,0.0,50.0,394.35458817261497,22.0,4.931056257223505,0.0926273608989571,-222.31300894022496,0.0,-222.31300894022496,6
246,one_step,21.1354560852,21.6822986603,21.1354560852,21.6822986603,21.0190333477,21.019033347647866,-5.213252052271855e-11,21.7526304422,21.752630442240267,4.026645683552488e-11,14.5,22.0,24.0,10.7,0.0,50.0,126.77251484481219,22.0,0.0,0.080939,-196.4562676962485,24.736875662024715,-171.71939203422377,6
247,one_step,21.019033432,21.7526302338,21.019033432,21.7526302338,20.918602007,20.918602006977498,-2.2502888441522373e-11,21.7142636884,21.714263688429465,2.9466207251971355e-11,14.5,22.0,24.0,10.5,0.0,50.0,126.772514834,22.0,0.0,0.080939,-195.6293471097323,27.789641629682293,-167.83970548005,6
248,one_step,20.9186019897,21.714263916,20.9186019897,21.714263916,20.8258653848,20.825865384774293,-2.5707436179800425e-11,21.6671617563,21.66716175625446,-4.554223664854362e-11,14.5,22.0,24.0,10.4,0.0,50.0,126.772514834,22.0,0.0,0.080939,-194.348864719618,32.51683445383762,-161.8320302657804,6
249,one_step,20.8258647919,21.6671619415,20.8258647919,21.6671619415,20.7404724426,20.74047244262062,2.0619950191758107e-11,21.6507052795,21.650705279497625,-2.3732127374387346e-12,13.4872207642,22.4322891235,24.0,10.2,0.0,50.0,126.772514834,22.4322891235,0.0,0.080939,-221.29349484484047,77.5514221429983,-143.74207270184218,6
250,one_step,20.7404727936,21.6507053375,20.7404727936,21.6507053375,20.6840899272,20.684089927207957,7.958078640513122e-12,21.6219155415,21.621915541462833,-3.716849050761084e-11,13.4872207642,22.4322891235,24.0,11.2,2.145,50.0,126.772514834,22.4322891235,0.0,0.080939,-220.47570629150056,80.57047512714739,-139.90523116435315,6
251,one_step,20.6840896606,21.6219158173,20.6840896606,21.6219158173,20.6699266067,20.6699266066463,-5.369926725506957e-11,21.6839421486,21.683942148557726,-4.227374006404716e-11,13.4872207642,22.4322891235,24.0,12.2,64.12887319,50.0,126.772514834,22.4322891235,0.0,0.080939,-221.99195384612926,74.9729014195978,-147.01905242653146,6
252,one_step,20.6699256897,21.6839408875,20.6699256897,21.6839408875,20.6613383519,20.66133835188776,-1.2239098623467726e-11,21.5273497359,21.527349735940984,4.098410499864258e-11,12.8000001907,22.0,24.0,13.4,25.575,50.0,126.772514834,22.0,0.0,0.080939,-236.57417430574017,46.63245335411936,-189.94172095162082,6
253,one_step,20.6613388062,21.527349472,20.6613388062,21.527349472,20.6956217359,20.695621735939493,3.949196525354637e-11,21.6390795326,21.63907953265027,5.027089855502709e-11,12.8000001907,22.0,24.0,14.6,115.3798774,50.0,126.772514834,22.0,0.0,0.080939,-239.25826792175133,36.72350952254,-202.53475839921134,6
254,one_step,20.6956214905,21.6390800476,20.6956214905,21.6390800476,20.6975653725,20.697565372524238,2.4236612716777017e-11,21.0497524858,21.049752485779063,-2.0936141709171352e-11,14.5,20.0,24.0,15.8,58.56735122,50.0,2470.440778203003,20.0,59.58123200120518,0.2221677562962624,-492.97466741137805,0.0,-492.97466741137805,6
255,one_step,20.6975650787,21.0497531891,20.6975650787,21.0497531891,20.7121104839,20.712110483835822,-6.417621989385225e-11,21.0116907311,21.011690731089793,-1.0206946399193839e-11,14.5,20.0,24.0,17.1,172.7271834,180.0,4459.88375726334,20.0,98.75168485573455,0.31501569103005017,-691.7537568794977,0.0,-691.7537568794977,6
256,one_step,20.7121105194,21.0116901398,20.7121105194,21.0116901398,20.7054901971,20.70549019709359,-6.412648190234904e-12,20.8549105426,20.854910542596603,-3.396394276933279e-12,14.5,20.0,24.0,18.0,121.6166718,180.0,4459.88375727,20.0,100.0,0.31797464285714283,-676.9774674021322,0.0,-676.9774674021322,6
257,one_step,20.7054901123,20.8549098969,20.7054901123,20.8549098969,20.7705883943,20.770588394292886,-7.112532784958603e-12,21.1248846795,21.124884679478516,-2.148325961570663e-11,14.5,20.0,24.0,19.0,326.3605193,180.0,4459.88375727,20.0,100.0,0.31797464285714283,-703.3861273419974,0.0,-703.3861273419974,6
258,one_step,20.7705879211,21.1248855591,20.7705879211,21.1248855591,20.8543497599,20.854349759821925,-7.807443580531981e-11,21.1706343732,21.170634373206255,6.256328788367682e-12,14.5,20.0,24.0,19.8,318.3817948,180.0,4459.88375727,20.0,100.0,0.31797464285714283,-709.084965341139,0.0,-709.084965341139,6
259,one_step,20.8543510437,21.1706352234,20.8543510437,21.1706352234,21.159700665,21.15970066499215,-7.847944516470307e-12,23.0991909851,23.09919098505213,-4.787281682183675e-11,13.3279304504,25.3280944824,24.0,20.7,502.835609,180.0,0.0,25.3280944824,0.0,0.080939,-261.99775122295165,232.79194225647154,-29.205808966480106,6
260,one_step,21.1597003937,23.0991897583,21.1597003937,23.0991897583,21.5445391457,21.544539145736543,3.654321290014195e-11,23.4222462685,23.422246268499766,-2.3447910280083306e-13,13.3279304504,25.3280944824,24.0,21.4,527.0519262,180.0,0.0,25.3280944824,0.0,0.080939,-272.44098977597355,194.23834501068563,-78.20264476528791,6
261,one_step,21.5445384979,23.422246933,21.5445384979,23.422246933,21.9477239061,21.94772390608058,-1.9419132968323538e-11,23.7656036128,23.765603612763012,-3.6987302109992015e-11,13.3279304504,25.3280944824,24.0,22.2,638.5913125,180.0,0.0,25.3280944824,0.0,0.080939,-281.6896358138299,160.09485852399905,-121.59477728983086,6
262,one_step,21.9477233887,23.7656021118,21.9477233887,23.7656021118,22.3401539158,22.34015391583226,3.226219291718735e-11,23.9971673897,23.99716738969246,-7.538858426414663e-12,13.3279304504,25.3280944824,24.0,22.9,658.9123948,180.0,0.0,25.3280944824,0.0,0.080939,-288.092479357145,136.45730108016176,-151.63517827698325,6
263,one_step,22.3401546478,23.9971675873,22.3401546478,23.9971675873,22.7231498766,22.72314987661934,1.9337420553711127e-11,24.2398576404,24.239857640336126,-6.38742392311542e-11,13.3279304504,25.3280944824,24.0,23.6,697.2725064,180.0,0.0,25.3280944824,0.0,0.080939,-294.6716056182041,112.16895577326937,-182.50264984493475,6
264,one_step,22.7231502533,24.23985672,22.7231502533,24.23985672,23.0885299899,23.088529989887938,-1.20614629395277e-11,24.5020590166,24.50205901661404,1.404032445861958e-11,12.8000001907,26.0,24.0,24.1,681.4563209,180.0,0.0,26.0,0.0,0.080939,-316.0853908304896,153.09866085728564,-162.98672997320395,6
265,one_step,23.0885295868,24.5020599365,23.0885295868,24.5020599365,23.4229753283,23.422975328278174,-2.1827872842550278e-11,24.6315815528,24.631581552827367,2.736655346780026e-11,12.8000001907,26.0,24.0,24.6,642.4392002,180.0,0.0,26.0,0.0,0.080939,-319.78002280919367,139.45908415364522,-180.32093865554845,6
266,one_step,23.4229736328,24.6315803528,23.4229736328,24.6315803528,23.6051237025,23.605123702468422,-3.157651917717885e-11,23.4388057741,23.43880577405091,-4.909139761366532e-11,16.0,20.0,24.0,24.9,637.7336903,180.0,2672.6575231923616,20.0,100.0,0.31797464285714283,-796.8527376902329,0.0,-796.8527376902329,6
267,one_step,23.6051254272,23.4388065338,23.6051254272,23.4388065338,23.6928546513,23.692854651211224,-8.877520940586692e-11,23.3310430074,23.331043007401146,1.1439738045737613e-12,16.0,20.0,24.0,25.3,585.9585331,180.0,2672.65752319,20.0,100.0,0.31797464285714283,-779.9920094432144,0.0,-779.9920094432144,6
268,one_step,23.692855835,23.3310432434,23.692855835,23.3310432434,23.7632944943,23.763294494364477,6.447820055655029e-11,23.3333331496,23.333333149585517,-1.4484413668469642e-11,16.0,20.0,24.0,25.5,564.1478081,180.0,2672.65752319,20.0,100.0,0.31797464285714283,-779.8842954236429,0.0,-779.8842954236429,6
269,one_step,23.76329422,23.3333320618,23.76329422,23.3333320618,23.8303441279,23.83034412793447,3.447198082540126e-11,23.4047401514,23.404740151369193,-3.0805580308879144e-11,16.7604312897,20.5371112823,24.0,25.7,427.3706743,180.0,3576.3479209795396,20.5371112823,100.0,0.31797464285714283,-710.6279584034683,0.0,-710.6279584034683,6
270,one_step,23.8303451538,23.4047393799,23.8303451538,23.4047393799,23.8617611182,23.861761118165045,-3.495514988571813e-11,23.3360461917,23.336046191693647,-6.352252057695296e-12,16.7604312897,20.5371112823,24.0,25.7,404.5248898,180.0,3576.3479209,20.5371112823,100.0,0.31797464285714283,-699.8243989806505,0.0,-699.8243989806505,6
271,one_step,23.8617610931,23.3360462189,23.8617610931,23.3360462189,23.8450375068,23.845037506789645,-1.035616037370346e-11,23.1399784912,23.139978491170883,-2.9118041311448906e-11,16.7604312897,20.5371112823,24.0,25.8,253.8081434,180.0,3576.3479209,20.5371112823,100.0,0.31797464285714283,-679.8370162200207,0.0,-679.8370162200207,6
272,one_step,23.8450393677,23.1399784088,23.8450393677,23.1399784088,23.961696174,23.961696174014776,1.4775736190131283e-11,24.5795778535,24.57957785346356,-3.643663148977794e-11,17.7000007629,26.0,24.0,25.6,241.4189939,180.0,0.0,26.0,0.0,0.080939,-184.71051566128187,148.09892224280185,-36.61159341848003,6
273,one_step,23.9616966248,24.5795783997,23.9616966248,24.5795783997,24.0919853227,24.091985322728956,2.8954616482224083e-11,24.5741196297,24.574119629715,1.4999557151895715e-11,17.7000007629,26.0,24.0,25.4,121.5903995,180.0,0.0,26.0,0.0,0.080939,-185.98297199307643,143.40135944369655,-42.581612549379884,6
274,one_step,24.0919857025,24.5741195679,24.0919857025,24.5741195679,24.1984261419,24.19842614192838,2.83790768662584e-11,24.6144190784,24.614419078390917,-9.084288876692881e-12,17.7000007629,26.0,24.0,25.1,111.0297964,180.0,0.0,26.0,0.0,0.080939,-187.07018846215644,139.387651851451,-47.68253661070543,6
275,one_step,24.198425293,24.6144180298,24.198425293,24.6144180298,24.2457587069,24.245758706892715,-7.283063041541027e-12,24.3442396595,24.34423965954336,4.3357317736081313e-11,17.7000007629,26.0,24.0,24.7,49.5,50.0,0.0,26.0,0.0,0.080939,-180.1643358848496,164.88218188181384,-15.282154003035771,6
276,one_step,24.2457580566,24.3442401886,24.2457580566,24.3442401886,24.2854091465,24.285409146443502,-5.6498805633964366e-11,24.3910956356,24.39109563561562,1.5621282045685803e-11,17.7000007629,26.0,24.0,24.7,84.07869119,50.0,0.0,26.0,0.0,0.080939,-181.13007724528978,161.31692736187057,-19.813149883419214,6
277,one_step,24.28540802,24.3910942078,24.28540802,24.3910942078,24.1130355687,24.11303556867254,-2.7458924023449072e-11,22.7130526874,22.71305268735176,-4.8242299044432e-11,16.0,20.0,24.0,22.5,16.5,50.0,3433.3313651353797,20.0,100.0,0.31797464285714283,-724.8644385121574,0.0,-724.8644385121574,6
278,one_step,24.1130371094,22.7130527496,24.1130371094,22.7130527496,23.8467706652,23.846770665221648,2.1646684444931452e-11,22.4592469933,22.459246993264383,-3.561595462997502e-11,16.0,20.0,24.0,21.4,19.43577404,50.0,3433.33136512,20.0,100.0,0.31797464285714283,-690.2882059160559,0.0,-690.2882059160559,6
279,one_step,23.8467712402,22.4592475891,23.8467712402,22.4592475891,23.575116504,23.575116504009628,9.627854069549358e-12,22.3024055803,22.302405580316375,1.637445734559151e-11,16.0,20.0,24.0,20.3,12.69591984,50.0,3433.33136512,20.0,100.0,0.31797464285714283,-673.220246316222,0.0,-673.220246316222,6
280,one_step,23.5751171112,22.302406311,23.5751171112,22.302406311,23.3151571403,23.315157140322317,2.2318147330224747e-11,22.1476876598,22.147687659754858,-4.5140780002839165e-11,16.0,20.0,24.0,19.9,0.0,50.0,3433.33136512,20.0,100.0,0.31797464285714283,-656.6660326071504,0.0,-656.6660326071504,6
281,one_step,23.3151569366,22.147687912,23.3151569366,22.147687912,23.0712954988,23.07129549876039,-3.9612757518625585e-11,22.0165399876,22.01653998754717,-5.283240511744225e-11,16.0,20.0,24.0,19.6,0.0,50.0,4057.5176446018468,20.0,100.0,0.31797464285714283,-642.5092237712803,0.0,-642.5092237712803,6
282,one_step,23.0712966919,22.0165405273,23.0712966919,22.0165405273,22.8447424764,22.844742476423786,2.3785418079569354e-11,21.8948697769,21.894869776919275,1.9277024421171518e-11,16.0,20.0,24.0,19.4,0.0,50.0,4057.51764461,20.0,100.0,0.31797464285714283,-629.3902713266928,0.0,-629.3902713266928,6
283,one_step,22.8447418213,21.8948707581,22.8447418213,21.8948707581,22.7672962669,22.76729626691025,1.0249578963339445e-11,23.0963442269,23.096344226911327,1.1326051208015997e-11,17.7000007629,24.0,24.0,19.3,0.0,50.0,0.0,24.0,0.0,0.080939,-145.10757796625737,94.30220026732954,-50.80537769892783,6
284,one_step,22.7672958374,23.0963439941,22.7672958374,23.0963439941,22.7488713938,22.748871393749404,-5.0594195499797934e-11,23.1477299233,23.14772992332708,2.708233637349622e-11,17.7000007629,24.0,24.0,19.1,0.0,50.0,0.0,24.0,0.0,0.080939,-147.54640860225024,85.29870067155088,-62.24770793069936,6
285,one_step,22.7488708496,23.1477298737,22.7488708496,23.1477298737,22.7329011612,22.73290116119576,-4.241940132487798e-12,23.1427437472,23.142743747200146,1.4566126083082054e-13,17.7000007629,24.0,24.0,19.0,0.0,50.0,0.0,24.0,0.0,0.080939,-147.46341949326327,85.60507389738738,-61.85834559587589,6
286,one_step,22.7329025269,23.142742157,22.7329025269,23.142742157,22.7126745165,22.712674516496673,-3.3288927170360694e-12,23.1334333903,23.13343339029572,-4.277467269275803e-12,17.7000007629,24.0,24.0,18.7,0.0,50.0,0.0,24.0,0.0,0.080939,-147.22292247353585,86.49292350364775,-60.7299989698881,6
287,one_step,22.7126731873,23.1334342957,22.7126731873,23.1334342957,22.5047640191,22.504764019173425,7.342393359976995e-11,21.1999465277,21.199946527710892,1.0892620139202336e-11,12.8000001907,18.0,24.0,18.4,0.0,50.0,2895.953156407286,18.0,100.0,0.31797464285714283,-904.5802356757714,0.0,-904.5802356757714,6
288,one_step,22.5047645569,21.1999473572,22.5047645569,21.1999473572,22.2171719112,22.217171911202943,2.9416469260468148e-12,20.9304049829,20.930404982939905,3.9904080040287226e-11,12.8000001907,18.0,24.0,18.2,0.0,50.0,2895.95315638,18.0,100.0,0.31797464285714283,-868.3398822236983,0.0,-868.3398822236983,6
289,one_step,22.2171707153,20.9304046631,22.2171707153,20.9304046631,21.9433687556,21.943368755569992,-3.000977244482783e-11,20.777632638,20.777632637958817,-4.118305696465541e-11,12.8000001907,18.0,24.0,17.9,0.0,50.0,2895.95315638,18.0,99.93806954940779,0.31782784561545724,-851.0658413365235,0.0,-851.0658413365235,6
290,one_step,21.9433670044,20.777633667,21.9433670044,20.777633667,21.6893440215,21.68934402146527,-3.4727776210274897e-11,20.6408835015,20.64088350145866,-4.133937636652263e-11,12.8000001907,18.0,24.0,17.7,0.0,50.0,3729.24325648,18.0,100.0,0.31797464285714283,-836.7431476135911,0.0,-836.7431476135911,6
291,one_step,21.6893424988,20.6408843994,21.6893424988,20.6408843994,21.4534145245,21.453414524528544,2.8542501695483224e-11,20.5141396334,20.51413963337282,-2.7178259642823832e-11,12.8000001907,18.0,24.0,17.5,0.0,50.0,3729.24325648,18.0,100.0,0.31797464285714283,-823.0752121794369,0.0,-823.0752121794369,6
292,one_step,21.453414917,20.5141391754,21.453414917,20.5141391754,21.2360772851,21.236077285142233,4.2234660213580355e-11,20.3972446384,20.39724463837344,-2.6560087462712545e-11,12.8000001907,18.0,24.0,17.4,0.0,50.0,3729.24325648,18.0,100.0,0.31797464285714283,-810.4652811397312,0.0,-810.4652811397312,6
293,one_step,21.236076355,20.3972434998,21.236076355,20.3972434998,21.2349638187,21.23496381869024,-9.759304475664976e-12,22.3779065028,22.377906502775865,-2.4133584020091803e-11,16.4681797028,25.1263408661,24.0,17.3,0.0,50.0,0.0,25.1263408661,0.0,0.080939,-157.4435327326794,284.577402006752,127.1338692740726,6
294,one_step,21.2349624634,22.3779067993,21.2349624634,22.3779067993,21.3350177805,21.335017780530013,3.001332515850663e-11,22.5605103401,22.560510340145857,4.5858428165956866e-11,16.4681797028,25.1263408661,24.0,17.2,0.0,50.0,0.0,25.1263408661,0.0,0.080939,-164.6706897463576,257.8967033592256,93.22601361286803,6
295,one_step,21.335018158,22.5605106354,21.335018158,22.5605106354,21.4300272213,21.430027221352955,5.2953197382521466e-11,22.6164830663,22.616483066306074,6.0751403907488566e-12,16.4681797028,25.1263408661,24.0,17.1,0.0,50.0,0.0,25.1263408661,0.0,0.080939,-166.32213192321035,251.80002786552436,85.477895942314,6
296,one_step,21.4300270081,22.6164836884,21.4300270081,22.6164836884,21.5168015232,21.516801523222014,2.2012613953847904e-11,22.6618238656,22.661823865642468,4.246913931638119e-11,16.4681797028,25.1263408661,24.0,17.1,0.0,50.0,0.0,25.1263408661,0.0,0.080939,-167.5751974331805,247.174050708276,79.59885327509551,6
297,one_step,21.5167999268,22.6618232727,21.5167999268,22.6618232727,21.5977403313,21.597740331324204,2.4204638293667813e-11,22.7034877219,22.70348772188338,-1.6619594589428743e-11,16.4681797028,25.1263408661,24.0,17.2,0.0,50.0,0.0,25.1263408661,0.0,0.080939,-168.71755287797916,242.95678500983476,74.2392321318556,6
298,one_step,21.5977401733,22.7034873962,21.5977401733,22.7034873962,21.6854003449,21.685400344844737,-5.526246127374179e-11,22.7481108622,22.748110862225875,2.5874413722704048e-11,16.4681797028,25.1263408661,24.0,17.9,1.32,50.0,0.0,25.1263408661,0.0,0.080939,-169.9116853037703,238.54837277560853,68.63668747183823,6
299,one_step,21.6854019165,22.7481117249,21.6854019165,22.7481117249,21.6832997681,21.683299768076303,-2.369660023759934e-11,21.6318651565,21.631865156489656,-1.0345502232667059e-11,15.3424062729,20.527431488,24.0,18.6,35.15155489,50.0,2949.2261856798905,20.527431488,69.86499673363755,0.2465439441396996,-527.5664448429184,0.0,-527.5664448429184,6
300,one_step,21.6833000183,21.6318645477,21.6833000183,21.6318645477,21.6100090156,21.610009015604152,4.1531222905177856e-12,21.2424413831,21.24244138313277,3.277023097325582e-11,15.3424062729,20.527431488,24.0,19.4,52.11890201,50.0,4615.146476064079,20.527431488,99.20729271737878,0.31609564405380625,-629.6609833648135,0.0,-629.6609833648135,6
301,one_step,21.6100082397,21.2424411774,21.6100082397,21.2424411774,21.5997982322,21.599798232175097,-2.490452288839151e-11,21.6856380688,21.685638068799342,-6.572520305780927e-13,17.7000007629,18.0,24.0,20.2,103.1705886,50.0,3119.3886391626065,18.0,100.0,0.31797464285714283,-423.8153463289855,0.0,-423.8153463289855,6
302,one_step,21.5997982025,21.6856384277,21.5997982025,21.6856384277,21.6273549397,21.627354939683467,-1.653077674745873e-11,21.7190147846,21.719014784603438,3.439026841078885e-12,17.7000007629,18.0,24.0,21.3,118.2119072,50.0,3119.38863915,18.0,100.0,0.31797464285714283,-427.3524035211021,0.0,-427.3524035211021,6
303,one_step,21.6273555756,21.7190151215,21.6273555756,21.7190151215,21.7268033134,21.72680331339046,-9.542588941258145e-12,22.116772147,22.116772147053656,5.3656634690923966e-11,17.7000007629,18.0,24.0,22.4,215.5118592,180.0,3119.38863915,18.0,100.0,0.31797464285714283,-467.6248197945707,0.0,-467.6248197945707,6
304,one_step,21.7268028259,22.116771698,21.7268028259,22.116771698,21.8623593721,21.862359372075822,-2.417621658423741e-11,22.1924394656,22.192439465562643,-3.735678433258727e-11,17.7000007629,18.0,24.0,24.0,206.5466754,180.0,3119.38863915,18.0,100.0,0.31797464285714283,-476.80556158234845,0.0,-476.80556158234845,6
305,one_step,21.8623580933,22.192440033,21.8623580933,22.192440033,22.0874489582,22.08744895825678,5.6779470014589606e-11,22.7378385431,22.73783854311088,1.0878409284487134e-11,14.5,22.0,24.0,25.6,311.3110626,180.0,1011.5831893483144,22.0,26.904612945624134,0.14471252225388626,-399.1366508882104,0.0,-399.1366508882104,6
306,one_step,22.0874481201,22.7378387451,22.0874481201,22.7378387451,22.308790052,22.30879005195848,-4.1520564764141454e-11,22.6052220058,22.605222005765675,-3.432631956457044e-11,14.5,22.0,24.0,26.7,325.6391487,180.0,2260.5245907591816,22.0,50.91297252923634,0.20162089173235592,-548.8217050497127,0.0,-548.8217050497127,6
307,one_step,22.3087902069,22.605222702,22.3087902069,22.605222702,22.5244095142,22.524409514229724,2.972555535052379e-11,22.5787053575,22.5787053575219,2.1902479829805088e-11,14.5,22.0,24.0,27.8,435.52913,180.0,3380.3261251886024,22.0,73.01009674426626,0.25399895216839347,-688.5741182326619,0.0,-688.5741182326619,6
308,one_step,22.5244102478,22.578704834,22.5244102478,22.578704834,22.7070901227,22.70709012267537,-2.4627411221445072e-11,22.4697091475,22.469709147465,-3.5001335163542535e-11,14.5,22.0,24.0,28.4,454.5937732,180.0,4347.089538525399,22.0,91.34864145061113,0.2974678395037225,-795.3902007183841,0.0,-795.3902007183841,6
309,one_step,22.7070903778,22.4697093964,22.7070903778,22.4697093964,22.8933393741,22.89333937405558,-4.4423131839721464e-11,22.5742625454,22.574262545393776,-6.224354365258478e-12,14.5,22.0,24.0,29.0,580.4206376,180.0,4642.264100863081,22.0,100.0,0.31797464285714283,-857.7973055559755,0.0,-857.7973055559755,6
310,one_step,22.8933391571,22.574262619,22.8933391571,22.574262619,23.2639952018,23.26399520177038,-2.9618973940159776e-11,24.5638379903,24.563837990341746,4.1744385725905886e-11,16.0,26.0,24.0,29.4,619.7803923,180.0,0.0,26.0,0.0,0.080939,-229.29443607794462,153.50728661745876,-75.78714946048586,6
311,one_step,23.2639961243,24.5638389587,23.2639961243,24.5638389587,23.7043806432,23.704380643229445,2.944489096989855e-11,24.9321957932,24.93219579320823,8.23163759378076e-12,16.0,26.0,24.0,29.8,663.7260124,180.0,0.0,26.0,0.0,0.080939,-240.82044999411985,110.95637713498228,-129.8640728591376,6
312,one_step,23.7043800354,24.9321956635,23.7043800354,24.9321956635,24.0825598489,24.08255984889155,-8.451905841866392e-12,24.717945984,24.717945983953086,-4.6913584128560615e-11,17.7000007629,24.0,24.0,30.0,674.8781294,180.0,1482.8355842374428,24.0,36.32270308245669,0.16703675275459245,-393.5846697934273,0.0,-393.5846697934273,6
313,one_step,24.0825614929,24.7179450989,24.0825614929,24.7179450989,24.3836556626,24.383655662601846,1.8474111129762605e-12,24.6073866791,24.607386679069293,-3.070610432587273e-11,17.7000007629,24.0,24.0,30.2,671.7087303,180.0,2685.801327314812,24.0,59.32598848339178,0.22156273818296224,-513.3624636530916,0.0,-513.3624636530916,6
314,one_step,24.3836555481,24.6073875427,24.3836555481,24.6073875427,24.5177742003,24.517774200342984,4.298428279980726e-11,23.4507878594,23.450787859440442,4.04440925194649e-11,13.5510931015,19.4341468811,24.0,30.2,665.6367001,180.0,2896.964146345251,19.4341468811,100.0,0.31797464285714283,-1058.6158642507019,0.0,-1058.6158642507019,6
315,one_step,24.5177745819,23.4507865906,24.5177745819,23.4507865906,24.552887761,24.55288776099872,-1.2825296380469808e-12,23.2897672619,23.28976726186374,-3.625899580583791e-11,13.5510931015,19.4341468811,24.0,30.3,586.1941688,180.0,2896.96414635,19.4341468811,100.0,0.31797464285714283,-1036.7924115292496,0.0,-1036.7924115292496,6
316,one_step,24.5528869629,23.289768219,24.5528869629,23.289768219,24.7735733994,24.77357339939437,-5.631051180898794e-12,25.2834140618,25.28341406176836,-3.163691530971846e-11,16.0,26.0,24.0,30.3,572.1824811,180.0,0.0,26.0,0.0,0.080939,-249.09077952008752,80.42456920823291,-168.66621031185463,6
317,one_step,24.7735729218,25.2834129333,24.7735729218,25.2834129333,25.0256979477,25.025697947762858,6.285816311901726e-11,25.367722416,25.367722415996514,-3.4852121189032914e-12,16.0,26.0,24.0,30.3,454.8860944,180.0,0.0,26.0,0.0,0.080939,-253.22785523335904,65.15161053597893,-188.0762446973801,6
318,one_step,25.0256977081,25.3677215576,25.0256977081,25.3677215576,25.2395784804,25.239578480394567,-5.432099214885966e-12,25.4291783417,25.429178341706184,6.185274514791672e-12,16.0,26.0,24.0,30.2,414.3494852,180.0,0.0,26.0,0.0,0.080939,-254.9816522252168,58.677068895312345,-196.30458332990446,6
319,one_step,25.2395782471,25.4291782379,25.2395782471,25.4291782379,25.3687698587,25.36876985874603,4.603251113621809e-11,25.2416191586,25.241619158597523,-2.476241434123949e-12,16.0,26.0,24.0,30.1,199.232742,180.0,0.0,26.0,0.0,0.080939,-250.29669705287958,75.97264956330214,-174.32404748957742,6
320,one_step,25.3687705994,25.2416191101,25.3687705994,25.2416191101,25.4907258806,25.490725880633317,3.33173488797911e-11,25.3661652949,25.366165294942,4.200018111077952e-11,16.0,26.0,24.0,30.0,261.6700759,180.0,0.0,26.0,0.0,0.080939,-253.37102914018416,64.62305140062874,-188.74797773955544,6
321,one_step,25.4907264709,25.3661651611,25.4907264709,25.3661651611,25.5605606271,25.560560627052357,-4.764189043271472e-11,25.2327693684,25.232769368415333,1.5333512237702962e-11,16.0,26.0,24.0,29.9,114.3458143,180.0,0.0,26.0,0.0,0.080939,-250.10571112981316,76.67771766264053,-173.42799346717263,6
322,one_step,25.5605602264,25.2327690125,25.5605602264,25.2327690125,25.4392884283,25.43928842827623,-2.376765451117535e-11,23.4687263537,23.468726353664245,-3.575451046344824e-11,14.5,20.0,24.0,29.5,115.2699438,180.0,2824.9049646316316,20.0,100.0,0.31797464285714283,-964.2103522248744,0.0,-964.2103522248744,6
323,one_step,25.439289093,23.4687271118,25.439289093,23.4687271118,25.1890068143,25.189006814271867,-2.8133939622421167e-11,22.9129241165,22.912924116514585,1.4583889651476056e-11,14.5,20.0,24.0,29.1,50.47379171,50.0,2824.90496462,20.0,100.0,0.31797464285714283,-899.3713190613058,0.0,-899.3713190613058,6
324,one_step,25.1890068054,22.9129238129,25.1890068054,22.9129238129,24.9291874409,24.92918744089614,-3.8617997688561445e-12,22.700551651,22.70055165095197,-4.803268893738277e-11,14.5,20.0,24.0,29.1,9.822621031,50.0,3682.845725522428,20.0,100.0,0.31797464285714283,-875.3984065207633,0.0,-875.3984065207633,6
325,one_step,24.9291877747,22.7005519867,24.9291877747,22.7005519867,24.7617532934,24.761753293390154,-9.848122317634989e-12,23.5971380549,23.597138054937627,3.7626790572176105e-11,17.5619487762,22.0059299469,24.0,26.9,7.753900341,50.0,2447.1218962905514,22.0059299469,63.63532989765021,0.23177741330715879,-471.34492898405654,0.0,-471.34492898405654,6
326,one_step,24.7617530823,23.5971374512,24.7617530823,23.5971374512,24.5915656851,24.591565685104943,4.941824727211497e-12,23.1800424678,23.18004246783889,3.8891556641829084e-11,17.5619487762,22.0059299469,24.0,26.0,4.883980219,50.0,4229.006584186538,22.0059299469,100.0,0.31797464285714283,-602.9570648977874,0.0,-602.9570648977874,6
327,one_step,24.5915660858,23.1800422668,24.5915660858,23.1800422668,24.3936049441,24.393604944121687,2.1685764295398258e-11,23.0262838581,23.02628385807365,-2.6350477355663315e-11,17.5619487762,22.0059299469,24.0,25.2,3.351779879,50.0,4229.00658417,22.0059299469,100.0,0.31797464285714283,-583.514555869995,0.0,-583.514555869995,6
328,one_step,24.3936042786,23.0262832642,24.3936042786,23.0262832642,24.1960713346,24.196071334584875,-1.5123902130653732e-11,22.9156216546,22.915621654588193,-1.1805667554654065e-11,17.5619487762,22.0059299469,24.0,24.5,0.0,50.0,4535.1125793599995,22.0059299469,100.0,0.31797464285714283,-571.5534510354553,0.0,-571.5534510354553,6
329,one_step,24.1960716248,22.9156227112,24.1960716248,22.9156227112,24.073258335,24.07325833507282,7.281997227437387e-11,23.5465311721,23.546531172164215,6.421529974431905e-11,12.8000001907,24.0,24.0,23.7,0.0,50.0,0.0,24.0,0.0,0.080939,-290.679970635408,46.88856454360035,-243.79140609180763,6
330,one_step,24.0732574463,23.5465316772,24.0732574463,23.5465316772,23.97915245,23.979152449981267,-1.873345922831504e-11,23.5338105434,23.533810543355077,-4.4924064468432334e-11,12.8000001907,24.0,24.0,23.0,0.0,50.0,0.0,24.0,0.0,0.080939,-290.928779944084,45.97002822663363,-244.95875171745035,6
331,one_step,23.9791526794,23.5338096619,23.9791526794,23.5338096619,23.9177308756,23.917730875570406,-2.959410494440817e-11,23.8493863949,23.849386394896708,-3.2933655802480644e-12,12.8000001907,26.0,24.0,22.3,0.0,50.0,0.0,26.0,0.0,0.080939,-299.09229336671217,215.83255631036664,-83.25973705634553,6
332,one_step,23.9177322388,23.8493881226,23.9177322388,23.8493881226,23.8658037596,23.86580375964767,4.767031214214512e-11,23.8413561209,23.841356120934655,3.4656721936698887e-11,12.8000001907,26.0,24.0,21.7,0.0,50.0,0.0,26.0,0.0,0.080939,-299.18167820212494,215.50257180154907,-83.67910640057588,6
333,one_step,23.8658027649,23.8413562775,23.8658027649,23.8413562775,23.7891270333,23.789127033325645,2.5643487333582016e-11,23.6096862161,23.60968621609891,-1.0871303857129533e-12,16.0,24.0,24.0,21.2,0.0,50.0,0.0,24.0,0.0,0.080939,-206.49237706314995,37.68628867392856,-168.80608838922137,6
334,one_step,23.7891273499,23.6096858978,23.7891273499,23.6096858978,23.7029035842,23.702903584207583,7.581490990560269e-12,23.5570059512,23.5570059511748,-2.5199398123731953e-11,16.0,24.0,24.0,20.8,0.0,50.0,0.0,24.0,0.0,0.080939,-204.90309060939603,43.55350213794367,-161.34958847145236,6
335,one_step,23.7029037476,23.5570068359,23.7029037476,23.5570068359,23.6182267923,23.618226792375992,7.599254558954271e-11,23.5137147067,23.513714706720762,2.0762058738910127e-11,16.0,24.0,24.0,20.5,0.0,50.0,0.0,24.0,0.0,0.080939,-203.71837454876342,47.927151712292115,-155.79122283647132,6
