row_index,simulation_type,T_env_start_measured,T_zone_start_measured,T_env_start_model,T_zone_start_model,T_env_measured,T_env_predicted,T_env_error,T_zone_measured,T_zone_predicted,T_zone_error,SAT_sp,ZAT_sp,T_cor_used,T_out_used,Qsg_used,Qint_used,integral_error_predicted_end,prev_zat_sp_predicted_end,damper_signal_predicted_end,m_fan_predicted_end,Q_air_last_predicted_W,Q_reheat_last_predicted_W,Q_hvac_last_predicted_W,n_pi_loops
0,rollout,20.0,24.0,20.0,24.0,20.316447094,20.31644709395738,-4.262190600456961e-11,22.0244188476,22.024418847641964,4.196465397399152e-11,14.950504303,24.8687839508,24.0,18.0,0.0,50.0,0.0,24.8687839508,0.0,0.080939,-193.04096084667034,279.1732247167772,86.13226387010687,6
1,rollout,20.3164482117,22.0244178772,20.31644709395738,22.024418847641964,20.5275044316,20.52750348418294,-9.474170603596122e-07,22.0266505424,22.026650126166334,-4.1623366442422594e-07,14.950504303,24.8687839508,24.0,19.0,0.0,50.0,0.0,24.8687839508,0.0,0.080939,-191.30775634192378,285.57174449407796,94.26398815215418,6
2,rollout,20.5275039673,22.0266513824,20.52750348418294,22.026650126166334,20.7436509031,20.743650402892065,-5.002079355165279e-07,22.2301548781,22.23015447113604,-4.0696395942063646e-07,16.0,26.0,24.0,20.0,0.0,50.0,0.0,26.0,0.0,0.080939,-168.06028850718272,300.0,131.93971149281728,6
3,rollout,20.7436504364,22.2301559448,20.743650402892065,22.23015447113604,20.9729564198,20.972956308420475,-1.1137952427020537e-07,22.3758744901,22.37587428424895,-2.0585104820725064e-07,16.0,26.0,24.0,21.3,0.0,50.0,0.0,26.0,0.0,0.080939,-172.06844619586806,300.0,127.93155380413194,6
4,rollout,20.9729576111,22.3758735657,20.972956308420475,22.37587428424895,21.1795978825,21.179596760859788,-1.1216402135971748e-06,22.5090976622,22.50909709098764,-5.71212357414197e-07,16.0,26.0,24.0,21.0,0.0,50.0,0.0,26.0,0.0,0.080939,-175.7374380105581,300.0,124.2625619894419,6
5,rollout,21.1795978546,22.509098053,21.179596760859788,22.50909709098764,21.3653403259,21.365339297558876,-1.0283411242539842e-06,22.6291780187,22.62917733854186,-6.801581378113042e-07,16.0,26.0,24.0,20.7,0.0,50.0,0.0,26.0,0.0,0.080939,-179.0481172548135,300.0,120.95188274518651,6
6,rollout,21.3653411865,22.6291770935,21.365339297558876,22.62917733854186,21.410172882,21.410171218937506,-1.6630624948277273e-06,21.3637961683,21.36379535866658,-8.096334198626209e-07,16.651714325,19.0249099731,24.0,20.5,0.0,50.0,3751.3064669520218,19.0249099731,100.0,0.31797464285714283,-509.36686795267684,0.0,-509.36686795267684,6
7,rollout,21.4101734161,21.3637962341,21.410171218937506,21.36379535866658,21.3717752631,21.371773271533794,-1.991566207948381e-06,21.2323788058,21.23237774825781,-1.057542188931393e-06,16.651714325,19.0249099731,24.0,20.4,0.0,50.0,3751.3064669520218,19.0249099731,100.0,0.31797464285714283,-488.2809518719417,0.0,-488.2809518719417,6
8,rollout,21.3717765808,21.2323799133,21.371773271533794,21.23237774825781,21.3315151723,21.33151213289759,-3.0394024115310003e-06,21.2044653307,21.204463669219265,-1.6614807343273696e-06,16.651714325,19.0249099731,24.0,20.4,0.0,50.0,3751.3064669520218,19.0249099731,100.0,0.31797464285714283,-484.88054610936325,0.0,-484.88054610936325,6
9,rollout,21.3315162659,21.2044639587,21.33151213289759,21.204463669219265,21.296411929,21.296408246553327,-3.682446674702078e-06,21.1848057761,21.184803897167473,-1.8789325260115675e-06,16.651714325,19.0249099731,24.0,20.5,0.0,50.0,3751.3064669520218,19.0249099731,100.0,0.31797464285714283,-482.717523423878,0.0,-482.717523423878,6
10,rollout,21.2964115143,21.1848068237,21.296408246553327,21.184803897167473,21.276533893,21.27653085470665,-3.038293350243748e-06,21.1740161706,21.174014465917256,-1.7046827451849822e-06,16.651714325,19.0249099731,24.0,21.1,1.815,50.0,3751.3064669520218,19.0249099731,100.0,0.31797464285714283,-481.42628706781653,0.0,-481.42628706781653,6
11,rollout,21.2765350342,21.1740150452,21.27653085470665,21.174014465917256,21.2855684803,21.28556474292618,-3.7373738202006734e-06,21.2417373547,21.241735431367307,-1.923332693110069e-06,16.651714325,19.0249099731,24.0,21.7,55.72619567,50.0,3751.3064669520218,19.0249099731,100.0,0.31797464285714283,-488.0973784770393,0.0,-488.0973784770393,6
12,rollout,21.2855682373,21.2417373657,21.28556474292618,21.241735431367307,21.3377367049,21.337733534107482,-3.1707925174373486e-06,21.4582533342,21.458252014422328,-1.3197776702611463e-06,16.0,20.0,24.0,22.4,22.77,50.0,2628.105897890089,20.0,66.10453138400723,0.2376303009237833,-437.772952792723,0.0,-437.772952792723,6
13,rollout,21.3377361298,21.4582538605,21.337733534107482,21.458252014422328,21.3926316037,21.392629272335398,-2.3313646018152667e-06,21.2830096275,21.283008595434467,-1.0320655334794537e-06,16.0,20.0,24.0,23.0,117.7942964,50.0,4342.70083718349,20.0,100.0,0.31797464285714283,-564.1448769482431,0.0,-564.1448769482431,6
14,rollout,21.3926315308,21.2830085754,21.392629272335398,21.283008595434467,21.4285953534,21.428593349531226,-2.0038687722490067e-06,21.2025161187,21.202515106409233,-1.012290766766455e-06,16.0,20.0,24.0,24.0,65.67801958,50.0,4342.70083718349,20.0,100.0,0.31797464285714283,-553.724358174633,0.0,-553.724358174633,6
15,rollout,21.4285964966,21.2025165558,21.428593349531226,21.202515106409233,21.6658326648,21.665829802907577,-2.8618924226009312e-06,22.9555796479,22.955578163815062,-1.4840849367203646e-06,15.9549388885,24.5820922852,24.0,25.0,177.4316214,180.0,0.0,24.5820922852,0.0,0.080939,-187.4239829350883,170.79695481327093,-16.627028121817375,6
16,rollout,21.6658325195,22.9555797577,21.665829802907577,22.955578163815062,21.9625013759,21.962498894982627,-2.4809173737594392e-06,23.1308519993,23.13085070334329,-1.2959567072812206e-06,15.9549388885,24.5820922852,24.0,26.0,129.2898191,180.0,0.0,24.5820922852,0.0,0.080939,-193.6889208070625,147.66850761179705,-46.020413195265434,6
17,rollout,21.9625015259,23.1308517456,21.962498894982627,23.13085070334329,22.3110647749,22.311062394870163,-2.380029837212305e-06,23.5487139467,23.5487127276951,-1.2190049005766923e-06,15.9549388885,24.5820922852,24.0,27.0,333.23752,180.0,0.0,24.5820922852,0.0,0.080939,-204.67547185415037,107.10914836330723,-97.56632349084315,6
18,rollout,22.3110656738,23.5487136841,22.311062394870163,23.5487127276951,22.6495743182,22.649571367385,-2.950814998570195e-06,23.729233716,23.72923222134635,-1.4946536488480433e-06,15.9549388885,24.5820922852,24.0,27.6,329.361975,180.0,0.0,24.5820922852,0.0,0.080939,-209.8198883569762,88.1173613896074,-121.70252696736881,6
19,rollout,22.6495742798,23.7292327881,22.649571367385,23.72923222134635,23.0393094891,23.039306880943574,-2.6081564250546307e-06,24.3078614485,24.307860141252807,-1.3072471922725981e-06,14.5,26.0,24.0,28.3,502.1707031,180.0,0.0,26.0,0.0,0.080939,-264.41774061517907,173.84159620978502,-90.57614440539405,6
20,rollout,23.0393104553,24.3078613281,23.039306880943574,24.307860141252807,23.4235471405,23.423543917322625,-3.2231773730018176e-06,24.543720698,24.5437190582562,-1.6397438002968556e-06,14.5,26.0,24.0,28.7,518.8843589,180.0,0.0,26.0,0.0,0.080939,-271.158617755455,148.95611063650733,-122.20250711894766,6
21,rollout,23.4235477448,24.5437202454,23.423543917322625,24.5437190582562,23.6844544001,23.684450957487236,-3.442612765525155e-06,23.4561969996,23.45619521477166,-1.7848283384580554e-06,16.0,20.0,24.0,29.2,632.8191194,180.0,2630.9267004496887,20.0,100.0,0.31797464285714283,-797.8030554589976,0.0,-797.8030554589976,6
22,rollout,23.6844558716,23.4561958313,23.684450957487236,23.45619521477166,23.862308227,23.86230383581048,-4.3911895204473694e-06,23.4830152328,23.483012976653658,-2.256146341750309e-06,16.0,20.0,24.0,29.4,649.8086212,180.0,2630.9267004496887,20.0,100.0,0.31797464285714283,-794.9660124056644,0.0,-794.9660124056644,6
23,rollout,23.8623085022,23.4830150604,23.86230383581048,23.483012976653658,24.0402447487,24.040240508392003,-4.240307998060189e-06,23.6369899259,23.636987661681527,-2.264218473158053e-06,16.0,20.0,24.0,29.6,701.6350699,180.0,2630.9267004496887,20.0,100.0,0.31797464285714283,-810.8067634910173,0.0,-810.8067634910173,6
24,rollout,24.0402450562,23.6369895935,24.040240508392003,23.636987661681527,24.2077901607,24.207786032865133,-4.127834866807234e-06,23.7319936086,23.731991410001594,-2.1985984055561403e-06,16.0,20.0,24.0,29.7,703.0527701,180.0,2630.9267004496887,20.0,100.0,0.31797464285714283,-821.2406511326209,0.0,-821.2406511326209,6
25,rollout,24.2077903748,23.7319946289,24.207786032865133,23.731991410001594,24.3026762648,24.3026722592288,-4.005571199172664e-06,23.5301598497,23.530157638973208,-2.2107267909632355e-06,16.0,20.0,24.0,29.8,493.4677368,180.0,2630.9267004496887,20.0,100.0,0.31797464285714283,-801.5339056286896,0.0,-801.5339056286896,6
26,rollout,24.3026771545,23.5301589966,24.3026722592288,23.530157638973208,24.2595746586,24.2595702580078,-4.400592199971243e-06,23.0071022486,23.00710001989469,-2.2287053091929465e-06,16.0,20.0,24.0,29.7,89.94650763,180.0,3566.2150871186777,20.0,100.0,0.31797464285714283,-748.2652280344583,0.0,-748.2652280344583,6
27,rollout,24.2595748901,23.0071029663,24.2595702580078,23.00710001989469,24.3059832321,24.30597901786525,-4.214234749611023e-06,23.7742217128,23.77422005329803,-1.659501968731547e-06,17.7000007629,22.0,24.0,29.6,180.2523886,180.0,2856.487371298658,22.0,73.47693721918947,0.255105530489245,-522.1856357692873,0.0,-522.1856357692873,6
28,rollout,24.3059825897,23.7742214203,24.30597901786525,23.77422005329803,24.4162148877,24.416211695493793,-3.192206207813797e-06,23.8967387721,23.896737169936568,-1.6021634330343204e-06,17.7000007629,22.0,24.0,29.4,474.8740792,180.0,3947.551314290897,22.0,100.0,0.31797464285714283,-658.678191957293,0.0,-658.678191957293,6
29,rollout,24.4162139893,23.8967380524,24.416211695493793,23.896737169936568,24.4983275452,24.498325469905723,-2.075294275982742e-06,23.8836934369,23.883692340377657,-1.096522343146944e-06,17.7000007629,18.0,24.0,29.1,426.4738543,180.0,1769.0211509809703,18.0,100.0,0.31797464285714283,-657.8029067230618,0.0,-657.8029067230618,6
30,rollout,24.4983272552,23.8836936951,24.498325469905723,23.883692340377657,24.5599148003,24.559913151800814,-1.6484991860465925e-06,23.9092809166,23.909280005050896,-9.115491046429725e-07,17.7000007629,18.0,24.0,28.7,424.6044764,180.0,1769.0211509809703,18.0,100.0,0.31797464285714283,-660.2289646976376,0.0,-660.2289646976376,6
31,rollout,24.5599136353,23.909280777,24.559913151800814,23.909280005050896,24.5524149717,24.552414511021958,-4.606780414917466e-07,23.5330225032,23.53302223624376,-2.669562420010152e-07,16.6140785217,19.5571098328,24.0,28.3,269.3540575,180.0,2607.6071084342475,19.5571098328,100.0,0.31797464285714283,-739.2930241928823,0.0,-739.2930241928823,6
32,rollout,24.5524139404,23.5330238342,24.552414511021958,23.53302223624376,24.4923350758,24.49233550724618,4.3144618189217e-07,23.4064329715,23.406433097888005,1.2638800583886223e-07,16.6140785217,19.5571098328,24.0,27.7,221.8666509,180.0,2607.6071084342475,19.5571098328,100.0,0.31797464285714283,-723.7682372056814,0.0,-723.7682372056814,6
33,rollout,24.4923343658,23.4064331055,24.49233550724618,23.406433097888005,24.3940083119,24.394009324776935,1.0128769361017476e-06,23.2354748796,23.23547539139567,5.117956689559833e-07,16.6140785217,19.5571098328,24.0,27.1,126.7057476,180.0,2607.6071084342475,19.5571098328,100.0,0.31797464285714283,-706.0295564046992,0.0,-706.0295564046992,6
34,rollout,24.3940086365,23.2354736328,24.394009324776935,23.23547539139567,24.2724778856,24.27247857919186,6.935918577255507e-07,23.1301664643,23.130166916149484,4.5184948405108116e-07,16.6140785217,19.5571098328,24.0,26.2,96.50280202,180.0,2607.6071084342475,19.5571098328,100.0,0.31797464285714283,-694.7024688227345,0.0,-694.7024688227345,6
35,rollout,24.2724781036,23.1301670074,24.27247857919186,23.130166916149484,24.1078139234,24.107814341236995,4.1783699700204124e-07,22.7609968965,22.760997102586146,2.0608614548223159e-07,16.6140785217,19.5571098328,24.0,25.4,53.955,50.0,2607.6071084342475,19.5571098328,100.0,0.31797464285714283,-656.8436508111428,0.0,-656.8436508111428,6
36,rollout,24.1078147888,22.7609977722,24.107814341236995,22.760997102586146,23.9398804683,23.939880042501496,-4.257985040112544e-07,22.6361000273,22.636099781466466,-2.458335330857153e-07,16.6140785217,19.5571098328,24.0,25.4,38.445,50.0,3559.9676932603998,19.5571098328,100.0,0.31797464285714283,-642.538618499818,0.0,-642.538618499818,6
37,rollout,23.9398803711,22.636100769,23.939880042501496,22.636099781466466,23.8698143933,23.869814053438027,-3.3986197323088163e-07,23.8847939532,23.88479373157137,-2.216286283385216e-07,14.5,26.0,24.0,23.0,24.09,50.0,0.0,26.0,0.0,0.080939,-253.0432406558762,215.8331573597767,-37.2100832960995,6
38,rollout,23.8698139191,23.8847942352,23.869814053438027,23.88479373157137,23.8364927688,23.83649286525482,9.64548192428083e-08,23.9214829716,23.921482993802584,2.2202584659680724e-08,14.5,26.0,24.0,21.7,11.385,50.0,0.0,26.0,0.0,0.080939,-255.22630286575787,207.77388525036784,-47.45241761539003,6
39,rollout,23.8364944458,23.9214820862,23.83649286525482,23.921482993802584,23.7915921535,23.791590792785495,-1.3607145064042925e-06,23.9788797209,23.978879098857497,-6.220425028402587e-07,16.0,26.0,24.0,20.4,14.70273145,50.0,0.0,26.0,0.0,0.080939,-216.14902344039695,202.03657586854325,-14.112447571853693,6
40,rollout,23.7915916443,23.9788799286,23.791590792785495,23.978879098857497,23.7287518164,23.72875102390466,-7.924953386861944e-07,23.9366870062,23.936686576239012,-4.2996098770231583e-07,16.0,26.0,24.0,19.3,0.0,50.0,0.0,26.0,0.0,0.080939,-215.1367229942682,205.773713873543,-9.363009120725224,6
41,rollout,23.7287521362,23.9366874695,23.72875102390466,23.936686576239012,23.6497067788,23.649705752108787,-1.026691212047126e-06,23.8989648831,23.89896433516824,-5.479317586321031e-07,16.0,26.0,24.0,18.2,0.0,50.0,0.0,26.0,0.0,0.080939,-214.1385326374252,209.45876126539991,-4.679771372025272,6
42,rollout,23.6497077942,23.8989639282,23.649705752108787,23.89896433516824,23.5603873881,23.5603855955462,-1.7925537996177354e-06,23.8558557535,23.85585489472019,-8.587798099313204e-07,16.0,26.0,24.0,17.3,0.0,50.0,0.0,26.0,0.0,0.080939,-212.99398926804864,213.6841041864912,0.6901149184425606,6
43,rollout,23.5603866577,23.8558559418,23.5603855955462,23.85585489472019,23.4617121008,23.46171111167034,-9.891296599562338e-07,23.8078904393,23.807889902094026,-5.372059739272572e-07,16.0,26.0,24.0,16.4,0.0,50.0,0.0,26.0,0.0,0.080939,-211.71579434395662,218.40285230804886,6.687057964092247,6
44,rollout,23.4617118835,23.8078918457,23.46171111167034,23.807889902094026,23.2579177635,23.257917017376876,-7.461231241734367e-07,22.5997581506,22.599758009766116,-1.4083388322205792e-07,14.5,22.0,24.0,15.8,0.0,50.0,2111.049335368469,22.0,48.6007232177553,0.19614003671242697,-538.8421232732344,0.0,-538.8421232732344,6
45,rollout,23.2579174042,22.5997581482,23.257917017376876,22.599758009766116,22.9792099741,22.979209661030026,-3.13069975277358e-07,22.1943549856,22.194355150499362,1.6489936172092712e-07,14.5,22.0,24.0,15.2,0.0,50.0,2841.6879706268023,22.0,59.02305952142655,0.2208446885705675,-572.2990306061382,0.0,-572.2990306061382,6
46,rollout,22.9792098999,22.194355011,22.979209661030026,22.194355150499362,22.6965655457,22.696565369229436,-1.7647056438363506e-07,21.9810671561,21.98106733013251,1.7403251106884454e-07,14.5,22.0,24.0,14.8,0.0,50.0,3014.4326408371544,22.0,60.36930419053379,0.22403576827641586,-563.0016697686077,0.0,-563.0016697686077,6
47,rollout,22.6965656281,21.9810676575,22.696565369229436,21.98106733013251,22.4284252145,22.428424997762644,-2.1673735517424575e-07,21.8569620137,21.856962147559994,1.338599950884145e-07,14.5,22.0,24.0,14.4,0.0,50.0,2877.349945556318,22.0,56.404765198119684,0.214638397789425,-529.6257901952691,0.0,-529.6257901952691,6
48,rollout,22.4284248352,21.856962204,22.428424997762644,21.856962147559994,22.1860663201,22.1860664860902,1.6599020113972074e-07,21.7889536328,21.788953918236036,2.854360374726639e-07,14.5,22.0,24.0,14.2,0.0,50.0,2562.2094938714836,22.0,49.41916876469355,0.1980800443760477,-483.73845715980616,0.0,-483.73845715980616,6
49,rollout,22.1860656738,21.7889537811,22.1860664860902,21.788953918236036,21.9698557989,21.96985653989519,7.409951905401613e-07,21.7577282898,21.757728752039394,4.6223939520473323e-07,14.5,22.0,24.0,13.9,0.0,50.0,2154.5654953023177,22.0,40.93948058692842,0.17798016099160097,-432.4889129645618,0.0,-432.4889129645618,6
50,rollout,21.9698562622,21.7577285767,21.96985653989519,21.757728752039394,21.8781921156,21.87819236970733,2.541073307327224e-07,22.6692213525,22.669221485881696,1.3338169679855127e-07,17.7000007629,24.0,24.0,13.8,0.0,50.0,0.0,24.0,0.0,0.080939,-133.85224613130202,135.85382510376257,2.0015789724605497,6
51,rollout,21.8781929016,22.6692218781,21.87819236970733,22.669221485881696,21.8360382117,21.83603772232529,-4.893747096446077e-07,22.6942401876,22.694239928112584,-2.5948741466663705e-07,17.7000007629,24.0,24.0,13.7,0.0,50.0,0.0,24.0,0.0,0.080939,-135.32992615138033,130.3986322473513,-4.931293904029047,6
52,rollout,21.8360385895,22.6942405701,21.83603772232529,22.694239928112584,21.7978370441,21.79783624616819,-7.979318112916189e-07,22.6770389107,22.677038487440115,-4.232598840303581e-07,17.7000007629,24.0,24.0,13.6,0.0,50.0,0.0,24.0,0.0,0.080939,-134.8993174689923,131.98832242124112,-2.910995047751186,6
53,rollout,21.7978363037,22.6770401001,21.79783624616819,22.677038487440115,21.6696651128,21.669664991764392,-1.2103560820264647e-07,21.6873974557,21.68739731468648,-1.410135226365128e-07,17.7000007629,18.0,24.0,13.5,0.0,50.0,2716.955897411095,18.0,100.0,0.31797464285714283,-430.1808028314987,0.0,-430.1808028314987,6
54,rollout,21.6696643829,21.6873970032,21.669664991764392,21.68739731468648,21.5016002141,21.50160076924665,5.551466486508616e-07,21.535602664,21.535602962622555,2.9862255601642573e-07,17.7000007629,18.0,24.0,13.4,0.0,50.0,2716.955897411095,18.0,100.0,0.31797464285714283,-409.9772925591254,0.0,-409.9772925591254,6
55,rollout,21.5016002655,21.5356025696,21.50160076924665,21.535602962622555,21.434864358,21.434864822444844,4.644448452495453e-07,22.3629043551,22.36290460245594,2.473559419513549e-07,16.0,24.0,24.0,13.3,0.0,50.0,0.0,24.0,0.0,0.080939,-171.6447068171853,166.33441222254888,-5.310294594636417,6
56,rollout,21.4348640442,22.362903595,21.434864822444844,22.36290460245594,21.4129681641,21.412968899660914,7.355609135117902e-07,22.3933776657,22.39337807660538,4.109053790557482e-07,16.0,24.0,24.0,13.3,0.0,50.0,0.0,24.0,0.0,0.080939,-173.188665779399,160.6345355328621,-12.554130246536914,6
57,rollout,21.4129676819,22.3933773041,21.412968899660914,22.39337807660538,21.3949243114,21.394925426076448,1.1146764471448023e-06,22.3860472839,22.38604786901338,5.851133799694708e-07,16.0,24.0,24.0,13.3,0.0,50.0,0.0,24.0,0.0,0.080939,-173.0212067499311,161.2527487379417,-11.768458011989424,6
58,rollout,21.3949241638,22.3860473633,21.394925426076448,22.38604786901338,21.3906995256,21.390700667736496,1.1421364973784875e-06,22.3836518283,22.38365241361658,5.853165809810434e-07,16.0,24.0,24.0,13.9,1.485,50.0,0.0,24.0,0.0,0.080939,-172.92744372340456,161.59889633793156,-11.328547385473001,6
59,rollout,21.3907012939,22.3836517334,21.390700667736496,22.38365241361658,21.3786019878,21.378601460078535,-5.277214647492201e-07,22.0583061164,22.058305844468855,-2.7193114604529e-07,16.0,22.0,24.0,14.6,58.55607957,50.0,356.6126587403449,22.0,7.8417930451970115,0.09952684455620944,-202.4758571075462,0.0,-202.4758571075462,6
60,rollout,21.3786010742,22.0583057404,21.378601460078535,22.058305844468855,21.3622152944,21.362215637829216,3.434292175086284e-07,21.9678144113,21.967814540397153,1.290971525236273e-07,16.0,22.0,24.0,15.8,23.925,50.0,364.93082139412536,22.0,7.048332706479393,0.09764606074151369,-195.16451306745606,0.0,-195.16451306745606,6
61,rollout,21.3622169495,21.9678153992,21.362215637829216,21.967814540397153,21.3942332826,21.39423207899488,-1.2036051195707387e-06,22.0885189168,22.08851834141818,-5.753818186349235e-07,16.0,22.0,24.0,17.0,119.0683878,50.0,439.86605648858443,22.0,9.554580829200262,0.10358676209080017,-210.91910156154754,0.0,-210.91910156154754,6
62,rollout,21.3942337036,22.08852005,21.39423207899488,22.08851834141818,21.4532079032,21.453206412059835,-1.4911401642336841e-06,22.0944315282,22.094431072563562,-4.55636438800866e-07,16.0,22.0,24.0,18.4,118.3605563,50.0,605.9070175555838,22.0,12.967553588962764,0.11167672401244239,-227.7742368720567,0.0,-227.7742368720567,6
63,rollout,21.4532089233,22.0944328308,21.453206412059835,22.094431072563562,21.5662584258,21.566256181856588,-2.2439434133048053e-06,22.3741699101,22.374169440775034,-4.693249664455834e-07,16.0,22.0,24.0,19.8,165.0533408,180.0,1101.9077711720424,22.0,25.3721068800526,0.14107993664953405,-300.77870075273006,0.0,-300.77870075273006,6
64,rollout,21.5662574768,22.374168396,21.566256181856588,22.374169440775034,21.7474337469,21.74743264561124,-1.101288759741692e-06,22.8580227503,22.858022262311533,-4.879884691888492e-07,12.8000001907,24.0,24.0,21.0,209.380991,180.0,0.0,24.0,0.0,0.080939,-271.6501147627514,117.1416182524478,-154.5084965103036,6
65,rollout,21.7474327087,22.8580226898,21.74743264561124,22.858022262311533,21.978268402,21.9782683267184,-7.528160139713691e-08,23.0955991112,23.09559905299541,-5.8204587816135245e-08,12.8000001907,24.0,24.0,22.2,297.120158,180.0,0.0,24.0,0.0,0.080939,-278.2455303641745,92.79313712996498,-185.45239323420952,6
66,rollout,21.9782676697,23.0956001282,21.9782683267184,23.09559905299541,22.2206330233,22.22063355751062,5.34210620628528e-07,23.2544839317,23.254484140095812,2.0839581083009762e-07,12.8000001907,24.0,24.0,23.2,323.3944953,180.0,0.0,24.0,0.0,0.080939,-282.6079954894017,76.68810203162124,-205.91989345778043,6
67,rollout,22.2206325531,23.2544841766,22.22063355751062,23.254484140095812,22.4802164923,22.480217381313174,8.890131759642372e-07,23.4699794662,23.46997990035954,4.3415953854264444e-07,12.8000001907,24.0,24.0,24.1,393.4954187,180.0,0.0,24.0,0.0,0.080939,-288.35885256685066,55.45750134617684,-232.9013512206738,6
68,rollout,22.48021698,23.4699783325,22.480217381313174,23.46997990035954,22.7446594473,22.744659873832983,4.2653298493178227e-07,23.6369118961,23.636912183342826,2.8724282685743674e-07,12.8000001907,24.0,24.0,25.0,418.1074349,180.0,0.0,24.0,0.0,0.080939,-292.9207514248813,38.61621113188498,-254.3045402929963,6
69,rollout,22.7446594238,23.6369113922,22.744659873832983,23.636912183342826,23.0266619433,23.026662378027535,4.3472753574747003e-07,23.8740828164,23.87408306900496,2.5260495917223125e-07,12.8000001907,24.0,24.0,25.9,496.9062356,180.0,0.0,24.0,0.0,0.080939,-299.244526433517,15.270553219535543,-283.9739732139815,6
70,rollout,23.0266609192,23.8740844727,23.026662378027535,23.87408306900496,23.229525505,23.22952674952599,1.2445259898186123e-06,23.0667867058,23.066787318925645,6.131256462538204e-07,12.8000001907,22.0,24.0,26.6,508.5705081,180.0,2716.786427741493,22.0,64.91067056344994,0.23480042525295575,-815.2656885689084,0.0,-815.2656885689084,6
71,rollout,23.2295246124,23.0667877197,23.22952674952599,23.066787318925645,23.3477080966,23.347709970929493,1.87432949161348e-06,22.6899113505,22.689912097676125,7.471761236388375e-07,12.8000001907,22.0,24.0,27.3,585.9484111,180.0,4353.816551194923,22.0,93.81622378043394,0.30331688914224736,-1009.9110018251056,0.0,-1009.9110018251056,6
72,rollout,23.3477096558,22.6899108887,23.347709970929493,22.689912097676125,23.427292018,23.427292344576212,3.2657621318321617e-07,22.5924134496,22.59241366829145,2.186914507262827e-07,12.8000001907,22.0,24.0,27.8,626.0118392,180.0,4560.79018049776,22.0,100.0,0.31797464285714283,-1042.0296059091854,0.0,-1042.0296059091854,6
73,rollout,23.4272918701,22.592414856,23.427292344576212,22.59241366829145,23.6212533893,23.62125376386201,3.7456200985275245e-07,23.5852712181,23.58527140617461,1.8807460833158984e-07,16.7433452606,21.0998268127,24.0,28.3,624.281796,180.0,3305.0726299386138,21.0998268127,100.0,0.31797464285714283,-733.8060005747044,0.0,-733.8060005747044,6
74,rollout,23.6212539673,23.585269928,23.62125376386201,23.58527140617461,23.7996640605,23.799663949383316,-1.1111668385410667e-07,23.5607298796,23.560729908401218,2.8801217411000835e-08,16.7433452606,21.0998268127,24.0,28.5,616.1062069,180.0,3305.0726299386138,21.0998268127,100.0,0.31797464285714283,-724.3486941971603,0.0,-724.3486941971603,6
75,rollout,23.7996635437,23.5607299805,23.799663949383316,23.560729908401218,23.9478147111,23.947815067856098,3.567560966644123e-07,23.5787690001,23.578769176410436,1.7631043647270417e-07,16.7433452606,21.0998268127,24.0,28.7,571.0052776,180.0,3305.0726299386138,21.0998268127,100.0,0.31797464285714283,-726.2951106697071,0.0,-726.2951106697071,6
76,rollout,23.9478149414,23.5787696838,23.947815067856098,23.578769176410436,24.0861613864,24.086161474846524,8.844652299444533e-08,23.6750944595,23.675094475045032,1.5545033704711386e-08,16.7433452606,21.0998268127,24.0,28.7,591.8202484,180.0,3305.0726299386138,21.0998268127,100.0,0.31797464285714283,-736.2784102222533,0.0,-736.2784102222533,6
77,rollout,24.0861625671,23.6750946045,24.086161474846524,23.675094475045032,24.1828231465,24.18282217081519,-9.756848093900317e-07,23.5911628698,23.591162368931304,-5.008686976282206e-07,16.7433452606,21.0998268127,24.0,28.8,478.3471966,180.0,3305.0726299386138,21.0998268127,100.0,0.31797464285714283,-728.4056636884688,0.0,-728.4056636884688,6
78,rollout,24.1828231812,23.5911636353,24.18282217081519,23.591162368931304,24.2508947341,24.25089377767138,-9.564286216345863e-07,23.5538644096,23.55386385318662,-5.56413379371179e-07,16.7433452606,21.0998268127,24.0,28.9,423.6056223,180.0,3305.0726299386138,21.0998268127,100.0,0.31797464285714283,-724.4344139735813,0.0,-724.4344139735813,6
79,rollout,24.2508945465,23.5538635254,24.25089377767138,23.55386385318662,24.2290118271,24.22901115822349,-6.688765097351279e-07,22.914881272,22.91488094871418,-3.232858176716036e-07,14.5,20.0,24.0,28.9,216.3686579,180.0,3141.3160138415756,20.0,100.0,0.31797464285714283,-901.9168128148559,0.0,-901.9168128148559,6
80,rollout,24.2290115356,22.9148807526,24.22901115822349,22.91488094871418,24.1576363583,24.15763603250721,-3.2579279007904915e-07,22.8060737283,22.80607357479902,-1.5350098081512442e-07,14.5,20.0,24.0,28.8,227.3332997,180.0,3141.3160138415756,20.0,100.0,0.31797464285714283,-884.8533443057792,0.0,-884.8533443057792,6
81,rollout,24.1576347351,22.8060741425,24.15763603250721,22.80607357479902,24.0552352907,24.055236415739895,1.125039894134261e-06,22.6215591615,22.621559697875046,5.36375047488491e-07,14.5,20.0,24.0,28.6,122.8774965,180.0,3141.3160138415756,20.0,100.0,0.31797464285714283,-865.7562704759343,0.0,-865.7562704759343,6
82,rollout,24.0552368164,22.6215591431,24.055236415739895,22.621559697875046,23.9518187623,23.951818432657937,-3.2964206297947385e-07,22.5680071668,22.568007031950643,-1.3484935834640055e-07,14.5,20.0,24.0,28.3,129.819488,180.0,3141.3160138415756,20.0,100.0,0.31797464285714283,-859.504227040315,0.0,-859.504227040315,6
83,rollout,23.9518203735,22.5680065155,23.951818432657937,22.568007031950643,23.8032867591,23.80328506028873,-1.698811271211298e-06,22.1568399157,22.15683908571944,-8.299805607236976e-07,14.5,20.0,24.0,28.0,44.385,50.0,3868.018627864072,20.0,100.0,0.31797464285714283,-817.6304975911969,0.0,-817.6304975911969,6
84,rollout,23.8032875061,22.1568393707,23.80328506028873,22.15683908571944,23.7894659385,23.789463756797712,-2.1817022890502358e-06,23.4194553068,23.419454222677867,-1.0841221325108563e-06,12.8000001907,24.0,24.0,28.0,52.59964202,50.0,0.0,24.0,0.0,0.080939,-286.41768941518285,62.62374790444447,-223.79394151073836,6
85,rollout,23.7894668579,23.4194564819,23.789463756797712,23.419454222677867,23.8037238176,23.803720965829857,-2.8517701444741306e-06,23.4552768309,23.455275319874243,-1.5110257578498931e-06,12.8000001907,24.0,24.0,26.9,21.12,50.0,0.0,24.0,0.0,0.080939,-288.56517638429546,54.695809911130766,-233.8693664731647,6
86,rollout,23.8037223816,23.4552764893,23.803720965829857,23.455275319874243,23.7953578928,23.795356584634362,-1.308165636260128e-06,23.4427483777,23.44274767799326,-6.997067387715106e-07,12.8000001907,24.0,24.0,25.9,10.065,50.0,0.0,24.0,0.0,0.080939,-288.31334236169374,55.62551264949853,-232.6878297121952,6
87,rollout,23.7953567505,23.4427490234,23.795356584634362,23.44274767799326,23.7684449899,23.768444782227284,-2.0767271635691031e-07,23.4340305124,23.434030343505896,-1.6889410403564398e-07,12.8000001907,24.0,24.0,24.9,11.96649567,50.0,0.0,24.0,0.0,0.080939,-288.10554241454696,56.39265355404817,-231.7128888604988,6
88,rollout,23.7684440613,23.4340305328,23.768444782227284,23.434030343505896,23.7232522248,23.723252855541407,6.307414075479301e-07,23.3998612265,23.399861526400922,2.9990092187404116e-07,12.8000001907,24.0,24.0,24.0,0.0,50.0,0.0,24.0,0.0,0.080939,-287.2370989870979,59.59871056046708,-227.63838842663083,6
89,rollout,23.7232513428,23.3998603821,23.723252855541407,23.399861526400922,23.6660590195,23.666060412514433,1.3930144326934624e-06,23.3723975874,23.372398327558038,7.401580397470298e-07,12.8000001907,24.0,24.0,23.2,0.0,50.0,0.0,24.0,0.0,0.080939,-286.50728133469823,62.29299889742563,-224.2142824372726,6
90,rollout,23.6660575867,23.3723983765,23.666060412514433,23.372398327558038,23.615803238,23.615805741719445,2.5037194433252807e-06,23.4377032242,23.437704449486354,1.2252863541561965e-06,16.0577697754,23.6413230896,24.0,22.8,0.0,50.0,0.0,23.6413230896,0.0,0.080939,-199.92643636353586,20.281287893088873,-179.645148470447,6
91,rollout,23.6158027649,23.437702179,23.615805741719445,23.437704449486354,23.5663927425,23.566395484624174,2.7421241739489233e-06,23.417868724,23.417870181762716,1.4577627140965888e-06,16.0577697754,23.6413230896,24.0,22.4,0.0,50.0,0.0,23.6413230896,0.0,0.080939,-199.47278453016568,21.956047115026323,-177.51673741513935,6
92,rollout,23.5663909912,23.4178695679,23.566395484624174,23.417870181762716,23.4810094452,23.4810134392643,3.9940642970748286e-06,22.9664795659,22.96648119027152,1.6243715208474896e-06,15.0486869812,22.5499286652,24.0,22.1,0.0,50.0,1174.2257215932952,22.5499286652,27.72265451745976,0.1466515723525255,-391.2680924066055,0.0,-391.2680924066055,6
93,rollout,23.481010437,22.9664802551,23.4810134392643,22.96648119027152,23.358413555,23.35841618681249,2.6318124923818687e-06,22.7317099985,22.731710557239424,5.587394227291043e-07,15.0486869812,22.5499286652,24.0,21.8,0.0,50.0,1728.8004440794243,22.5499286652,36.48814438412963,0.16742890760756413,-432.22084971571655,0.0,-432.22084971571655,6
94,rollout,23.3584136963,22.731710434,23.35841618681249,22.731710557239424,23.2812627639,23.28126497796955,2.21406954992176e-06,23.1549874482,23.154988540091807,1.091891807192269e-06,12.8000001907,24.0,24.0,21.6,0.0,50.0,0.0,24.0,0.0,0.080939,-280.20237109517956,85.56901321148125,-194.6333578836983,6
95,rollout,23.2812633514,23.1549873352,23.28126497796955,23.154988540091807,23.2280290396,23.228030536266548,1.4966665489168918e-06,23.1505387635,23.15053955741849,7.939184918370756e-07,12.8000001907,24.0,24.0,21.4,0.0,50.0,0.0,24.0,0.0,0.080939,-280.4678083405928,84.58909107317751,-195.87871726741528,6
96,rollout,23.2280292511,23.1505393982,23.228030536266548,23.15053955741849,23.178674585,23.178675731827163,1.1468271630121762e-06,23.126400274,23.126400844362657,5.703626548836382e-07,12.8000001907,24.0,24.0,21.3,0.0,50.0,0.0,24.0,0.0,0.080939,-279.82690059292133,86.95514821627306,-192.87175237664826,6
97,rollout,23.1786746979,23.1263999939,23.178675731827163,23.126400844362657,23.1318729911,23.131873946318308,9.552183080074883e-07,23.1025327601,23.102533270865404,5.107654033054132e-07,12.8000001907,24.0,24.0,21.2,0.0,50.0,0.0,24.0,0.0,0.080939,-279.17569086738365,89.35923746056744,-189.8164534068162,6
98,rollout,23.1318740845,23.1025333405,23.131873946318308,23.102533270865404,23.1069457961,23.106945670411132,-1.2568886731401108e-07,23.2380675749,23.238067509840295,-6.505970517878268e-08,16.0,24.0,24.0,21.3,0.0,50.0,0.0,24.0,0.0,0.080939,-195.96953876034047,76.53374655294556,-119.43579220739491,6
99,rollout,23.1069450378,23.238067627,23.106945670411132,23.238067509840295,23.0909473963,23.090947951998334,5.556983353471878e-07,23.2369736894,23.2369739560121,2.6661210128509083e-07,16.0,24.0,24.0,21.3,0.0,50.0,0.0,24.0,0.0,0.080939,-196.06096309005125,76.19623278571339,-119.86473030433785,6
100,rollout,23.0909461975,23.2369728088,23.090947951998334,23.2369739560121,23.0728162991,23.07281790668194,1.6075819395666713e-06,23.2285992418,23.228600087276554,8.454765527687869e-07,16.0,24.0,24.0,21.1,0.0,50.0,0.0,24.0,0.0,0.080939,-195.84510471586867,76.99312321181182,-118.85198150405685,6
101,rollout,23.0728168488,23.2285995483,23.07281790668194,23.228600087276554,23.0524678959,23.052468858353457,9.624534555996433e-07,23.2187749015,23.218775400270772,4.987707704628974e-07,16.0,24.0,24.0,20.9,0.0,50.0,0.0,24.0,0.0,0.080939,-195.5842724339219,77.95604507707594,-117.62822735684597,6
102,rollout,23.0524673462,23.2187747955,23.052468858353457,23.218775400270772,23.0242437894,23.02424515758829,1.3681882897742526e-06,23.2058730392,23.20587374028026,7.01080260512299e-07,16.0,24.0,24.0,20.4,0.0,50.0,0.0,24.0,0.0,0.080939,-195.25151736024972,79.1844863337527,-116.06703102649702,6
103,rollout,23.0242424011,23.205871582,23.02424515758829,23.20587374028026,22.9888971763,22.988899717914514,2.5416145135181978e-06,23.1893250767,23.189326430571832,1.3538718306449482e-06,16.0,24.0,24.0,19.9,0.0,50.0,0.0,24.0,0.0,0.080939,-194.81927402408076,80.78021120494334,-114.03906281913741,6
104,rollout,22.9888954163,23.1893253326,22.988899717914514,23.189326430571832,22.9101422402,22.91014608845675,3.84825674970557e-06,22.7597918986,22.759793515853914,1.6172539147873977e-06,15.9101200104,22.4286346436,24.0,19.3,0.0,50.0,979.4394672159339,22.4286346436,22.973256661976986,0.13539380661393854,-312.4051792006805,0.0,-312.4051792006805,6
105,rollout,22.9101409912,22.7597923279,22.91014608845675,22.759793515853914,22.7919349183,22.79193941957803,4.501278027646549e-06,22.5703910197,22.570392444544954,1.424844953135107e-06,15.9101200104,22.4286346436,24.0,18.6,0.0,50.0,1417.9812533661109,22.4286346436,29.85918646645166,0.1517159145926667,-339.43265516537036,0.0,-339.43265516537036,6
106,rollout,22.791934967,22.5703907013,22.79193941957803,22.570392444544954,22.6707881025,22.670792005589163,3.90308916209392e-06,22.4589675826,22.458968288527416,7.059274160781115e-07,15.9101200104,22.4286346436,24.0,18.5,2.145,50.0,1582.8177581370512,22.4286346436,32.068091315100695,0.1569518064007645,-344.7980140615612,0.0,-344.7980140615612,6
107,rollout,22.6707878113,22.4589672089,22.670792005589163,22.458968288527416,22.568666316,22.56866992629895,3.6102989469100066e-06,22.4558622476,22.455862505143127,2.5754312815706726e-07,15.9101200104,22.4286346436,24.0,18.3,59.83794549,50.0,1658.9352723034579,22.4286346436,33.50208534262643,0.1603508833624432,-351.7384026204374,0.0,-351.7384026204374,6
108,rollout,22.5686664581,22.4558620453,22.56866992629895,22.455862505143127,22.4561369921,22.45614008947859,3.097378591832012e-06,22.0864486993,22.086450285115728,1.5858157276227303e-06,17.7000007629,18.0,24.0,18.9,24.255,50.0,2659.0923801437,18.0,100.0,0.31797464285714283,-469.946379142109,0.0,-469.946379142109,6
109,rollout,22.4561367035,22.0864486694,22.45614008947859,22.086450285115728,22.3685507954,22.368553877090527,3.081690525874592e-06,22.1192300909,22.119231742264482,1.6513644816029682e-06,17.7000007629,18.0,24.0,19.4,115.4087307,50.0,2659.0923801437,18.0,100.0,0.31797464285714283,-470.7392132622104,0.0,-470.7392132622104,6
110,rollout,22.3685512543,22.1192302704,22.368553877090527,22.119231742264482,22.2940766042,22.294079001668138,2.397468136905445e-06,22.0138939964,22.013895293472554,1.2970725542515993e-06,17.7000007629,18.0,24.0,20.3,60.47298408,50.0,2659.0923801437,18.0,100.0,0.31797464285714283,-460.0301131339943,0.0,-460.0301131339943,6
111,rollout,22.2940750122,22.0138950348,22.294079001668138,22.013895293472554,22.3365052835,22.336508820821983,3.5373219837708803e-06,22.7220607036,22.72206216242412,1.4588241192825535e-06,14.5,22.0,24.0,21.1,172.3152619,180.0,896.4212735512767,22.0,24.491209546090328,0.13899189599106515,-382.7890106701482,0.0,-382.7890106701482,6
112,rollout,22.3365058899,22.7220611572,22.336508820821983,22.72206216242412,22.3774204823,22.377423060245903,2.5779459029706686e-06,22.4607969817,22.46079756484874,5.831487399632351e-07,14.5,22.0,24.0,21.7,122.2668529,180.0,1989.3057612958628,22.0,44.273814994366234,0.1858837219892781,-497.5876643217634,0.0,-497.5876643217634,6
113,rollout,22.3774204254,22.4607963562,22.377423060245903,22.46079756484874,22.4522373241,22.452239613461,2.2893609994412145e-06,22.5171239354,22.517124089383334,1.5398333275129517e-07,14.5,22.0,24.0,22.4,330.8368044,180.0,2956.7695224150034,22.0,64.0052701366113,0.2326543035307675,-626.0930596782015,0.0,-626.0930596782015,6
114,rollout,22.4522380829,22.517124176,22.452239613461,22.517124089383334,22.5082124757,22.508213723768154,1.2480681554905004e-06,22.3557528333,22.355752486012264,-3.4728773457004536e-07,14.5,22.0,24.0,22.9,326.0023189,180.0,3761.2462357954764,22.0,78.64273205840388,0.267350305495058,-705.0272980699167,0.0,-705.0272980699167,6
115,rollout,22.5082130432,22.3557529449,22.508213723768154,22.355752486012264,22.6164345362,22.61643512155957,5.853595688165569e-07,22.4682275153,22.468227794174556,2.78874555448283e-07,14.5,20.0,24.0,23.3,509.5403113,180.0,3129.7814618601424,20.0,100.0,0.31797464285714283,-854.7583689414756,0.0,-854.7583689414756,6
116,rollout,22.6164340973,22.4682273865,22.61643512155957,22.468227794174556,22.6960349829,22.696035910340854,9.274408547810253e-07,22.4381362478,22.43813673867556,4.908755606436443e-07,14.5,20.0,24.0,23.7,540.764517,180.0,3870.249800112509,20.0,100.0,0.31797464285714283,-844.3316385569783,0.0,-844.3316385569783,6
117,rollout,22.6960353851,22.4381370544,22.696035910340854,22.43813673867556,22.8044256194,22.804426070747898,4.513478977230534e-07,22.6229419285,22.622942138652498,2.1015249629385835e-07,14.5,20.0,24.0,24.1,650.159358,180.0,3870.249800112509,20.0,100.0,0.31797464285714283,-862.8681319304599,0.0,-862.8681319304599,6
118,rollout,22.8044242859,22.6229419708,22.804426070747898,22.622942138652498,22.9235664688,22.92356806115729,1.5923572895815141e-06,22.7284389884,22.72843980327884,8.148788381845407e-07,14.5,20.0,24.0,24.4,679.3646442,180.0,3870.249800112509,20.0,100.0,0.31797464285714283,-874.3597583610854,0.0,-874.3597583610854,6
119,rollout,22.9235668182,22.7284393311,22.92356806115729,22.72843980327884,23.0583368612,23.05833798242224,1.1212222403855776e-06,22.7805613593,22.780561943505887,5.842058889982127e-07,13.9463033676,18.4664211273,24.0,24.8,729.5834909,180.0,2609.7798899601685,18.4664211273,100.0,0.31797464285714283,-940.5785171880027,0.0,-940.5785171880027,6
120,rollout,23.0583362579,22.7805614471,23.05833798242224,22.780561943505887,23.1744284671,23.17443002128669,1.5541866886792377e-06,22.8310991016,22.831099916149803,8.145498036071785e-07,13.9463033676,18.4664211273,24.0,25.0,739.3866602,180.0,2609.7798899601685,18.4664211273,100.0,0.31797464285714283,-944.4624686700938,0.0,-944.4624686700938,6
121,rollout,23.1744289398,22.8311004639,23.17443002128669,22.831099916149803,23.2830953099,23.283096244210814,9.343108153814228e-07,22.8770197413,22.877020182317615,4.410176153157863e-07,13.9463033676,18.4664211273,24.0,25.3,730.3185855,180.0,2609.7798899601685,18.4664211273,100.0,0.31797464285714283,-949.4201209380818,0.0,-949.4201209380818,6
122,rollout,23.2830963135,22.8770198822,23.283096244210814,22.877020182317615,23.3822547656,23.38225471821722,-4.738278036597876e-08,22.9149909517,22.914990944931937,-6.768061666662106e-09,13.9463033676,18.4664211273,24.0,25.5,718.6380214,180.0,2609.7798899601685,18.4664211273,100.0,0.31797464285714283,-953.5604499338225,0.0,-953.5604499338225,6
123,rollout,23.3822555542,22.9149913788,23.38225471821722,22.914990944931937,23.4561639984,23.456163235912868,-7.624871329880989e-07,22.8701845665,22.870184155922015,-4.105779858321057e-07,13.9463033676,18.4664211273,24.0,25.7,649.7882838,180.0,2609.7798899601685,18.4664211273,100.0,0.31797464285714283,-949.3207583148061,0.0,-949.3207583148061,6
124,rollout,23.4561634064,22.8701858521,23.456163235912868,22.870184155922015,23.5128943656,23.51289413455584,-2.310441615804848e-07,22.8590964299,22.859096215565444,-2.1433455543728996e-07,13.9463033676,18.4664211273,24.0,25.8,619.4570317,180.0,2609.7798899601685,18.4664211273,100.0,0.31797464285714283,-948.1151812844442,0.0,-948.1151812844442,6
125,rollout,23.5128936768,22.8590965271,23.51289413455584,22.859096215565444,23.5696027297,23.569603123397595,3.9369759363694357e-07,22.9135049768,22.91350516163243,1.8483243025002594e-07,14.5,20.0,24.0,25.9,494.5346672,180.0,3631.9931104885004,20.0,99.19995940658956,0.3160782614934343,-893.9669283020863,0.0,-893.9669283020863,6
126,rollout,23.5696029663,22.9135055542,23.569603123397595,22.91350516163243,23.5732621921,23.573262313126694,1.2102669444402636e-07,22.7712397945,22.771239833180967,3.8680965985804505e-08,14.5,20.0,24.0,25.8,434.2262578,180.0,3631.9931104885004,20.0,100.0,0.31797464285714283,-880.7715708266527,0.0,-880.7715708266527,6
127,rollout,23.573261261,22.7712402344,23.573262313126694,22.771239833180967,23.5226239728,23.522624887916805,9.151168036680701e-07,22.546266301,22.546266740795474,4.397954747048516e-07,14.5,20.0,24.0,25.7,276.8261154,180.0,3631.9931104885004,20.0,100.0,0.31797464285714283,-857.559635281144,0.0,-857.559635281144,6
128,rollout,23.5226249695,22.5462665558,23.522624887916805,22.546266740795474,23.4389718052,23.43897174147355,-6.372644989482978e-08,22.4147163653,22.414716343756577,-2.1543421269143437e-08,14.5,20.0,24.0,25.2,212.85395,180.0,3631.9931104885004,20.0,100.0,0.31797464285714283,-843.3889261284759,0.0,-843.3889261284759,6
129,rollout,23.4389724731,22.4147167206,23.43897174147355,22.414716343756577,23.4747688174,23.474768151608796,-6.657912052787651e-07,23.7506753657,23.750675020470837,-3.452291643668559e-07,16.0,24.0,24.0,24.7,128.9326669,180.0,0.0,24.0,0.0,0.080939,-208.5501295360265,30.089626042120088,-178.4605034939064,6
130,rollout,23.4747695923,23.7506752014,23.474768151608796,23.750675020470837,23.5364368028,23.536435517047025,-1.285752976087906e-06,23.8054717776,23.8054711381,-6.395000013981189e-07,16.0,24.0,24.0,23.7,90.98752998,180.0,0.0,24.0,0.0,0.080939,-211.26975522603684,20.049507454422866,-191.22024777161397,6
131,rollout,23.5364379883,23.8054714203,23.536435517047025,23.8054711381,23.5427173187,23.54271511452237,-2.2041776297498927e-06,23.549386651,23.549385556060326,-1.0949396731518846e-06,16.0,24.0,24.0,22.8,56.595,50.0,0.0,24.0,0.0,0.080939,-204.7396294395029,44.15695633248191,-160.58267310702098,6
132,rollout,23.54271698,23.5493850708,23.54271511452237,23.549385556060326,23.5321838441,23.53218221172243,-1.6323775717808076e-06,23.5125473791,23.512546602739036,-7.763609630728752e-07,16.0,24.0,24.0,22.8,40.59,50.0,0.0,24.0,0.0,0.080939,-203.55180869179424,48.54206756735806,-155.00974112443618,6
133,rollout,23.5321846008,23.5125465393,23.53218221172243,23.512546602739036,23.3876518343,23.38764971629524,-2.118004761797465e-06,22.6091267731,22.60912570536035,-1.067739653137778e-06,17.7000007629,18.0,24.0,20.4,25.245,50.0,1653.763980821711,18.0,100.0,0.31797464285714283,-527.6539872590299,0.0,-527.6539872590299,6
134,rollout,23.3876533508,22.6091270447,23.38764971629524,22.60912570536035,23.1863638953,23.186360606870515,-3.2884294860480168e-06,22.4376819304,22.437680259987637,-1.6704123630972845e-06,17.7000007629,18.0,24.0,19.2,11.88,50.0,1653.763980821711,18.0,99.93731072976189,0.3178260469424315,-506.03180995429614,0.0,-506.03180995429614,6
135,rollout,23.1863632202,22.4376811981,23.186360606870515,22.437680259987637,22.9792985335,22.979296171677763,-2.3618222364518715e-06,22.3307921233,22.330790878290102,-1.2450098978433743e-06,17.7000007629,18.0,24.0,18.1,15.52479867,50.0,2985.068058818002,18.0,100.0,0.31797464285714283,-494.6812946647424,0.0,-494.6812946647424,6
136,rollout,22.9792976379,22.3307914734,22.979296171677763,22.330790878290102,22.7762045415,22.776203211917654,-1.3295823464432033e-06,22.2044751885,22.20447448184499,-7.066550082868162e-07,17.7000007629,18.0,24.0,17.6,0.0,50.0,2985.068058818002,18.0,100.0,0.31797464285714283,-481.2884525209454,0.0,-481.2884525209454,6
137,rollout,22.7762031555,22.2044754028,22.776203211917654,22.20447448184499,22.4999909523,22.499990959074545,6.774545369125917e-09,21.2888687493,21.28886869976251,-4.953749055403023e-08,13.6181669235,18.1816959381,24.0,17.1,0.0,50.0,2985.068058818002,18.1816959381,100.0,0.31797464285714283,-822.1055766401423,0.0,-822.1055766401423,6
138,rollout,22.4999904633,21.2888679504,22.499990959074545,21.28886869976251,22.20398178,22.20398225533972,4.753397213619337e-07,21.0877565128,21.087756796215363,2.834153640662862e-07,13.6181669235,18.1816959381,24.0,16.7,0.0,50.0,2985.068058818002,18.1816959381,100.0,0.31797464285714283,-797.7842900509348,0.0,-797.7842900509348,6
139,rollout,22.2039833069,21.0877571106,22.20398225533972,21.087756796215363,21.9239740935,21.923973145236957,-9.482630431989492e-07,20.935800982,20.93580048436796,-4.976320404637136e-07,13.6181669235,18.1816959381,24.0,16.3,0.0,50.0,2985.068058818002,18.1816959381,100.0,0.31797464285714283,-781.2930333291429,0.0,-781.2930333291429,6
140,rollout,21.9239730835,20.9358005524,21.923973145236957,20.93580048436796,21.6605434727,21.660543525901083,5.320108442674609e-08,20.7961830082,20.7961830513198,4.3119801063085106e-08,13.6181669235,18.1816959381,24.0,15.9,0.0,50.0,3782.8887913607277,18.1816959381,100.0,0.31797464285714283,-766.3457005692775,0.0,-766.3457005692775,6
141,rollout,21.6605434418,20.7961826324,21.660543525901083,20.7961830513198,21.492529249,21.4925293433444,9.434440073619044e-08,21.4734414936,21.473441565397533,7.179753325203819e-08,17.7000007629,18.0,24.0,15.5,0.0,50.0,3782.8887913607277,18.0,100.0,0.31797464285714283,-399.815398268543,0.0,-399.815398268543,6
142,rollout,21.4925289154,21.4734420776,21.4925293433444,21.473441565397533,21.3674144657,21.367414821475087,3.5577508583628514e-07,21.4503019852,21.45030213570371,1.5050370905100863e-07,17.7000007629,18.0,24.0,15.1,0.0,50.0,3782.8887913607277,18.0,100.0,0.31797464285714283,-400.05305338053887,0.0,-400.05305338053887,6
143,rollout,21.3674144745,21.450302124,21.367414821475087,21.45030213570371,21.2474715631,21.247471871666864,3.0856686450420057e-07,21.3895239017,21.38952405837383,1.5667383124196022e-07,17.7000007629,18.0,24.0,14.7,0.0,50.0,3782.8887913607277,18.0,100.0,0.31797464285714283,-393.7106320768214,0.0,-393.7106320768214,6
144,rollout,21.2474708557,21.3895244598,21.247471871666864,21.38952405837383,21.132298023,21.13229890600274,8.830027411477204e-07,21.3286921335,21.328692557015827,4.235158286292062e-07,17.7000007629,18.0,24.0,14.4,0.0,50.0,3782.8887913607277,18.0,100.0,0.31797464285714283,-387.2045121530523,0.0,-387.2045121530523,6
145,rollout,21.1322975159,21.3286933899,21.13229890600274,21.328692557015827,21.0213565706,21.02135776552668,1.194926682046571e-06,21.2699975724,21.269998128830846,5.564308445116239e-07,17.7000007629,18.0,24.0,14.1,0.0,50.0,3782.8887913607277,18.0,100.0,0.31797464285714283,-380.92015478873157,0.0,-380.92015478873157,6
146,rollout,21.0213565826,21.2699966431,21.02135776552668,21.269998128830846,21.0231254602,21.02312659693975,1.1367397512174193e-06,22.3397181832,22.339718975890168,7.926901695043398e-07,16.0,26.0,24.0,13.9,0.0,50.0,0.0,26.0,0.0,0.080939,-170.1459324951817,300.0,129.8540675048183,6
147,rollout,21.0231246948,22.339717865,21.02312659693975,22.339718975890168,21.0799693001,21.07997105733346,1.757233459187546e-06,22.4761999756,22.476201086463696,1.1108636961409957e-06,16.0,26.0,24.0,13.7,0.0,50.0,0.0,26.0,0.0,0.080939,-175.11825494222904,300.0,124.88174505777096,6
148,rollout,21.0799694061,22.4762001038,21.07997105733346,22.476201086463696,21.1434850602,21.14348658658694,1.5263869386217266e-06,22.6181238672,22.618124833879396,9.666793943097218e-07,17.7000007629,26.0,24.0,13.5,0.0,50.0,0.0,26.0,0.0,0.080939,-132.8933585121706,300.0,167.1066414878294,6
149,rollout,21.1434841156,22.6181240082,21.14348658658694,22.618124833879396,21.2040595437,21.204061792293825,2.2485938231397995e-06,22.6671754285,22.667176792523787,1.3640237881418216e-06,17.7000007629,26.0,24.0,13.3,0.0,50.0,0.0,26.0,0.0,0.080939,-134.36453043495627,300.0,165.63546956504373,6
150,rollout,21.2040596008,22.667175293,21.204061792293825,22.667176792523787,21.2376303367,21.23763237338145,2.036681451045297e-06,22.5195699916,22.519571299649233,1.308049231596442e-06,14.5,26.0,24.0,13.0,0.0,50.0,0.0,26.0,0.0,0.080939,-217.38661761973754,300.0,82.61338238026246,6
151,rollout,21.2376289368,22.519569397,21.23763237338145,22.519571299649233,21.2535436293,21.25354679838224,3.1690822375196603e-06,22.5155406447,22.51554263837858,1.993678580447522e-06,14.5,26.0,24.0,12.7,0.0,50.0,0.0,26.0,0.0,0.080939,-217.09824314099987,300.0,82.90175685900013,6
152,rollout,21.2535438538,22.5155410767,21.25354679838224,22.51554263837858,21.2616591229,21.261661834490994,2.7115909944086525e-06,22.5209171113,22.520918810838577,1.6995385756501946e-06,14.5,26.0,24.0,12.4,0.0,50.0,0.0,26.0,0.0,0.080939,-217.24439975942394,300.0,82.75560024057606,6
153,rollout,21.2616596222,22.5209178925,21.261661834490994,22.520918810838577,21.2613916839,21.261393707000252,2.023100250880816e-06,22.5227900763,22.52279132047727,1.244177269654756e-06,14.5,26.0,24.0,12.0,0.0,50.0,0.0,26.0,0.0,0.080939,-217.31577671067382,300.0,82.68422328932618,6
154,rollout,21.261390686,22.5227890015,21.261393707000252,22.52279132047727,21.2741074077,21.27411022919243,2.8214924299163613e-06,22.4370724956,22.43707433098487,1.8353848716401444e-06,12.8000001907,26.0,24.0,13.1,1.98,50.0,0.0,26.0,0.0,0.080939,-261.1480623691326,300.0,38.85193763086738,6
155,rollout,21.2741088867,22.4370727539,21.27411022919243,22.43707433098487,21.3186584948,21.318659778840985,1.2840409837622246e-06,22.5349059633,22.53490684895669,8.856566893200579e-07,12.8000001907,26.0,24.0,14.1,63.894325,50.0,0.0,26.0,0.0,0.080939,-263.4684623651707,300.0,36.531537634829306,6
156,rollout,21.3186588287,22.5349063873,21.318659778840985,22.53490684895669,21.3739642129,21.373965085490045,8.725900464412462e-07,22.520216932,22.52021747492391,5.429239102738848e-07,12.8000001907,26.0,24.0,15.2,26.07,50.0,0.0,26.0,0.0,0.080939,-263.2167320878728,300.0,36.7832679121272,6
157,rollout,21.3739624023,22.5202178955,21.373965085490045,22.52021747492391,21.4172496638,21.417252024189352,2.360389352418224e-06,22.1246019095,22.124603002608104,1.093108103589202e-06,16.0,22.0,24.0,16.3,111.4428186,50.0,525.1973891672002,22.0,11.83461372361904,0.10899125271944003,-224.24743811147977,0.0,-224.24743811147977,6
158,rollout,21.4172496796,22.1246013641,21.417252024189352,22.124603002608104,21.4331127907,21.433114914989538,2.124289537164259e-06,22.0061273675,22.006128102781883,7.352818833794572e-07,16.0,22.0,24.0,17.2,57.915,50.0,621.2839174084658,22.0,12.527776377929621,0.11063429527313076,-222.57369178791294,0.0,-222.57369178791294,6
159,rollout,21.4331130981,22.0061264038,21.433114914989538,22.006128102781883,21.5127693371,21.51277095750235,1.6204023509658327e-06,22.3603859489,22.3603860823525,1.334524988294561e-07,16.0,22.0,24.0,18.1,169.0888447,180.0,1042.1094809194374,22.0,24.03264639330042,0.13790493787394362,-293.27384348447254,0.0,-293.27384348447254,6
160,rollout,21.5127696991,22.3603858948,21.51277095750235,22.3603860823525,21.5764429883,21.576444009527968,1.0212279697441318e-06,22.1305508372,22.13055040445828,-4.3274172156770874e-07,14.5,22.0,24.0,18.8,119.5705731,180.0,1453.5756715625741,22.0,30.375038385397538,0.15293866750493096,-391.289270512366,0.0,-391.289270512366,6
161,rollout,21.5764427185,22.1305503845,21.576444009527968,22.13055040445828,21.6861251812,21.686126233094345,1.0518943440729345e-06,22.3331932662,22.333192913933075,-3.522669231870168e-07,14.5,22.0,24.0,19.4,330.3370582,180.0,1941.2897906223689,22.0,41.84958823833861,0.18013744051381317,-472.39968017700744,0.0,-472.39968017700744,6
162,rollout,21.686126709,22.3331928253,21.686126233094345,22.333192913933075,21.8798382115,21.879837793470067,-4.1802993422379586e-07,23.198455828,23.198455627441138,-2.005588619624632e-07,17.2520446777,23.59765625,24.0,20.0,324.7283306,180.0,0.0,23.59765625,0.0,0.080939,-159.8736653470769,44.351054041731786,-115.52261130534511,6
163,rollout,21.8798370361,23.1984558105,21.879837793470067,23.198455627441138,22.1551231081,22.155123771407165,6.633071656381162e-07,23.5939774622,23.593977778351025,3.161510235827336e-07,17.2520446777,23.59765625,24.0,20.6,510.1311855,180.0,0.0,23.59765625,0.0,0.080939,-170.91542651346268,3.5878740442957024,-167.32755246916696,6
164,rollout,22.155122757,23.5939769745,22.155123771407165,23.593977778351025,22.4366643119,22.436665245446463,9.335464632442836e-07,23.7763636603,23.776364083716818,4.2341681805169173e-07,17.2520446777,23.59765625,24.0,21.2,538.3897064,180.0,154.39463163299257,23.59765625,4.509616547639737,0.09162839857408994,-199.43211777489546,0.0,-199.43211777489546,6
165,rollout,22.4366645813,23.7763633728,22.436665245446463,23.776364083716818,22.7330345398,22.733035139544437,5.997444390004603e-07,23.9930336224,23.99303370498686,8.258686179374308e-08,17.2520446777,23.59765625,24.0,21.8,648.0742248,180.0,702.4957653309639,23.59765625,17.5033092016401,0.12242808148738105,-275.717804907981,0.0,-275.717804907981,6
166,rollout,22.7330341339,23.9930343628,22.733035139544437,23.99303370498686,23.008916919,23.008917753935556,8.349355553605164e-07,24.0357726295,24.035772762425008,1.3292500966599619e-07,16.6158790588,23.7351207733,24.0,22.3,673.4987,180.0,1204.170090177976,23.7351207733,26.748695124241518,0.1443429414436431,-358.2133257236381,0.0,-358.2133257236381,6
167,rollout,23.0089168549,24.0357723236,23.008917753935556,24.035772762425008,23.2680510204,23.26805180619229,7.857922881271406e-07,24.1048965217,24.10489660413434,8.24343402427985e-08,16.6158790588,23.7351207733,24.0,22.8,723.9465739,180.0,1826.7780118760197,23.7351207733,39.86058659510594,0.17542279768233748,-439.64717929223644,0.0,-439.64717929223644,6
168,rollout,23.2680511475,24.1048965454,23.26805180619229,24.10489660413434,23.4959431937,23.49594374425664,5.505566385011207e-07,24.0964380227,24.096437954150954,-6.854904555098074e-08,16.6158790588,23.7351207733,24.0,23.1,735.2223364,180.0,2495.6183990074487,23.7351207733,53.20953748180763,0.2070645692313151,-518.7337591908116,0.0,-518.7337591908116,6
169,rollout,23.4959449768,24.0964374542,23.49594374425664,24.096437954150954,23.7841416627,23.784140592238487,-1.0704615149847996e-06,25.0398977229,25.039897222886353,-5.000136482635753e-07,16.0,26.0,24.0,23.5,726.2296871,180.0,0.0,26.0,0.0,0.080939,-243.42687951633263,101.33414802102223,-142.0927314953104,6
170,rollout,23.7841415405,25.0398979187,23.784140592238487,25.039897222886353,24.0830234667,24.08302259439967,-8.723003297461673e-07,25.2200396116,25.22003914915203,-4.624479714721019e-07,16.0,26.0,24.0,23.7,715.3576322,180.0,0.0,26.0,0.0,0.080939,-249.0506943053559,80.57255292194654,-168.47814138340937,6
171,rollout,24.0830230713,25.2200393677,24.08302259439967,25.22003914915203,24.3400040653,24.3400036325892,-4.3271079874784846e-07,25.2711930433,25.271192820164742,-2.2313525604999995e-07,16.0,26.0,24.0,23.9,644.9089318,180.0,0.0,26.0,0.0,0.080939,-250.63781695796516,74.71332762342513,-175.92448933454003,6
172,rollout,24.3400039673,25.2711925507,24.3400036325892,25.271192820164742,24.5562026536,24.55620236896647,-2.8463352919061435e-07,25.2739396425,25.27393951629598,-1.2620402145557819e-07,14.5,26.0,24.0,24.0,614.8040202,180.0,0.0,26.0,0.0,0.080939,-291.462632891761,73.99920736716936,-217.46342552459166,6
173,rollout,24.5562019348,25.27394104,24.55620236896647,25.27393951629598,24.7143079675,24.71430828382904,3.1632903940703727e-07,25.2032974106,25.203297489856656,7.925665457264586e-08,14.5,26.0,24.0,24.1,489.5666343,180.0,0.0,26.0,0.0,0.080939,-289.723105366408,80.42107001733498,-209.302035349073,6
174,rollout,24.714307785,25.2032966614,24.71430828382904,25.203297489856656,24.8352093925,24.835209872142368,4.796423667130512e-07,25.1922007596,25.19220103609183,2.764918320963261e-07,14.5,26.0,24.0,24.1,432.9948978,180.0,0.0,26.0,0.0,0.080939,-289.4274977945438,81.51237279765482,-207.91512499688898,6
175,rollout,24.8352088928,25.192199707,24.835209872142368,25.19220103609183,24.8964214728,24.896422401135784,9.283357833567152e-07,25.0329266349,25.03292715637398,5.21473978665199e-07,14.5,26.0,24.0,24.1,273.3120913,180.0,0.0,26.0,0.0,0.080939,-285.36464353259873,96.5113260522493,-188.85331748034943,6
176,rollout,24.8964214325,25.0329265594,24.896422401135784,25.03292715637398,24.922027727,24.922028612862842,8.858628426366977e-07,24.9651006036,24.965101067748154,4.64148154577515e-07,14.5,26.0,24.0,23.9,211.5331912,180.0,0.0,26.0,0.0,0.080939,-283.4977208482033,103.40349699115556,-180.09422385704772,6
177,rollout,24.9220275879,24.9650993347,24.922028612862842,24.965101067748154,24.913991086,24.913992072979948,9.869799484363284e-07,24.8596589221,24.859659492401597,5.703015979463544e-07,14.5,26.0,24.0,23.7,128.0335723,180.0,0.0,26.0,0.0,0.080939,-280.7374453071052,113.59368377646994,-167.14376153063523,6
178,rollout,24.9139900208,24.8596591949,24.913992072979948,24.859659492401597,24.8890313525,24.88903318574997,1.8332499678308523e-06,24.8691417229,24.869142636742623,9.138426229071683e-07,16.0,26.0,24.0,23.2,90.46356319,180.0,0.0,26.0,0.0,0.080939,-240.27743097281936,112.9610557160305,-127.31637525678886,6
179,rollout,24.8890304565,24.869140625,24.88903318574997,24.869142636742623,24.8246229424,24.824625453250984,2.510850983128421e-06,24.5765866145,24.576587946020062,1.331520063985181e-06,16.0,26.0,24.0,22.7,57.42,50.0,0.0,26.0,0.0,0.080939,-232.72298922473777,140.85000061502555,-91.87298860971222,6
180,rollout,24.8246231079,24.5765857697,24.824625453250984,24.576587946020062,24.7497158305,24.749718008344086,2.1778440846276226e-06,24.5061680004,24.506169176790443,1.1763904446127071e-06,16.0,26.0,24.0,22.7,41.25,50.0,0.0,26.0,0.0,0.080939,-230.61174653395364,148.64413458748444,-81.96761194646919,6
181,rollout,24.7497158051,24.5061683655,24.749718008344086,24.506169176790443,24.5123185819,24.512320573222716,1.991322715610977e-06,23.2303975439,23.23039859339928,1.0494992785936574e-06,17.7000007629,18.0,24.0,20.4,25.08,50.0,1951.850753037133,18.0,100.0,0.31797464285714283,-595.6793767826148,0.0,-595.6793767826148,6
182,rollout,24.5123176575,23.2303962708,24.512320573222716,23.23039859339928,24.2173920284,24.21739472584163,2.697441630061803e-06,22.9922251734,22.99222667105391,1.497653908444363e-06,17.7000007629,18.0,24.0,19.4,10.395,50.0,1951.850753037133,18.0,100.0,0.31797464285714283,-566.2300480851809,0.0,-566.2300480851809,6
183,rollout,24.2173919678,22.992225647,24.21739472584163,22.99222667105391,23.9258127978,23.92581529429358,2.496493582526682e-06,22.8378953447,22.837896666084234,1.3213842322556957e-06,17.7000007629,18.0,24.0,18.4,13.5123849,50.0,1951.850753037133,18.0,100.0,0.31797464285714283,-549.4251689391388,0.0,-549.4251689391388,6
184,rollout,23.9258117676,22.8378944397,23.92581529429358,22.837896666084234,23.6461004419,23.646103677212906,3.2353129064688346e-06,22.672641306,22.672643070084842,1.764084842648117e-06,17.7000007629,18.0,24.0,17.9,0.0,50.0,1951.850753037133,18.0,100.0,0.31797464285714283,-531.8044147904552,0.0,-531.8044147904552,6
185,rollout,23.6460990906,22.6726417542,23.646103677212906,22.672643070084842,23.4971315293,23.497135661204346,4.131904347559612e-06,23.6913072976,23.69130939713352,2.0995335177076413e-06,14.5,26.0,24.0,17.5,0.0,50.0,0.0,26.0,0.0,0.080939,-248.17298909862956,233.81280189920125,-14.36018719942831,6
186,rollout,23.4971313477,23.6913070679,23.497135661204346,23.69130939713352,23.4044723489,23.404476279025566,3.930125565432263e-06,23.6996718485,23.69967389176832,2.0432683207616265e-06,14.5,26.0,24.0,17.1,0.0,50.0,0.0,26.0,0.0,0.080939,-249.34915355748586,229.47072251345054,-19.878431044035324,6
187,rollout,23.4044723511,23.699672699,23.404476279025566,23.69967389176832,23.3148927269,23.314896263916776,3.537016777244162e-06,23.6573028261,23.65730462001487,1.7939148690970796e-06,14.5,26.0,24.0,16.7,0.0,50.0,0.0,26.0,0.0,0.080939,-248.24683045153952,233.54019970154772,-14.706630749991803,6
188,rollout,23.3148918152,23.6573028564,23.314896263916776,23.65730462001487,23.2296508547,23.229654879222295,4.024522294088229e-06,23.613962386,23.613964447443728,2.061443726830703e-06,14.5,26.0,24.0,16.5,0.0,50.0,0.0,26.0,0.0,0.080939,-247.06630200290604,237.8983897509972,-9.167912251908831,6
189,rollout,23.2296524048,23.6139621735,23.229654879222295,23.613964447443728,23.1501620127,23.15016430943181,2.2967318074051946e-06,23.5731091399,23.57311037947207,1.2395720681013245e-06,14.5,26.0,24.0,16.4,0.0,50.0,0.0,26.0,0.0,0.080939,-245.94721479431632,242.0297554479337,-3.9174593463826284,6
190,rollout,23.1501617432,23.5731086731,23.15016430943181,23.57311037947207,23.0758831248,23.075885477382496,2.352582495035449e-06,23.5349346585,23.534935897188145,1.2386881458326116e-06,14.5,26.0,24.0,16.3,0.0,50.0,0.0,26.0,0.0,0.080939,-244.90145187342162,245.89042781140122,0.9889759379796033,6
191,rollout,23.0758838654,23.5349349976,23.075885477382496,23.534935897188145,22.9186961936,22.918697652059894,1.4584598950762029e-06,22.4770435861,22.477044158825343,5.727253444831604e-07,16.3253688812,21.4567451477,24.0,16.2,0.0,50.0,2773.843098521824,21.4567451477,65.63185573220338,0.23650989115390086,-495.4683348221876,0.0,-495.4683348221876,6
192,rollout,22.9186973572,22.4770431519,22.918697652059894,22.477044158825343,22.6915660834,22.69156635798287,2.7458287021886463e-07,22.0315737993,22.031573676284815,-1.230151838171878e-07,16.3253688812,21.4567451477,24.0,16.1,0.0,50.0,4238.629039280044,21.4567451477,90.47166892414367,0.2953891020379299,-569.871224614978,0.0,-569.871224614978,6
193,rollout,22.6915664673,22.0315742493,22.69156635798287,22.031573676284815,22.4507726571,22.450772515202708,-1.4189729213853752e-07,21.7734831388,21.77348294166283,-1.9713716881142318e-07,16.3253688812,21.4567451477,24.0,16.0,0.0,50.0,4822.429181345277,21.4567451477,100.0,0.31797464285714283,-582.9095183882298,0.0,-582.9095183882298,6
194,rollout,22.4507732391,21.7734832764,22.450772515202708,21.77348294166283,22.3359698934,22.335969236318967,-6.570810349160183e-07,22.8094995176,22.809499178727084,-3.3887291550627197e-07,16.0,24.0,24.0,15.8,0.0,50.0,0.0,24.0,0.0,0.080939,-183.61661513541532,122.1373818453241,-61.479233290091216,6
195,rollout,22.3359699249,22.8094997406,22.335969236318967,22.809499178727084,22.2769607108,22.276960074864704,-6.359352973106525e-07,22.8327413947,22.832741054870638,-3.398293628720239e-07,16.0,24.0,24.0,15.6,0.0,50.0,0.0,24.0,0.0,0.080939,-185.16148360558273,116.4341474995652,-68.72733610601753,6
196,rollout,22.2769603729,22.8327407837,22.276960074864704,22.832741054870638,22.221785405,22.2217851528717,-2.5212829868337394e-07,22.807413379,22.80741326888836,-1.101116389179424e-07,16.0,24.0,24.0,15.4,0.0,50.0,0.0,24.0,0.0,0.080939,-184.51730274756264,118.81228807611706,-65.70501467144558,6
197,rollout,22.221786499,22.8074131012,22.2217851528717,22.80741326888836,22.1678226447,22.167821458551472,-1.1861485269548666e-06,22.7802605926,22.78026001931384,-5.732861616536411e-07,16.0,24.0,24.0,15.2,0.0,50.0,0.0,24.0,0.0,0.080939,-183.78151200612817,121.5286274337231,-62.252884572405065,6
198,rollout,22.1678237915,22.7802600861,22.167821458551472,22.78026001931384,22.1148516579,22.114849586055303,-2.071844697582037e-06,22.7535032281,22.75350220875128,-1.0193487227638798e-06,16.0,24.0,24.0,15.0,0.0,50.0,0.0,24.0,0.0,0.080939,-183.0545937733538,124.21221190177043,-58.842381871583356,6
199,rollout,22.1148529053,22.7535037994,22.114849586055303,22.75350220875128,22.0627780757,22.062775060637012,-3.0150629868330725e-06,22.7272056973,22.727204139541897,-1.5577581038428434e-06,16.0,24.0,24.0,14.8,0.0,50.0,0.0,24.0,0.0,0.080939,-182.34022827726193,126.84945507904537,-55.49077319821656,6
200,rollout,22.0627784729,22.7272071838,22.062775060637012,22.727204139541897,22.0173616704,22.01735850728771,-3.163112289428227e-06,22.7033387385,22.703337035720878,-1.70277912303618e-06,16.0,24.0,24.0,14.9,0.0,50.0,0.0,24.0,0.0,0.080939,-181.67976008625465,129.28772406049836,-52.39203602575628,6
201,rollout,22.0173606873,22.703338623,22.01735850728771,22.703337035720878,21.968649712,21.968647707314872,-2.0046851290089762e-06,22.6083092196,22.60830815746889,-1.0621311083980345e-06,14.5,24.0,24.0,14.9,0.0,50.0,0.0,24.0,0.0,0.080939,-219.81384960330846,138.50703413267775,-81.30681547063071,6
202,rollout,21.9686508179,22.6083087921,21.968647707314872,22.60830815746889,21.9332783037,21.933275516760244,-2.7869397563051734e-06,22.5862713671,22.5862699688316,-1.3982683988444933e-06,14.5,24.0,24.0,15.5,1.485,50.0,0.0,24.0,0.0,0.080939,-219.12084159311425,141.06543127906866,-78.05541031404559,6
203,rollout,21.9332790375,22.586271286,21.933275516760244,22.5862699688316,21.9541076907,21.954104479069294,-3.2116307053797755e-06,22.966136247,22.96613428550363,-1.9614963697733856e-06,14.5,26.0,24.0,16.0,41.39498136,50.0,0.0,26.0,0.0,0.080939,-228.72813275612575,300.0,71.27186724387425,6
204,rollout,21.9541091919,22.9661369324,21.954104479069294,22.96613428550363,22.0112469471,22.011242627251505,-4.319848493139489e-06,23.0381301686,23.038127876696123,-2.291903875573098e-06,14.5,26.0,24.0,16.8,48.45134952,50.0,0.0,26.0,0.0,0.080939,-231.09991763138467,296.84193962834087,65.7420219969562,6
205,rollout,22.0112457275,23.0381317139,22.011242627251505,23.038127876696123,22.1032966275,22.1032937052776,-2.922222400059127e-06,23.1860560965,23.186054472381684,-1.6241183153908878e-06,14.5,26.0,24.0,17.5,133.7924499,50.0,0.0,26.0,0.0,0.080939,-234.9769250000351,282.5290825724576,47.55215757242249,6
206,rollout,22.1032962799,23.1860561371,22.1032937052776,23.186054472381684,22.1993219093,22.199319551124976,-2.3581750241419286e-06,23.197316228,23.197314988685427,-1.2393145709665987e-06,14.5,26.0,24.0,18.4,99.4199223,50.0,0.0,26.0,0.0,0.080939,-235.41161689420576,280.9243182908819,45.512701396676135,6
207,rollout,22.1993217468,23.1973152161,22.199319551124976,23.197314988685427,22.3600818368,22.360079879423754,-1.9573762450875165e-06,23.639088845,23.63908787378879,-9.71211211009404e-07,14.5,26.0,24.0,19.3,218.8266454,180.0,0.0,26.0,0.0,0.080939,-246.83583030480287,238.7492285956821,-8.086601709120771,6
208,rollout,22.360080719,23.639087677,22.360079879423754,23.63908787378879,22.4908202213,22.49081948565596,-7.356440434591605e-07,23.271255056,23.271254705091298,-3.50908702984043e-07,12.8000001907,24.0,24.0,20.3,195.5727283,180.0,0.0,24.0,0.0,0.080939,-283.78200038105405,72.35399518080605,-211.42800520024798,6
209,rollout,22.490819931,23.2712554932,22.49081948565596,23.271254705091298,22.6418762315,22.641875801042467,-4.304575327296334e-07,23.4494592108,23.449458960464913,-2.5033508777028146e-07,12.8000001907,24.0,24.0,21.4,301.8317655,180.0,0.0,24.0,0.0,0.080939,-288.02830836046667,56.67778068195517,-231.3505276785115,6
210,rollout,22.6418762207,23.4494590759,22.641875801042467,23.449458960464913,22.7799720815,22.77997170633676,-3.7516323914132954e-07,23.0903114733,23.09031132437165,-1.489283505407002e-07,16.0,22.0,24.0,22.5,334.0320003,180.0,2367.8607166122542,22.0,57.77215784724487,0.21787960574566018,-521.8830113765123,0.0,-521.8830113765123,6
211,rollout,22.7799720764,23.0903129578,22.77997170633676,23.09031132437165,22.8919401305,22.891939752842138,-3.776578623160276e-07,22.8741962899,22.874196287052804,-2.8471944801822247e-09,16.0,22.0,24.0,23.5,437.9453062,180.0,4203.210500315463,22.0,92.35022414749766,0.29984194748803344,-694.4690229809838,0.0,-694.4690229809838,6
212,rollout,22.8919410706,22.8741950989,22.891939752842138,22.874196287052804,22.9923553237,22.992354212355306,-1.1113446944932548e-06,22.8551277401,22.855127250423216,-4.896767826778614e-07,16.0,22.0,24.0,24.3,509.3134134,180.0,4465.469386431304,22.0,100.0,0.31797464285714283,-728.9542900559086,0.0,-728.9542900559086,6
213,rollout,22.9923553467,22.8551273346,22.992354212355306,22.855127250423216,23.2561557436,23.25615473388198,-1.00971801941796e-06,24.3317847148,24.33178422827612,-4.865238807383321e-07,17.7000007629,24.0,24.0,25.1,625.0572553,180.0,129.03032321440975,24.0,4.931005276369138,0.09262724005616121,-203.39087146339065,0.0,-203.39087146339065,6
214,rollout,23.2561569214,24.3317832947,23.25615473388198,24.33178422827612,23.5685352088,23.568533316170083,-1.8926299176769135e-06,24.4775332555,24.477532439087636,-8.164123634912812e-07,17.7000007629,24.0,24.0,25.8,637.7928161,180.0,887.0668247799935,24.0,21.99723881851262,0.13308029644428238,-301.64728710996303,0.0,-301.64728710996303,6
215,rollout,23.5685348511,24.4775333405,23.568533316170083,24.477532439087636,23.8390092824,23.83900790529797,-1.3771020306307946e-06,24.4182922387,24.418291823516274,-4.1518372739801634e-07,17.7000007629,24.0,24.0,26.5,598.4283241,180.0,1689.0660537014992,24.0,37.59405995575983,0.17005032169223505,-382.64334755247415,0.0,-382.64334755247415,6
216,rollout,23.8390083313,24.4182929993,23.83900790529797,24.418291823516274,24.0686100944,24.068609711033936,-3.8336606422717523e-07,24.3951708143,24.395171039417793,2.251177946277494e-07,17.7000007629,24.0,24.0,26.8,603.7678876,180.0,2427.6802529955307,24.0,52.15639223448875,0.20456823962411333,-458.7176943182813,0.0,-458.7176943182813,6
217,rollout,24.068611145,24.3951702118,24.068609711033936,24.395171039417793,24.2163485706,24.21634733191446,-1.238685541693485e-06,23.6466270746,23.64662653390247,-5.406975311927908e-07,14.5,22.0,24.0,27.2,591.0822006,180.0,3817.3223378116913,22.0,92.41464489141623,0.2999946476125142,-932.2330444363527,0.0,-932.2330444363527,6
218,rollout,24.2163486481,23.6466255188,24.21634733191446,23.64662653390247,24.268978561,24.268977439644193,-1.1213558082090458e-06,23.4056000584,23.405599547852237,-5.105477640654499e-07,14.5,22.0,24.0,27.3,635.2402779,180.0,4280.612390953234,22.0,100.0,0.31797464285714283,-948.3880307258113,0.0,-948.3880307258113,6
219,rollout,24.2689781189,23.4056015015,24.268977439644193,23.405599547852237,24.2863879403,24.286387245522814,-6.947771851173457e-07,23.3161295628,23.316129099121234,-4.636787664935582e-07,14.5,22.0,24.0,27.4,566.4009333,180.0,4280.612390953234,22.0,100.0,0.31797464285714283,-938.4354531952729,0.0,-938.4354531952729,6
220,rollout,24.2863883972,23.3161296844,24.286387245522814,23.316129099121234,24.4228426611,24.422841615033956,-1.046066042675875e-06,24.6811618599,24.6811613776671,-4.822329024989358e-07,15.1632871628,24.2618808746,24.0,27.2,505.1647633,180.0,247.87006051919107,24.2618808746,8.325342289100227,0.10067302861502629,-319.15701204853053,0.0,-319.15701204853053,6
221,rollout,24.4228420258,24.6811618805,24.422841615033956,24.6811613776671,24.5632485618,24.56324819487779,-3.6692220817258203e-07,24.548673038,24.548673045492897,7.492896969552021e-09,15.1632871628,24.2618808746,24.0,27.1,410.6284184,180.0,893.2016463065196,24.2618808746,20.604378780327334,0.1297787216986696,-408.4001787354315,0.0,-408.4001787354315,6
222,rollout,24.5632476807,24.5486717224,24.56324819487779,24.548673045492897,24.5514561885,24.55145669575791,5.072579085663165e-07,23.340805562,23.340805870186863,3.081868626964024e-07,14.5,20.0,24.0,26.6,400.6730685,180.0,2637.078833221642,20.0,100.0,0.31797464285714283,-947.794019082627,0.0,-947.794019082627,6
223,rollout,24.5514564514,23.3408050537,24.55145669575791,23.340805870186863,24.4194442432,24.419444490019426,2.4681942534243717e-07,23.0064189373,23.006419056857816,1.1955781431538526e-07,14.5,20.0,24.0,26.1,254.9407668,180.0,3564.923814980541,20.0,100.0,0.31797464285714283,-907.6747868405455,0.0,-907.6747868405455,6
224,rollout,24.4194450378,23.0064201355,24.419444490019426,23.006419056857816,24.2573441534,24.25734361638215,-5.370178470798237e-07,22.8662849558,22.866284622255186,-3.3354481487890553e-07,14.5,20.0,24.0,25.1,221.8525224,180.0,3564.923814980541,20.0,100.0,0.31797464285714283,-892.0211381678421,0.0,-892.0211381678421,6
225,rollout,24.2573432922,22.8662853241,24.25734361638215,22.866284622255186,24.0532092412,24.053209495996175,2.547961734933324e-07,22.6134095846,22.613409673101238,8.850123833781254e-08,14.5,20.0,24.0,24.1,102.9867147,180.0,3564.923814980541,20.0,100.0,0.31797464285714283,-865.8838206129167,0.0,-865.8838206129167,6
226,rollout,24.0532093048,22.6134090424,24.053209495996175,22.613409673101238,24.0279611978,24.0279613983264,2.0052640081758e-07,24.356050847,24.356050980399157,1.3339915838628258e-07,14.5,26.0,24.0,22.7,168.16952,180.0,0.0,26.0,0.0,0.080939,-265.2346306675076,170.8258602470696,-94.40877042043797,6
227,rollout,24.027961731,24.3560504913,24.0279613983264,24.356050980399157,24.004306281,24.004306008044907,-2.7295509497093917e-07,24.0869725923,24.08697248287107,-1.094289316938557e-07,14.5,26.0,24.0,21.3,60.94621952,50.0,0.0,26.0,0.0,0.080939,-259.9977932103272,190.15884025520683,-69.83895295512036,6
228,rollout,24.0043067932,24.0869731903,24.004306008044907,24.08697248287107,23.9825443395,23.982543611317972,-7.281820266769046e-07,24.1099416595,24.109941267198053,-3.923019455953636e-07,14.5,26.0,24.0,21.3,100.748281,50.0,0.0,26.0,0.0,0.080939,-260.3248631299122,188.95138704163975,-71.37347608827247,6
229,rollout,23.9825439453,24.1099414825,23.982543611317972,24.109941267198053,23.8829809306,23.88298062469318,-3.059068198751902e-07,23.9759031808,23.975903020025367,-1.607746327181303e-07,14.5,26.0,24.0,18.3,20.43476285,50.0,0.0,26.0,0.0,0.080939,-256.9857875271966,201.2783462800723,-55.70744124712428,6
230,rollout,23.8829803467,23.9759025574,23.88298062469318,23.975903020025367,23.7644433285,23.764443595850903,2.673509023054521e-07,23.9026778859,23.902678040046126,1.5414612519748516e-07,14.5,26.0,24.0,17.2,10.65311344,50.0,0.0,26.0,0.0,0.080939,-254.97441210976677,208.7037974329835,-46.27061467678328,6
231,rollout,23.7644424438,23.902677536,23.764443595850903,23.902678040046126,23.6307933056,23.63079434989364,1.0442936400067993e-06,23.8291731137,23.82917365086791,5.371679101529026e-07,14.5,26.0,24.0,16.0,4.1003381,50.0,0.0,26.0,0.0,0.080939,-253.00982129502023,215.95653255341142,-37.05328874160881,6
232,rollout,23.6307945251,23.8291740417,23.63079434989364,23.82917365086791,23.3678978727,23.36789770268708,-1.7001291752194447e-07,22.3240563071,22.324056233242544,-7.385745703913926e-08,16.0,20.0,24.0,15.4,0.0,50.0,3834.582044056902,20.0,98.51916703522966,0.31446454091945897,-676.2016774226904,0.0,-676.2016774226904,6
233,rollout,23.3678970337,22.3240566254,23.36789770268708,22.324056233242544,23.0328895319,23.03289010733016,5.75430160409951e-07,22.0216103761,22.021610644621592,2.6852159251689045e-07,16.0,20.0,24.0,14.8,0.0,50.0,3834.582044056902,20.0,100.0,0.31797464285714283,-644.3995893922224,0.0,-644.3995893922224,6
234,rollout,23.0328903198,22.02161026,23.03289010733016,22.021610644621592,22.7154479071,22.715447736576436,-1.7052356326985318e-07,21.8445969471,21.844596882961582,-6.413841902030981e-08,16.0,20.0,24.0,14.5,0.0,50.0,3834.582044056902,20.0,100.0,0.31797464285714283,-624.9047191147316,0.0,-624.9047191147316,6
235,rollout,22.7154464722,21.8445968628,22.715447736576436,21.844596882961582,22.4175430797,22.417544203095918,1.1233959185119602e-06,21.6849753235,21.68497589275312,5.692531175327531e-07,16.0,20.0,24.0,14.1,0.0,50.0,3834.582044056902,20.0,100.0,0.31797464285714283,-607.7092644281039,0.0,-607.7092644281039,6
236,rollout,22.4175415039,21.6849746704,22.417544203095918,21.68497589275312,22.2998370063,22.29983947524606,2.468946060929511e-06,23.1910576828,23.19105903639669,1.3535966907340935e-06,17.7000007629,26.0,24.0,13.9,0.0,50.0,0.0,26.0,0.0,0.080939,-146.95482124777035,287.48268033308193,140.52785908531158,6
237,rollout,22.2998371124,23.1910572052,22.29983947524606,23.19105903639669,22.2677454369,22.267747614734233,2.1778342329525913e-06,23.2765521083,23.27655326744462,1.1591446202885436e-06,17.7000007629,26.0,24.0,13.6,0.0,50.0,0.0,26.0,0.0,0.080939,-151.0255231731492,272.45475563885117,121.42923246570197,6
238,rollout,22.2677459717,23.2765522003,22.267747614734233,23.27655326744462,22.2353520523,22.235353557443794,1.5051437927127154e-06,23.2660682935,23.26606908469637,7.911963706419556e-07,17.7000007629,26.0,24.0,13.2,0.0,50.0,0.0,26.0,0.0,0.080939,-150.83795895345685,273.14719173968564,122.30923278622879,6
239,rollout,22.2353515625,23.2660675049,22.235353557443794,23.26606908469637,22.125224735,22.125226567875767,1.8328757676044916e-06,22.4280511318,22.428051944535795,8.127357951082104e-07,17.7000007629,22.0,24.0,12.9,0.0,50.0,1450.9279558798498,22.0,33.453786670115306,0.16023639829356495,-257.0177678518261,0.0,-257.0177678518261,6
240,rollout,22.1252250671,22.4280509949,22.125226567875767,22.428051944535795,21.9651480348,21.96514937571039,1.340910390723593e-06,22.1952192847,22.195219634445046,3.4974504714568866e-07,17.7000007629,22.0,24.0,12.5,0.0,50.0,2021.5824944611652,22.0,42.44754538969706,0.18155481209154595,-274.8790434146168,0.0,-274.8790434146168,6
241,rollout,21.9651489258,22.1952190399,21.96514937571039,22.195219634445046,21.8005201811,21.80052056311843,3.8201842755825055e-07,22.0575945744,22.05759436785035,-2.065496502723363e-07,17.7000007629,22.0,24.0,12.2,0.0,50.0,2262.4079791586687,22.0,45.943259005061435,0.18984089933216955,-278.10055552833785,0.0,-278.10055552833785,6
242,rollout,21.8005199432,22.0575942993,21.80052056311843,22.05759436785035,21.6401287347,21.640129244495515,5.097955160238143e-07,21.9588684242,21.958868274204463,-1.4999553599182036e-07,17.7000007629,22.0,24.0,11.9,0.0,50.0,2287.457234355945,22.0,45.50764477262353,0.18880833833593313,-270.0121976465992,0.0,-270.0121976465992,6
243,rollout,21.6401290894,21.9588680267,21.640129244495515,21.958868274204463,21.453838885,21.453838965014935,8.0014935122108e-08,21.578975277,21.578974722004283,-5.549957187156451e-07,14.5,22.0,24.0,11.6,0.0,50.0,1775.6716194632213,22.0,31.795291569190436,0.1563051737693335,-370.71527113997377,0.0,-370.71527113997377,6
244,rollout,21.4538383484,21.5789756775,21.453838965014935,21.578974722004283,21.2795478369,21.279548291924517,4.5502451584411574e-07,21.6169392326,21.61693899685234,-2.3574765961598132e-07,14.5,22.0,24.0,11.3,0.0,50.0,1034.7081052127312,22.0,17.152106614689373,0.12159560617767147,-289.18937232424753,0.0,-289.18937232424753,6
245,rollout,21.279548645,21.6169395447,21.279548291924517,21.61693899685234,21.1354547716,21.13545440094567,-3.706543303394483e-07,21.6822985865,21.68229812088736,-4.6561263999933544e-07,14.5,22.0,24.0,11.0,0.0,50.0,394.3555159477818,22.0,4.931070376330311,0.09262739436627268,-222.31307398385843,0.0,-222.31307398385843,6
246,rollout,21.1354560852,21.6822986603,21.13545440094567,21.68229812088736,21.0190333477,21.01903182171981,-1.5259801884326407e-06,21.7526304422,21.752629653443876,-7.887561253028252e-07,14.5,22.0,24.0,10.7,0.0,50.0,126.77281189781199,22.0,0.0,0.080939,-196.45624603929298,24.73695561361602,-171.71929042567695,6
247,rollout,21.019033432,21.7526302338,21.01903182171981,21.752629653443876,20.918602007,20.918600552861466,-1.4541385340294255e-06,21.7142636884,21.71426294644709,-7.419529097774102e-07,14.5,22.0,24.0,10.5,0.0,50.0,126.77281189781199,22.0,0.0,0.080939,-195.62932690212037,27.78971623069104,-167.83961067142934,6
248,rollout,20.9186019897,21.714263916,20.918600552861466,21.71426294644709,20.8258653848,20.82586406692255,-1.3178774516120484e-06,21.6671617563,21.6671610617064,-6.945936021907073e-07,14.5,22.0,24.0,10.4,0.0,50.0,126.77281189781199,22.0,0.0,0.080939,-194.34884542501845,32.51690568425296,-161.8319397407655,6
249,rollout,20.8258647919,21.6671619415,20.82586406692255,21.6671610617064,20.7404724426,20.740471760076836,-6.82523165096427e-07,21.6507052795,21.650704900964573,-3.7853542522725547e-07,13.4872207642,22.4322891235,24.0,10.2,0.0,50.0,126.77281189781199,22.4322891235,0.0,0.080939,-221.29348401689677,77.55146211682238,-143.7420219000744,6
250,rollout,20.7404727936,21.6507053375,20.740471760076836,21.650704900964573,20.6840899272,20.684088991028958,-9.361710411326385e-07,21.6219155415,21.621915060631835,-4.808681666190751e-07,13.4872207642,22.4322891235,24.0,11.2,2.145,50.0,126.77281189781199,22.4322891235,0.0,0.080939,-220.47569314253306,80.57052366956015,-139.90516947297291,6
251,rollout,20.6840896606,21.6219158173,20.684088991028958,21.621915060631835,20.6699266067,20.669925978784597,-6.279154014521282e-07,21.6839421486,21.683941802973116,-3.4562688355777027e-07,13.4872207642,22.4322891235,24.0,12.2,64.12887319,50.0,126.77281189781199,22.4322891235,0.0,0.080939,-221.9919440020408,74.97293776129581,-147.019006240745,6
252,rollout,20.6699256897,21.6839408875,20.669925978784597,21.683941802973116,20.6613383519,20.6613386494993,2.9759929986994393e-07,21.5273497359,21.5273499274874,1.9158740016678166e-07,12.8000001907,22.0,24.0,13.4,25.575,50.0,126.77281189781199,22.0,0.0,0.080939,-236.5741802028551,46.63243158357453,-189.9417486192806,6
253,rollout,20.6613388062,21.527349472,20.6613386494993,21.5273499274874,20.6956217359,20.695621617508227,-1.1839177460615247e-07,21.6390795326,21.639079497263126,-3.533687475965053e-08,12.8000001907,22.0,24.0,14.6,115.3798774,50.0,126.77281189781199,22.0,0.0,0.080939,-239.25826738737632,36.72351149530719,-202.53475589206914,6
254,rollout,20.6956214905,21.6390800476,20.695621617508227,21.639079497263126,20.6975653725,20.697565464594145,9.209414386646131e-08,21.0497524858,21.04975255707778,7.127778189897072e-08,14.5,20.0,24.0,15.8,58.56735122,50.0,2470.4404752605765,20.0,59.58122638606352,0.22216774298637532,-492.97464154328935,0.0,-492.97464154328935,6
255,rollout,20.6975650787,21.0497531891,20.697565464594145,21.04975255707778,20.7121104839,20.712110807820014,3.2392001614311994e-07,21.0116907311,21.011690946014706,2.1491470647561073e-07,14.5,20.0,24.0,17.1,172.7271834,180.0,4459.883293344639,20.0,98.75167734614443,0.31501567322964497,-691.7537385103641,0.0,-691.7537385103641,6
256,rollout,20.7121105194,21.0116901398,20.712110807820014,21.011690946014706,20.7054901971,20.70549049100809,2.939080872010891e-07,20.8549105426,20.854910737572443,1.9497244352351117e-07,14.5,20.0,24.0,18.0,121.6166718,180.0,4459.883293344639,20.0,100.0,0.31797464285714283,-676.9774907274744,0.0,-676.9774907274744,6
257,rollout,20.7054901123,20.8549098969,20.70549049100809,20.854910737572443,20.7705883943,20.770588769975618,3.756756186135135e-07,21.1248846795,21.124884917787057,2.382870576411733e-07,14.5,20.0,24.0,19.0,326.3605193,180.0,4459.883293344639,20.0,100.0,0.31797464285714283,-703.3861552994684,0.0,-703.3861552994684,6
258,rollout,20.7705879211,21.1248855591,20.770588769975618,21.124884917787057,20.8543497599,20.854350483238143,7.233381431603902e-07,21.1706343732,21.170634702198328,3.289983290244436e-07,14.5,20.0,24.0,19.8,318.3817948,180.0,4459.883293344639,20.0,100.0,0.31797464285714283,-709.0849970663224,0.0,-709.0849970663224,6
259,rollout,20.8543510437,21.1706352234,20.854350483238143,21.170634702198328,21.159700665,21.15970013901399,-5.259860103024039e-07,23.0991909851,23.09919068687855,-2.982214510893755e-07,13.3279304504,25.3280944824,24.0,20.7,502.835609,180.0,0.0,25.3280944824,0.0,0.080939,-261.99774259162194,232.79197412099393,-29.205768470628016,6
260,rollout,21.1597003937,23.0991897583,21.15970013901399,23.09919068687855,21.5445391457,21.54453896173489,-1.8396510981233405e-07,23.4222462685,23.42224622452442,-4.397557873403457e-08,13.3279304504,25.3280944824,24.0,21.4,527.0519262,180.0,0.0,25.3280944824,0.0,0.080939,-272.440989434099,194.23834627279354,-78.20264316130545,6
261,rollout,21.5445384979,23.422246933,21.54453896173489,23.42224622452442,21.9477239061,21.947724285470272,3.793702738619231e-07,23.7656036128,23.765603763517305,1.5071730530280547e-07,13.3279304504,25.3280944824,24.0,22.2,638.5913125,180.0,0.0,25.3280944824,0.0,0.080939,-281.68963918516823,160.0948460779346,-121.59479310723364,6
262,rollout,21.9477233887,23.7656021118,21.947724285470272,23.765603763517305,22.3401539158,22.34015478550648,8.697064828311341e-07,23.9971673897,23.997167898443237,5.087432377592904e-07,13.3279304504,25.3280944824,24.0,22.9,658.9123948,180.0,0.0,25.3280944824,0.0,0.080939,-288.0924943269994,136.45724581552975,-151.63524851146963,6
263,rollout,22.3401546478,23.9971675873,22.34015478550648,23.997167898443237,22.7231498766,22.72315001275673,1.361567285584897e-07,24.2398576404,24.239857722594646,8.219464575631719e-08,13.3279304504,25.3280944824,24.0,23.6,697.2725064,180.0,0.0,25.3280944824,0.0,0.080939,-294.6716080778134,112.16894669306079,-182.50266138475263,6
264,rollout,22.7231502533,24.23985672,22.72315001275673,24.239857722594646,23.0885299899,23.088529821763434,-1.681365660033407e-07,24.5020590166,24.502058984111578,-3.248842261882601e-08,12.8000001907,26.0,24.0,24.1,681.4563209,180.0,0.0,26.0,0.0,0.080939,-316.08539085887656,153.09866075248877,-162.9867301063878,6
265,rollout,23.0885295868,24.5020599365,23.088529821763434,24.502058984111578,23.4229753283,23.422975493717242,1.6541724079388587e-07,24.6315815528,24.63158158651389,3.3713888569764094e-08,12.8000001907,26.0,24.0,24.6,642.4392002,180.0,0.0,26.0,0.0,0.080939,-319.7800228568484,139.45908397771694,-180.32093887913146,6
266,rollout,23.4229736328,24.6315803528,23.422975493717242,24.63158158651389,23.6051237025,23.60512540246679,1.6999667913353278e-06,23.4388057741,23.438806682797672,9.086976717753714e-07,16.0,20.0,24.0,24.9,637.7336903,180.0,2672.658212467457,20.0,100.0,0.31797464285714283,-796.8528353287865,0.0,-796.8528353287865,6
267,rollout,23.6051254272,23.4388065338,23.60512540246679,23.438806682797672,23.6928546513,23.692854636256623,-1.504337632241004e-08,23.3310430074,23.331043008401572,1.0015703821864008e-09,16.0,20.0,24.0,25.3,585.9585331,180.0,2672.658212467457,20.0,100.0,0.31797464285714283,-779.9920101152804,0.0,-779.9920101152804,6
268,rollout,23.692855835,23.3310432434,23.692854636256623,23.331043008401572,23.7632944943,23.763293419192586,-1.0751074128734217e-06,23.3333331496,23.333332592337154,-5.572628474226349e-07,16.0,20.0,24.0,25.5,564.1478081,180.0,2672.658212467457,20.0,100.0,0.31797464285714283,-779.8842366491637,0.0,-779.8842366491637,6
269,rollout,23.76329422,23.3333320618,23.763293419192586,23.333332592337154,23.8303441279,23.830343439383306,-6.885166925485464e-07,23.4047401514,23.404739825239528,-3.2616047107580926e-07,16.7604312897,20.5371112823,24.0,25.7,427.3706743,180.0,3576.34805376451,20.5371112823,100.0,0.31797464285714283,-710.6279259956524,0.0,-710.6279259956524,6
270,rollout,23.8303451538,23.4047393799,23.830343439383306,23.404739825239528,23.8617611182,23.861759617195794,-1.5010042062613138e-06,23.3360461917,23.33604545820966,-7.334903386890801e-07,16.7604312897,20.5371112823,24.0,25.7,404.5248898,180.0,3576.34805376451,20.5371112823,100.0,0.31797464285714283,-699.8243244957868,0.0,-699.8243244957868,6
271,rollout,23.8617610931,23.3360462189,23.861759617195794,23.33604545820966,23.8450375068,23.84503616087942,-1.3459205803201257e-06,23.1399784912,23.139977766789983,-7.244100181935664e-07,16.7604312897,20.5371112823,24.0,25.8,253.8081434,180.0,3576.34805376451,20.5371112823,100.0,0.31797464285714283,-679.8369380818198,0.0,-679.8369380818198,6
272,rollout,23.8450393677,23.1399784088,23.84503616087942,23.139977766789983,23.961696174,23.961693301343235,-2.872656764907333e-06,24.5795778535,24.579576412775467,-1.4407245316760964e-06,17.7000007629,26.0,24.0,25.6,241.4189939,180.0,0.0,26.0,0.0,0.080939,-184.7104768555609,148.0990655029725,-36.61141135258839,6
273,rollout,23.9616966248,24.5795783997,23.961693301343235,24.579576412775467,24.0919853227,24.09198228601568,-3.0366843226659057e-06,24.5741196297,24.574118041588754,-1.5881112460647273e-06,17.7000007629,26.0,24.0,25.4,121.5903995,180.0,0.0,26.0,0.0,0.080939,-185.98292807921655,143.4015215617272,-42.58140651748934,6
274,rollout,24.0919857025,24.5741195679,24.09198228601568,24.574118041588754,24.1984261419,24.198423043478776,-3.0984212244788978e-06,24.6144190784,24.61441748293506,-1.5954649406069166e-06,17.7000007629,26.0,24.0,25.1,111.0297964,180.0,0.0,26.0,0.0,0.080939,-187.07014476311056,139.38781317644668,-47.68233158666388,6
275,rollout,24.198425293,24.6144180298,24.198423043478776,24.61441748293506,24.2457587069,24.24575668742111,-2.0194788881156e-06,24.3442396595,24.344238641988934,-1.0175110674026655e-06,17.7000007629,26.0,24.0,24.7,49.5,50.0,0.0,26.0,0.0,0.080939,-180.16430839344918,164.88228337258946,-15.28202502085972,6
276,rollout,24.2457580566,24.3442401886,24.24575668742111,24.344238641988934,24.2854091465,24.285407862584535,-1.2839154663879526e-06,24.3910956356,24.39109492899169,-7.066083078655083e-07,17.7000007629,26.0,24.0,24.7,84.07869119,50.0,0.0,26.0,0.0,0.080939,-181.13005711738163,161.31700166863467,-19.81305544874695,6
277,rollout,24.28540802,24.3910942078,24.285407862584535,24.39109492899169,24.1130355687,24.113035456836194,-1.118638053299037e-07,22.7130526874,22.71305265031177,-3.708823115289306e-08,16.0,20.0,24.0,22.5,16.5,50.0,3433.3317226036115,20.0,100.0,0.31797464285714283,-724.8644359600193,0.0,-724.8644359600193,6
278,rollout,24.1130371094,22.7130527496,24.113035456836194,22.71305265031177,23.8467706652,23.846769193568225,-1.471631776439608e-06,22.4592469933,22.45924624330472,-7.499952801026666e-07,16.0,20.0,24.0,21.4,19.43577404,50.0,3433.3317226036115,20.0,100.0,0.31797464285714283,-690.2881276431814,0.0,-690.2881276431814,6
279,rollout,23.8467712402,22.4592475891,23.846769193568225,22.45924624330472,23.575116504,23.575114623968886,-1.8800311138988945e-06,22.3024055803,22.302404552184033,-1.0281159674718765e-06,16.0,20.0,24.0,20.3,12.69591984,50.0,3433.3317226036115,20.0,100.0,0.31797464285714283,-673.2201343978778,0.0,-673.2201343978778,6
280,rollout,23.5751171112,22.302406311,23.575114623968886,22.302404552184033,23.3151571403,23.315154849752417,-2.290547580940938e-06,22.1476876598,22.14768640026971,-1.2595302898432692e-06,16.0,20.0,24.0,19.9,0.0,50.0,3433.3317226036115,20.0,100.0,0.31797464285714283,-656.6658950845084,0.0,-656.6658950845084,6
281,rollout,23.3151569366,22.147687912,23.315154849752417,22.14768640026971,23.0712954988,23.07129357685273,-1.9219472697784568e-06,22.0165399876,22.016538942537007,-1.0450629943647982e-06,16.0,20.0,24.0,19.6,0.0,50.0,4057.517649431014,20.0,100.0,0.31797464285714283,-642.5091103849136,0.0,-642.5091103849136,6
282,rollout,23.0712966919,22.0165405273,23.07129357685273,22.016538942537007,22.8447424764,22.84473963671728,-2.839682721855752e-06,21.8948697769,21.894868249724876,-1.5271751223622232e-06,16.0,20.0,24.0,19.4,0.0,50.0,4057.517649431014,20.0,100.0,0.31797464285714283,-629.3901066622313,0.0,-629.3901066622313,6
283,rollout,22.8447418213,21.8948707581,22.84473963671728,21.894868249724876,22.7672962669,22.767294216625192,-2.0502748085959865e-06,23.0963442269,23.096343096536707,-1.1303632945214304e-06,17.7000007629,24.0,24.0,19.3,0.0,50.0,0.0,24.0,0.0,0.080939,-145.10754573750523,94.30231924711947,-50.80522649038576,6
284,rollout,22.7672958374,23.0963439941,22.767294216625192,23.096343096536707,22.7488713938,22.748869916031385,-1.477768613256103e-06,23.1477299233,23.147729153969482,-7.693305157374652e-07,17.7000007629,24.0,24.0,19.1,0.0,50.0,0.0,24.0,0.0,0.080939,-147.54638738621682,85.29877899537759,-62.24760839083923,6
285,rollout,22.7488708496,23.1477298737,22.748869916031385,23.147729153969482,22.7329011612,22.732900300891494,-8.603085071001715e-07,23.1427437472,23.14274328946981,-4.577301915276166e-07,17.7000007629,24.0,24.0,19.0,0.0,50.0,0.0,24.0,0.0,0.080939,-147.46340670570635,85.6051211055707,-61.858285600135645,6
286,rollout,22.7329025269,23.142742157,22.732900300891494,23.14274328946981,22.7126745165,22.712672593558317,-1.922941684995294e-06,23.1334333903,23.133432503733143,-8.865668554847161e-07,17.7000007629,24.0,24.0,18.7,0.0,50.0,0.0,24.0,0.0,0.080939,-147.22289995099007,86.4930066507629,-60.729893300227175,6
287,rollout,22.7126731873,23.1334342957,22.712672593558317,23.133432503733143,22.5047640191,22.504763424132246,-5.949677550631804e-07,21.1999465277,21.19994615834278,-3.693572203644635e-07,12.8000001907,18.0,24.0,18.4,0.0,50.0,2895.952286886163,18.0,100.0,0.31797464285714283,-904.5801927706519,0.0,-904.5801927706519,6
288,rollout,22.5047645569,21.1999473572,22.504763424132246,21.19994615834278,22.2171719112,22.21717084930764,-1.0618923624861054e-06,20.9304049829,20.930404377009893,-6.058901078631607e-07,12.8000001907,18.0,24.0,18.2,0.0,50.0,2895.952286886163,18.0,100.0,0.31797464285714283,-868.3398147175383,0.0,-868.3398147175383,6
289,rollout,22.2171707153,20.9304046631,22.21717084930764,20.930404377009893,21.9433687556,21.94336886211965,1.0651964998942276e-07,20.777632638,20.77763275252479,1.1452479142803895e-07,12.8000001907,18.0,24.0,17.9,0.0,50.0,2895.952286886163,18.0,99.93805254628056,0.31782780531198535,-851.0657361560826,0.0,-851.0657361560826,6
290,rollout,21.9433670044,20.777633667,21.94336886211965,20.77763275252479,21.6893440215,21.68934563578496,1.6142849617040156e-06,20.6408835015,20.64088427827009,7.767700900274122e-07,12.8000001907,18.0,24.0,17.7,0.0,50.0,3729.2421126436006,18.0,100.0,0.31797464285714283,-836.7432256699899,0.0,-836.7432256699899,6
291,rollout,21.6893424988,20.6408843994,21.68934563578496,20.64088427827009,21.4534145245,21.453417303551916,2.77905191481409e-06,20.5141396334,20.51414103183522,1.398435220067995e-06,12.8000001907,18.0,24.0,17.5,0.0,50.0,3729.2421126436006,18.0,100.0,0.31797464285714283,-823.0753569682994,0.0,-823.0753569682994,6
292,rollout,21.453414917,20.5141391754,21.453417303551916,20.51414103183522,21.2360772851,21.236079490925754,2.2058257549417704e-06,20.3972446384,20.397245860590402,1.2221904022169383e-06,12.8000001907,18.0,24.0,17.4,0.0,50.0,3729.2421126436006,18.0,100.0,0.31797464285714283,-810.4654151637682,0.0,-810.4654151637682,6
293,rollout,21.236076355,20.3972434998,21.236079490925754,20.397245860590402,21.2349638187,21.23496674315065,2.9244506514203295e-06,22.3779065028,22.377908262599508,1.7597995096707564e-06,16.4681797028,25.1263408661,24.0,17.3,0.0,50.0,0.0,25.1263408661,0.0,0.080939,-157.4435852484561,284.57720813278337,127.13362288432728,6
294,rollout,21.2349624634,22.3779067993,21.23496674315065,22.377908262599508,21.3350177805,21.335021641665477,3.8611654780140725e-06,22.5605103401,22.56051230647052,1.9663705224104433e-06,16.4681797028,25.1263408661,24.0,17.2,0.0,50.0,0.0,25.1263408661,0.0,0.080939,-164.67074323208826,257.89650590445063,93.22576267236238,6
295,rollout,21.335018158,22.5605106354,21.335021641665477,22.56051230647052,21.4300272213,21.430030385901205,3.164601203309303e-06,22.6164830663,22.61648470138651,1.6350865124081793e-06,16.4681797028,25.1263408661,24.0,17.1,0.0,50.0,0.0,25.1263408661,0.0,0.080939,-166.32217680251864,251.79986218332076,85.47768538080211,6
296,rollout,21.4300270081,22.6164836884,21.430030385901205,22.61648470138651,21.5168015232,21.51680456423424,3.0410342368725196e-06,22.6618238656,22.66182540736151,1.5417615095714154e-06,16.4681797028,25.1263408661,24.0,17.1,0.0,50.0,0.0,25.1263408661,0.0,0.080939,-167.57523924989468,247.17389633233716,79.59865708244249,6
297,rollout,21.5167999268,22.6618232727,21.51680456423424,22.66182540736151,21.5977403313,21.597744539901925,4.208601925625999e-06,22.7034877219,22.703489892030518,2.1701305179533392e-06,16.4681797028,25.1263408661,24.0,17.2,0.0,50.0,0.0,25.1263408661,0.0,0.080939,-168.71761236968842,242.95656538261989,74.23895301293146,6
298,rollout,21.5977401733,22.7034873962,21.597744539901925,22.703489892030518,21.6854003449,21.68540432953113,3.9846311317148775e-06,22.7481108622,22.748112940571787,2.0783717857852935e-06,16.4681797028,25.1263408661,24.0,17.9,1.32,50.0,0.0,25.1263408661,0.0,0.080939,-169.9117426800827,238.5481609578637,68.63641827778099,6
299,rollout,21.6854019165,22.7481117249,21.68540432953113,22.748112940571787,21.6832997681,21.683301945325848,2.177225848498665e-06,21.6318651565,21.63186600689025,8.503902471090896e-07,15.3424062729,20.527431488,24.0,18.6,35.15155489,50.0,2949.228156217368,20.527431488,69.86504448078409,0.24654405731745538,-527.5667634523643,0.0,-527.5667634523643,6
300,rollout,21.6833000183,21.6318645477,21.683301945325848,21.63186600689025,21.6100090156,21.61001073725844,1.7216584389245781e-06,21.2424413831,21.242441745802125,3.627021243346462e-07,15.3424062729,20.527431488,24.0,19.4,52.11890201,50.0,4615.149946473853,20.527431488,99.20736603387125,0.3160958178400255,-629.6613754845575,0.0,-629.6613754845575,6
301,rollout,21.6100082397,21.2424411774,21.61001073725844,21.242441745802125,21.5997982322,21.59980047219813,2.239998128317211e-06,21.6856380688,21.685639219478944,1.1506789441284582e-06,17.7000007629,18.0,24.0,20.2,103.1705886,50.0,3119.389352956493,18.0,100.0,0.31797464285714283,-423.8154670276417,0.0,-423.8154670276417,6
302,rollout,21.5997982025,21.6856384277,21.59980047219813,21.685639219478944,21.6273549397,21.62735699170879,2.0520087922193397e-06,21.7190147846,21.71901586787179,1.0832717904918354e-06,17.7000007629,18.0,24.0,21.3,118.2119072,50.0,3119.389352956493,18.0,100.0,0.31797464285714283,-427.35251905355545,0.0,-427.35251905355545,6
303,rollout,21.6273555756,21.7190151215,21.62735699170879,21.71901586787179,21.7268033134,21.726804605547223,1.2921472212212848e-06,22.116772147,22.11677284342711,6.964271115350584e-07,17.7000007629,18.0,24.0,22.4,215.5118592,180.0,3119.389352956493,18.0,100.0,0.31797464285714283,-467.62489496918926,0.0,-467.62489496918926,6
304,rollout,21.7268028259,22.116771698,21.726804605547223,22.11677284342711,21.8623593721,21.86236100569823,1.6335982309101382e-06,22.1924394656,22.192440357559065,8.919590648304165e-07,17.7000007629,18.0,24.0,24.0,206.5466754,180.0,3119.389352956493,18.0,100.0,0.31797464285714283,-476.80565859694593,0.0,-476.80565859694593,6
305,rollout,21.8623580933,22.192440033,21.86236100569823,22.192440357559065,22.0874489582,22.087451545136705,2.5869367057396175e-06,22.7378385431,22.737839595242278,1.052142277302437e-06,14.5,22.0,24.0,25.6,311.3110626,180.0,1011.5848280741978,22.0,26.904655748379948,0.14471262371167365,-399.1369846860809,0.0,-399.1369846860809,6
306,rollout,22.0874481201,22.7378387451,22.087451545136705,22.737839595242278,22.308790052,22.308793070546344,3.0185463444354355e-06,22.6052220058,22.605222855674988,8.498749863861121e-07,14.5,22.0,24.0,26.7,325.6391487,180.0,2260.5280084686397,22.0,50.913049292694396,0.2016210736891122,-548.8222633916555,0.0,-548.8222633916555,6
307,rollout,22.3087902069,22.605222702,22.308793070546344,22.605222855674988,22.5244095142,22.524411974097276,2.459897277873324e-06,22.5787053575,22.578705698028276,3.405282775759133e-07,14.5,22.0,24.0,27.8,435.52913,180.0,3380.33017303934,22.0,73.01018113999123,0.25399915221634267,-688.5746930278677,0.0,-688.5746930278677,6
308,rollout,22.5244102478,22.578704834,22.524411974097276,22.578705698028276,22.7070901227,22.707091588731238,1.4660312395164965e-06,22.4697091475,22.4697089363709,-2.1112910175702382e-07,14.5,22.0,24.0,28.4,454.5937732,180.0,4347.093965164691,22.0,91.34872849476045,0.29746804582938147,-795.3907359398723,0.0,-795.3907359398723,6
309,rollout,22.7070903778,22.4697093964,22.707091588731238,22.4697089363709,22.8933393741,22.893340385531037,1.011431034925181e-06,22.5742625454,22.574262942866763,3.9746676350205234e-07,14.5,22.0,24.0,29.0,580.4206376,180.0,4642.268260563001,22.0,100.0,0.31797464285714283,-857.7973392720058,0.0,-857.7973392720058,6
310,rollout,22.8933391571,22.574262619,22.893340385531037,22.574262942866763,23.2639952018,23.263996307020218,1.1052202175676484e-06,24.5638379903,24.563838550366317,5.600663151028584e-07,16.0,26.0,24.0,29.4,619.7803923,180.0,0.0,26.0,0.0,0.080939,-229.294451262382,153.50723056064447,-75.78722070173754,6
311,rollout,23.2639961243,24.5638389587,23.263996307020218,24.563838550366317,23.7043806432,23.704380786859318,1.436593173309575e-07,24.9321957932,24.932195843301226,5.0101228055154934e-08,16.0,26.0,24.0,29.8,663.7260124,180.0,0.0,26.0,0.0,0.080939,-240.82045096068572,110.95637356668391,-129.8640773940018,6
312,rollout,23.7043800354,24.9321956635,23.704380786859318,24.932195843301226,24.0825598489,24.08256052036817,6.71468168178535e-07,24.717945984,24.71794626106377,2.770637692606215e-07,17.7000007629,24.0,24.0,30.0,674.8781294,180.0,1482.8360750773045,24.0,36.3227155485319,0.16703678230363397,-393.58475587456434,0.0,-393.58475587456434,6
313,rollout,24.0825614929,24.7179450989,24.08256052036817,24.71794626106377,24.3836556626,24.38365483540606,-8.27193940011739e-07,24.6073866791,24.60738617888877,-5.002112288821081e-07,17.7000007629,24.0,24.0,30.2,671.7087303,180.0,2685.8020007850523,24.0,59.3259977818026,0.22156276022351007,-513.3624803569967,0.0,-513.3624803569967,6
314,rollout,24.3836555481,24.6073875427,24.38365483540606,24.60738617888877,24.5177742003,24.51777351572856,-6.845714395353752e-07,23.4507878594,23.450787470916865,-3.884831336620209e-07,13.5510931015,19.4341468811,24.0,30.2,665.6367001,180.0,2896.9635290037663,19.4341468811,100.0,0.31797464285714283,-1058.6158210905976,0.0,-1058.6158210905976,6
315,rollout,24.5177745819,23.4507865906,24.51777351572856,23.450787470916865,24.552887761,24.55288685591849,-9.050815101829812e-07,23.2897672619,23.28976685473577,-4.071642294434241e-07,13.5510931015,19.4341468811,24.0,30.3,586.1941688,180.0,2896.9635290037663,19.4341468811,100.0,0.31797464285714283,-1036.7923725998792,0.0,-1036.7923725998792,6
316,rollout,24.5528869629,23.289768219,24.55288685591849,23.28976685473577,24.7735733994,24.77357324304214,-1.5635785999279506e-07,25.2834140618,25.28341391713713,-1.4466287012737666e-07,16.0,26.0,24.0,30.3,572.1824811,180.0,0.0,26.0,0.0,0.080939,-249.09077446924715,80.42458785456219,-168.66618661468496,6
317,rollout,24.7735729218,25.2834129333,24.77357324304214,25.28341391713713,25.0256979477,25.025698276971973,3.292719732428395e-07,25.367722416,25.36772262644328,2.104432788030408e-07,16.0,26.0,24.0,30.3,454.8860944,180.0,0.0,26.0,0.0,0.080939,-253.22786169283384,65.15158668935435,-188.0762750034795,6
318,rollout,25.0256977081,25.3677215576,25.025698276971973,25.36772262644328,25.2395784804,25.239579033027347,5.526273483269506e-07,25.4291783417,25.429178665950417,3.242504185152484e-07,16.0,26.0,24.0,30.2,414.3494852,180.0,0.0,26.0,0.0,0.080939,-254.9816617803658,58.67703362030028,-196.30462816006553,6
319,rollout,25.2395782471,25.4291782379,25.239579033027347,25.429178665950417,25.3687698587,25.36877057498011,7.162801125559781e-07,25.2416191586,25.241619531148753,3.725487545125361e-07,16.0,26.0,24.0,30.1,199.232742,180.0,0.0,26.0,0.0,0.080939,-250.29670732061288,75.97261165762248,-174.3240956629904,6
320,rollout,25.3687705994,25.2416191101,25.36877057498011,25.241619531148753,25.4907258806,25.490725877953718,-2.6462814162186987e-09,25.3661652949,25.366165314601915,1.9701914766301343e-08,16.0,26.0,24.0,30.0,261.6700759,180.0,0.0,26.0,0.0,0.080939,-253.37103003612714,64.62304809305088,-188.74798194307624,6
321,rollout,25.4907264709,25.3661651611,25.490725877953718,25.366165314601915,25.5605606271,25.560560108158512,-5.189414871153986e-07,25.2327693684,25.232769121605443,-2.4679455634668557e-07,16.0,26.0,24.0,29.9,114.3458143,180.0,0.0,26.0,0.0,0.080939,-250.10570471601,76.67774134065795,-173.42796337535205,6
322,rollout,25.5605602264,25.2327690125,25.560560108158512,25.232769121605443,25.4392884283,25.43928832774211,-1.0055789090301914e-07,23.4687263537,23.46872630740801,-4.629199068517664e-08,14.5,20.0,24.0,29.5,115.2699438,180.0,2824.9049978791963,20.0,100.0,0.31797464285714283,-964.2103477247891,0.0,-964.2103477247891,6
323,rollout,25.439289093,23.4687271118,25.43928832774211,23.46872630740801,25.1890068143,25.18900609715197,-7.17148029849568e-07,22.9129241165,22.91292370761757,-4.088824319126161e-07,14.5,20.0,24.0,29.1,50.47379171,50.0,2824.9049978791963,20.0,100.0,0.31797464285714283,-899.3712735240737,0.0,-899.3712735240737,6
324,rollout,25.1890068054,22.9129238129,25.18900609715197,22.91292370761757,24.9291874409,24.929186807860827,-6.330391748576858e-07,22.700551651,22.700551326409585,-3.2459041676702327e-07,14.5,20.0,24.0,29.1,9.822621031,50.0,3682.8456981096224,20.0,100.0,0.31797464285714283,-875.3983725203642,0.0,-875.3983725203642,6
325,rollout,24.9291877747,22.7005519867,24.929186807860827,22.700551326409585,24.7617532934,24.761752411319097,-8.820809043186273e-07,23.5971380549,23.59713770392733,-3.509726695938298e-07,17.5619487762,22.0059299469,24.0,26.9,7.753900341,50.0,2447.120952004557,22.0059299469,63.63530746246403,0.231777360127771,-471.3447902461788,0.0,-471.3447902461788,6
326,rollout,24.7617530823,23.5971374512,24.761752411319097,23.59713770392733,24.5915656851,24.591565113345464,-5.717545370487187e-07,23.1800424678,23.18004224283336,-2.2496664087157114e-07,17.5619487762,22.0059299469,24.0,26.0,4.883980219,50.0,4229.005715452564,22.0059299469,100.0,0.31797464285714283,-602.9570457837339,0.0,-602.9570457837339,6
327,rollout,24.5915660858,23.1800422668,24.591565113345464,23.18004224283336,24.3936049441,24.393604079743437,-8.643565649890661e-07,23.0262838581,23.026283419557743,-4.385422585073684e-07,17.5619487762,22.0059299469,24.0,25.2,3.351779879,50.0,4229.005715452564,22.0059299469,100.0,0.31797464285714283,-583.5145102323211,0.0,-583.5145102323211,6
328,rollout,24.3936042786,23.0262832642,24.393604079743437,23.026283419557743,24.1960713346,24.196071168074763,-1.6652523626703442e-07,22.9156216546,22.915621583611205,-7.098879351019605e-08,17.5619487762,22.0059299469,24.0,24.5,0.0,50.0,4535.111757249887,22.0059299469,100.0,0.31797464285714283,-571.5534445413334,0.0,-571.5534445413334,6
329,rollout,24.1960716248,22.9156227112,24.196071168074763,22.915621583611205,24.073258335,24.073257879241808,-4.557581902986385e-07,23.5465311721,23.546530892463537,-2.796364633184112e-07,12.8000001907,24.0,24.0,23.7,0.0,50.0,0.0,24.0,0.0,0.080939,-290.67996221021764,46.8885956471123,-243.79136656310533,6
330,rollout,24.0732574463,23.5465316772,24.073257879241808,23.546530892463537,23.97915245,23.979152798538788,3.4853878716489817e-07,23.5338105434,23.533810675190992,1.3179099056515042e-07,12.8000001907,24.0,24.0,23.0,0.0,50.0,0.0,24.0,0.0,0.080939,-290.9287827455661,45.97001788432351,-244.95876486124257,6
331,rollout,23.9791526794,23.5338096619,23.979152798538788,23.533810675190992,23.9177308756,23.91773102688611,1.5128610897363615e-07,23.8493863949,23.849386519574885,1.2467488375023095e-07,12.8000001907,26.0,24.0,22.3,0.0,50.0,0.0,26.0,0.0,0.080939,-299.0922975761046,215.8325407704343,-83.25975680567032,6
332,rollout,23.9177322388,23.8493881226,23.91773102688611,23.849386519574885,23.8658037596,23.865802612705444,-1.1468945544379494e-06,23.8413561209,23.841355478642082,-6.422579161835529e-07,12.8000001907,26.0,24.0,21.7,0.0,50.0,0.0,26.0,0.0,0.080939,-299.1816597314064,215.50263999041982,-83.67901974098658,6
333,rollout,23.8658027649,23.8413562775,23.865802612705444,23.841355478642082,23.7891270333,23.78912686236069,-1.7093931248268746e-07,23.6096862161,23.609686092466756,-1.2363324231046136e-07,16.0,24.0,24.0,21.2,0.0,50.0,0.0,24.0,0.0,0.080939,-206.49237307208108,37.68630340786956,-168.80606966421152,6
334,rollout,23.7891273499,23.6096858978,23.78912686236069,23.609686092466756,23.7029035842,23.70290316064149,-4.2355851093134333e-07,23.5570059512,23.557005753162535,-1.980374655374817e-07,16.0,24.0,24.0,20.8,0.0,50.0,0.0,24.0,0.0,0.080939,-204.903085527241,43.55352089987825,-161.34956462736272,6
335,rollout,23.7029037476,23.5570068359,23.70290316064149,23.557005753162535,23.6182267923,23.61822622307828,-5.692217186492599e-07,23.5137147067,23.513714373612224,-3.3308777602769624e-07,16.0,24.0,24.0,20.5,0.0,50.0,0.0,24.0,0.0,0.080939,-203.71836474601236,47.92718790138366,-155.7911768446287,6
