row_index,time_hour_start,time_hour_end,dt_seconds,T_env_start,T_zone_start,T_cor_state_start,T_out_state_start,Qsg_state_start,Qint_state_start,hour_sin_start,hour_cos_start,SAT_sp_requested,ZAT_sp_requested,SAT_sp,ZAT_sp,integral_error_start,prev_zat_sp_start,damper_signal_prev_start,m_fan_start,T_cor_used,T_out_used,Qsg_used,Qint_used,Hour_used,T_env_end,T_zone_end,integral_error_end,prev_zat_sp_end,damper_signal_end,m_fan_end,Mode,ReheatSignal_end,Q_reheat_end_W,reward,done,TotalEnergy_kWh,CoolingEnergy_kWh,HeatingEnergy_kWh,ReheatEnergy_kWh,FanEnergy_kWh,ComfortPeriod,ComfortLB,ComfortUB,TempExceed_degC,T_env_end_normalized,T_zone_end_normalized
0,17664,17664.5,1800,20,24,24,17,0,50,0,1,14.950504303,24.8687839508,14.950504303,24.8687839508,0,,0,0.080939,24,18,0,50,0,20.316447094,22.0244188476,0,24.8687839508,0,0.080939,heating,0.930577415724,279.173224717,-0.00228117872552,False,0.136870723531,0.00992656117279,0,0.118644227301,0.00829993505753,night,15,28,0,0.294755637646,0.540339887142
1,17664.5,17665,1800,20.3164482117,22.0244178772,24,18,0,50,0,1,14.950504303,24.8687839508,14.950504303,24.8687839508,0,24.8687839508,0,0.080939,24,19,0,50,1,20.5275044316,22.0266505424,0,24.8687839508,0,0.080939,heating,0.951905689649,285.571706895,-0.00293713881172,False,0.176228328703,0.00876714857437,0,0.159161245071,0.00829993505753,night,15,28,0,0.300785839558,0.540511608124
2,17665,17665.5,1800,20.5275039673,22.0266513824,24,19,0,50,0.258819103241,0.965925812721,16,26,16,26,0,24.8687839508,0,0.080939,24,20,0,50,1,20.7436509031,22.2301548781,0,26,0,0.080939,heating,1,300,-0.00304000021589,False,0.182400012953,0.00743341122908,0,0.166666666667,0.00829993505753,night,15,28,0,0.306961447001,0.556165754795
3,17665.5,17666,1800,20.7436504364,22.2301559448,24,20,0,50,0.258819103241,0.965925812721,16,26,16,26,0,26,0,0.080939,24,21.3,0,50,2,20.9729564198,22.3758744901,0,26,0,0.080939,heating,1,300,-0.00303580457311,False,0.182148274387,0.00718167266266,0,0.166666666667,0.00829993505753,night,15,28,0,0.313513040543,0.567374944687
4,17666,17666.5,1800,20.9729576111,22.3758735657,24,21.3000030518,0,50,0.5,0.866025447845,16,26,16,26,0,26,0,0.080939,24,21,0,50,2,21.1795978825,22.5090976622,0,26,0,0.080939,heating,1,300,-0.00304041551316,False,0.182424930789,0.0074583290652,0,0.166666666667,0.00829993505753,night,15,28,0,0.319417089224,0.577622890472
5,17666.5,17667,1800,21.1795978546,22.509098053,24,21,0,50,0.5,0.866025447845,16,26,16,26,0,26,0,0.080939,24,20.7,0,50,3,21.3653403259,22.6291780187,0,26,0,0.080939,heating,1,300,-0.0030447721877,False,0.182686331262,0.00771972953755,0,0.166666666667,0.00829993505753,night,15,28,0,0.324724018574,0.586859822273
6,17667,17667.5,1800,21.3653411865,22.6291770935,24,20.7000007629,0,50,0.70710682869,0.70710682869,16.651714325,19.0249099731,16.651714325,19.0249099731,0,26,0,0.080939,24,20.5,0,50,3,21.410172882,21.3637961683,3751.30679308,19.0249099731,100,0.317974642857,cooling,0,0,-0.00157103354359,False,0.0942620126152,0.0308794770748,0,0,0.0633825355403,night,15,28,0,0.326004952192,0.489522784948
7,17667.5,17668,1800,21.4101734161,21.3637962341,24,20.5,0,50,0.70710682869,0.70710682869,16.651714325,19.0249099731,16.651714325,19.0249099731,3751.30679308,19.0249099731,100,0.317974642857,24,20.4,0,50,4,21.3717752631,21.2323788058,3751.30679308,19.0249099731,100,0.317974642857,cooling,0,0,-0.00189826205104,False,0.113895723062,0.0314666666983,0,0,0.0824290563639,night,15,28,0,0.324907869101,0.479413747787
8,17668,17668.5,1800,21.3717765808,21.2323799133,24,20.4000015259,0,50,0.866025447845,0.5,16.651714325,19.0249099731,16.651714325,19.0249099731,3751.30679308,19.0249099731,100,0.317974642857,24,20.4,0,50,4,21.3315151723,21.2044653307,3751.30679308,19.0249099731,100,0.317974642857,cooling,0,0,-0.0018906362531,False,0.113438175186,0.0310091188219,0,0,0.0824290563639,night,15,28,0,0.323757588863,0.477266550064
9,17668.5,17669,1800,21.3315162659,21.2044639587,24,20.4000015259,0,50,0.866025447845,0.5,16.651714325,19.0249099731,16.651714325,19.0249099731,3751.30679308,19.0249099731,100,0.317974642857,24,20.5,0,50,5,21.296411929,21.1848057761,3751.30679308,19.0249099731,100,0.317974642857,cooling,0,0,-0.00188564444237,False,0.113138666542,0.0307096101786,0,0,0.0824290563639,night,15,28,0,0.322754621506,0.475754290819
10,17669,17669.5,1800,21.2964115143,21.1848068237,24,20.5,0,50,0.965925812721,0.258819103241,16.651714325,19.0249099731,16.651714325,19.0249099731,3751.30679308,19.0249099731,100,0.317974642857,24,21.1,1.815,50,5,21.276533893,21.1740161706,3751.30679308,19.0249099731,100,0.317974642857,cooling,0,0,-0.00186903303371,False,0.112141982022,0.0297129256586,0,0,0.0824290563639,night,15,28,0,0.322186678648,0.474924325943
11,17669.5,17670,1800,21.2765350342,21.1740150452,24,21.1000022888,1.81499993801,50,0.965925812721,0.258819103241,16.651714325,19.0249099731,16.651714325,19.0249099731,3751.30679308,19.0249099731,100,0.317974642857,24,21.7,55.72619567,50,6,21.2855684803,21.2417373547,3751.30679308,19.0249099731,100,0.317974642857,cooling,0,0,-0.00185659063253,False,0.111395437952,0.0289663815878,0,0,0.0824290563639,night,15,28,0,0.322444826365,0.480133652687
12,17670,17670.5,1800,21.2855682373,21.2417373657,24,21.7000007629,55.7261962891,50,1,0,16,20,16,20,3751.30679308,19.0249099731,100,0.317974642857,24,22.4,22.77,50,6,21.3377367049,21.4582533342,2628.10899759,20,66.1046063597,0.237630478643,cooling,0,0,-0.000690468470971,False,0.0414281082582,0.0171745734424,0,0,0.0242535348158,night,15,28,0,0.323935329914,0.496788710356
13,17670.5,17671,1800,21.3377361298,21.4582538605,24,22.3999977112,22.7700004578,50,1,0,16,20,16,20,2628.10899759,20,66.1046063597,0.237630478643,24,23,117.7942964,50,7,21.3926316037,21.2830096275,4342.70550541,20,100,0.317974642857,cooling,0,0,-0.0285421429344,False,0.0993002379253,0.0290945316773,0,0,0.070205706248,day,22,24,0.716990372507,0.325503766537,0.483308434486
14,17671,17671.5,1800,21.3926315308,21.2830085754,24,23,117.794296265,50,0.965925812721,-0.258819043636,16,20,16,20,4342.70550541,20,100,0.317974642857,24,24,65.67801958,50,7,21.4285953534,21.2025161187,4342.70550541,20,100,0.317974642857,cooling,0,0,-0.0317469417315,False,0.110477770901,0.0280487145376,0,0,0.0824290563639,day,22,24,0.797483881328,0.326531291008,0.47711661458
15,17671.5,17672,1800,21.4285964966,21.2025165558,24,24,65.678024292,50,0.965925812721,-0.258819043636,15.9549388885,24.5820922852,15.9549388885,24.5820922852,4342.70550541,20,100,0.317974642857,24,25,177.4316214,180,8,21.6658326648,22.9555796479,0,24.5820922852,0,0.080939,heating,0.569322680288,170.796804086,-0.00231805690737,False,0.139083414442,0.00549036922419,0,0.12529311016,0.00829993505753,day,22,24,0,0.33330950141,0.611967682838
16,17672,17672.5,1800,21.6658325195,22.9555797577,24,25,177.431625366,180,0.866025447845,-0.5,15.9549388885,24.5820922852,15.9549388885,24.5820922852,0,24.5820922852,0,0.080939,24,26,129.2898191,180,8,21.9625013759,23.1308519993,0,24.5820922852,0,0.080939,heating,0.492227918012,147.668375404,-0.00166435054035,False,0.0998610324211,0.00556854662533,0,0.0859925507382,0.00829993505753,day,22,24,0,0.341785758734,0.625450134277
17,17672.5,17673,1800,21.9625015259,23.1308517456,24,26,129.289825439,180,0.866025447845,-0.5,15.9549388885,24.5820922852,15.9549388885,24.5820922852,0,24.5820922852,0,0.080939,24,27,333.23752,180,9,22.3110647749,23.5487139467,0,24.5820922852,0,0.080939,heating,0.357030085013,107.109025504,-0.00136034918824,False,0.0816209512944,0.00518397336434,0,0.0681370428725,0.00829993505753,day,22,24,0,0.351744711399,0.657593369484
18,17673,17673.5,1800,22.3110656738,23.5487136841,24,27,333.237518311,180,0.70710682869,-0.707106769085,15.9549388885,24.5820922852,15.9549388885,24.5820922852,0,24.5820922852,0,0.080939,24,27.6,329.361975,180,9,22.6495743182,23.729233716,0,24.5820922852,0,0.080939,heating,0.293724039352,88.1172118056,-0.00110618702995,False,0.0663712217973,0.00497118482005,0,0.0531001019197,0.00829993505753,day,22,24,0,0.361416399479,0.671479523182
19,17673.5,17674,1800,22.6495742798,23.7292327881,24,27.6000061035,329.361968994,180,0.70710682869,-0.707106769085,14.5,26,14.5,26,0,24.5820922852,0,0.080939,24,28.3,502.1707031,180,10,23.0393094891,24.3078614485,0,26,0,0.080939,heating,0.579471554237,173.841466271,-0.0135814503274,False,0.122198760526,0.00557336201926,0,0.108325463449,0.00829993505753,day,22,24,0.307861448496,0.372551709414,0.715989351273
20,17674,17674.5,1800,23.0393104553,24.3078613281,24,28.3000030518,502.170715332,180,0.5,-0.866025388241,14.5,26,14.5,26,0,26,0,0.080939,24,28.7,518.8843589,180,10,23.4235471405,24.543720698,0,26,0,0.080939,heating,0.496519820298,148.955946089,-0.0220859336156,False,0.101784446516,0.00544289740082,0,0.0880416140573,0.00829993505753,day,22,24,0.543720697964,0.383529931307,0.734132349491
21,17674.5,17675,1800,23.4235477448,24.5437202454,24,28.6999969482,518.884399414,180,0.5,-0.866025388241,16,20,16,20,0,26,0,0.080939,24,29.2,632.8191194,180,11,23.6844544001,23.4561969996,2630.92748156,20,100,0.317974642857,cooling,0,0,-0.0015752653033,False,0.0945159181983,0.0212920183667,0,0,0.0732238998316,day,22,24,0,0.390984416008,0.650476694107
22,17675,17675.5,1800,23.6844558716,23.4561958313,24,29.1999969482,632.819091797,180,0.258819103241,-0.965925812721,16,20,16,20,2630.92748156,20,100,0.317974642857,24,29.4,649.8086212,180,11,23.862308227,23.4830152328,2630.92748156,20,100,0.317974642857,cooling,0,0,-0.00171662000134,False,0.10299720008,0.0205681437164,0,0,0.0824290563639,day,22,24,0,0.396065950394,0.652539610863
23,17675.5,17676,1800,23.8623085022,23.4830150604,24,29.4000015259,649.808654785,180,0.258819103241,-0.965925812721,16,20,16,20,2630.92748156,20,100,0.317974642857,24,29.6,701.6350699,180,12,24.0402447487,23.6369899259,2630.92748156,20,100,0.317974642857,cooling,0,0,-0.00170889296476,False,0.102533577886,0.0201045215218,0,0,0.0824290563639,day,22,24,0,0.401149839163,0.66438382864
24,17676,17676.5,1800,24.0402450562,23.6369895935,24,29.5999984741,701.635070801,180,0,-1,16,20,16,20,2630.92748156,20,100,0.317974642857,24,29.7,703.0527701,180,12,24.2077901607,23.7319936086,2630.92748156,20,100,0.317974642857,cooling,0,0,-0.00170777608995,False,0.102466565397,0.020037509033,0,0,0.0824290563639,day,22,24,0,0.405936866999,0.671691834927
25,17676.5,17677,1800,24.2077903748,23.7319946289,24,29.6999969482,703.05279541,180,0,-1,16,20,16,20,2630.92748156,20,100,0.317974642857,24,29.8,493.4677368,180,13,24.3026762648,23.5301598497,2630.92748156,20,100,0.317974642857,cooling,0,0,-0.00169796729118,False,0.101878037471,0.0194489811067,0,0,0.0824290563639,day,22,24,0,0.408647894859,0.656166136265
26,17677,17677.5,1800,24.3026771545,23.5301589966,24,29.8000030518,493.46774292,180,-0.258819043636,-0.965925812721,16,20,16,20,2630.92748156,20,100,0.317974642857,24,29.7,89.94650763,180,13,24.2595746586,23.0071022486,3566.21652631,20,100,0.317974642857,cooling,0,0,-0.00168448447598,False,0.101069068559,0.018807745129,0,0,0.0822613234296,day,22,24,0,0.407416433096,0.615930914879
27,17677.5,17678,1800,24.2595748901,23.0071029663,24,29.6999969482,89.9465103149,180,-0.258819043636,-0.965925812721,17.7000007629,22,17.7000007629,22,3566.21652631,20,100,0.317974642857,24,29.6,180.2523886,180,14,24.3059832321,23.7742217128,2856.49170861,22,73.4770406769,0.255105775721,cooling,0,0,-0.000583947714045,False,0.0350368628427,0.00866322412895,0,0,0.0263736387138,day,22,24,0,0.408742368221,0.674940109253
28,17678,17678.5,1800,24.3059825897,23.7742214203,24,29.5999984741,180.252380371,180,-0.5,-0.866025388241,17.7000007629,22,17.7000007629,22,2856.49170861,22,73.4770406769,0.255105775721,24,29.4,474.8740792,180,14,24.4162148877,23.8967387721,3947.55641774,22,100,0.317974642857,cooling,0,0,-0.00156966525936,False,0.0941799155614,0.0168149308656,0,0,0.0773649846959,day,22,24,0,0.411891847849,0.684364497662
29,17678.5,17679,1800,24.4162139893,23.8967380524,24,29.4000015259,474.874084473,180,-0.5,-0.866025388241,17.7000007629,18,17.7000007629,18,3947.55641774,22,100,0.317974642857,24,29.1,426.4738543,180,15,24.4983275452,23.8836934369,1769.02141571,18,100,0.317974642857,cooling,0,0,-0.00162618745041,False,0.0975712470243,0.0180358900474,0,0,0.0795353569769,day,22,24,0,0.41423791647,0.683361053467
30,17679,17679.5,1800,24.4983272552,23.8836936951,24,29.0999984741,426.473846436,180,-0.707106769085,-0.707106769085,17.7000007629,18,17.7000007629,18,1769.02141571,18,100,0.317974642857,24,28.7,424.6044764,180,15,24.5599148003,23.9092809166,1769.02141571,18,100,0.317974642857,cooling,0,0,-0.00169995142756,False,0.101997085654,0.0195680292899,0,0,0.0824290563639,day,22,24,0,0.415997564793,0.685329318047
31,17679.5,17680,1800,24.5599136353,23.909280777,24,28.6999969482,424.60446167,180,-0.707106769085,-0.707106769085,16.6140785217,19.5571098328,16.6140785217,19.5571098328,1769.02141571,18,100,0.317974642857,24,28.3,269.3540575,180,16,24.5524149717,23.5330225032,2607.60750371,19.5571098328,100,0.317974642857,cooling,0,0,-0.00158620521839,False,0.0951723131032,0.0222650421237,0,0,0.0729072709795,day,22,24,0,0.415783286095,0.656386375427
32,17680,17680.5,1800,24.5524139404,23.5330238342,24,28.3000030518,269.354064941,180,-0.866025388241,-0.5,16.6140785217,19.5571098328,16.6140785217,19.5571098328,2607.60750371,19.5571098328,100,0.317974642857,24,27.7,221.8666509,180,16,24.4923350758,23.4064329715,2607.60750371,19.5571098328,100,0.317974642857,cooling,0,0,-0.00178748961927,False,0.107249377156,0.0248203207922,0,0,0.0824290563639,day,22,24,0,0.414066702127,0.646648705006
33,17680.5,17681,1800,24.4923343658,23.4064331055,24,27.6999969482,221.866653442,180,-0.866025388241,-0.5,16.6140785217,19.5571098328,16.6140785217,19.5571098328,2607.60750371,19.5571098328,100,0.317974642857,24,27.1,126.7057476,180,17,24.3940083119,23.2354748796,2607.60750371,19.5571098328,100,0.317974642857,cooling,0,0,-0.0018118389686,False,0.108710338116,0.0262812817518,0,0,0.0824290563639,day,22,24,0,0.411257386208,0.633498072624
34,17681,17681.5,1800,24.3940086365,23.2354736328,24,27.0999984741,126.705741882,180,-0.965925812721,-0.258819043636,16.6140785217,19.5571098328,16.6140785217,19.5571098328,2607.60750371,19.5571098328,100,0.317974642857,24,26.2,96.50280202,180,17,24.2724778856,23.1301664643,2607.60750371,19.5571098328,100,0.317974642857,cooling,0,0,-0.00185200574705,False,0.111120344823,0.0286912884592,0,0,0.0824290563639,day,22,24,0,0.407785087824,0.625397443771
35,17681.5,17682,1800,24.2724781036,23.1301670074,24,26.1999969482,96.5027999878,180,-0.965925812721,-0.258819043636,16.6140785217,19.5571098328,16.6140785217,19.5571098328,2607.60750371,19.5571098328,100,0.317974642857,24,25.4,53.955,50,18,24.1078139234,22.7609968965,2607.60750371,19.5571098328,100,0.317974642857,cooling,0,0,-0.00187336382379,False,0.112401829427,0.0299727730634,0,0,0.0824290563639,day,22,24,0,0.403080403805,0.596999764442
36,17682,17682.5,1800,24.1078147888,22.7609977722,24,25.4000015259,53.9549980164,50,-1,0,16.6140785217,19.5571098328,16.6140785217,19.5571098328,2607.60750371,19.5571098328,100,0.317974642857,24,25.4,38.445,50,18,23.9398804683,22.6361000273,3559.96824072,19.5571098328,100,0.317974642857,cooling,0,0,-0.00185491866532,False,0.111295119919,0.028928717485,0,0,0.0823664024341,day,22,24,0,0.398282289505,0.58739233017
37,17682.5,17683,1800,23.9398803711,22.636100769,24,25.4000015259,38.4449996948,50,-1,0,14.5,26,14.5,26,3559.96824072,19.5571098328,100,0.317974642857,24,23,24.09,50,19,23.8698143933,23.8847939532,0,26,0,0.080939,heating,0.719443773407,215.833132022,-0.00262678273865,False,0.157606964319,0.00903353070614,0,0.140273498555,0.00829993505753,day,22,24,0,0.396280407906,0.683445692062
38,17683,17683.5,1800,23.8698139191,23.8847942352,24,23,24.0900001526,50,-0.965925812721,0.258819103241,14.5,26,14.5,26,0,26,0,0.080939,24,21.7,11.385,50,19,23.8364927688,23.9214829716,0,26,0,0.080939,heating,0.692579619248,207.773885774,-0.00224501866175,False,0.134701119705,0.0103551895036,0,0.116045995144,0.00829993505753,day,22,24,0,0.395328372717,0.686267912388
39,17683.5,17684,1800,23.8364944458,23.9214820862,24,21.7000007629,11.3850002289,50,-0.965925812721,0.258819103241,16,26,16,26,0,26,0,0.080939,24,20.4,14.70273145,50,20,23.7915921535,23.9788797209,0,26,0,0.080939,heating,0.673455059667,202.0365179,-0.0021837152334,False,0.131022914004,0.00950064144778,0,0.113222337498,0.00829993505753,day,22,24,0,0.394045501947,0.690683066845
40,17684,17684.5,1800,23.7915916443,23.9788799286,24,20.4000015259,14.7027320862,50,-0.866025388241,0.5,16,26,16,26,0,26,0,0.080939,24,19.3,0,50,20,23.7287518164,23.9366870062,0,26,0,0.080939,heating,0.685912230087,205.773669026,-0.00219342518021,False,0.131605510812,0.00991981428194,0,0.113385761473,0.00829993505753,day,22,24,0,0.392250061035,0.687437474728
41,17684.5,17685,1800,23.7287521362,23.9366874695,24,19.2999992371,0,50,-0.866025388241,0.5,16,26,16,26,0,26,0,0.080939,24,18.2,0,50,21,23.6497067788,23.8989648831,0,26,0,0.080939,heating,0.698195682164,209.458704649,-0.00223288431914,False,0.133973059149,0.0101920064002,0,0.115481117691,0.00829993505753,night,15,28,0,0.389991611242,0.684535741806
42,17685,17685.5,1800,23.6497077942,23.8989639282,24,18.2000007629,0,50,-0.707106769085,0.70710682869,16,26,16,26,0,26,0,0.080939,24,17.3,0,50,21,23.5603873881,23.8558557535,0,26,0,0.080939,heating,0.712280071279,213.684021384,-0.00227201573187,False,0.136320943912,0.0103165771989,0,0.117704431656,0.00829993505753,night,15,28,0,0.387439638376,0.681219696999
43,17685.5,17686,1800,23.5603866577,23.8558559418,24,17.2999992371,0,50,-0.707106769085,0.70710682869,16,26,16,26,0,26,0,0.080939,24,16.4,0,50,22,23.4617121008,23.8078904393,0,26,0,0.080939,heating,0.728009320802,218.402796241,-0.00231441569236,False,0.138864941542,0.0103511392633,0,0.120213867221,0.00829993505753,night,15,28,0,0.384620338678,0.677530050278
44,17686,17686.5,1800,23.4617118835,23.8078918457,24,16.3999977112,0,50,-0.5,0.866025447845,14.5,22,14.5,22,0,26,0,0.080939,24,15.8,0,50,22,23.2579177635,22.5997581506,2111.05091189,22,48.6007568217,0.196140116366,cooling,0,0,-0.000851329639143,False,0.0510797783486,0.0304011663523,0,0,0.0206786119963,night,15,28,0,0.378797650337,0.58459675312
45,17686.5,17687,1800,23.2579174042,22.5997581482,24,15.7999992371,0,50,-0.5,0.866025447845,14.5,22,14.5,22,2111.05091189,22,48.6007568217,0.196140116366,24,15.2,0,50,23,22.9792099741,22.1943549856,2841.6894446,22,59.0230875722,0.220844755061,cooling,0,0,-0.00111812409559,False,0.0670874457356,0.0362484680529,0,0,0.0308389776827,night,15,28,0,0.370834559202,0.553411900997
46,17687,17687.5,1800,22.9792098999,22.194355011,24,15.2000007629,0,50,-0.258819043636,0.965925812721,14.5,22,14.5,22,2841.6894446,22,59.0230875722,0.220844755061,24,14.8,0,50,23,22.6965655457,21.9810671561,3014.43380656,22,60.369325893,0.224035819719,cooling,0,0,-0.00119229145039,False,0.0715374870235,0.0370295319184,0,0,0.0345079551051,night,15,28,0,0.362759023905,0.537005186081
47,17687.5,17688,1800,22.6965656281,21.9810676575,24,14.7999992371,0,50,-0.258819043636,0.965925812721,14.5,22,14.5,22,3014.43380656,22,60.369325893,0.224035819719,24,14.4,0,50,0,22.4284252145,21.8569620137,2877.35118249,22,56.4047888674,0.214638453894,heating,0,0,-0.00113231428277,False,0.0679388569663,0.0350248476701,0,0,0.0329140092962,night,15,28,0,0.355097860098,0.52745860815
48,17688,17688.5,1800,22.4284248352,21.856962204,24,14.4000015259,0,50,0,1,14.5,22,14.5,22,2877.35118249,22,56.4047888674,0.214638453894,24,14.2,0,50,0,22.1860663201,21.7889536328,2562.21041545,22,49.4191846247,0.19808008197,heating,0,0,-0.00100321950285,False,0.0601931701713,0.0316558527559,0,0,0.0285373174154,night,15,28,0,0.348173320293,0.522227227688
49,17688.5,17689,1800,22.1860656738,21.7889537811,24,14.2000007629,0,50,0,1,14.5,22,14.5,22,2562.21041545,22,49.4191846247,0.19808008197,24,13.9,0,50,1,21.9698557989,21.7577282898,2154.56573133,22,40.9394810119,0.177980161999,heating,0,0,-0.000849660629977,False,0.0509796377986,0.0275471046729,0,0,0.0234325331257,night,15,28,0,0.341995865107,0.519825279713
50,17689,17689.5,1800,21.9698562622,21.7577285767,24,13.8999977112,0,50,0.258819103241,0.965925812721,17.7000007629,24,17.7000007629,24,2154.56573133,22,40.9394810119,0.177980161999,24,13.8,0,50,1,21.8781921156,22.6692213525,0,24,0,0.080939,heating,0.452846129153,135.853838746,-0.0017818141638,False,0.106908849828,0.00619577846663,0,0.0924131363041,0.00829993505753,night,15,28,0,0.339376926422,0.589940130711
51,17689.5,17690,1800,21.8781929016,22.6692218781,24,13.8000030518,0,50,0.258819103241,0.965925812721,17.7000007629,24,17.7000007629,24,0,24,0,0.080939,24,13.7,0,50,2,21.8360382117,22.6942401876,0,24,0,0.080939,heating,0.43466201845,130.398605535,-0.00146288511326,False,0.0877731067956,0.00665252616619,0,0.0728206455719,0.00829993505753,night,15,28,0,0.338172525167,0.591864645481
52,17690,17690.5,1800,21.8360385895,22.6942405701,24,13.6999969482,0,50,0.5,0.866025447845,17.7000007629,24,17.7000007629,24,0,24,0,0.080939,24,13.6,0,50,2,21.7978370441,22.6770389107,0,24,0,0.080939,heating,0.439960929486,131.988278846,-0.00146422358456,False,0.0878534150739,0.00663492943334,0,0.072918550583,0.00829993505753,night,15,28,0,0.337081044912,0.590541481972
53,17690.5,17691,1800,21.7978363037,22.6770401001,24,13.6000022888,0,50,0.5,0.866025447845,17.7000007629,18,17.7000007629,18,0,24,0,0.080939,24,13.5,0,50,3,21.6696651128,21.6873974557,2716.95667653,18,100,0.317974642857,cooling,0,0,-0.00175958259404,False,0.105574955642,0.0312708035027,0,0,0.0743041521397,night,15,28,0,0.333418995142,0.514415204525
54,17691,17691.5,1800,21.6696643829,21.6873970032,24,13.5,0,50,0.70710682869,0.70710682869,17.7000007629,18,17.7000007629,18,2716.95667653,18,100,0.317974642857,24,13.4,0,50,3,21.5016002141,21.535602664,2716.95667653,18,100,0.317974642857,cooling,0,0,-0.00186049995549,False,0.111629997329,0.0292009409653,0,0,0.0824290563639,night,15,28,0,0.328617155552,0.502738654613
55,17691.5,17692,1800,21.5016002655,21.5356025696,24,13.4000015259,0,50,0.70710682869,0.70710682869,16,24,16,24,2716.95667653,18,100,0.317974642857,24,13.3,0,50,4,21.434864358,22.3629043551,0,24,0,0.080939,heating,0.554448125813,166.334437744,-0.00206411139161,False,0.123846683497,0.00772798819011,0,0.107818760249,0.00829993505753,night,15,28,0,0.326710402966,0.566377282143
56,17692,17692.5,1800,21.4348640442,22.362903595,24,13.2999992371,0,50,0.866025447845,0.5,16,24,16,24,0,24,0,0.080939,24,13.3,0,50,4,21.4129681641,22.3933776657,0,24,0,0.080939,heating,0.535448596984,160.634579095,-0.00177013884128,False,0.106208330477,0.0081424300834,0,0.0897659653359,0.00829993505753,night,15,28,0,0.326084792614,0.568721354008
57,17692.5,17693,1800,21.4129676819,22.3933773041,24,13.2999992371,0,50,0.866025447845,0.5,16,24,16,24,0,24,0,0.080939,24,13.3,0,50,5,21.3949243114,22.3860472839,0,24,0,0.080939,heating,0.537509362001,161.2528086,-0.00176429350064,False,0.105857610038,0.00815067083254,0,0.0894070041484,0.00829993505753,night,15,28,0,0.325569272041,0.568157494068
58,17693,17693.5,1800,21.3949241638,22.3860473633,24,13.2999992371,0,50,0.965925812721,0.258819103241,16,24,16,24,0,24,0,0.080939,24,13.9,1.485,50,5,21.3906995256,22.3836518283,0,24,0,0.080939,heating,0.538663184468,161.59895534,-0.00177152884402,False,0.106291730641,0.00826902423513,0,0.0897227713487,0.00829993505753,night,15,28,0,0.325448572636,0.567973196507
59,17693.5,17694,1800,21.3907012939,22.3836517334,24,13.8999977112,1.48500001431,50,0.965925812721,0.258819103241,16,22,16,22,0,24,0,0.080939,24,14.6,58.55607957,50,6,21.3786019878,22.0583061164,356.612499499,22,7.84179204437,0.0995268421839,cooling,0,0,-0.00033053435182,False,0.0198320611092,0.0103145048891,0,0,0.00951755622011,night,15,28,0,0.325102925301,0.542946636677
60,17694,17694.5,1800,21.3786010742,22.0583057404,24,14.5999984741,58.5560798645,50,1,0,16,22,16,22,356.612499499,22,7.84179204437,0.0995268421839,24,15.8,23.925,50,6,21.3622152944,21.9678144113,364.930423329,22,7.04832351504,0.0976460389545,cooling,0,0,-0.000331649060152,False,0.0198989436091,0.0102678236657,0,0,0.0096311199434,night,15,28,0,0.324634730816,0.535985708237
61,17694.5,17695,1800,21.3622169495,21.9678153992,24,15.7999992371,23.9249992371,50,1,0,16,22,16,22,364.930423329,22,7.04832351504,0.0976460389545,24,17,119.0683878,50,7,21.3942332826,22.0885189168,439.867003935,22,9.55460540755,0.10358682035,heating,0,0,-0.000336792882528,False,0.0202075729517,0.0104544063939,0,0,0.00975316655775,day,22,24,0,0.325549513102,0.545270681381
62,17695,17695.5,1800,21.3942337036,22.08852005,24,17,119.068382263,50,0.965925812721,-0.258819043636,16,22,16,22,439.867003935,22,9.55460540755,0.10358682035,24,18.4,118.3605563,50,7,21.4532079032,22.0944315282,605.909800613,22,12.9676142114,0.111676867709,cooling,0,0,-0.000364098885215,False,0.0218459331129,0.0113557596598,0,0,0.0104901734531,day,22,24,0,0.327234506607,0.545725524426
63,17695.5,17696,1800,21.4532089233,22.0944328308,24,18.4000015259,118.360549927,50,0.965925812721,-0.258819043636,16,22,16,22,605.909800613,22,12.9676142114,0.111676867709,24,19.8,165.0533408,180,8,21.5662584258,22.3741699101,1101.91248837,22,25.3722064553,0.141080172678,cooling,0,0,-0.000441220985718,False,0.0264732591431,0.0138362876136,0,0,0.0126369715294,day,22,24,0,0.33046451211,0.567243814468
64,17696,17696.5,1800,21.5662574768,22.374168396,24,19.7999992371,165.053344727,180,0.866025447845,-0.5,12.8000001907,24,12.8000001907,24,1101.91248837,22,25.3722064553,0.141080172678,24,21,209.380991,180,8,21.7474337469,22.8580227503,0,24,0,0.080939,heating,0.390471912895,117.141573868,-0.00156721352052,False,0.0940328112311,0.0111525116364,0,0.0745803645372,0.00829993505753,day,22,24,0,0.335640966892,0.604463279247
65,17696.5,17697,1800,21.7474327087,22.8580226898,24,21,209.380996704,180,0.866025447845,-0.5,12.8000001907,24,12.8000001907,24,0,24,0,0.080939,24,22.2,297.120158,180,9,21.978268402,23.0955991112,0,24,0,0.080939,heating,0.309310433418,92.7931300254,-0.00126039051785,False,0.0756234310708,0.0107915322452,0,0.0565319637681,0.00829993505753,day,22,24,0,0.342236250639,0.622738420963
66,17697,17697.5,1800,21.9782676697,23.0956001282,24,22.1999969482,297.120147705,180,0.70710682869,-0.707106769085,12.8000001907,24,12.8000001907,24,0,24,0,0.080939,24,23.2,323.3944953,180,9,22.2206330233,23.2544839317,0,24,0,0.080939,heating,0.255627063075,76.6881189225,-0.00107872563181,False,0.0647235379089,0.0102932331816,0,0.0461303696698,0.00829993505753,day,22,24,0,0.349160939455,0.63496029377
67,17697.5,17698,1800,22.2206325531,23.2544841766,24,23.2000007629,323.394500732,180,0.70710682869,-0.707106769085,12.8000001907,24,12.8000001907,24,0,24,0,0.080939,24,24.1,393.4954187,180,10,22.4802164923,23.4699794662,0,24,0,0.080939,heating,0.184858479209,55.4575437628,-0.000892223707356,False,0.0535334224414,0.00979500043352,0,0.0354384869503,0.00829993505753,day,22,24,0,0.356577605009,0.651536881924
68,17698,17698.5,1800,22.48021698,23.4699783325,24,24.0999984741,393.495422363,180,0.5,-0.866025388241,12.8000001907,24,12.8000001907,24,0,24,0,0.080939,24,25,418.1074349,180,10,22.7446594473,23.6369118961,0,24,0,0.080939,heating,0.128720814738,38.6162444215,-0.000711755599485,False,0.0427053359691,0.00922569680142,0,0.0251797041102,0.00829993505753,day,22,24,0,0.364133119583,0.664377808571
69,17698.5,17699,1800,22.7446594238,23.6369113922,24,25,418.107421875,180,0.5,-0.866025388241,12.8000001907,24,12.8000001907,24,0,24,0,0.080939,24,25.9,496.9062356,180,11,23.0266619433,23.8740828164,0,24,0,0.080939,heating,0.0509019352069,15.2705805621,-0.000508143508742,False,0.0304886105245,0.0086188785168,0,0.0135697969502,0.00829993505753,day,22,24,0,0.372190326452,0.682621777058
70,17699,17699.5,1800,23.0266609192,23.8740844727,24,25.9000015259,496.906219482,180,0.258819103241,-0.965925812721,12.8000001907,22,12.8000001907,22,0,24,0,0.080939,24,26.6,508.5705081,180,11,23.229525505,23.0667867058,2716.78656687,22,64.9106680049,0.234800419188,cooling,0,0,-0.000850345573768,False,0.0510207344261,0.0245617527962,0,0,0.0264589816299,day,22,24,0,0.377986431122,0.620522081852
71,17699.5,17700,1800,23.2295246124,23.0667877197,24,26.5999984741,508.570526123,180,0.258819103241,-0.965925812721,12.8000001907,22,12.8000001907,22,2716.78656687,22,64.9106680049,0.234800419188,24,27.3,585.9484111,180,12,23.3477080966,22.6899113505,4353.81590684,22,93.8162038735,0.303316841956,cooling,0,0,-0.00152197408688,False,0.0913184452129,0.0330607930826,0,0,0.0582576521303,day,22,24,0,0.381363093853,0.591531634331
72,17700,17700.5,1800,23.3477096558,22.6899108887,24,27.3000030518,585.948425293,180,0,-1,12.8000001907,22,12.8000001907,22,4353.81590684,22,93.8162038735,0.303316841956,24,27.8,626.0118392,180,12,23.427292018,22.5924134496,4560.78917345,22,100,0.317974642857,cooling,0,0,-0.00194152485658,False,0.116491491395,0.0347524083966,0,0,0.0817390829983,day,22,24,0,0.383636921644,0.584031820297
73,17700.5,17701,1800,23.4272918701,22.592414856,24,27.8000030518,626.01184082,180,0,-1,16.7433452606,21.0998268127,16.7433452606,21.0998268127,4560.78917345,22,100,0.317974642857,24,28.3,624.281796,180,13,23.6212533893,23.5852712181,3305.07325123,21.0998268127,100,0.317974642857,cooling,0,0,-0.000985948717709,False,0.0591569230625,0.0155980096191,0,0,0.0435589134435,day,22,24,0,0.389178663492,0.66040545702
74,17701,17701.5,1800,23.6212539673,23.585269928,24,28.3000030518,624.281799316,180,-0.258819043636,-0.965925812721,16.7433452606,21.0998268127,16.7433452606,21.0998268127,3305.07325123,21.0998268127,100,0.317974642857,24,28.5,616.1062069,180,13,23.7996640605,23.5607298796,3305.07325123,21.0998268127,100,0.317974642857,cooling,0,0,-0.00173998178951,False,0.10439890737,0.0219698510065,0,0,0.0824290563639,day,22,24,0,0.394276112318,0.65851765871
75,17701.5,17702,1800,23.7996635437,23.5607299805,24,28.5,616.106201172,180,-0.258819043636,-0.965925812721,16.7433452606,21.0998268127,16.7433452606,21.0998268127,3305.07325123,21.0998268127,100,0.317974642857,24,28.7,571.0052776,180,14,23.9478147111,23.5787690001,3305.07325123,21.0998268127,100,0.317974642857,cooling,0,0,-0.00172878749145,False,0.103727249487,0.0212981931233,0,0,0.0824290563639,day,22,24,0,0.398508995771,0.659905314445
76,17702,17702.5,1800,23.9478149414,23.5787696838,24,28.6999969482,571.005310059,180,-0.5,-0.866025388241,16.7433452606,21.0998268127,16.7433452606,21.0998268127,3305.07325123,21.0998268127,100,0.317974642857,24,28.7,591.8202484,180,14,24.0861613864,23.6750944595,3305.07325123,21.0998268127,100,0.317974642857,cooling,0,0,-0.00173229569143,False,0.103937741486,0.0215086851218,0,0,0.0824290563639,day,22,24,0,0.402461767197,0.667314946651
77,17702.5,17703,1800,24.0861625671,23.6750946045,24,28.6999969482,591.820251465,180,-0.5,-0.866025388241,16.7433452606,21.0998268127,16.7433452606,21.0998268127,3305.07325123,21.0998268127,100,0.317974642857,24,28.8,478.3471966,180,15,24.1828231465,23.5911628698,3305.07325123,21.0998268127,100,0.317974642857,cooling,0,0,-0.00172597135937,False,0.103558281562,0.0211292251982,0,0,0.0824290563639,day,22,24,0,0.40522351861,0.660858690739
78,17703,17703.5,1800,24.1828231812,23.5911636353,24,28.8000030518,478.347198486,180,-0.707106769085,-0.707106769085,16.7433452606,21.0998268127,16.7433452606,21.0998268127,3305.07325123,21.0998268127,100,0.317974642857,24,28.9,423.6056223,180,15,24.2508947341,23.5538644096,3305.07325123,21.0998268127,100,0.317974642857,cooling,0,0,-0.00171756145294,False,0.103053687177,0.0206246308126,0,0,0.0824290563639,day,22,24,0,0.407168418169,0.657989561558
79,17703.5,17704,1800,24.2508945465,23.5538635254,24,28.9000015259,423.605621338,180,-0.707106769085,-0.707106769085,14.5,20,14.5,20,3305.07325123,21.0998268127,100,0.317974642857,24,28.9,216.3686579,180,16,24.2290118271,22.914881272,3141.31594161,20,100,0.317974642857,cooling,0,0,-0.00149071988557,False,0.0894431931342,0.0234312880726,0,0,0.0660119050616,day,22,24,0,0.406543195248,0.608837008476
80,17704,17704.5,1800,24.2290115356,22.9148807526,24,28.9000015259,216.368667603,180,-0.866025388241,-0.5,14.5,20,14.5,20,3141.31594161,20,100,0.317974642857,24,28.8,227.3332997,180,16,24.1576363583,22.8060737283,3141.31594161,20,100,0.317974642857,cooling,0,0,-0.00179813179672,False,0.107887907803,0.0254588514391,0,0,0.0824290563639,day,22,24,0,0.404503881931,0.600467205048
81,17704.5,17705,1800,24.1576347351,22.8060741425,24,28.8000030518,227.333297729,180,-0.866025388241,-0.5,14.5,20,14.5,20,3141.31594161,20,100,0.317974642857,24,28.6,122.8774965,180,17,24.0552352907,22.6215591615,3141.31594161,20,100,0.317974642857,cooling,0,0,-0.00180376765693,False,0.108226059416,0.0257970030519,0,0,0.0824290563639,day,22,24,0,0.40157815814,0.586273789406
82,17705,17705.5,1800,24.0552368164,22.6215591431,24,28.5999984741,122.877494812,180,-0.965925812721,-0.258819043636,14.5,20,14.5,20,3141.31594161,20,100,0.317974642857,24,28.3,129.819488,180,17,23.9518187623,22.5680071668,3141.31594161,20,100,0.317974642857,cooling,0,0,-0.00181811381562,False,0.109086828937,0.0266577725734,0,0,0.0824290563639,day,22,24,0,0.398623406887,0.582154393196
83,17705.5,17706,1800,23.9518203735,22.5680065155,24,28.3000030518,129.819488525,180,-0.965925812721,-0.258819043636,14.5,20,14.5,20,3141.31594161,20,100,0.317974642857,24,28,44.385,50,18,23.8032867591,22.1568399157,3868.01856997,20,100,0.317974642857,cooling,0,0,-0.00181823422543,False,0.109094053526,0.0268925875039,0,0,0.0822014660217,day,22,24,0,0.394379615784,0.55052614212
84,17706,17706.5,1800,23.8032875061,22.1568393707,24,28,44.3850021362,50,-1,0,12.8000001907,24,12.8000001907,24,3868.01856997,20,100,0.317974642857,24,28,52.59964202,50,18,23.7894659385,23.4194553068,0,24,0,0.080939,heating,0.208745469181,62.6236407543,-0.00121695158369,False,0.0730170950213,0.00621127531414,0,0.0585058846496,0.00829993505753,day,22,24,0,0.393984735012,0.647650420666
85,17706.5,17707,1800,23.7894668579,23.4194564819,24,28,52.5996398926,50,-1,0,12.8000001907,24,12.8000001907,24,0,24,0,0.080939,24,26.9,21.12,50,19,23.8037238176,23.4552768309,0,24,0,0.080939,heating,0.18231884818,54.6956544539,-0.000781464490441,False,0.0468878694265,0.00749616261314,0,0.0310917717558,0.00829993505753,day,22,24,0,0.394392102957,0.650405883789
86,17707,17707.5,1800,23.8037223816,23.4552764893,24,26.9000015259,21.1200008392,50,-0.965925812721,0.258819103241,12.8000001907,24,12.8000001907,24,0,24,0,0.080939,24,25.9,10.065,50,19,23.7953578928,23.4427483777,0,24,0,0.080939,heating,0.185418134178,55.6254402533,-0.000788763570101,False,0.0473258142061,0.00837702901281,0,0.0306488501357,0.00829993505753,day,22,24,0,0.394153088331,0.649442195892
87,17707.5,17708,1800,23.7953567505,23.4427490234,24,25.9000015259,10.0650005341,50,-0.965925812721,0.258819103241,12.8000001907,24,12.8000001907,24,0,24,0,0.080939,24,24.9,11.96649567,50,20,23.7684449899,23.4340305124,0,24,0,0.080939,heating,0.187975441979,56.3926325936,-0.000810378986745,False,0.0486227392047,0.00921724413364,0,0.0311055600136,0.00829993505753,day,22,24,0,0.393384128809,0.648771584034
88,17708,17708.5,1800,23.7684440613,23.4340305328,24,24.8999938965,11.9664964676,50,-0.866025388241,0.5,12.8000001907,24,12.8000001907,24,0,24,0,0.080939,24,24,0,50,20,23.7232522248,23.3998612265,0,24,0,0.080939,heating,0.198662464407,59.598739322,-0.000843213047831,False,0.0505927828699,0.00992532414755,0,0.0323675236648,0.00829993505753,day,22,24,0,0.392092913389,0.646143198013
89,17708.5,17709,1800,23.7232513428,23.3998603821,24,24,0,50,-0.866025388241,0.5,12.8000001907,24,12.8000001907,24,0,24,0,0.080939,24,23.2,0,50,21,23.6660590195,23.3723975874,0,24,0,0.080939,heating,0.207643583892,62.2930751675,-0.000879573797929,False,0.0527744278758,0.0105106161408,0,0.0339638766775,0.00829993505753,night,15,28,0,0.39045882225,0.644030570984
90,17709,17709.5,1800,23.6660575867,23.3723983765,24,23.2000007629,0,50,-0.707106769085,0.70710682869,16.0577697754,23.6413230896,16.0577697754,23.6413230896,0,24,0,0.080939,24,22.8,0,50,21,23.615803238,23.4377032242,0,23.6413230896,0,0.080939,heating,0.0676046926216,20.2814077865,-0.000472548068482,False,0.0283528841089,0.00766883968339,0,0.012384109368,0.00829993505753,night,15,28,0,0.389022946358,0.64905411005
91,17709.5,17710,1800,23.6158027649,23.437702179,24,22.8000030518,0,50,-0.707106769085,0.70710682869,16.0577697754,23.6413230896,16.0577697754,23.6413230896,0,23.6413230896,0,0.080939,24,22.4,0,50,22,23.5663927425,23.417868724,0,23.6413230896,0,0.080939,heating,0.073187324644,21.9561973932,-0.000465084193815,False,0.0279050516289,0.00788986575229,0,0.011715250819,0.00829993505753,night,15,28,0,0.387611210346,0.647528350353
92,17710,17710.5,1800,23.5663909912,23.4178695679,24,22.3999977112,0,50,-0.5,0.866025447845,15.0486869812,22.5499286652,15.0486869812,22.5499286652,0,23.6413230896,0,0.080939,24,22.1,0,50,22,23.4810094452,22.9664795659,1174.2231356,22.5499286652,27.7225873774,0.146651413207,cooling,0,0,-0.000492325699703,False,0.0295395419822,0.0164037148566,0,0,0.0131358271255,night,15,28,0,0.385171711445,0.612806141376
93,17710.5,17711,1800,23.481010437,22.9664802551,24,22.0999984741,0,50,-0.5,0.866025447845,15.0486869812,22.5499286652,15.0486869812,22.5499286652,1174.2231356,22.5499286652,27.7225873774,0.146651413207,24,21.8,0,50,23,23.358413555,22.7317099985,1728.79641284,22.5499286652,36.4880580576,0.167428702983,cooling,0,0,-0.000645239309175,False,0.0387143585505,0.0209870259299,0,0,0.0177273326206,night,15,28,0,0.381668955088,0.594746947289
94,17711,17711.5,1800,23.3584136963,22.731710434,24,21.7999992371,0,50,-0.258819043636,0.965925812721,12.8000001907,24,12.8000001907,24,1728.79641284,22.5499286652,36.4880580576,0.167428702983,24,21.6,0,50,23,23.2812627639,23.1549874482,0,24,0,0.080939,heating,0.285230401987,85.5691205961,-0.00124701685132,False,0.0748210110791,0.0111934194848,0,0.0553276565368,0.00829993505753,night,15,28,0,0.379464656115,0.627306699753
95,17711.5,17712,1800,23.2812633514,23.1549873352,24,21.5999984741,0,50,-0.258819043636,0.965925812721,12.8000001907,24,12.8000001907,24,0,24,0,0.080939,24,21.4,0,50,0,23.2280290396,23.1505387635,0,24,0,0.080939,heating,0.281963909385,84.5891728156,-0.00110960297445,False,0.0665761784672,0.0114840418484,0,0.0467922015613,0.00829993505753,night,15,28,0,0.377943694592,0.626964509487
96,17712,17712.5,1800,23.2280292511,23.1505393982,24,21.3999977112,0,50,0,1,12.8000001907,24,12.8000001907,24,0,24,0,0.080939,24,21.3,0,50,0,23.178674585,23.126400274,0,24,0,0.080939,heating,0.289850682055,86.9552046165,-0.00112616098011,False,0.0675696588065,0.0115247659691,0,0.0477449577799,0.00829993505753,night,15,28,0,0.376533567905,0.625107705593
97,17712.5,17713,1800,23.1786746979,23.1263999939,24,21.3000030518,0,50,0,1,12.8000001907,24,12.8000001907,24,0,24,0,0.080939,24,21.2,0,50,1,23.1318729911,23.1025327601,0,24,0,0.080939,heating,0.297864300985,89.3592902956,-0.00114913016019,False,0.0689478096113,0.0115565355564,0,0.0490913389974,0.00829993505753,night,15,28,0,0.375196367502,0.623271763325
98,17713,17713.5,1800,23.1318740845,23.1025333405,24,21.1999969482,0,50,0.258819103241,0.965925812721,16,24,16,24,0,24,0,0.080939,24,21.3,0,50,1,23.1069457961,23.2380675749,0,24,0,0.080939,heating,0.255112466494,76.5337399481,-0.0010253185749,False,0.0615191144943,0.00820679587967,0,0.0450123835571,0.00829993505753,night,15,28,0,0.374484151602,0.633697509766
99,17713.5,17714,1800,23.1069450378,23.238067627,24,21.3000030518,0,50,0.258819103241,0.965925812721,16,24,16,24,0,24,0,0.080939,24,21.3,0,50,2,23.0909473963,23.2369736894,0,24,0,0.080939,heating,0.253987528426,76.1962585277,-0.000980635907608,False,0.0588381544565,0.0082630348135,0,0.0422751845855,0.00829993505753,night,15,28,0,0.374027073383,0.633613348007
100,17714,17714.5,1800,23.0909461975,23.2369728088,24,21.3000030518,0,50,0.5,0.866025447845,16,24,16,24,0,24,0,0.080939,24,21.1,0,50,2,23.0728162991,23.2285992418,0,24,0,0.080939,heating,0.256644032701,76.9932098103,-0.000987010606857,False,0.0592206364114,0.00834440309103,0,0.0425762982629,0.00829993505753,night,15,28,0,0.373509049416,0.632969200611
101,17714.5,17715,1800,23.0728168488,23.2285995483,24,21.1000022888,0,50,0.5,0.866025447845,16,24,16,24,0,24,0,0.080939,24,20.9,0,50,3,23.0524678959,23.2187749015,0,24,0,0.080939,heating,0.259853652389,77.9560957167,-0.000996632965361,False,0.0597979779216,0.0084190218211,0,0.043079021043,0.00829993505753,night,15,28,0,0.37292766571,0.63221347332
102,17715,17715.5,1800,23.0524673462,23.2187747955,24,20.9000015259,0,50,0.70710682869,0.70710682869,16,24,16,24,0,24,0,0.080939,24,20.4,0,50,3,23.0242437894,23.2058730392,0,24,0,0.080939,heating,0.263948523354,79.1845570061,-0.00100989611722,False,0.0605937670333,0.00860767549378,0,0.043686156482,0.00829993505753,night,15,28,0,0.372121244669,0.63122099638
103,17715.5,17716,1800,23.0242424011,23.205871582,24,20.4000015259,0,50,0.70710682869,0.70710682869,16,24,16,24,0,24,0,0.080939,24,19.9,0,50,4,22.9888971763,23.1893250767,0,24,0,0.080939,heating,0.269267836449,80.7803509348,-0.00102605323833,False,0.0615631942996,0.00877489838893,0,0.0444883608532,0.00829993505753,night,15,28,0,0.37111133337,0.629948079586
104,17716,17716.5,1800,22.9888954163,23.1893253326,24,19.8999977112,0,50,0.866025447845,0.5,15.9101200104,22.4286346436,15.9101200104,22.4286346436,0,24,0,0.080939,24,19.3,0,50,4,22.9101422402,22.7597918986,979.436593678,22.4286346436,22.973183794,0.135393633891,cooling,0,0,-0.000453394227652,False,0.0272036536591,0.0150923645753,0,0,0.0121112890839,night,15,28,0,0.368861198425,0.59690707922
105,17716.5,17717,1800,22.9101409912,22.7597923279,24,19.2999992371,0,50,0.866025447845,0.5,15.9101200104,22.4286346436,15.9101200104,22.4286346436,979.436593678,22.4286346436,22.973183794,0.135393633891,24,18.6,0,50,5,22.7919349183,22.5703910197,1417.97566132,22.4286346436,29.859060886,0.151715616922,cooling,0,0,-0.000564473648938,False,0.0338684189363,0.0185983131439,0,0,0.0152701057924,night,15,28,0,0.365483850241,0.582337796688
106,17717,17717.5,1800,22.791934967,22.5703907013,24,18.6000022888,0,50,0.965925812721,0.258819103241,15.9101200104,22.4286346436,15.9101200104,22.4286346436,1417.97566132,22.4286346436,29.859060886,0.151715616922,24,18.5,2.145,50,5,22.6707881025,22.4589675826,1582.80993615,22.4286346436,32.0679274346,0.156951417946,cooling,0,0,-0.000610794575868,False,0.0366476745521,0.0198125731387,0,0,0.0168351014134,night,15,28,0,0.362022519112,0.573766708374
107,17717.5,17718,1800,22.6707878113,22.4589672089,24,18.5,2.14499998093,50,0.965925812721,0.258819103241,15.9101200104,22.4286346436,15.9101200104,22.4286346436,1582.80993615,22.4286346436,32.0679274346,0.156951417946,24,18.3,59.83794549,50,6,22.568666316,22.4558622476,1658.92623323,22.4286346436,33.5019014115,0.16035044738,cooling,0,0,-0.00063041145441,False,0.0378246872646,0.0203590586471,0,0,0.0174656286175,night,15,28,0,0.359104752541,0.573527872562
108,17718,17718.5,1800,22.5686664581,22.4558620453,24,18.2999992371,59.8379440308,50,1,0,17.7000007629,18,17.7000007629,18,1658.92623323,22.4286346436,33.5019014115,0.16035044738,24,18.9,24.255,50,6,22.4561369921,22.0864486993,2659.09195861,18,100,0.317974642857,cooling,0,0,-0.00175232106016,False,0.10513926361,0.0315946272147,0,0,0.0735446363952,night,15,28,0,0.355889618397,0.54511141777
109,17718.5,17719,1800,22.4561367035,22.0864486694,24,18.8999977112,24.2550010681,50,1,0,17.7000007629,18,17.7000007629,18,2659.09195861,18,100,0.317974642857,24,19.4,115.4087307,50,7,22.3685507954,22.1192300909,2659.09195861,18,100,0.317974642857,cooling,0,0,-0.00190301883894,False,0.114181130337,0.0317520739728,0,0,0.0824290563639,day,22,24,0,0.353387176991,0.547633111477
110,17719,17719.5,1800,22.3685512543,22.1192302704,24,19.4000015259,115.408729553,50,0.965925812721,-0.258819043636,17.7000007629,18,17.7000007629,18,2659.09195861,18,100,0.317974642857,24,20.3,60.47298408,50,7,22.2940766042,22.0138939964,2659.09195861,18,100,0.317974642857,cooling,0,0,-0.00187784022822,False,0.112670413693,0.0302413573294,0,0,0.0824290563639,day,22,24,0,0.351259320974,0.539530336857
111,17719.5,17720,1800,22.2940750122,22.0138950348,24,20.3000030518,60.472984314,50,0.965925812721,-0.258819043636,14.5,22,14.5,22,2659.09195861,18,100,0.317974642857,24,21.1,172.3152619,180,8,22.3365052835,22.7220607036,896.419145795,22,24.4911531768,0.138991762376,cooling,0,0,-0.000413437400798,False,0.0248062440479,0.0138141085181,0,0,0.0109921355298,day,22,24,0,0.352471590042,0.594004690647
112,17720,17720.5,1800,22.3365058899,22.7220611572,24,21.1000022888,172.3152771,180,0.866025447845,-0.5,14.5,22,14.5,22,896.419145795,22,24.4911531768,0.138991762376,24,21.7,122.2668529,180,8,22.3774204823,22.4607969817,1989.30210161,22,44.2737358355,0.185883534354,cooling,0,0,-0.000713623446094,False,0.0428174067656,0.0233282733351,0,0,0.0194891334305,day,22,24,0,0.353640586138,0.57390743494
113,17720.5,17721,1800,22.3774204254,22.4607963562,24,21.7000007629,122.266853333,180,0.866025447845,-0.5,14.5,22,14.5,22,1989.30210161,22,44.2737358355,0.185883534354,24,22.4,330.8368044,180,9,22.4522373241,22.5171239354,2956.76472472,22,64.0051720698,0.232654071077,cooling,0,0,-0.00102003503351,False,0.0612021020105,0.0301233989908,0,0,0.0310787030197,day,22,24,0,0.355778217316,0.578240275383
114,17721,17721.5,1800,22.4522380829,22.517124176,24,22.3999977112,330.83682251,180,0.70710682869,-0.707106769085,14.5,22,14.5,22,2956.76472472,22,64.0051720698,0.232654071077,24,22.9,326.0023189,180,9,22.5082124757,22.3557528333,3761.24189392,22,78.6426482934,0.267350106942,cooling,0,0,-0.00137303389601,False,0.0823820337604,0.0358278201289,0,0,0.0465542136315,day,22,24,0,0.357377499342,0.565827131271
115,17721.5,17722,1800,22.5082130432,22.3557529449,24,22.9000015259,326.002319336,180,0.70710682869,-0.707106769085,14.5,20,14.5,20,3761.24189392,22,78.6426482934,0.267350106942,24,23.3,509.5403113,180,10,22.6164345362,22.4682275153,3129.78157568,20,100,0.317974642857,cooling,0,0,-0.00148521537427,False,0.0891129224564,0.0357780010741,0,0,0.0533349213822,day,22,24,0,0.360469549894,0.574479043484
116,17722,17722.5,1800,22.6164340973,22.4682273865,24,23.2999992371,509.540283203,180,0.5,-0.866025388241,14.5,20,14.5,20,3129.78157568,20,100,0.317974642857,24,23.7,540.764517,180,10,22.6960349829,22.4381362478,3870.24979162,20,100,0.317974642857,cooling,0,0,-0.00209015642781,False,0.125409385669,0.0430840742043,0,0,0.0823253114645,day,22,24,0,0.362743854523,0.572164297104
117,17722.5,17723,1800,22.6960353851,22.4381370544,24,23.6999969482,540.764526367,180,0.5,-0.866025388241,14.5,20,14.5,20,3870.24979162,20,100,0.317974642857,24,24.1,650.159358,180,11,22.8044256194,22.6229419285,3870.24979162,20,100,0.317974642857,cooling,0,0,-0.00207826253143,False,0.124695751886,0.0422666955219,0,0,0.0824290563639,day,22,24,0,0.365840733051,0.586380124092
118,17723,17723.5,1800,22.8044242859,22.6229419708,24,24.0999984741,650.159362793,180,0.258819103241,-0.965925812721,14.5,20,14.5,20,3870.24979162,20,100,0.317974642857,24,24.4,679.3646442,180,11,22.9235664688,22.7284389884,3870.24979162,20,100,0.317974642857,cooling,0,0,-0.00207225048466,False,0.124335029079,0.0419059727155,0,0,0.0824290563639,day,22,24,0,0.369244754314,0.594495296478
119,17723.5,17724,1800,22.9235668182,22.7284393311,24,24.4000015259,679.364624023,180,0.258819103241,-0.965925812721,13.9463033676,18.4664211273,13.9463033676,18.4664211273,3870.24979162,20,100,0.317974642857,24,24.8,729.5834909,180,12,23.0583368612,22.7805613593,2609.77959528,18.4664211273,100,0.317974642857,cooling,0,0,-0.0019027299075,False,0.11416379445,0.0412381343194,0,0,0.0729256601306,day,22,24,0,0.373095333576,0.598504722118
120,17724,17724.5,1800,23.0583362579,22.7805614471,24,24.8000030518,729.583496094,180,0,-1,13.9463033676,18.4664211273,13.9463033676,18.4664211273,2609.77959528,18.4664211273,100,0.317974642857,24,25,739.3866602,180,12,23.1744284671,22.8310991016,2609.77959528,18.4664211273,100,0.317974642857,cooling,0,0,-0.00208912832158,False,0.125347699295,0.0429186429306,0,0,0.0824290563639,day,22,24,0,0.376412242651,0.60239225626
121,17724.5,17725,1800,23.1744289398,22.8311004639,24,25,739.386657715,180,0,-1,13.9463033676,18.4664211273,13.9463033676,18.4664211273,2609.77959528,18.4664211273,100,0.317974642857,24,25.3,730.3185855,180,13,23.2830953099,22.8770197413,2609.77959528,18.4664211273,100,0.317974642857,cooling,0,0,-0.00207294790015,False,0.124376874009,0.0419478176448,0,0,0.0824290563639,day,22,24,0,0.379517018795,0.605924606323
122,17725,17725.5,1800,23.2830963135,22.8770198822,24,25.3000030518,730.318603516,180,-0.258819043636,-0.965925812721,13.9463033676,18.4664211273,13.9463033676,18.4664211273,2609.77959528,18.4664211273,100,0.317974642857,24,25.5,718.6380214,180,13,23.3822547656,22.9149909517,2609.77959528,18.4664211273,100,0.317974642857,cooling,0,0,-0.00206265142363,False,0.123759085418,0.0413300290541,0,0,0.0824290563639,day,22,24,0,0.38235014677,0.608845472336
123,17725.5,17726,1800,23.3822555542,22.9149913788,24,25.5,718.638061523,180,-0.258819043636,-0.965925812721,13.9463033676,18.4664211273,13.9463033676,18.4664211273,2609.77959528,18.4664211273,100,0.317974642857,24,25.7,649.7882838,180,14,23.4561639984,22.8701845665,2609.77959528,18.4664211273,100,0.317974642857,cooling,0,0,-0.00204816707046,False,0.122890024228,0.0404609678636,0,0,0.0824290563639,day,22,24,0,0.384461820126,0.605398833752
124,17726,17726.5,1800,23.4561634064,22.8701858521,24,25.7000045776,649.788269043,180,-0.5,-0.866025388241,13.9463033676,18.4664211273,13.9463033676,18.4664211273,2609.77959528,18.4664211273,100,0.317974642857,24,25.8,619.4570317,180,14,23.5128943656,22.8590964299,2609.77959528,18.4664211273,100,0.317974642857,cooling,0,0,-0.00203963114616,False,0.12237786877,0.0399488124058,0,0,0.0824290563639,day,22,24,0,0.386082708836,0.604545891285
125,17726.5,17727,1800,23.5128936768,22.8590965271,24,25.8000030518,619.45703125,180,-0.5,-0.866025388241,14.5,20,14.5,20,2609.77959528,18.4664211273,100,0.317974642857,24,25.9,494.5346672,180,15,23.5696027297,22.9135049768,3631.99316887,20,99.1999590038,0.316078260539,cooling,0,0,-0.00154966873136,False,0.0929801238817,0.0322189081416,0,0,0.0607612157401,day,22,24,0,0.387702941895,0.608731150627
126,17727,17727.5,1800,23.5696029663,22.9135055542,24,25.9000015259,494.534667969,180,-0.707106769085,-0.707106769085,14.5,20,14.5,20,3631.99316887,20,99.1999590038,0.316078260539,24,25.8,434.2262578,180,15,23.5732621921,22.7712397945,3631.99316887,20,100,0.317974642857,cooling,0,0,-0.00199688330614,False,0.119812998368,0.0373839420043,0,0,0.0824290563639,day,22,24,0,0.387807488441,0.597787678242
127,17727.5,17728,1800,23.573261261,22.7712402344,24,25.8000030518,434.226257324,180,-0.707106769085,-0.707106769085,14.5,20,14.5,20,3631.99316887,20,100,0.317974642857,24,25.7,276.8261154,180,16,23.5226239728,22.546266301,3631.99316887,20,100,0.317974642857,cooling,0,0,-0.00198915468783,False,0.11934928127,0.0369202249061,0,0,0.0824290563639,day,22,24,0,0.386360675097,0.580482006073
128,17728,17728.5,1800,23.5226249695,22.5462665558,24,25.7000045776,276.82611084,180,-0.866025388241,-0.5,14.5,20,14.5,20,3631.99316887,20,100,0.317974642857,24,25.2,212.85395,180,16,23.4389718052,22.4147163653,3631.99316887,20,100,0.317974642857,cooling,0,0,-0.00200736293716,False,0.120441776229,0.0380127198655,0,0,0.0824290563639,day,22,24,0,0.383970618248,0.57036280632
129,17728.5,17729,1800,23.4389724731,22.4147167206,24,25.1999969482,212.853942871,180,-0.866025388241,-0.5,16,24,16,24,3631.99316887,20,100,0.317974642857,24,24.7,128.9326669,180,17,23.4747688174,23.7506753657,0,24,0,0.080939,heating,0.10029863659,30.0895909771,-0.000945111727789,False,0.0567067036674,0.00648592556637,0,0.0419208430435,0.00829993505753,day,22,24,0,0.38499340415,0.673128902912
130,17729,17729.5,1800,23.4747695923,23.7506752014,24,24.6999969482,128.932662964,180,-0.965925812721,-0.258819043636,16,24,16,24,0,24,0,0.080939,24,23.7,90.98752998,180,17,23.5364368028,23.8054717776,0,24,0,0.080939,heating,0.0668314806805,20.0494442042,-0.000469732873064,False,0.0281839723838,0.00757808240557,0,0.0123059549207,0.00829993505753,day,22,24,0,0.386755347252,0.677343964577
131,17729.5,17730,1800,23.5364379883,23.8054714203,24,23.6999969482,90.9875259399,180,-0.965925812721,-0.258819043636,16,24,16,24,0,24,0,0.080939,24,22.8,56.595,50,18,23.5427173187,23.549386651,0,24,0,0.080939,heating,0.147189493762,44.1568481286,-0.000599819731527,False,0.0359891838916,0.00795984338774,0,0.0197294054463,0.00829993505753,day,22,24,0,0.386934787035,0.657645106316
132,17730,17730.5,1800,23.54271698,23.5493850708,24,22.8000030518,56.594997406,50,-1,0,16,24,16,24,0,24,0,0.080939,24,22.8,40.59,50,18,23.5321838441,23.5125473791,0,24,0,0.080939,heating,0.161806643661,48.5419930984,-0.000706485810402,False,0.0423891486241,0.00783760683858,0,0.026251606728,0.00829993505753,day,22,24,0,0.386633813381,0.654811322689
133,17730.5,17731,1800,23.5321846008,23.5125465393,24,22.8000030518,40.5900001526,50,-1,0,17.7000007629,18,17.7000007629,18,0,24,0,0.080939,24,20.4,25.245,50,19,23.3876518343,22.6091267731,1653.76396179,18,100,0.317974642857,cooling,0,0,-0.00189818328189,False,0.113890996914,0.0356138393167,0,0,0.0782771575969,day,22,24,0,0.382504343987,0.58531743288
134,17731,17731.5,1800,23.3876533508,22.6091270447,24,20.4000015259,25.2449989319,50,-0.965925812721,0.258819103241,17.7000007629,18,17.7000007629,18,1653.76396179,18,100,0.317974642857,24,19.2,11.88,50,19,23.1863638953,22.4376819304,1653.76396179,18,99.9373365504,0.317826108147,cooling,0,0,-0.00195573370644,False,0.117344022387,0.0349320709986,0,0,0.0824119513879,day,22,24,0,0.376753240824,0.572129368782
135,17731.5,17732,1800,23.1863632202,22.4376811981,24,19.2000007629,11.8800001144,50,-0.965925812721,0.258819103241,17.7000007629,18,17.7000007629,18,1653.76396179,18,99.9373365504,0.317826108147,24,18.1,15.52479867,50,20,22.9792985335,22.3307921233,2985.06832123,18,100,0.317974642857,cooling,0,0,-0.00195677508443,False,0.117406505066,0.0350753663401,0,0,0.0823311387255,day,22,24,0,0.3708370924,0.563907086849
136,17732,17732.5,1800,22.9792976379,22.3307914734,24,18.0999984741,15.5247983932,50,-0.866025388241,0.5,17.7000007629,18,17.7000007629,18,2985.06832123,18,100,0.317974642857,24,17.6,0,50,20,22.7762045415,22.2044751885,2985.06832123,18,100,0.317974642857,cooling,0,0,-0.0019498380858,False,0.116990285148,0.0345612287843,0,0,0.0824290563639,day,22,24,0,0.365034401417,0.554190397263
137,17732.5,17733,1800,22.7762031555,22.2044754028,24,17.6000022888,0,50,-0.866025388241,0.5,13.6181669235,18.1816959381,13.6181669235,18.1816959381,2985.06832123,18,100,0.317974642857,24,17.1,0,50,21,22.4999909523,21.2888687493,2985.06832123,18.1816959381,100,0.317974642857,cooling,0,0,-0.00234039809531,False,0.140423885719,0.0579948293547,0,0,0.0824290563639,night,15,28,0,0.357142597437,0.483759135008
138,17733,17733.5,1800,22.4999904633,21.2888679504,24,17.0999984741,0,50,-0.707106769085,0.70710682869,13.6181669235,18.1816959381,13.6181669235,18.1816959381,2985.06832123,18.1816959381,100,0.317974642857,24,16.7,0,50,21,22.20398178,21.0877565128,2985.06832123,18.1816959381,100,0.317974642857,cooling,0,0,-0.00228686132382,False,0.137211679429,0.0547826230655,0,0,0.0824290563639,night,15,28,0,0.348685204983,0.468288958073
139,17733.5,17734,1800,22.2039833069,21.0877571106,24,16.7000007629,0,50,-0.707106769085,0.70710682869,13.6181669235,18.1816959381,13.6181669235,18.1816959381,2985.06832123,18.1816959381,100,0.317974642857,24,16.3,0,50,22,21.9239740935,20.935800982,2985.06832123,18.1816959381,100,0.317974642857,cooling,0,0,-0.00226778421861,False,0.136067053117,0.0536379967529,0,0,0.0824290563639,night,15,28,0,0.340684980154,0.45660007
140,17734,17734.5,1800,21.9239730835,20.9358005524,24,16.3000030518,0,50,-0.5,0.866025447845,13.6181669235,18.1816959381,13.6181669235,18.1816959381,2985.06832123,18.1816959381,100,0.317974642857,24,15.9,0,50,22,21.6605434727,20.7961830082,3782.88904311,18.1816959381,100,0.317974642857,cooling,0,0,-0.00224768808189,False,0.134861284914,0.0525597860377,0,0,0.0823014988759,night,15,28,0,0.333158373833,0.445860236883
141,17734.5,17735,1800,21.6605434418,20.7961826324,24,15.9000015259,0,50,-0.5,0.866025447845,17.7000007629,18,17.7000007629,18,3782.88904311,18.1816959381,100,0.317974642857,24,15.5,0,50,23,21.492529249,21.4734414936,3782.88904311,18,100,0.317974642857,cooling,0,0,-0.00182630604015,False,0.109578362409,0.0271493060452,0,0,0.0824290563639,night,15,28,0,0.328357964754,0.4979570508
142,17735,17735.5,1800,21.4925289154,21.4734420776,24,15.5,0,50,-0.258819043636,0.965925812721,17.7000007629,18,17.7000007629,18,3782.88904311,18,100,0.317974642857,24,15.1,0,50,23,21.3674144657,21.4503019852,3782.88904311,18,100,0.317974642857,cooling,0,0,-0.00185627800912,False,0.111376680547,0.0289476241834,0,0,0.0824290563639,night,15,28,0,0.324783265591,0.496177077293
143,17735.5,17736,1800,21.3674144745,21.450302124,24,15.1000022888,0,50,-0.258819043636,0.965925812721,17.7000007629,18,17.7000007629,18,3782.88904311,18,100,0.317974642857,24,14.7,0,50,0,21.2474715631,21.3895239017,3782.88904311,18,100,0.317974642857,cooling,0,0,-0.00184858209926,False,0.110914925956,0.0284858695919,0,0,0.0824290563639,night,15,28,0,0.321356326342,0.491501837969
144,17736,17736.5,1800,21.2474708557,21.3895244598,24,14.6999969482,0,50,0,1,17.7000007629,18,17.7000007629,18,3782.88904311,18,100,0.317974642857,24,14.4,0,50,0,21.132298023,21.3286921335,3782.88904311,18,100,0.317974642857,cooling,0,0,-0.00183898504294,False,0.110339102576,0.0279100462125,0,0,0.0824290563639,night,15,28,0,0.318065643311,0.486822485924
145,17736.5,17737,1800,21.1322975159,21.3286933899,24,14.4000015259,0,50,0,1,17.7000007629,18,17.7000007629,18,3782.88904311,18,100,0.317974642857,24,14.1,0,50,1,21.0213565706,21.2699975724,3782.88904311,18,100,0.317974642857,cooling,0,0,-0.00182916905494,False,0.109750143296,0.0273210869324,0,0,0.0824290563639,night,15,28,0,0.314895898104,0.482307493687
146,17737,17737.5,1800,21.0213565826,21.2699966431,24,14.0999984741,0,50,0.258819103241,0.965925812721,16,26,16,26,3782.88904311,18,100,0.317974642857,24,13.9,0,50,1,21.0231254602,22.3397181832,0,26,0,0.080939,heating,1,300,-0.00304337772284,False,0.18260266337,0.00763606164609,0,0.166666666667,0.00829993505753,night,15,28,0,0.314946442842,0.564593732357
147,17737.5,17738,1800,21.0231246948,22.339717865,24,13.8999977112,0,50,0.258819103241,0.965925812721,16,26,16,26,0,26,0,0.080939,24,13.7,0,50,2,21.0799693001,22.4761999756,0,26,0,0.080939,heating,1,300,-0.00305390927863,False,0.183234556718,0.00826795499346,0,0.166666666667,0.00829993505753,night,15,28,0,0.316570550203,0.575092315674
148,17738,17738.5,1800,21.0799694061,22.4762001038,24,13.6999969482,0,50,0.5,0.866025447845,17.7000007629,26,17.7000007629,26,0,26,0,0.080939,24,13.5,0,50,2,21.1434850602,22.6181238672,0,26,0,0.080939,heating,1,300,-0.00302344535515,False,0.181406721309,0.0064401195848,0,0.166666666667,0.00829993505753,night,15,28,0,0.318385273218,0.586009502411
149,17738.5,17739,1800,21.1434841156,22.6181240082,24,13.5,0,50,0.5,0.866025447845,17.7000007629,26,17.7000007629,26,0,26,0,0.080939,24,13.3,0,50,3,21.2040595437,22.6671754285,0,26,0,0.080939,heating,1,300,-0.00302482397571,False,0.181489438543,0.00652283681848,0,0.166666666667,0.00829993505753,night,15,28,0,0.320115983486,0.589782714844
150,17739,17739.5,1800,21.2040596008,22.667175293,24,13.2999992371,0,50,0.70710682869,0.70710682869,14.5,26,14.5,26,0,26,0,0.080939,24,13,0,50,3,21.2376303367,22.5195699916,0,26,0,0.080939,heating,1,300,-0.00308209805798,False,0.184925883479,0.00995928175449,0,0.166666666667,0.00829993505753,night,15,28,0,0.32107514143,0.578428447247
151,17739.5,17740,1800,21.2376289368,22.519569397,24,13,0,50,0.70710682869,0.70710682869,14.5,26,14.5,26,0,26,0,0.080939,24,12.7,0,50,4,21.2535436293,22.5155406447,0,26,0,0.080939,heating,1,300,-0.00307903025506,False,0.184741815303,0.00977521357922,0,0.166666666667,0.00829993505753,night,15,28,0,0.32152980566,0.578118503094
152,17740,17740.5,1800,21.2535438538,22.5155410767,24,12.7000007629,0,50,0.866025447845,0.5,14.5,26,14.5,26,0,26,0,0.080939,24,12.4,0,50,4,21.2616591229,22.5209171113,0,26,0,0.080939,heating,1,300,-0.00307710414195,False,0.184626248517,0.00965964679284,0,0.166666666667,0.00829993505753,night,15,28,0,0.321761697531,0.578532099724
153,17740.5,17741,1800,21.2616596222,22.5209178925,24,12.3999977112,0,50,0.866025447845,0.5,14.5,26,14.5,26,0,26,0,0.080939,24,12,0,50,5,21.2613916839,22.5227900763,0,26,0,0.080939,heating,1,300,-0.00307429150272,False,0.184457490163,0.00949088843884,0,0.166666666667,0.00829993505753,night,15,28,0,0.321754038334,0.57867616415
154,17741,17741.5,1800,21.261390686,22.5227890015,24,12,0,50,0.965925812721,0.258819103241,12.8000001907,26,12.8000001907,26,0,26,0,0.080939,24,13.1,1.98,50,5,21.2741074077,22.4370724956,0,26,0,0.080939,heating,1,300,-0.00311164790532,False,0.186698874319,0.0117322725951,0,0.166666666667,0.00829993505753,night,15,28,0,0.322117358446,0.572082519531
155,17741.5,17742,1800,21.2741088867,22.4370727539,24,13.0999984741,1.98000001907,50,0.965925812721,0.258819103241,12.8000001907,26,12.8000001907,26,0,26,0,0.080939,24,14.1,63.894325,50,6,21.3186584948,22.5349059633,0,26,0,0.080939,heating,1,300,-0.00311775404114,False,0.187065242469,0.0120986407445,0,0.166666666667,0.00829993505753,night,15,28,0,0.323390245438,0.579608142376
156,17742,17742.5,1800,21.3186588287,22.5349063873,24,14.0999984741,63.8943252563,50,1,0,12.8000001907,26,12.8000001907,26,0,26,0,0.080939,24,15.2,26.07,50,6,21.3739642129,22.520216932,0,26,0,0.080939,heating,1,300,-0.00312202893952,False,0.187321736371,0.0123551346471,0,0.166666666667,0.00829993505753,night,15,28,0,0.324970394373,0.578478217125
157,17742.5,17743,1800,21.3739624023,22.5202178955,24,15.2000007629,26.0700016022,50,1,0,16,22,16,22,0,26,0,0.080939,24,16.3,111.4428186,50,7,21.4172496638,22.1246019095,525.196327912,22,11.834582685,0.108991179147,cooling,0,0,-0.000362107932838,False,0.0217264759703,0.0115736946114,0,0,0.0101527813589,day,22,24,0,0.326207131147,0.548046290874
158,17743,17743.5,1800,21.4172496796,22.1246013641,24,16.3000030518,111.442817688,50,0.965925812721,-0.258819043636,16,22,16,22,525.196327912,22,11.834582685,0.108991179147,24,17.2,57.915,50,7,21.4331127907,22.0061273675,621.280728577,22,12.5277051297,0.110634126389,cooling,0,0,-0.000376200339228,False,0.0225720203537,0.011864662159,0,0,0.0107073581947,day,22,24,0,0.326660364866,0.538932859898
159,17743.5,17744,1800,21.4331130981,22.0061264038,24,17.1999969482,57.9150009155,50,0.965925812721,-0.258819043636,16,22,16,22,621.280728577,22,12.5277051297,0.110634126389,24,18.1,169.0888447,180,8,21.5127693371,22.3603859489,1042.10481658,22,24.0325509632,0.137904711671,cooling,0,0,-0.000439162989493,False,0.0263497793696,0.0140653079356,0,0,0.012284471434,day,22,24,0,0.32893627882,0.566183507442
160,17744,17744.5,1800,21.5127696991,22.3603858948,24,18.0999984741,169.08883667,180,0.866025447845,-0.5,14.5,22,14.5,22,1042.10481658,22,24.0325509632,0.137904711671,24,18.8,119.5705731,180,8,21.5764429883,22.1305508372,1453.57137231,22,30.3749561381,0.152938472549,cooling,0,0,-0.000614406615903,False,0.0368643969542,0.0212335565852,0,0,0.015630840369,day,22,24,0,0.330755501986,0.548503935337
161,17744.5,17745,1800,21.5764427185,22.1305503845,24,18.8000030518,119.570571899,180,0.866025447845,-0.5,14.5,22,14.5,22,1453.57137231,22,30.3749561381,0.152938472549,24,19.4,330.3370582,180,9,21.6861251812,22.3331932662,1941.28585856,22,41.8495126383,0.180137261315,cooling,0,0,-0.000730961976922,False,0.0438577186153,0.0246579809004,0,0,0.0191997377149,day,22,24,0,0.333889305592,0.564091801643
162,17745,17745.5,1800,21.686126709,22.3331928253,24,19.4000015259,330.337036133,180,0.70710682869,-0.707106769085,17.2520446777,23.59765625,17.2520446777,23.59765625,1941.28585856,22,41.8495126383,0.180137261315,24,20,324.7283306,180,9,21.8798382115,23.198455828,0,23.59765625,0,0.080939,heating,0.147836782269,44.3510346808,-0.000942765882302,False,0.0565659529381,0.00692398890845,0,0.0413420289721,0.00829993505753,day,22,24,0,0.339423954487,0.63065046072
163,17745.5,17746,1800,21.8798370361,23.1984558105,24,20,324.728302002,180,0.70710682869,-0.707106769085,17.2520446777,23.59765625,17.2520446777,23.59765625,0,23.59765625,0,0.080939,24,20.6,510.1311855,180,10,22.1551231081,23.5939774622,0,23.59765625,0,0.080939,heating,0.0119596814017,3.58790442051,-0.000429356857215,False,0.0257614114329,0.00741891251154,0,0.0100425638638,0.00829993505753,day,22,24,0,0.3472892344,0.661075174809
164,17746,17746.5,1800,22.155122757,23.5939769745,24,20.5999984741,510.131195068,180,0.5,-0.866025388241,17.2520446777,23.59765625,17.2520446777,23.59765625,0,23.59765625,0,0.080939,24,21.2,538.3897064,180,10,22.4366643119,23.7763636603,154.3937692,23.59765625,4.50959507505,0.0916283476764,heating,0,0,-0.000279118405222,False,0.0167471043133,0.00808496162246,0,3.40673658583e-05,0.00862807532498,day,22,24,0,0.355333268642,0.675104916096
165,17746.5,17747,1800,22.4366645813,23.7763633728,24,21.1999969482,538.389709473,180,0.5,-0.866025388241,17.2520446777,23.59765625,17.2520446777,23.59765625,154.3937692,23.59765625,4.50959507505,0.0916283476764,24,21.8,648.0742248,180,11,22.7330345398,23.9930336224,702.49425774,23.59765625,17.5032779224,0.122428007345,cooling,0,0,-0.000358284842323,False,0.0214970905394,0.0109533878879,0,0,0.0105437026515,day,22,24,0,0.3638009727,0.691771805286
166,17747,17747.5,1800,22.7330341339,23.9930343628,24,21.7999992371,648.074279785,180,0.258819103241,-0.965925812721,16.6158790588,23.7351207733,16.6158790588,23.7351207733,702.49425774,23.59765625,17.5032779224,0.122428007345,24,22.3,673.4987,180,11,23.008916919,24.0357726295,1204.16886543,23.7351207733,26.7486696024,0.144342880948,cooling,0,0,-0.00182354272935,False,0.0289241474085,0.0154430871307,0,0,0.0134810602777,day,22,24,0.0357726294899,0.371683329344,0.695059418678
167,17747.5,17748,1800,23.0089168549,24.0357723236,24,22.2999992371,673.498718262,180,0.258819103241,-0.965925812721,16.6158790588,23.7351207733,16.6158790588,23.7351207733,1204.16886543,23.7351207733,26.7486696024,0.144342880948,24,22.8,723.9465739,180,12,23.2680510204,24.1048965217,1826.77633992,23.7351207733,39.8605521408,0.175422716013,cooling,0,0,-0.00456032560705,False,0.0376023625289,0.0194651714614,0,0,0.0181371910675,day,22,24,0.104896521731,0.379087179899,0.700376629829
168,17748,17748.5,1800,23.2680511475,24.1048965454,24,22.8000030518,723.946594238,180,0,-1,16.6158790588,23.7351207733,16.6158790588,23.7351207733,1826.77633992,23.7351207733,39.8605521408,0.175422716013,24,23.1,735.2223364,180,12,23.4959431937,24.0964380227,2495.61674838,23.7351207733,53.2095050035,0.207064492246,cooling,0,0,-0.00444377880809,False,0.0496411773711,0.0242311725221,0,0,0.025410004849,day,22,24,0.0964380227174,0.385598391294,0.699725985527
169,17748.5,17749,1800,23.4959449768,24.0964374542,24,23.0999984741,735.222351074,180,0,-1,16,26,16,26,2495.61674838,23.7351207733,53.2095050035,0.207064492246,24,23.5,726.2296871,180,13,23.7841416627,25.0398977229,0,26,0,0.080939,heating,0.337780335564,101.334100669,-0.0405219034356,False,0.0915443295623,0.00856482301106,0,0.0746795714937,0.00829993505753,day,22,24,1.03989772292,0.393832623959,0.772299826145
170,17749,17749.5,1800,23.7841415405,25.0398979187,24,23.5,726.229675293,180,-0.258819043636,-0.965925812721,16,26,16,26,0,26,0,0.080939,24,23.7,715.3576322,180,13,24.0830234667,25.2200396116,0,26,0,0.080939,heating,0.268575017779,80.5725053336,-0.0468514827404,False,0.0659998384078,0.0088863471375,0,0.0488135562128,0.00829993505753,day,22,24,1.22003961156,0.402372092009,0.786156892776
171,17749.5,17750,1800,24.0830230713,25.2200393677,24,23.6999969482,715.35760498,180,-0.258819043636,-0.965925812721,16,26,16,26,0,26,0,0.080939,24,23.9,644.9089318,180,14,24.3400040653,25.2711930433,0,26,0,0.080939,heating,0.249044350161,74.7133050484,-0.0486728156113,False,0.0601845893422,0.00884502152757,0,0.0430396327571,0.00829993505753,day,22,24,1.27119304326,0.409714400768,0.790091753006
172,17750,17750.5,1800,24.3400039673,25.2711925507,24,23.8999977112,644.908935547,180,-0.5,-0.866025388241,14.5,26,14.5,26,0,26,0,0.080939,24,24,614.8040202,180,14,24.5562026536,25.2739396425,0,26,0,0.080939,heating,0.2466639863,73.9991958901,-0.0487734668726,False,0.0600438168212,0.010101835418,0,0.0416420463457,0.00829993505753,day,22,24,1.27393964246,0.415891498327,0.790303051472
173,17750.5,17751,1800,24.5562019348,25.27394104,24,24,614.804016113,180,-0.5,-0.866025388241,14.5,26,14.5,26,0,26,0,0.080939,24,24.1,489.5666343,180,15,24.7143079675,25.2032974106,0,26,0,0.080939,heating,0.268070242599,80.4210727798,-0.0461567479643,False,0.0619857039181,0.00998515097986,0,0.0437006178807,0.00829993505753,day,22,24,1.20329741064,0.420408785343,0.784869015217
174,17751,17751.5,1800,24.714307785,25.2032966614,24,24.0999984741,489.566650391,180,-0.707106769085,-0.707106769085,14.5,26,14.5,26,0,26,0,0.080939,24,24.1,432.9948978,180,15,24.8352093925,25.1922007596,0,26,0,0.080939,heating,0.271708008683,81.5124026048,-0.0457675579546,False,0.0636017681583,0.00995757654479,0,0.045344256556,0.00829993505753,day,22,24,1.19220075961,0.423863112926,0.784015417099
175,17751.5,17752,1800,24.8352088928,25.192199707,24,24.0999984741,432.994903564,180,-0.707106769085,-0.707106769085,14.5,26,14.5,26,0,26,0,0.080939,24,24.1,273.3120913,180,16,24.8964214728,25.0329266349,0,26,0,0.080939,heating,0.321704605007,96.5113815021,-0.0398834912553,False,0.0689245467298,0.00986675551898,0,0.0507578561533,0.00829993505753,day,22,24,1.03292663493,0.425612032413,0.771763563156
176,17752,17752.5,1800,24.8964214325,25.0329265594,24,24.0999984741,273.312103271,180,-0.866025388241,-0.5,14.5,26,14.5,26,0,26,0,0.080939,24,23.9,211.5331912,180,16,24.922027727,24.9651006036,0,26,0,0.080939,heating,0.344678481418,103.403544425,-0.0374323122829,False,0.0744623788786,0.00993479557145,0,0.0562276482496,0.00829993505753,day,22,24,0.965100603598,0.426343649626,0.766546189785
177,17752.5,17753,1800,24.9220275879,24.9650993347,24,23.8999977112,211.533187866,180,-0.866025388241,-0.5,14.5,26,14.5,26,0,26,0,0.080939,24,23.7,128.0335723,180,17,24.913991086,24.8596589221,0,26,0,0.080939,heating,0.37864581781,113.593745343,-0.0335607906077,False,0.0794148618431,0.0100081088958,0,0.0611068178898,0.00829993505753,day,22,24,0.859658922053,0.426114022732,0.758435308933
178,17753,17753.5,1800,24.9139900208,24.8596591949,24,23.6999969482,128.033569336,180,-0.965925812721,-0.258819043636,16,26,16,26,0,26,0,0.080939,24,23.2,90.46356319,180,17,24.8890313525,24.8691417229,0,26,0,0.080939,heating,0.376537154084,112.961146225,-0.0339287075341,False,0.0801535754787,0.00897449320457,0,0.0628791472166,0.00829993505753,day,22,24,0.869141722919,0.425400882959,0.759164750576
179,17753.5,17754,1800,24.8890304565,24.869140625,24,23.2000007629,90.4635696411,180,-0.965925812721,-0.258819043636,16,26,16,26,0,26,0,0.080939,24,22.7,57.42,50,18,24.8246229424,24.5765866145,0,26,0,0.080939,heating,0.469500458902,140.850137671,-0.023122307859,False,0.090018588862,0.00911346570587,0,0.0726051880986,0.00829993505753,day,22,24,0.576586614525,0.423560649157,0.736660480499
180,17754,17754.5,1800,24.8246231079,24.5765857697,24,22.7000007629,57.4200019836,50,-1,0,16,26,16,26,0,26,0,0.080939,24,22.7,41.25,50,18,24.7497158305,24.5061680004,0,26,0,0.080939,heating,0.495480856627,148.644256988,-0.0206203484006,False,0.0983429031722,0.00895336134778,0,0.0810896067669,0.00829993505753,day,22,24,0.506168000384,0.421420454979,0.731243669987
181,17754.5,17755,1800,24.7497158051,24.5061683655,24,22.7000007629,41.25,50,-1,0,17.7000007629,18,17.7000007629,18,0,26,0,0.080939,24,20.4,25.08,50,19,24.5123185819,23.2303975439,1951.85050964,18,100,0.317974642857,cooling,0,0,-0.00205637886023,False,0.123382731614,0.041599555967,0,0,0.0817831756467,day,22,24,0,0.414637684822,0.633107483387
182,17755,17755.5,1800,24.5123176575,23.2303962708,24,20.4000015259,25.0799999237,50,-0.965925812721,0.258819103241,17.7000007629,18,17.7000007629,18,1951.85050964,18,100,0.317974642857,24,19.4,10.395,50,19,24.2173920284,22.9922251734,1951.85050964,18,100,0.317974642857,cooling,0,0,-0.00202267268127,False,0.121360360876,0.0389313045126,0,0,0.0824290563639,day,22,24,0,0.406211197376,0.614786565304
183,17755.5,17756,1800,24.2173919678,22.992225647,24,19.4000015259,10.3949995041,50,-0.965925812721,0.258819103241,17.7000007629,18,17.7000007629,18,1951.85050964,18,100,0.317974642857,24,18.4,13.5123849,50,20,23.9258127978,22.8378953447,1951.85050964,18,100,0.317974642857,cooling,0,0,-0.00202027376833,False,0.1212164261,0.0387873697362,0,0,0.0824290563639,day,22,24,0,0.397880375385,0.602915048599
184,17756,17756.5,1800,23.9258117676,22.8378944397,24,18.4000015259,13.5123853683,50,-0.866025388241,0.5,17.7000007629,18,17.7000007629,18,1951.85050964,18,100,0.317974642857,24,17.9,0,50,20,23.6461004419,22.672641306,1951.85050964,18,100,0.317974642857,cooling,0,0,-0.00200781423632,False,0.120468854179,0.0380397978153,0,0,0.0824290563639,day,22,24,0,0.389888584614,0.590203166008
185,17756.5,17757,1800,23.6460990906,22.6726417542,24,17.9000015259,0,50,-0.866025388241,0.5,14.5,26,14.5,26,1951.85050964,18,100,0.317974642857,24,17.5,0,50,21,23.4971315293,23.6913072976,0,26,0,0.080939,heating,0.779376708085,233.813012425,-0.00276086442047,False,0.165651865228,0.0112933007036,0,0.146058629467,0.00829993505753,night,15,28,0,0.38563233614,0.668562114239
186,17757,17757.5,1800,23.4971313477,23.6913070679,24,17.5,0,50,-0.707106769085,0.70710682869,14.5,26,14.5,26,0,26,0,0.080939,24,17.1,0,50,21,23.4044723489,23.6996718485,0,26,0,0.080939,heating,0.764903101169,229.470930351,-0.00245987359182,False,0.147592415509,0.0118569152145,0,0.127435565237,0.00829993505753,night,15,28,0,0.382984936237,0.669205546379
187,17757.5,17758,1800,23.4044723511,23.699672699,24,17.0999984741,0,50,-0.707106769085,0.70710682869,14.5,26,14.5,26,0,26,0,0.080939,24,16.7,0,50,22,23.3148927269,23.6573028261,0,26,0,0.080939,heating,0.778467931247,233.540379374,-0.00248201088898,False,0.148920653339,0.0118716667799,0,0.128749051501,0.00829993505753,night,15,28,0,0.380425512791,0.665946364403
188,17758,17758.5,1800,23.3148918152,23.6573028564,24,16.7000007629,0,50,-0.5,0.866025447845,14.5,26,14.5,26,0,26,0,0.080939,24,16.5,0,50,22,23.2296508547,23.613962386,0,26,0,0.080939,heating,0.792995325021,237.898597506,-0.00252153948999,False,0.151292369399,0.0118307773241,0,0.131161657018,0.00829993505753,night,15,28,0,0.377990037203,0.662612497807
189,17758.5,17759,1800,23.2296524048,23.6139621735,24,16.5,0,50,-0.5,0.866025447845,14.5,26,14.5,26,0,26,0,0.080939,24,16.4,0,50,23,23.1501620127,23.5731091399,0,26,0,0.080939,heating,0.806766281189,242.029884357,-0.00255996610317,False,0.15359796619,0.0117816744683,0,0.133516356665,0.00829993505753,night,15,28,0,0.375718921423,0.65946996212
190,17759,17759.5,1800,23.1501617432,23.5731086731,24,16.3999977112,0,50,-0.258819043636,0.965925812721,14.5,26,14.5,26,0,26,0,0.080939,24,16.3,0,50,23,23.0758831248,23.5349346585,0,26,0,0.080939,heating,0.819635182571,245.890554771,-0.0025959633782,False,0.155757802692,0.0117347462788,0,0.135723121356,0.00829993505753,night,15,28,0,0.373596668243,0.656533420086
191,17759.5,17760,1800,23.0758838654,23.5349349976,24,16.3000030518,0,50,-0.258819043636,0.965925812721,16.3253688812,21.4567451477,16.3253688812,21.4567451477,0,26,0,0.080939,24,16.2,0,50,0,22.9186961936,22.4770435861,2773.84171655,21.4567451477,65.6318224561,0.236509812278,cooling,0,0,-0.000933685965855,False,0.0560211579513,0.0285309376545,0,0,0.0274902202968,night,15,28,0,0.369105607271,0.575157225132
192,17760,17760.5,1800,22.9186973572,22.4770431519,24,16.1999969482,0,50,0,1,16.3253688812,21.4567451477,16.3253688812,21.4567451477,2773.84171655,21.4567451477,65.6318224561,0.236509812278,24,16.1,0,50,0,22.6915660834,22.0315737993,4238.62710918,21.4567451477,90.4716310774,0.295389012328,cooling,0,0,-0.00156919425676,False,0.0941516554059,0.0379553098846,0,0,0.0561963455213,night,15,28,0,0.362616181374,0.540890276432
193,17760.5,17761,1800,22.6915664673,22.0315742493,24,16.1000022888,0,50,0,1,16.3253688812,21.4567451477,16.3253688812,21.4567451477,4238.62710918,21.4567451477,90.4716310774,0.295389012328,24,16,0,50,1,22.4507726571,21.7734831388,4822.42777023,21.4567451477,100,0.317974642857,cooling,0,0,-0.00200709403732,False,0.120425642239,0.0412340813813,0,0,0.0791915608577,night,15,28,0,0.355736374855,0.52103716135
194,17761,17761.5,1800,22.4507732391,21.7734832764,24,16,0,50,0.258819103241,0.965925812721,16,24,16,24,4822.42777023,21.4567451477,100,0.317974642857,24,15.8,0,50,1,22.3359698934,22.8094995176,0,24,0,0.080939,heating,0.407124491816,122.137347545,-0.00173154108348,False,0.103892465009,0.00850913387805,0,0.0870833960733,0.00829993505753,night,15,28,0,0.352456271648,0.600730717182
195,17761.5,17762,1800,22.3359699249,22.8094997406,24,15.7999992371,0,50,0.258819103241,0.965925812721,16,24,16,24,0,24,0,0.080939,24,15.6,0,50,2,22.2769607108,22.8327413947,0,24,0,0.080939,heating,0.388113707861,116.434112358,-0.00137205939934,False,0.0823235639602,0.00903184623561,0,0.064991782667,0.00829993505753,night,15,28,0,0.350770294666,0.602518558502
196,17762,17762.5,1800,22.2769603729,22.8327407837,24,15.5999984741,0,50,0.5,0.866025447845,16,24,16,24,0,24,0,0.080939,24,15.4,0,50,2,22.221785405,22.807413379,0,24,0,0.080939,heating,0.396040927258,118.812278177,-0.00137871298486,False,0.0827227790915,0.00901477422362,0,0.0654080698103,0.00829993505753,night,15,28,0,0.349193871021,0.600570261478
197,17762.5,17763,1800,22.221786499,22.8074131012,24,15.4000015259,0,50,0.5,0.866025447845,16,24,16,24,0,24,0,0.080939,24,15.2,0,50,3,22.1678226447,22.7802605926,0,24,0,0.080939,heating,0.40509523937,121.528571811,-0.00140256753778,False,0.0841540522667,0.00896863225237,0,0.0668854849568,0.00829993505753,night,15,28,0,0.347652077675,0.598481595516
198,17763,17763.5,1800,22.1678237915,22.7802600861,24,15.2000007629,0,50,0.70710682869,0.70710682869,16,24,16,24,0,24,0,0.080939,24,15,0,50,3,22.1148516579,22.7535032281,0,24,0,0.080939,heating,0.414040372714,124.212111814,-0.00142673446105,False,0.0856040676632,0.00891815070369,0,0.068385981902,0.00829993505753,night,15,28,0,0.346138626337,0.596423327923
199,17763.5,17764,1800,22.1148529053,22.7535037994,24,15,0,50,0.70710682869,0.70710682869,16,24,16,24,0,24,0,0.080939,24,14.8,0,50,4,22.0627780757,22.7272056973,0,24,0,0.080939,heating,0.422830990778,126.849297233,-0.00145043547103,False,0.0870261282619,0.00886448959934,0,0.069861703605,0.00829993505753,night,15,28,0,0.344650804996,0.594400465488
200,17764,17764.5,1800,22.0627784729,22.7272071838,24,14.7999992371,0,50,0.866025447845,0.5,16,24,16,24,0,24,0,0.080939,24,14.9,0,50,4,22.0173616704,22.7033387385,0,24,0,0.080939,heating,0.430958490799,129.28754724,-0.00147362456123,False,0.0884174736736,0.00884078450258,0,0.0712767541135,0.00829993505753,night,15,28,0,0.343353182077,0.59256452322
201,17764.5,17765,1800,22.0173606873,22.703338623,24,14.8999977112,0,50,0.866025447845,0.5,14.5,24,14.5,24,0,24,0,0.080939,24,14.9,0,50,5,21.968649712,22.6083092196,0,24,0,0.080939,heating,0.461689749536,138.506924861,-0.00156416313195,False,0.0938497879172,0.0104968345765,0,0.0750530182831,0.00829993505753,night,15,28,0,0.341961413622,0.58525454998
202,17765,17765.5,1800,21.9686508179,22.6083087921,24,14.8999977112,0,50,0.965925812721,0.258819103241,14.5,24,14.5,24,0,24,0,0.080939,24,15.5,1.485,50,5,21.9332783037,22.5862713671,0,24,0,0.080939,heating,0.470217640655,141.065292196,-0.00161102374092,False,0.0966614244549,0.0104848211502,0,0.0778766682472,0.00829993505753,night,15,28,0,0.34095081687,0.583559334278
203,17765.5,17766,1800,21.9332790375,22.586271286,24,15.5,1.48500001431,50,0.965925812721,0.258819103241,14.5,26,14.5,26,0,24,0,0.080939,24,16,41.39498136,50,6,21.9541076907,22.966136247,0,26,0,0.080939,heating,1,300,-0.00309557833125,False,0.185734699875,0.0107680981511,0,0.166666666667,0.00829993505753,night,15,28,0,0.341545939445,0.612779736519
204,17766,17766.5,1800,21.9541091919,22.9661369324,24,16,41.3949813843,50,1,0,14.5,26,14.5,26,0,26,0,0.080939,24,16.8,48.45134952,50,6,22.0112469471,23.0381301686,0,26,0,0.080939,heating,0.989472345489,296.841703647,-0.00308810750107,False,0.185286450064,0.0109857338059,0,0.166000781201,0.00829993505753,night,15,28,0,0.343178480864,0.618317723274
205,17766.5,17767,1800,22.0112457275,23.0381317139,24,16.7999992371,48.4513511658,50,1,0,14.5,26,14.5,26,0,26,0,0.080939,24,17.5,133.7924499,50,7,22.1032966275,23.1860560965,0,26,0,0.080939,heating,0.941763036187,282.528910856,-0.00298816052079,False,0.179289631247,0.0110429708,0,0.15994672539,0.00829993505753,day,22,24,0,0.34580847621,0.62969660759
206,17767,17767.5,1800,22.1032962799,23.1860561371,24,17.5,133.792449951,50,0.965925812721,-0.258819043636,14.5,26,14.5,26,0,26,0,0.080939,24,18.4,99.4199223,50,7,22.1993219093,23.197316228,0,26,0,0.080939,heating,0.93641397135,280.924191405,-0.00292861709776,False,0.175717025865,0.0109232613792,0,0.156493829429,0.00829993505753,day,22,24,0,0.348552048206,0.630562782288
207,17767.5,17768,1800,22.1993217468,23.1973152161,24,18.4000015259,99.419921875,50,0.965925812721,-0.258819043636,14.5,26,14.5,26,0,26,0,0.080939,24,19.3,218.8266454,180,8,22.3600818368,23.639088845,0,26,0,0.080939,heating,0.795830442324,238.749132697,-0.00267635040675,False,0.160581024405,0.0109776705484,0,0.141303418799,0.00829993505753,day,22,24,0,0.353145182133,0.664545297623
208,17768,17768.5,1800,22.360080719,23.639087677,24,19.2999992371,218.826644897,180,0.866025447845,-0.5,12.8000001907,24,12.8000001907,24,0,26,0,0.080939,24,20.3,195.5727283,180,8,22.4908202213,23.271255056,0,24,0,0.080939,heating,0.241179871473,72.3539614419,-0.000904028994167,False,0.05424173965,0.0123727829498,0,0.0335690216427,0.00829993505753,day,22,24,0,0.356880575418,0.636250376701
209,17768.5,17769,1800,22.490819931,23.2712554932,24,20.3000030518,195.572723389,180,0.866025447845,-0.5,12.8000001907,24,12.8000001907,24,0,24,0,0.080939,24,21.4,301.8317655,180,9,22.6418762315,23.4494592108,0,24,0,0.080939,heating,0.188925845227,56.677753568,-0.000919834677651,False,0.0551900806591,0.011715905238,0,0.0351742403636,0.00829993505753,day,22,24,0,0.36119645834,0.649958372116
210,17769,17769.5,1800,22.6418762207,23.4494590759,24,21.3999977112,301.831756592,180,0.70710682869,-0.707106769085,16,22,16,22,0,24,0,0.080939,24,22.5,334.0320003,180,9,22.7799720815,23.0903114733,2367.86099652,22,57.772164882,0.217879622421,cooling,0,0,-0.000730613313855,False,0.0438367988313,0.0217168555732,0,0,0.0221199432582,day,22,24,0,0.365142047405,0.622331678867
211,17769.5,17770,1800,22.7799720764,23.0903129578,24,22.5,334.032012939,180,0.70710682869,-0.707106769085,16,22,16,22,2367.86099652,22,57.772164882,0.217879622421,24,23.5,437.9453062,180,10,22.8919401305,22.8741962899,4203.21193127,22,92.35025339,0.299842016803,cooling,0,0,-0.00143261803308,False,0.0859570819849,0.0324587496815,0,0,0.0534983323033,day,22,24,0,0.3683411479,0.605707406998
212,17770,17770.5,1800,22.8919410706,22.8741950989,24,23.5,437.945281982,180,0.5,-0.866025388241,16,22,16,22,4203.21193127,22,92.35025339,0.299842016803,24,24.3,509.3134134,180,10,22.9923553237,22.8551277401,4465.47046093,22,100,0.317974642857,cooling,0,0,-0.00195678450249,False,0.11740707015,0.0357330023099,0,0,0.0816740678396,day,22,24,0,0.371210157871,0.604240596294
213,17770.5,17771,1800,22.9923553467,22.8551273346,24,24.2999954224,509.313415527,180,0.5,-0.866025388241,17.7000007629,24,17.7000007629,24,4465.47046093,22,100,0.317974642857,24,25.1,625.0572553,180,11,23.2561557436,24.3317847148,129.030748348,24,4.93101822912,0.0926272707588,heating,0,0,-0.0129755368699,False,0.032016603796,0.00560010751947,0,0.0179097540637,0.00850674221278,day,22,24,0.331784714842,0.378747314215,0.717829585075
214,17771,17771.5,1800,23.2561569214,24.3317832947,24,25.1000061035,625.057250977,180,0.258819103241,-0.965925812721,17.7000007629,24,17.7000007629,24,129.030748348,24,4.93101822912,0.0926272707588,24,25.8,637.7928161,180,11,23.5685352088,24.4775332555,887.067613153,24,21.9972617316,0.133080350756,cooling,0,0,-0.0182435046437,False,0.0201604537968,0.00879894453846,0,0,0.0113615092583,day,22,24,0.477533255478,0.387672424316,0.729041039944
215,17771.5,17772,1800,23.5685348511,24.4775333405,24,25.8000030518,637.792785645,180,0.258819103241,-0.965925812721,17.7000007629,24,17.7000007629,24,887.067613153,24,21.9972617316,0.133080350756,24,26.5,598.4283241,180,12,23.8390092824,24.4182922387,1689.06804101,24,37.594103953,0.170050425981,cooling,0,0,-0.0161671734681,False,0.0288728710746,0.0119958973662,0,0,0.0168769737084,day,22,24,0.418292238672,0.395400255919,0.724484026432
216,17772,17772.5,1800,23.8390083313,24.4182929993,24,26.5,598.428344727,180,0,-1,17.7000007629,24,17.7000007629,24,1689.06804101,24,37.594103953,0.170050425981,24,26.8,603.7678876,180,12,24.0686100944,24.3951708143,2427.68281829,24,52.1564420115,0.204568357613,cooling,0,0,-0.0154782700654,False,0.0395618717403,0.0150905303809,0,0,0.0244713413594,day,22,24,0.395170814305,0.401960283518,0.722705423832
217,17772.5,17773,1800,24.068611145,24.3951702118,24,26.7999954224,603.767883301,180,0,-1,14.5,22,14.5,22,2427.68281829,24,52.1564420115,0.204568357613,24,27.2,591.0822006,180,13,24.2163485706,23.6466270746,3817.32251003,22,92.414653203,0.299994667314,cooling,0,0,-0.00114684779117,False,0.0688108674703,0.0262597815757,0,0,0.0425510858947,day,22,24,0,0.406181395054,0.665125131607
218,17773,17773.5,1800,24.2163486481,23.6466255188,24,27.1999969482,591.08215332,180,-0.258819043636,-0.965925812721,14.5,22,14.5,22,3817.32251003,22,92.414653203,0.299994667314,24,27.3,635.2402779,180,13,24.268978561,23.4056000584,4280.6124474,22,100,0.317974642857,cooling,0,0,-0.0019374135402,False,0.116244812412,0.0339488321087,0,0,0.0822959803033,day,22,24,0,0.407685101032,0.646584630013
219,17773.5,17774,1800,24.2689781189,23.4056015015,24,27.3000030518,635.24029541,180,-0.258819043636,-0.965925812721,14.5,22,14.5,22,4280.6124474,22,100,0.317974642857,24,27.4,566.4009333,180,14,24.2863879403,23.3161295628,4280.6124474,22,100,0.317974642857,cooling,0,0,-0.00192373361096,False,0.115424016658,0.0329949602938,0,0,0.0824290563639,day,22,24,0,0.408182501793,0.639702260494
220,17774,17774.5,1800,24.2863883972,23.3161296844,24,27.3999938965,566.400939941,180,-0.5,-0.866025388241,15.1632871628,24.2618808746,15.1632871628,24.2618808746,4280.6124474,22,100,0.317974642857,24,27.2,505.1647633,180,14,24.4228426611,24.6811618599,247.870553963,24.2618808746,8.32535686912,0.100673063175,heating,0,0,-0.0260175725558,False,0.0284401686621,0.00677949329198,0,0.0128990345161,0.00876164085405,day,22,24,0.681161859861,0.412081211805,0.744704782963
221,17774.5,17775,1800,24.4228420258,24.6811618805,24,27.1999969482,505.164764404,180,-0.5,-0.866025388241,15.1632871628,24.2618808746,15.1632871628,24.2618808746,247.870553963,24.2618808746,8.32535686912,0.100673063175,24,27.1,410.6284184,180,15,24.5632485618,24.548673038,893.202509268,24.2618808746,20.6043962204,0.129778763038,cooling,0,0,-0.0209487968863,False,0.0224134777671,0.0107493284165,0,0,0.0116641493507,day,22,24,0.54867303796,0.416092813015,0.734513282776
222,17775,17775.5,1800,24.5632476807,24.5486717224,24,27.0999984741,410.628417969,180,-0.707106769085,-0.707106769085,14.5,20,14.5,20,893.202509268,24.2618808746,20.6043962204,0.129778763038,24,26.6,400.6730685,180,15,24.5514561885,23.340805562,2637.0781839,20,100,0.317974642857,cooling,0,0,-0.00182757785178,False,0.109654671107,0.0363564101025,0,0,0.073298261004,day,22,24,0,0.41575589776,0.641600430012
223,17775.5,17776,1800,24.5514564514,23.3408050537,24,26.5999984741,400.673065186,180,-0.707106769085,-0.707106769085,14.5,20,14.5,20,2637.0781839,20,100,0.317974642857,24,26.1,254.9407668,180,16,24.4194442432,23.0064189373,3564.92310307,20,100,0.317974642857,cooling,0,0,-0.00199584381721,False,0.119750629033,0.0375775224582,0,0,0.0821731065743,day,22,24,0,0.411984115839,0.615878403187
224,17776,17776.5,1800,24.4194450378,23.0064201355,24,26.0999984741,254.940765381,180,-0.866025388241,-0.5,14.5,20,14.5,20,3564.92310307,20,100,0.317974642857,24,25.1,221.8525224,180,16,24.2573441534,22.8662849558,3564.92310307,20,100,0.317974642857,cooling,0,0,-0.00205055257949,False,0.123033154769,0.0406040984053,0,0,0.0824290563639,day,22,24,0,0.407352685928,0.605098843575
225,17776.5,17777,1800,24.2573432922,22.8662853241,24,25.1000061035,221.852523804,180,-0.866025388241,-0.5,14.5,20,14.5,20,3564.92310307,20,100,0.317974642857,24,24.1,102.9867147,180,17,24.0532092412,22.6134095846,3564.92310307,20,100,0.317974642857,cooling,0,0,-0.00209497283872,False,0.125698370323,0.0432693139591,0,0,0.0824290563639,day,22,24,0,0.401520252228,0.585646867752
226,17777,17777.5,1800,24.0532093048,22.6134090424,24,24.0999984741,102.986717224,180,-0.965925812721,-0.258819043636,14.5,26,14.5,26,3564.92310307,20,100,0.317974642857,24,22.7,168.16952,180,17,24.0279611978,24.356050847,0,26,0,0.080939,heating,0.569419585446,170.825875634,-0.0157233231688,False,0.142284984474,0.00951130244882,0,0.124473746968,0.00829993505753,day,22,24,0.356050846957,0.400798887014,0.719696223736
227,17777.5,17778,1800,24.027961731,24.3560504913,24,22.7000007629,168.169525146,180,-0.965925812721,-0.258819043636,14.5,26,14.5,26,0,26,0,0.080939,24,21.3,60.94621952,50,18,24.004306281,24.0869725923,0,26,0,0.080939,heating,0.633862770445,190.158831133,-0.00525695960635,False,0.119729243597,0.0108984698157,0,0.100530838724,0.00829993505753,day,22,24,0.0869725923484,0.400123029947,0.698997914791
228,17778,17778.5,1800,24.0043067932,24.0869731903,24,21.3000030518,60.9462203979,50,-1,0,14.5,26,14.5,26,0,26,0,0.080939,24,21.3,100.748281,50,18,23.9825443395,24.1099416595,0,26,0,0.080939,heating,0.629837820944,188.951346283,-0.00619710147917,False,0.124457354851,0.0108007766849,0,0.105356643108,0.00829993505753,day,22,24,0.109941659511,0.399501264095,0.700764715672
229,17778.5,17779,1800,23.9825439453,24.1099414825,24,21.3000030518,100.748283386,50,-1,0,14.5,26,14.5,26,0,26,0,0.080939,24,18.3,20.43476285,50,19,23.8829809306,23.9759031808,0,26,0,0.080939,heating,0.670927766087,201.278329826,-0.00215675458413,False,0.129405275048,0.012025782075,0,0.109079557915,0.00829993505753,day,22,24,0,0.396656602621,0.6904540658
230,17779,17779.5,1800,23.8829803467,23.9759025574,24,18.2999992371,20.4347629547,50,-0.965925812721,0.258819103241,14.5,26,14.5,26,0,26,0,0.080939,24,17.2,10.65311344,50,19,23.7644433285,23.9026778859,0,26,0,0.080939,heating,0.695679380186,208.703814056,-0.00224588267666,False,0.1347529606,0.0121465957703,0,0.114306429772,0.00829993505753,day,22,24,0,0.3932698071,0.684821367264
231,17779.5,17780,1800,23.7644424438,23.902677536,24,17.1999969482,10.6531133652,50,-0.965925812721,0.258819103241,14.5,26,14.5,26,0,26,0,0.080939,24,16,4.1003381,50,20,23.6307933056,23.8291731137,0,26,0,0.080939,heating,0.71985528947,215.956586841,-0.00231240691019,False,0.138744414611,0.0121475246897,0,0.118296954864,0.00829993505753,day,22,24,0,0.389451235533,0.679167151451
232,17780,17780.5,1800,23.6307945251,23.8291740417,24,16,4.10033798218,50,-0.866025388241,0.5,16,20,16,20,0,26,0,0.080939,24,15.4,0,50,20,23.3678978727,22.3240563071,3834.58232398,20,98.5191735563,0.314464556377,cooling,0,0,-0.00186111459166,False,0.111666875499,0.0463013841861,0,0,0.0653654913132,day,22,24,0,0.381939947605,0.563388943672
233,17780.5,17781,1800,23.3678970337,22.3240566254,24,15.4000015259,0,50,-0.866025388241,0.5,16,20,16,20,3834.58232398,20,98.5191735563,0.314464556377,24,14.8,0,50,21,23.0328895319,22.0216103761,3834.58232398,20,100,0.317974642857,cooling,0,0,-0.00213660643794,False,0.128196386276,0.0457673299125,0,0,0.0824290563639,night,15,28,0,0.372368276119,0.54012387991
234,17781,17781.5,1800,23.0328903198,22.02161026,24,14.7999992371,0,50,-0.707106769085,0.70710682869,16,20,16,20,3834.58232398,20,100,0.317974642857,24,14.5,0,50,21,22.7154479071,21.8445969471,3834.58232398,20,100,0.317974642857,cooling,0,0,-0.00210563550298,False,0.126338130179,0.0439090738149,0,0,0.0824290563639,night,15,28,0,0.363298505545,0.526507437229
235,17781.5,17782,1800,22.7154464722,21.8445968628,24,14.5,0,50,-0.707106769085,0.70710682869,16,20,16,20,3834.58232398,20,100,0.317974642857,24,14.1,0,50,22,22.4175430797,21.6849753235,3834.58232398,20,100,0.317974642857,cooling,0,0,-0.00208001774541,False,0.124801064725,0.042372008361,0,0,0.0824290563639,night,15,28,0,0.354786932468,0.514228880405
236,17782,17782.5,1800,22.4175415039,21.6849746704,24,14.0999984741,0,50,-0.5,0.866025447845,17.7000007629,26,17.7000007629,26,3834.58232398,20,100,0.317974642857,24,13.9,0,50,22,22.2998370063,23.1910576828,0,26,0,0.080939,heating,0.958276074573,287.482822372,-0.00300351396564,False,0.180210837939,0.00654079890952,0,0.165370103972,0.00829993505753,night,15,28,0,0.351423919201,0.630081355572
237,17782.5,17783,1800,22.2998371124,23.1910572052,24,13.8999977112,0,50,-0.5,0.866025447845,17.7000007629,26,17.7000007629,26,0,26,0,0.080939,24,13.6,0,50,23,22.2677454369,23.2765521083,0,26,0,0.080939,heating,0.908182917398,272.454875219,-0.00280967943239,False,0.168580765944,0.00738034163805,0,0.152900489248,0.00829993505753,night,15,28,0,0.35050702095,0.636657834053
238,17783,17783.5,1800,22.2677459717,23.2765522003,24,13.6000022888,0,50,-0.258819043636,0.965925812721,17.7000007629,26,17.7000007629,26,0,26,0,0.080939,24,13.2,0,50,23,22.2353520523,23.2660682935,0,26,0,0.080939,heating,0.910490909212,273.147272764,-0.00278528917662,False,0.167117350597,0.00733797649437,0,0.151479439045,0.00829993505753,night,15,28,0,0.349581480026,0.635851383209
239,17783.5,17784,1800,22.2353515625,23.2660675049,24,13.2000007629,0,50,-0.258819043636,0.965925812721,17.7000007629,22,17.7000007629,22,0,26,0,0.080939,24,12.9,0,50,0,22.125224735,22.4280511318,1450.9258195,22,33.453735936,0.160236278036,cooling,0,0,-0.000488230091995,False,0.0292938055197,0.0141516854786,0,0,0.0151421200411,night,15,28,0,0.346434980631,0.571388542652
240,17784,17784.5,1800,22.1252250671,22.4280509949,24,12.9000015259,0,50,0,1,17.7000007629,22,17.7000007629,22,1450.9258195,22,33.453735936,0.160236278036,24,12.5,0,50,0,21.9651480348,22.1952192847,2021.57923476,22,42.4474766038,0.181554649044,cooling,0,0,-0.000611874150247,False,0.0367124490148,0.0162043106871,0,0,0.0205081383277,night,15,28,0,0.341861367226,0.553478419781
241,17784.5,17785,1800,21.9651489258,22.1952190399,24,12.5,0,50,0,1,17.7000007629,22,17.7000007629,22,2021.57923476,22,42.4474766038,0.181554649044,24,12.2,0,50,1,21.8005201811,22.0575945744,2262.40452642,22,45.9431915106,0.189840739346,cooling,0,0,-0.000675650858765,False,0.0405390515259,0.0169601908735,0,0,0.0235788606523,night,15,28,0,0.337157726288,0.542891919613
242,17785,17785.5,1800,21.8005199432,22.0575942993,24,12.1999969482,0,50,0.258819103241,0.965925812721,17.7000007629,22,17.7000007629,22,2262.40452642,22,45.9431915106,0.189840739346,24,11.9,0,50,1,21.6401287347,21.9588684242,2287.45389021,22,45.507579135,0.188808182751,cooling,0,0,-0.000680442209984,False,0.040826532599,0.0165932705424,0,0,0.0242332620566,night,15,28,0,0.332575112581,0.535297572613
243,17785.5,17786,1800,21.6401290894,21.9588680267,24,11.9000015259,0,50,0.258819103241,0.965925812721,14.5,22,14.5,22,2287.45389021,22,45.507579135,0.188808182751,24,11.6,0,50,2,21.453838885,21.578975277,1775.66877896,22,31.7952396562,0.156305050717,heating,0,0,-0.000712760113745,False,0.0427656068247,0.0225526127218,0,0,0.0202129941029,night,15,28,0,0.327252537012,0.506075024605
244,17786,17786.5,1800,21.4538383484,21.5789756775,24,11.5999984741,0,50,0.5,0.866025447845,14.5,22,14.5,22,1775.66877896,22,31.7952396562,0.156305050717,24,11.3,0,50,2,21.2795478369,21.6169392326,1034.70621362,22,17.1520712233,0.121595522287,heating,0,0,-0.000493725599013,False,0.0296235359408,0.0158455210828,0,0,0.013778014858,night,15,28,0,0.32227280736,0.508995354176
245,17786.5,17787,1800,21.279548645,21.6169395447,24,11.3000030518,0,50,0.5,0.866025447845,14.5,22,14.5,22,1034.70621362,22,17.1520712233,0.121595522287,24,11,0,50,3,21.1354547716,21.6822985865,394.354588165,22,4.93105625715,0.0926273608988,heating,0,0,-0.000353898118713,False,0.0212338871228,0.0110868024145,0,0,0.0101470847083,night,15,28,0,0.31815585494,0.514022946358
246,17787,17787.5,1800,21.1354560852,21.6822986603,24,11,0,50,0.70710682869,0.70710682869,14.5,22,14.5,22,394.354588165,22,4.93105625715,0.0926273608988,24,10.7,0,50,3,21.0190333477,21.7526304422,126.772514834,22,0,0.080939,heating,0.0824562522065,24.736875662,-0.00044049955887,False,0.0264299735322,0.00815094394616,0,0.00985548883008,0.00842354075597,night,15,28,0,0.314829528332,0.51943308115
247,17787.5,17788,1800,21.019033432,21.7526302338,24,10.7000007629,0,50,0.70710682869,0.70710682869,14.5,22,14.5,22,126.772514834,22,0,0.080939,24,10.5,0,50,4,20.918602007,21.7142636884,126.772514834,22,0,0.080939,heating,0.0926321387659,27.7896416298,-0.000510484593003,False,0.0306290755802,0.00783484385594,0,0.0144942966667,0.00829993505753,night,15,28,0,0.311960071325,0.516481816769
248,17788,17788.5,1800,20.9186019897,21.714263916,24,10.5,0,50,0.866025447845,0.5,14.5,22,14.5,22,126.772514834,22,0,0.080939,24,10.4,0,50,4,20.8258653848,21.6671617563,126.772514834,22,0,0.080939,heating,0.108389448172,32.5168344517,-0.00055006400764,False,0.0330038404584,0.00773060473849,0,0.0169733006624,0.00829993505753,night,15,28,0,0.309310436249,0.512858569622
249,17788.5,17789,1800,20.8258647919,21.6671619415,24,10.4000015259,0,50,0.866025447845,0.5,13.4872207642,22.4322891235,13.4872207642,22.4322891235,126.772514834,22,0,0.080939,24,10.2,0,50,5,20.7404724426,21.6507052795,126.772514834,22.4322891235,0,0.080939,heating,0.25850474049,77.5514221471,-0.000989937935751,False,0.059396276145,0.00851118830243,0,0.0425851527851,0.00829993505753,night,15,28,0,0.306870639324,0.511592686176
250,17789,17789.5,1800,20.7404727936,21.6507053375,24,10.2000007629,0,50,0.965925812721,0.258819103241,13.4872207642,22.4322891235,13.4872207642,22.4322891235,126.772514834,22.4322891235,0,0.080939,24,11.2,2.145,50,5,20.6840899272,21.6219155415,126.772514834,22.4322891235,0,0.080939,heating,0.268568250436,80.5704751309,-0.00102485022016,False,0.0614910132099,0.00909625081888,0,0.0440948273335,0.00829993505753,night,15,28,0,0.30525970459,0.509378135204
251,17789.5,17790,1800,20.6840896606,21.6219158173,24,11.1999969482,2.14499998093,50,0.965925812721,0.258819103241,13.4872207642,22.4322891235,13.4872207642,22.4322891235,126.772514834,22.4322891235,0,0.080939,24,12.2,64.12887319,50,6,20.6699266067,21.6839421486,126.772514834,22.4322891235,0,0.080939,heating,0.249909671404,74.9729014212,-0.00101191802454,False,0.0607150814723,0.00962844986385,0,0.042786696551,0.00829993505753,night,15,28,0,0.304855048656,0.514149367809
252,17790,17790.5,1800,20.6699256897,21.6839408875,24,12.1999969482,64.1288757324,50,1,0,12.8000001907,22,12.8000001907,22,126.772514834,22.4322891235,0,0.080939,24,13.4,25.575,50,6,20.6613383519,21.5273497359,126.772514834,22,0,0.080939,heating,0.155441511182,46.6324533546,-0.000700155136382,False,0.0420093081829,0.0107664719393,0,0.0229429011861,0.00829993505753,night,15,28,0,0.304609656334,0.502103805542
253,17790.5,17791,1800,20.6613388062,21.527349472,24,13.4000015259,25.5750007629,50,1,0,12.8000001907,22,12.8000001907,22,126.772514834,22,0,0.080939,24,14.6,115.3798774,50,7,20.6956217359,21.6390795326,126.772514834,22,0,0.080939,heating,0.122411698413,36.7235095239,-0.0142339748344,False,0.0419674384917,0.0110882101665,0,0.0225792932676,0.00829993505753,day,22,24,0.360920467365,0.305589199066,0.510698437691
254,17791,17791.5,1800,20.6956214905,21.6390800476,24,14.5999984741,115.379882812,50,0.965925812721,-0.258819043636,14.5,20,14.5,20,126.772514834,22,0,0.080939,24,15.8,58.56735122,50,7,20.6975653725,21.0497524858,2470.4407782,20,59.581232001,0.222167756296,cooling,0,0,-0.0364564206198,False,0.0493283301696,0.0258920041477,0,0,0.0234363260219,day,22,24,0.950247514229,0.305644720793,0.465365588665
255,17791.5,17792,1800,20.6975650787,21.0497531891,24,15.7999992371,58.5673484802,50,0.965925812721,-0.258819043636,14.5,20,14.5,20,2470.4407782,20,59.581232001,0.222167756296,24,17.1,172.7271834,180,8,20.7121104839,21.0116907311,4459.88375727,20,98.751684856,0.315015691031,cooling,0,0,-0.0387298275019,False,0.100093795098,0.0413439165974,0,0,0.0587498785006,day,22,24,0.988309268897,0.306060314178,0.462437748909
256,17792,17792.5,1800,20.7121105194,21.0116901398,24,17.0999984741,172.72718811,180,0.866025447845,-0.5,14.5,20,14.5,20,4459.88375727,20,98.751684856,0.315015691031,24,18,121.6166718,180,8,20.7054901971,20.8549105426,4459.88375727,20,100,0.317974642857,cooling,0,0,-0.0450801981009,False,0.1283606069,0.0459315505362,0,0,0.0824290563639,day,22,24,1.1450894574,0.305871158838,0.450377732515
257,17792.5,17793,1800,20.7054901123,20.8549098969,24,18,121.616668701,180,0.866025447845,-0.5,14.5,20,14.5,20,4459.88375727,20,100,0.317974642857,24,19,326.3605193,180,9,20.7705883943,21.1248846795,4459.88375727,20,100,0.317974642857,cooling,0,0,-0.034948394309,False,0.127894187365,0.0454651310006,0,0,0.0824290563639,day,22,24,0.875115320523,0.307731091976,0.471144974232
258,17793,17793.5,1800,20.7705879211,21.1248855591,24,19,326.360534668,180,0.70710682869,-0.707106769085,14.5,20,14.5,20,4459.88375727,20,100,0.317974642857,24,19.8,318.3817948,180,9,20.8543497599,21.1706343732,4459.88375727,20,100,0.317974642857,cooling,0,0,-0.033226973561,False,0.127545753416,0.0451166970523,0,0,0.0824290563639,day,22,24,0.829365626776,0.310124278069,0.474664181471
259,17793.5,17794,1800,20.8543510437,21.1706352234,24,19.7999992371,318.38180542,180,0.70710682869,-0.707106769085,13.3279304504,25.3280944824,13.3279304504,25.3280944824,4459.88375727,20,100,0.317974642857,24,20.7,502.835609,180,10,21.159700665,23.0991909851,0,25.3280944824,0,0.080939,heating,0.775973140861,232.791942258,-0.00285395184593,False,0.171237110756,0.010323632933,0,0.152613542765,0.00829993505753,day,22,24,0,0.318848580122,0.623014688492
260,17794,17794.5,1800,21.1597003937,23.0991897583,24,20.7000007629,502.835601807,180,0.5,-0.866025388241,13.3279304504,25.3280944824,13.3279304504,25.3280944824,0,25.3280944824,0,0.080939,24,21.4,527.0519262,180,10,21.5445391457,23.4222462685,0,25.3280944824,0,0.080939,heating,0.647461150044,194.238345013,-0.00223622737801,False,0.134173642681,0.0110339787409,0,0.114839728882,0.00829993505753,day,22,24,0,0.329843968153,0.647865116596
261,17794.5,17795,1800,21.5445384979,23.422246933,24,21.3999977112,527.051940918,180,0.5,-0.866025388241,13.3279304504,25.3280944824,13.3279304504,25.3280944824,0,25.3280944824,0,0.080939,24,22.2,638.5913125,180,11,21.9477239061,23.7656036128,0,25.3280944824,0,0.080939,heating,0.533649528416,160.094858525,-0.00192485673249,False,0.115491403949,0.0108978554092,0,0.0962936134825,0.00829993505753,day,22,24,0,0.341363549232,0.674277186394
262,17795,17795.5,1800,21.9477233887,23.7656021118,24,22.1999969482,638.591308594,180,0.258819103241,-0.965925812721,13.3279304504,25.3280944824,13.3279304504,25.3280944824,0,25.3280944824,0,0.080939,24,22.9,658.9123948,180,11,22.3401539158,23.9971673897,0,25.3280944824,0,0.080939,heating,0.454857670276,136.457301083,-0.00166718970221,False,0.100031382133,0.0106961012708,0,0.0810353458044,0.00829993505753,day,22,24,0,0.352575838566,0.692089796066
263,17795.5,17796,1800,22.3401546478,23.9971675873,24,22.9000015259,658.912353516,180,0.258819103241,-0.965925812721,13.3279304504,25.3280944824,13.3279304504,25.3280944824,0,25.3280944824,0,0.080939,24,23.6,697.2725064,180,12,22.7231498766,24.2398576404,0,25.3280944824,0,0.080939,heating,0.373896519246,112.168955774,-0.0104352179152,False,0.0864333841211,0.0104033438638,0,0.0677301051998,0.00829993505753,day,22,24,0.239857640352,0.363518565893,0.710758268833
264,17796,17796.5,1800,22.7231502533,24.23985672,24,23.6000022888,697.272460938,180,0,-1,12.8000001907,26,12.8000001907,26,0,25.3280944824,0,0.080939,24,24.1,681.4563209,180,12,23.0885299899,24.5020590166,0,26,0,0.080939,heating,0.510328869525,153.098660858,-0.0206575848896,False,0.109822306001,0.0107256663548,0,0.0907967045886,0.00829993505753,day,22,24,0.502059016612,0.3739579916,0.73092764616
265,17796.5,17797,1800,23.0885295868,24.5020599365,24,24.0999984741,681.456359863,180,0,-1,12.8000001907,26,12.8000001907,26,0,26,0,0.080939,24,24.6,642.4392002,180,13,23.4229753283,24.6315815528,0,26,0,0.080939,heating,0.464863613845,139.459084154,-0.025341059085,False,0.0994050512373,0.010449878923,0,0.0806552372568,0.00829993505753,day,22,24,0.631581552827,0.383513569832,0.740890860558
266,17797,17797.5,1800,23.4229736328,24.6315803528,24,24.5999984741,642.439208984,180,-0.258819043636,-0.965925812721,16,20,16,20,0,26,0,0.080939,24,24.9,637.7336903,180,13,23.6051237025,23.4388057741,2672.65752319,20,100,0.317974642857,cooling,0,0,-0.00184883696394,False,0.110930217836,0.037181804954,0,0,0.0737484128823,day,22,24,0,0.388717830181,0.64913892746
267,17797.5,17798,1800,23.6051254272,23.4388065338,24,24.8999938965,637.733703613,180,-0.258819043636,-0.965925812721,16,20,16,20,2672.65752319,20,100,0.317974642857,24,25.3,585.9585331,180,14,23.6928546513,23.3310430074,2672.65752319,20,100,0.317974642857,cooling,0,0,-0.0019592576214,False,0.117555457284,0.0351264009202,0,0,0.0824290563639,day,22,24,0,0.39122441411,0.640849471092
268,17798,17798.5,1800,23.692855835,23.3310432434,24,25.3000030518,585.958557129,180,-0.5,-0.866025388241,16,20,16,20,2672.65752319,20,100,0.317974642857,24,25.5,564.1478081,180,14,23.7632944943,23.3333331496,2672.65752319,20,100,0.317974642857,cooling,0,0,-0.00194472841194,False,0.116683704716,0.0342546483522,0,0,0.0824290563639,day,22,24,0,0.393236994743,0.641025602818
269,17798.5,17799,1800,23.76329422,23.3333320618,24,25.5,564.147827148,180,-0.5,-0.866025388241,16.7604312897,20.5371112823,16.7604312897,20.5371112823,2672.65752319,20,100,0.317974642857,24,25.7,427.3706743,180,15,23.8303441279,23.4047401514,3576.3479209,20.5371112823,100,0.317974642857,cooling,0,0,-0.00143215142551,False,0.0859290855305,0.0261640462923,0,0,0.0597650392381,day,22,24,0,0.395152688026,0.646518468857
270,17799,17799.5,1800,23.8303451538,23.4047393799,24,25.7000045776,427.370666504,180,-0.707106769085,-0.707106769085,16.7604312897,20.5371112823,16.7604312897,20.5371112823,3576.3479209,20.5371112823,100,0.317974642857,24,25.7,404.5248898,180,15,23.8617611182,23.3360461917,3576.3479209,20.5371112823,100,0.317974642857,cooling,0,0,-0.00188163890743,False,0.112898334446,0.030469278082,0,0,0.0824290563639,day,22,24,0,0.396050304174,0.641234338284
271,17799.5,17800,1800,23.8617610931,23.3360462189,24,25.7000045776,404.524902344,180,-0.707106769085,-0.707106769085,16.7604312897,20.5371112823,16.7604312897,20.5371112823,3576.3479209,20.5371112823,100,0.317974642857,24,25.8,253.8081434,180,16,23.8450375068,23.1399784912,3576.3479209,20.5371112823,100,0.317974642857,cooling,0,0,-0.00186549674708,False,0.111929804825,0.029500748461,0,0,0.0824290563639,day,22,24,0,0.395572513342,0.626152217388
272,17800,17800.5,1800,23.8450393677,23.1399784088,24,25.8000030518,253.808151245,180,-0.866025388241,-0.5,17.7000007629,26,17.7000007629,26,3576.3479209,20.5371112823,100,0.317974642857,24,25.6,241.4189939,180,16,23.961696174,24.5795778535,0,26,0,0.080939,heating,0.493663074145,148.098922244,-0.0237876567747,False,0.123209236205,0.00529915750027,0,0.109610143647,0.00829993505753,day,22,24,0.579577853456,0.398905605078,0.736890614033
273,17800.5,17801,1800,23.9616966248,24.5795783997,24,25.5999984741,241.418991089,180,-0.866025388241,-0.5,17.7000007629,26,17.7000007629,26,0,26,0,0.080939,24,25.4,121.5903995,180,17,24.0919853227,24.5741196297,0,26,0,0.080939,heating,0.478004531486,143.401359446,-0.023096488666,False,0.0940201531489,0.00586636308133,0,0.0798538550101,0.00829993505753,day,22,24,0.574119629695,0.402628153563,0.736470758915
274,17801,17801.5,1800,24.0919857025,24.5741195679,24,25.4000015259,121.590393066,180,-0.965925812721,-0.258819043636,17.7000007629,26,17.7000007629,26,0,26,0,0.080939,24,25.1,111.0297964,180,17,24.1984261419,24.6144190784,0,26,0,0.080939,heating,0.46462550617,139.387651851,-0.0245873298266,False,0.0927968632038,0.00606526469505,0,0.0784316634513,0.00829993505753,day,22,24,0.614419078397,0.405669331551,0.73957067728
275,17801.5,17802,1800,24.198425293,24.6144180298,24,25.1000061035,111.029800415,180,-0.965925812721,-0.258819043636,17.7000007629,26,17.7000007629,26,0,26,0,0.080939,24,24.7,49.5,50,18,24.2457587069,24.3442396595,0,26,0,0.080939,heating,0.549607272944,164.882181883,-0.0145937912285,False,0.101088239764,0.00616322959852,0,0.0866250751075,0.00829993505753,day,22,24,0.344239659531,0.407021671534,0.718787670135
276,17802,17802.5,1800,24.2457580566,24.3442401886,24,24.6999969482,49.5000038147,50,-1,0,17.7000007629,26,17.7000007629,26,0,26,0,0.080939,24,24.7,84.07869119,50,18,24.2854091465,24.3910956356,0,26,0,0.080939,heating,0.5377230912,161.31692736,-0.0164158798051,False,0.10498760813,0.00609798057001,0,0.090589692502,0.00829993505753,day,22,24,0.391095635635,0.408154547215,0.722391963005
277,17802.5,17803,1800,24.28540802,24.3910942078,24,24.6999969482,84.0786895752,50,-1,0,16,20,16,20,0,26,0,0.080939,24,22.5,16.5,50,19,24.1130355687,22.7130526874,3433.33136512,20,100,0.317974642857,cooling,0,0,-0.0018664787625,False,0.11198872575,0.0412311946775,0,0,0.0707575310727,day,22,24,0,0.403229594231,0.593311727047
278,17803,17803.5,1800,24.1130371094,22.7130527496,24,22.5,16.5,50,-0.965925812721,0.258819103241,16,20,16,20,3433.33136512,20,100,0.317974642857,24,21.4,19.43577404,50,19,23.8467706652,22.4592469933,3433.33136512,20,100,0.317974642857,cooling,0,0,-0.00207644674098,False,0.124586804459,0.0421577480951,0,0,0.0824290563639,day,22,24,0,0.395622014999,0.573788225651
279,17803.5,17804,1800,23.8467712402,22.4592475891,24,21.3999977112,19.4357738495,50,-0.965925812721,0.258819103241,16,20,16,20,3433.33136512,20,100,0.317974642857,24,20.3,12.69591984,50,20,23.575116504,22.3024055803,3433.33136512,20,100,0.317974642857,cooling,0,0,-0.00209381673283,False,0.12562900397,0.0431999476059,0,0,0.0824290563639,day,22,24,0,0.387860476971,0.561723530293
280,17804,17804.5,1800,23.5751171112,22.302406311,24,20.3000030518,12.6959199905,50,-0.866025388241,0.5,16,20,16,20,3433.33136512,20,100,0.317974642857,24,19.9,0,50,20,23.3151571403,22.1476876598,3433.33136512,20,100,0.317974642857,cooling,0,0,-0.00208805741167,False,0.1252834447,0.042854388336,0,0,0.0824290563639,day,22,24,0,0.380433052778,0.549822151661
281,17804.5,17805,1800,23.3151569366,22.147687912,24,19.8999977112,0,50,-0.866025388241,0.5,16,20,16,20,3433.33136512,20,100,0.317974642857,24,19.6,0,50,21,23.0712954988,22.0165399876,4057.51764461,20,100,0.317974642857,cooling,0,0,-0.00207927119633,False,0.12475627178,0.0423610638938,0,0,0.0823952078861,night,15,28,0,0.37346559763,0.539733827114
282,17805,17805.5,1800,23.0712966919,22.0165405273,24,19.5999984741,0,50,-0.707106769085,0.70710682869,16,20,16,20,4057.51764461,20,100,0.317974642857,24,19.4,0,50,21,22.8447424764,21.8948697769,4057.51764461,20,100,0.317974642857,cooling,0,0,-0.00207022969596,False,0.124213781758,0.0417847253938,0,0,0.0824290563639,night,15,28,0,0.366992652416,0.530374586582
283,17805.5,17806,1800,22.8447418213,21.8948707581,24,19.4000015259,0,50,-0.707106769085,0.70710682869,17.7000007629,24,17.7000007629,24,4057.51764461,20,100,0.317974642857,24,19.3,0,50,22,22.7672962669,23.0963442269,0,24,0,0.080939,heating,0.31434066756,94.3022002681,-0.00149086475479,False,0.0894518852876,0.00633792778335,0,0.0748140224467,0.00829993505753,night,15,28,0,0.364779889584,0.622795701027
284,17806,17806.5,1800,22.7672958374,23.0963439941,24,19.2999992371,0,50,-0.5,0.866025447845,17.7000007629,24,17.7000007629,24,0,24,0,0.080939,24,19.1,0,50,22,22.7488713938,23.1477299233,0,24,0,0.080939,heating,0.284329002236,85.2987006708,-0.00106016199624,False,0.0636097197743,0.00699609939579,0,0.048313685321,0.00829993505753,night,15,28,0,0.364253461361,0.62674844265
285,17806.5,17807,1800,22.7488708496,23.1477298737,24,19.0999984741,0,50,-0.5,0.866025447845,17.7000007629,24,17.7000007629,24,0,24,0,0.080939,24,19,0,50,23,22.7329011612,23.1427437472,0,24,0,0.080939,heating,0.285350246324,85.6050738972,-0.00104614677472,False,0.0627688064833,0.00703970440143,0,0.0474291670243,0.00829993505753,night,15,28,0,0.363797187805,0.626364886761
286,17807,17807.5,1800,22.7329025269,23.142742157,24,19,0,50,-0.258819043636,0.965925812721,17.7000007629,24,17.7000007629,24,0,24,0,0.080939,24,18.7,0,50,23,22.7126745165,23.1334333903,0,24,0,0.080939,heating,0.288309745018,86.4929235055,-0.00105379148399,False,0.0632274890396,0.00709588047327,0,0.0478316735088,0.00829993505753,night,15,28,0,0.363219261169,0.625648736954
287,17807.5,17808,1800,22.7126731873,23.1334342957,24,18.6999969482,0,50,-0.258819043636,0.965925812721,12.8000001907,18,12.8000001907,18,0,24,0,0.080939,24,18.4,0,50,0,22.5047640191,21.1999465277,2895.95315638,18,100,0.317974642857,cooling,0,0,-0.00231672415492,False,0.139003449295,0.0622336175103,0,0,0.076769831785,night,15,28,0,0.357278972864,0.476918965578
288,17808,17808.5,1800,22.5047645569,21.1999473572,24,18.4000015259,0,50,0,1,12.8000001907,18,12.8000001907,18,2895.95315638,18,100,0.317974642857,24,18.2,0,50,0,22.2171719112,20.9304049829,2895.95315638,18,100,0.317974642857,cooling,0,0,-0.00234317696304,False,0.140590617783,0.0581615614188,0,0,0.0824290563639,night,15,28,0,0.349062055349,0.456185013056
289,17808.5,17809,1800,22.2171707153,20.9304046631,24,18.2000007629,0,50,0,1,12.8000001907,18,12.8000001907,18,2895.95315638,18,100,0.317974642857,24,17.9,0,50,1,21.9433687556,20.777632638,2895.95315638,18,99.9380695498,0.317827845616,cooling,0,0,-0.00232514071877,False,0.139508443126,0.0570962917458,0,0,0.0824121513804,night,15,28,0,0.341239094734,0.444433271885
290,17809,17809.5,1800,21.9433670044,20.777633667,24,17.9000015259,0,50,0.258819103241,0.965925812721,12.8000001907,18,12.8000001907,18,2895.95315638,18,99.9380695498,0.317827845616,24,17.7,0,50,1,21.6893440215,20.6408835015,3729.24325648,18,100,0.317974642857,cooling,0,0,-0.00230939483282,False,0.138563689969,0.056248009427,0,0,0.0823156805424,night,15,28,0,0.333981245756,0.433914124966
291,17809.5,17810,1800,21.6893424988,20.6408843994,24,17.7000007629,0,50,0.258819103241,0.965925812721,12.8000001907,18,12.8000001907,18,3729.24325648,18,100,0.317974642857,24,17.5,0,50,2,21.4534145245,20.5141396334,3729.24325648,18,100,0.317974642857,cooling,0,0,-0.00229884456735,False,0.137930674041,0.0555016176772,0,0,0.0824290563639,night,15,28,0,0.327240407467,0.42416459322
292,17810,17810.5,1800,21.453414917,20.5141391754,24,17.5,0,50,0.5,0.866025447845,12.8000001907,18,12.8000001907,18,3729.24325648,18,100,0.317974642857,24,17.4,0,50,2,21.2360772851,20.3972446384,3729.24325648,18,100,0.317974642857,cooling,0,0,-0.00228555143288,False,0.137133085973,0.0547040296089,0,0,0.0824290563639,night,15,28,0,0.321030765772,0.415172666311
293,17810.5,17811,1800,21.236076355,20.3972434998,24,17.3999977112,0,50,0.5,0.866025447845,16.4681797028,25.1263408661,16.4681797028,25.1263408661,3729.24325648,18,100,0.317974642857,24,17.3,0,50,3,21.2349638187,22.3779065028,0,25.1263408661,0,0.080939,heating,0.948591340025,284.577402008,-0.00300426643849,False,0.18025598631,0.00671740291796,0,0.165238648334,0.00829993505753,night,15,28,0,0.320998966694,0.56753128767
294,17811,17811.5,1800,21.2349624634,22.3779067993,24,17.2999992371,0,50,0.70710682869,0.70710682869,16.4681797028,25.1263408661,16.4681797028,25.1263408661,0,25.1263408661,0,0.080939,24,17.2,0,50,3,21.3350177805,22.5605103401,0,25.1263408661,0,0.080939,heating,0.859655677864,257.896703359,-0.00271951559371,False,0.163170935623,0.00793887349249,0,0.146932127073,0.00829993505753,night,15,28,0,0.323857665062,0.581577718258
295,17811.5,17812,1800,21.335018158,22.5605106354,24,17.1999969482,0,50,0.70710682869,0.70710682869,16.4681797028,25.1263408661,16.4681797028,25.1263408661,0,25.1263408661,0,0.080939,24,17.1,0,50,4,21.4300272213,22.6164830663,0,25.1263408661,0,0.080939,heating,0.839333426223,251.800027867,-0.00262565705999,False,0.157539423599,0.00808711395486,0,0.141152374587,0.00829993505753,night,15,28,0,0.326572209597,0.585883319378
296,17812,17812.5,1800,21.4300270081,22.6164836884,24,17.0999984741,0,50,0.866025447845,0.5,16.4681797028,25.1263408661,16.4681797028,25.1263408661,0,25.1263408661,0,0.080939,24,17.1,0,50,4,21.5168015232,22.6618238656,0,25.1263408661,0,0.080939,heating,0.823913502366,247.17405071,-0.00258029257811,False,0.154817554687,0.00815346142318,0,0.138364158206,0.00829993505753,night,15,28,0,0.329051464796,0.589371085167
297,17812.5,17813,1800,21.5167999268,22.6618232727,24,17.0999984741,0,50,0.866025447845,0.5,16.4681797028,25.1263408661,16.4681797028,25.1263408661,0,25.1263408661,0,0.080939,24,17.2,0,50,5,21.5977403313,22.7034877219,0,25.1263408661,0,0.080939,heating,0.809855950036,242.956785011,-0.00254065334233,False,0.15243920054,0.00820010615923,0,0.135939159323,0.00829993505753,night,15,28,0,0.331364005804,0.592575967312
298,17813,17813.5,1800,21.5977401733,22.7034873962,24,17.1999969482,0,50,0.965925812721,0.258819103241,16.4681797028,25.1263408661,16.4681797028,25.1263408661,0,25.1263408661,0,0.080939,24,17.9,1.32,50,5,21.6854003449,22.7481108622,0,25.1263408661,0,0.080939,heating,0.795161242576,238.548372773,-0.00250028080864,False,0.150016848518,0.00815631236572,0,0.133560601095,0.00829993505753,night,15,28,0,0.333868592978,0.5960085392
299,17813.5,17814,1800,21.6854019165,22.7481117249,24,17.9000015259,1.32000005245,50,0.965925812721,0.258819103241,15.3424062729,20.527431488,15.3424062729,20.527431488,0,25.1263408661,0,0.080939,24,18.6,35.15155489,50,6,21.6832997681,21.6318651565,2949.22618559,20.527431488,69.8649967317,0.246543944135,cooling,0,0,-0.000980594525228,False,0.0588356715137,0.0290466970783,0,0,0.0297889744354,night,15,28,0,0.3338085711,0.510143458843
300,17814,17814.5,1800,21.6833000183,21.6318645477,24,18.6000022888,35.1515541077,50,1,0,15.3424062729,20.527431488,15.3424062729,20.527431488,2949.22618559,20.527431488,69.8649967317,0.246543944135,24,19.4,52.11890201,50,6,21.6100090156,21.2424413831,4615.14647603,20.527431488,99.2072927165,0.316095644052,cooling,0,0,-0.00172507092509,False,0.103504255506,0.0384415555961,0,0,0.0650626999096,night,15,28,0,0.33171454072,0.480187803507
301,17814.5,17815,1800,21.6100082397,21.2424411774,24,19.4000015259,52.1189002991,50,1,0,17.7000007629,18,17.7000007629,18,4615.14647603,20.527431488,99.2072927165,0.316095644052,24,20.2,103.1705886,50,7,21.5997982322,21.6856380688,3119.38863915,18,100,0.317974642857,cooling,0,0,-0.0132820035101,False,0.0896058654608,0.024027307754,0,0,0.0655785577068,day,22,24,0.314361931175,0.331422805786,0.514279842377
302,17815,17815.5,1800,21.5997982025,21.6856384277,24,20.2000007629,103.170593262,50,0.965925812721,-0.258819043636,17.7000007629,18,17.7000007629,18,3119.38863915,18,100,0.317974642857,24,21.3,118.2119072,50,7,21.6273549397,21.7190147846,3119.38863915,18,100,0.317974642857,cooling,0,0,-0.0123508900904,False,0.10883667082,0.0264076144563,0,0,0.0824290563639,day,22,24,0.280985215379,0.332210153341,0.51684731245
303,17815.5,17816,1800,21.6273555756,21.7190151215,24,21.3000030518,118.211906433,50,0.965925812721,-0.258819043636,17.7000007629,18,17.7000007629,18,3119.38863915,18,100,0.317974642857,24,22.4,215.5118592,180,8,21.7268033134,22.116772147,3119.38863915,18,100,0.317974642857,cooling,0,0,-0.00181154811629,False,0.108692886977,0.0262638306133,0,0,0.0824290563639,day,22,24,0,0.33505153656,0.547443985939
304,17816,17816.5,1800,21.7268028259,22.116771698,24,22.3999977112,215.511856079,180,0.866025447845,-0.5,17.7000007629,18,17.7000007629,18,3119.38863915,18,100,0.317974642857,24,24,206.5466754,180,8,21.8623593721,22.1924394656,3119.38863915,18,100,0.317974642857,cooling,0,0,-0.00178033013785,False,0.106819808271,0.0243907519074,0,0,0.0824290563639,day,22,24,0,0.338924556971,0.553264558315
305,17816.5,17817,1800,21.8623580933,22.192440033,24,24,206.546676636,180,0.866025447845,-0.5,14.5,22,14.5,22,3119.38863915,18,100,0.317974642857,24,25.6,311.3110626,180,9,22.0874489582,22.7378385431,1011.5831893,22,26.9046129446,0.144712522251,cooling,0,0,-0.000370691784481,False,0.0222415070689,0.0106269359445,0,0,0.0116145711243,day,22,24,0,0.345355689526,0.595218360424
306,17817,17817.5,1800,22.0874481201,22.7378387451,24,25.5999984741,311.311065674,180,0.70710682869,-0.707106769085,14.5,22,14.5,22,1011.5831893,22,26.9046129446,0.144712522251,24,26.7,325.6391487,180,9,22.308790052,22.6052220058,2260.52459078,22,50.9129725297,0.201620891733,cooling,0,0,-0.000644763097253,False,0.0386857858352,0.0167622097314,0,0,0.0219235761038,day,22,24,0,0.351679712534,0.585017085075
307,17817.5,17818,1800,22.3087902069,22.605222702,24,26.6999969482,325.639160156,180,0.70710682869,-0.707106769085,14.5,22,14.5,22,2260.52459078,22,50.9129725297,0.201620891733,24,27.8,435.52913,180,10,22.5244095142,22.5787053575,3380.32612521,22,73.0100967447,0.253998952169,cooling,0,0,-0.000968319926306,False,0.0580991955783,0.0201904497071,0,0,0.0379087458712,day,22,24,0,0.357840269804,0.582977354527
308,17818,17818.5,1800,22.5244102478,22.578704834,24,27.8000030518,435.52911377,180,0.5,-0.866025388241,14.5,22,14.5,22,3380.32612521,22,73.0100967447,0.253998952169,24,28.4,454.5937732,180,10,22.7070901227,22.4697091475,4347.08953852,22,91.3486414505,0.297467839503,cooling,0,0,-0.00137219377105,False,0.0823316262631,0.0228330005689,0,0,0.0594986256942,day,22,24,0,0.363059729338,0.574593007565
309,17818.5,17819,1800,22.7070903778,22.4697093964,24,28.4000015259,454.593780518,180,0.5,-0.866025388241,14.5,22,14.5,22,4347.08953852,22,91.3486414505,0.297467839503,24,29,580.4206376,180,11,22.8933393741,22.5742625454,4642.26410084,22,100,0.317974642857,cooling,0,0,-0.00172684657792,False,0.103610794675,0.023429472519,0,0,0.0801813221561,day,22,24,0,0.368381112814,0.582635581493
310,17819,17819.5,1800,22.8933391571,22.574262619,24,29,580.420654297,180,0.258819103241,-0.965925812721,16,26,16,26,4642.26410084,22,100,0.317974642857,24,29.4,619.7803923,180,11,23.2639952018,24.5638379903,0,26,0,0.080939,heating,0.51169095539,153.507286617,-0.0233465328512,False,0.132156492796,0.00380043145383,0,0.120056126285,0.00829993505753,day,22,24,0.563837990345,0.378971278667,0.735679864883
311,17819.5,17820,1800,23.2639961243,24.5638389587,24,29.4000015259,619.780395508,180,0.258819103241,-0.965925812721,16,26,16,26,0,26,0,0.080939,24,29.8,663.7260124,180,12,23.7043806432,24.9321957932,0,26,0,0.080939,heating,0.369854590453,110.956377136,-0.0363209717069,False,0.0818177677205,0.00397066481259,0,0.0695471678504,0.00829993505753,day,22,24,0.932195793197,0.391553729773,0.764015078545
312,17820,17820.5,1800,23.7043800354,24.9321956635,24,29.8000030518,663.726013184,180,0,-1,17.7000007629,24,17.7000007629,24,0,26,0,0.080939,24,30,674.8781294,180,12,24.0825598489,24.717945984,1482.83558421,24,36.3227030819,0.167036752753,cooling,0,0,-0.0272780895245,False,0.0213069075626,0.00652197250372,0,0,0.0147849350589,day,22,24,0.717945983959,0.402358859777,0.74753433466
313,17820.5,17821,1800,24.0825614929,24.7179450989,24,30,674.878112793,180,0,-1,17.7000007629,24,17.7000007629,24,1482.83558421,24,36.3227030819,0.167036752753,24,30.2,671.7087303,180,13,24.3836556626,24.6073866791,2685.80132731,24,59.3259884835,0.221562738183,cooling,0,0,-0.0233901278046,False,0.0367876403401,0.00965888322818,0,0,0.0271287571119,day,22,24,0.607386679082,0.410961598158,0.739029765129
314,17821,17821.5,1800,24.3836555481,24.6073875427,24,30.1999969482,671.708679199,180,-0.258819043636,-0.965925812721,13.5510931015,19.4341468811,13.5510931015,19.4341468811,2685.80132731,24,59.3259884835,0.221562738183,24,30.2,665.6367001,180,13,24.5177742003,23.4507878594,2896.96414635,19.4341468811,100,0.317974642857,cooling,0,0,-0.00167767555715,False,0.100660533429,0.0238595028515,0,0,0.0768010305773,day,22,24,0,0.414793550968,0.650060594082
315,17821.5,17822,1800,24.5177745819,23.4507865906,24,30.1999969482,665.63671875,180,-0.258819043636,-0.965925812721,13.5510931015,19.4341468811,13.5510931015,19.4341468811,2896.96414635,19.4341468811,100,0.317974642857,24,30.3,586.1941688,180,14,24.552887761,23.2897672619,2896.96414635,19.4341468811,100,0.317974642857,cooling,0,0,-0.00175426356547,False,0.105255813928,0.0228267575644,0,0,0.0824290563639,day,22,24,0,0.415796786547,0.63767439127
316,17822,17822.5,1800,24.5528869629,23.289768219,24,30.3000030518,586.194152832,180,-0.5,-0.866025388241,16,26,16,26,2896.96414635,19.4341468811,100,0.317974642857,24,30.3,572.1824811,180,14,24.7735733994,25.2834140618,0,26,0,0.080939,heating,0.268081897362,80.4245692087,-0.0497022293581,False,0.094452122515,0.00348829225962,0,0.0826638951978,0.00829993505753,day,22,24,1.28341406176,0.422102093697,0.791031837463
317,17822.5,17823,1800,24.7735729218,25.2834129333,24,30.3000030518,572.182495117,180,-0.5,-0.866025388241,16,26,16,26,0,26,0,0.080939,24,30.3,454.8860944,180,15,25.0256979477,25.367722416,0,26,0,0.080939,heating,0.217172035125,65.1516105375,-0.0521305162223,False,0.0504555373819,0.00381524548961,0,0.0383403568347,0.00829993505753,day,22,24,1.36772241598,0.429305642843,0.797517120838
318,17823,17823.5,1800,25.0256977081,25.3677215576,24,30.3000030518,454.886108398,180,-0.707106769085,-0.707106769085,16,26,16,26,0,26,0,0.080939,24,30.2,414.3494852,180,15,25.2395784804,25.4291783417,0,26,0,0.080939,heating,0.195590229646,58.6770688939,-0.054368468865,False,0.046456863027,0.00392818188547,0,0.034228746084,0.00829993505753,day,22,24,1.42917834172,0.435416519642,0.802244484425
319,17823.5,17824,1800,25.2395782471,25.4291782379,24,30.1999969482,414.349487305,180,-0.707106769085,-0.707106769085,16,26,16,26,0,26,0,0.080939,24,30.1,199.232742,180,16,25.3687698587,25.2416191586,0,26,0,0.080939,heating,0.253242165215,75.9726495644,-0.0474147294591,False,0.0512406607258,0.00397440556288,0,0.0389663201054,0.00829993505753,day,22,24,1.24161915859,0.439107716084,0.787816882133
320,17824,17824.5,1800,25.3687705994,25.2416191101,24,30.1000061035,199.23274231,180,-0.866025388241,-0.5,16,26,16,26,0,26,0,0.080939,24,30,261.6700759,180,16,25.4907258806,25.3661652949,0,26,0,0.080939,heating,0.21541017134,64.623051402,-0.052079106404,False,0.0508744706508,0.00405993367325,0,0.03851460192,0.00829993505753,day,22,24,1.36616529493,0.442592173815,0.797397315502
321,17824.5,17825,1800,25.4907264709,25.3661651611,24,30,261.670074463,180,-0.866025388241,-0.5,16,26,16,26,0,26,0,0.080939,24,29.9,114.3458143,180,17,25.5605606271,25.2327693684,0,26,0,0.080939,heating,0.255592392201,76.6777176603,-0.047106735736,False,0.0526730651748,0.00412817960511,0,0.0402449505121,0.00829993505753,day,22,24,1.23276936844,0.444587439299,0.787136077881
322,17825,17825.5,1800,25.5605602264,25.2327690125,24,29.8999938965,114.345809937,180,-0.965925812721,-0.258819043636,14.5,20,14.5,20,0,26,0,0.080939,24,29.5,115.2699438,180,17,25.4392884283,23.4687263537,2824.90496462,20,100,0.317974642857,cooling,0,0,-0.00168593900782,False,0.101156340469,0.0252519787031,0,0,0.0759043617662,day,22,24,0,0.441122531891,0.651440501213
323,17825.5,17826,1800,25.439289093,23.4687271118,24,29.5,115.269943237,180,-0.965925812721,-0.258819043636,14.5,20,14.5,20,2824.90496462,20,100,0.317974642857,24,29.1,50.47379171,50,18,25.1890068143,22.9129241165,2824.90496462,20,100,0.317974642857,cooling,0,0,-0.00179204252659,False,0.107522551595,0.0250934952314,0,0,0.0824290563639,day,22,24,0,0.433971613646,0.608686447144
324,17826,17826.5,1800,25.1890068054,22.9129238129,24,29.0999984741,50.4737930298,50,-1,0,14.5,20,14.5,20,2824.90496462,20,100,0.317974642857,24,29.1,9.822621031,50,18,24.9291874409,22.700551651,3682.84572551,20,100,0.317974642857,cooling,0,0,-0.00177246775174,False,0.106348065104,0.0240834573198,0,0,0.0822646077847,day,22,24,0,0.426548212767,0.592350125313
325,17826.5,17827,1800,24.9291877747,22.7005519867,24,29.0999984741,9.82262134552,50,-1,0,17.5619487762,22.0059299469,17.5619487762,22.0059299469,3682.84572551,20,100,0.317974642857,24,26.9,7.753900341,50,19,24.7617532934,23.5971380549,2447.12189627,22.0059299469,63.6353298972,0.231777413306,cooling,0,0,-0.000552751593729,False,0.0331650956238,0.0114131112866,0,0,0.0217519843371,day,22,24,0,0.421764373779,0.661318302155
326,17827,17827.5,1800,24.7617530823,23.5971374512,24,26.9000015259,7.75390052795,50,-0.965925812721,0.258819103241,17.5619487762,22.0059299469,17.5619487762,22.0059299469,2447.12189627,22.0059299469,63.6353298972,0.231777413306,24,26,4.883980219,50,19,24.5915656851,23.1800424678,4229.00658417,22.0059299469,100,0.317974642857,cooling,0,0,-0.00154701074609,False,0.0928206447656,0.0243475511146,0,0,0.0684730936509,day,22,24,0,0.416901886463,0.629234015942
327,17827.5,17828,1800,24.5915660858,23.1800422668,24,26,4.8839802742,50,-0.965925812721,0.258819103241,17.5619487762,22.0059299469,17.5619487762,22.0059299469,4229.00658417,22.0059299469,100,0.317974642857,24,25.2,3.351779879,50,20,24.3936049441,23.0262838581,4229.00658417,22.0059299469,100,0.317974642857,cooling,0,0,-0.00182730444606,False,0.109638266764,0.0272092103997,0,0,0.0824290563639,day,22,24,0,0.411245852709,0.61740642786
328,17828,17828.5,1800,24.3936042786,23.0262832642,24,25.1999969482,3.35177969933,50,-0.866025388241,0.5,17.5619487762,22.0059299469,17.5619487762,22.0059299469,4229.00658417,22.0059299469,100,0.317974642857,24,24.5,0,50,20,24.1960713346,22.9156216546,4535.11257935,22.0059299469,100,0.317974642857,cooling,0,0,-0.00184628666831,False,0.110777200098,0.0283794050775,0,0,0.0823977950209,day,22,24,0,0.405602037907,0.608893990517
329,17828.5,17829,1800,24.1960716248,22.9156227112,24,24.5,0,50,-0.866025388241,0.5,12.8000001907,24,12.8000001907,24,4535.11257935,22.0059299469,100,0.317974642857,24,23.7,0,50,21,24.073258335,23.5465311721,0,24,0,0.080939,heating,0.156295215152,46.8885645455,-0.000933510159599,False,0.056010609576,0.0100686722123,0,0.0376420023061,0.00829993505753,night,15,28,0,0.402093082666,0.6574254632
330,17829,17829.5,1800,24.0732574463,23.5465316772,24,23.6999969482,0,50,-0.707106769085,0.70710682869,12.8000001907,24,12.8000001907,24,0,24,0,0.080939,24,23,0,50,21,23.97915245,23.5338105434,0,24,0,0.080939,heating,0.153233427422,45.9700282265,-0.000736826244649,False,0.0442095746789,0.0108187850064,0,0.025090854615,0.00829993505753,night,15,28,0,0.399404346943,0.656446993351
331,17829.5,17830,1800,23.9791526794,23.5338096619,24,23,0,50,-0.707106769085,0.70710682869,12.8000001907,26,12.8000001907,26,0,24,0,0.080939,24,22.3,0,50,22,23.9177308756,23.8493863949,0,26,0,0.080939,heating,0.719441854362,215.832556309,-0.00242544621767,False,0.14552677306,0.0115211921521,0,0.125705645851,0.00829993505753,night,15,28,0,0.397649466991,0.680722057819
332,17830,17830.5,1800,23.9177322388,23.8493881226,24,22.2999992371,0,50,-0.5,0.866025447845,12.8000001907,26,12.8000001907,26,0,26,0,0.080939,24,21.7,0,50,22,23.8658037596,23.8413561209,0,26,0,0.080939,heating,0.71834190601,215.502571803,-0.00233020000533,False,0.13981200032,0.0120546926129,0,0.11945737265,0.00829993505753,night,15,28,0,0.396165817976,0.680104315281
333,17830.5,17831,1800,23.8658027649,23.8413562775,24,21.7000007629,0,50,-0.5,0.866025447845,16,24,16,24,0,26,0,0.080939,24,21.2,0,50,23,23.7891270333,23.6096862161,0,24,0,0.080939,heating,0.125620962249,37.6862886746,-0.000559184832025,False,0.0335510899215,0.00884141159037,0,0.0164097432736,0.00829993505753,night,15,28,0,0.393975049257,0.662283539772
334,17831,17831.5,1800,23.7891273499,23.6096858978,24,21.1999969482,0,50,-0.258819043636,0.965925812721,16,24,16,24,0,24,0,0.080939,24,20.8,0,50,23,23.7029035842,23.5570059512,0,24,0,0.080939,heating,0.145178340465,43.5535021396,-0.000669964269957,False,0.0401978561974,0.00888358701729,0,0.0230143341226,0.00829993505753,night,15,28,0,0.391511529684,0.658231198788
335,17831.5,17832,1800,23.7029037476,23.5570068359,24,20.7999992371,0,50,-0.258819043636,0.965925812721,16,24,16,24,0,24,0,0.080939,24,20.5,0,50,0,23.6182267923,23.5137147067,0,24,0,0.080939,heating,0.159757172379,47.9271517137,-0.000714648888072,True,0.0428789332843,0.00895487271989,0,0.0256241255069,0.00829993505753,night,15,28,0,0.389092206955,0.654901146889
